,Unnamed: 0,date,temperature,precipitation,humidity,wind_speed,surface_pressure,solar_radiation,region,latitude,longitude,data_source
0,0,2020-01-01,-21.13,0.0,92.89,1.81,100.31,8.46,东北_吉林,43.88,125.32,NASA POWER API
1,1,2020-01-02,-18.46,0.0,96.48,2.76,100.0,8.51,东北_吉林,43.88,125.32,NASA POWER API
2,2,2020-01-03,-17.85,0.0,96.34,2.52,99.73,8.2,东北_吉林,43.88,125.32,NASA POWER API
3,3,2020-01-04,-16.17,0.0,96.52,1.95,99.88,8.5,东北_吉林,43.88,125.32,NASA POWER API
4,4,2020-01-05,-14.3,0.0,97.32,2.55,100.35,8.6,东北_吉林,43.88,125.32,NASA POWER API
5,5,2020-01-06,-7.59,1.11,94.98,2.32,99.87,4.72,东北_吉林,43.88,125.32,NASA POWER API
6,6,2020-01-07,-11.47,0.64,98.21,2.27,99.64,5.31,东北_吉林,43.88,125.32,NASA POWER API
7,7,2020-01-08,-12.38,0.66,96.94,3.25,99.47,6.53,东北_吉林,43.88,125.32,NASA POWER API
8,8,2020-01-09,-16.23,0.02,96.96,1.51,99.84,7.76,东北_吉林,43.88,125.32,NASA POWER API
9,9,2020-01-10,-15.86,0.02,97.21,2.56,99.52,8.38,东北_吉林,43.88,125.32,NASA POWER API
10,10,2020-01-11,-17.1,0.01,96.92,1.39,99.64,9.09,东北_吉林,43.88,125.32,NASA POWER API
11,11,2020-01-12,-17.43,0.07,97.33,1.53,99.44,7.05,东北_吉林,43.88,125.32,NASA POWER API
12,12,2020-01-13,-16.13,0.02,94.82,2.09,99.57,9.45,东北_吉林,43.88,125.32,NASA POWER API
13,13,2020-01-14,-17.65,0.01,95.33,1.06,100.21,9.44,东北_吉林,43.88,125.32,NASA POWER API
14,14,2020-01-15,-18.44,0.01,97.06,2.02,100.18,9.5,东北_吉林,43.88,125.32,NASA POWER API
15,15,2020-01-16,-18.92,0.01,95.09,1.57,100.22,9.64,东北_吉林,43.88,125.32,NASA POWER API
16,16,2020-01-17,-17.58,0.01,95.99,1.92,99.95,9.54,东北_吉林,43.88,125.32,NASA POWER API
17,17,2020-01-18,-14.42,0.35,94.71,1.89,99.33,9.39,东北_吉林,43.88,125.32,NASA POWER API
18,18,2020-01-19,-10.53,1.38,96.77,2.11,98.81,6.59,东北_吉林,43.88,125.32,NASA POWER API
19,19,2020-01-20,-14.88,0.23,96.88,1.5,99.38,8.05,东北_吉林,43.88,125.32,NASA POWER API
20,20,2020-01-21,-11.06,0.02,94.0,5.07,99.57,9.0,东北_吉林,43.88,125.32,NASA POWER API
21,21,2020-01-22,-13.17,0.0,97.49,1.81,99.61,5.94,东北_吉林,43.88,125.32,NASA POWER API
22,22,2020-01-23,-15.26,0.02,95.73,2.82,100.0,8.84,东北_吉林,43.88,125.32,NASA POWER API
23,23,2020-01-24,-19.91,0.02,85.51,1.52,100.96,10.87,东北_吉林,43.88,125.32,NASA POWER API
24,24,2020-01-25,-16.38,0.0,83.06,1.42,100.62,10.32,东北_吉林,43.88,125.32,NASA POWER API
25,25,2020-01-26,-16.22,0.0,95.03,1.82,100.58,10.62,东北_吉林,43.88,125.32,NASA POWER API
26,26,2020-01-27,-12.45,0.0,94.77,1.85,99.95,10.95,东北_吉林,43.88,125.32,NASA POWER API
27,27,2020-01-28,-11.13,0.0,97.94,2.62,99.8,9.22,东北_吉林,43.88,125.32,NASA POWER API
28,28,2020-01-29,-15.46,0.0,96.47,3.83,99.84,10.22,东北_吉林,43.88,125.32,NASA POWER API
29,29,2020-01-30,-18.27,0.02,97.62,1.9,99.75,11.56,东北_吉林,43.88,125.32,NASA POWER API
30,30,2020-01-31,-16.39,0.01,97.54,0.85,99.53,11.6,东北_吉林,43.88,125.32,NASA POWER API
31,31,2020-02-01,-14.85,0.0,92.84,2.68,99.75,11.07,东北_吉林,43.88,125.32,NASA POWER API
32,32,2020-02-02,-18.13,0.0,84.99,2.2,100.01,11.14,东北_吉林,43.88,125.32,NASA POWER API
33,33,2020-02-03,-17.18,0.01,83.65,2.36,99.74,12.25,东北_吉林,43.88,125.32,NASA POWER API
34,34,2020-02-04,-21.13,0.01,85.62,2.86,100.03,12.36,东北_吉林,43.88,125.32,NASA POWER API
35,35,2020-02-05,-22.76,0.01,90.81,2.04,100.78,12.74,东北_吉林,43.88,125.32,NASA POWER API
36,36,2020-02-06,-20.99,0.0,91.63,2.75,100.59,12.59,东北_吉林,43.88,125.32,NASA POWER API
37,37,2020-02-07,-17.48,0.0,91.68,2.16,99.97,10.7,东北_吉林,43.88,125.32,NASA POWER API
38,38,2020-02-08,-17.27,0.0,85.82,1.59,100.36,12.87,东北_吉林,43.88,125.32,NASA POWER API
39,39,2020-02-09,-13.49,0.02,92.38,4.41,99.19,9.97,东北_吉林,43.88,125.32,NASA POWER API
40,40,2020-02-10,-13.7,0.0,93.64,1.74,99.5,12.44,东北_吉林,43.88,125.32,NASA POWER API
41,41,2020-02-11,-2.34,0.0,93.99,6.27,98.91,8.3,东北_吉林,43.88,125.32,NASA POWER API
42,42,2020-02-12,0.46,0.07,96.75,4.68,98.65,8.33,东北_吉林,43.88,125.32,NASA POWER API
43,43,2020-02-13,-0.51,0.17,90.79,4.14,98.78,2.05,东北_吉林,43.88,125.32,NASA POWER API
44,44,2020-02-14,-10.99,0.04,70.49,5.36,100.32,8.21,东北_吉林,43.88,125.32,NASA POWER API
45,45,2020-02-15,-10.34,0.57,71.79,4.66,100.03,7.67,东北_吉林,43.88,125.32,NASA POWER API
46,46,2020-02-16,-12.59,0.53,73.51,6.11,99.34,12.81,东北_吉林,43.88,125.32,NASA POWER API
47,47,2020-02-17,-15.24,0.01,80.2,3.41,99.45,13.53,东北_吉林,43.88,125.32,NASA POWER API
48,48,2020-02-18,-11.09,0.0,85.7,3.43,99.57,13.21,东北_吉林,43.88,125.32,NASA POWER API
49,49,2020-02-19,-8.63,0.0,83.2,1.97,100.03,13.56,东北_吉林,43.88,125.32,NASA POWER API
50,50,2020-02-20,-6.03,0.0,75.23,2.24,100.41,11.55,东北_吉林,43.88,125.32,NASA POWER API
51,51,2020-02-21,-2.75,3.02,94.86,2.69,99.53,4.69,东北_吉林,43.88,125.32,NASA POWER API
52,52,2020-02-22,-7.08,0.77,87.1,3.9,99.27,9.69,东北_吉林,43.88,125.32,NASA POWER API
53,53,2020-02-23,-5.05,0.0,82.8,5.22,99.08,8.92,东北_吉林,43.88,125.32,NASA POWER API
54,54,2020-02-24,-5.66,0.0,75.3,2.62,99.7,14.03,东北_吉林,43.88,125.32,NASA POWER API
55,55,2020-02-25,-6.04,0.0,78.47,3.82,100.07,12.92,东北_吉林,43.88,125.32,NASA POWER API
56,56,2020-02-26,-6.14,0.0,73.85,2.79,100.4,15.86,东北_吉林,43.88,125.32,NASA POWER API
57,57,2020-02-27,-4.44,0.0,69.77,1.9,100.24,15.02,东北_吉林,43.88,125.32,NASA POWER API
58,58,2020-02-28,-4.62,1.96,78.86,4.61,98.98,6.23,东北_吉林,43.88,125.32,NASA POWER API
59,59,2020-02-29,-6.31,0.04,86.7,2.81,99.33,12.35,东北_吉林,43.88,125.32,NASA POWER API
60,60,2020-03-01,-5.44,0.04,84.08,1.54,99.52,11.1,东北_吉林,43.88,125.32,NASA POWER API
61,61,2020-03-02,-5.69,0.02,83.12,1.61,99.89,11.13,东北_吉林,43.88,125.32,NASA POWER API
62,62,2020-03-03,-6.21,1.91,88.61,2.94,99.72,11.22,东北_吉林,43.88,125.32,NASA POWER API
63,63,2020-03-04,-5.73,3.13,87.21,4.71,99.51,8.29,东北_吉林,43.88,125.32,NASA POWER API
64,64,2020-03-05,-6.97,0.0,77.81,3.47,99.45,13.82,东北_吉林,43.88,125.32,NASA POWER API
65,65,2020-03-06,-1.51,0.12,83.25,4.71,98.84,10.69,东北_吉林,43.88,125.32,NASA POWER API
66,66,2020-03-07,-0.58,1.46,75.78,3.26,98.93,7.42,东北_吉林,43.88,125.32,NASA POWER API
67,67,2020-03-08,0.94,2.49,88.11,4.39,98.85,4.27,东北_吉林,43.88,125.32,NASA POWER API
68,68,2020-03-09,-0.9,0.29,68.41,3.41,99.29,9.99,东北_吉林,43.88,125.32,NASA POWER API
69,69,2020-03-10,-2.11,1.67,72.9,3.39,98.47,14.15,东北_吉林,43.88,125.32,NASA POWER API
70,70,2020-03-11,-2.39,0.02,68.58,3.25,98.61,16.96,东北_吉林,43.88,125.32,NASA POWER API
71,71,2020-03-12,-2.39,0.01,52.82,6.46,98.82,14.67,东北_吉林,43.88,125.32,NASA POWER API
72,72,2020-03-13,-5.43,0.0,54.87,4.32,99.38,19.54,东北_吉林,43.88,125.32,NASA POWER API
73,73,2020-03-14,-1.11,0.08,66.27,4.65,98.17,14.01,东北_吉林,43.88,125.32,NASA POWER API
74,74,2020-03-15,-5.36,1.25,72.53,5.63,98.87,11.12,东北_吉林,43.88,125.32,NASA POWER API
75,75,2020-03-16,-3.61,0.2,67.52,3.5,98.84,16.86,东北_吉林,43.88,125.32,NASA POWER API
76,76,2020-03-17,0.77,1.07,76.46,3.19,98.07,9.46,东北_吉林,43.88,125.32,NASA POWER API
77,77,2020-03-18,3.79,0.12,64.48,4.8,97.49,13.69,东北_吉林,43.88,125.32,NASA POWER API
78,78,2020-03-19,0.66,0.78,77.81,3.62,97.5,12.77,东北_吉林,43.88,125.32,NASA POWER API
79,79,2020-03-20,1.47,0.0,69.53,3.63,97.87,14.49,东北_吉林,43.88,125.32,NASA POWER API
80,80,2020-03-21,1.2,0.0,63.61,3.3,98.43,17.24,东北_吉林,43.88,125.32,NASA POWER API
81,81,2020-03-22,1.05,0.0,61.38,3.35,98.75,17.73,东北_吉林,43.88,125.32,NASA POWER API
82,82,2020-03-23,1.71,0.0,57.96,3.01,99.25,18.73,东北_吉林,43.88,125.32,NASA POWER API
83,83,2020-03-24,4.33,0.0,55.69,3.03,99.17,19.44,东北_吉林,43.88,125.32,NASA POWER API
84,84,2020-03-25,7.86,0.64,66.78,6.87,98.47,6.79,东北_吉林,43.88,125.32,NASA POWER API
85,85,2020-03-26,1.75,2.23,62.85,4.6,99.14,4.85,东北_吉林,43.88,125.32,NASA POWER API
86,86,2020-03-27,-1.56,0.0,48.88,4.53,99.32,20.02,东北_吉林,43.88,125.32,NASA POWER API
87,87,2020-03-28,-0.56,0.0,49.34,4.31,99.43,23.25,东北_吉林,43.88,125.32,NASA POWER API
88,88,2020-03-29,4.69,0.0,47.75,6.17,98.95,22.41,东北_吉林,43.88,125.32,NASA POWER API
89,89,2020-03-30,7.18,0.0,53.94,6.25,98.69,20.17,东北_吉林,43.88,125.32,NASA POWER API
90,90,2020-03-31,5.2,0.0,62.18,4.36,98.84,11.33,东北_吉林,43.88,125.32,NASA POWER API
91,91,2020-04-01,3.34,0.0,54.08,3.38,99.23,23.42,东北_吉林,43.88,125.32,NASA POWER API
92,92,2020-04-02,4.51,0.0,58.03,4.6,98.94,21.73,东北_吉林,43.88,125.32,NASA POWER API
93,93,2020-04-03,4.02,0.12,49.26,6.49,98.85,17.39,东北_吉林,43.88,125.32,NASA POWER API
94,94,2020-04-04,-0.99,0.0,46.5,6.06,99.85,24.76,东北_吉林,43.88,125.32,NASA POWER API
95,95,2020-04-05,2.23,0.0,44.93,2.7,99.81,23.51,东北_吉林,43.88,125.32,NASA POWER API
96,96,2020-04-06,4.89,0.0,51.18,4.22,99.25,21.12,东北_吉林,43.88,125.32,NASA POWER API
97,97,2020-04-07,1.04,0.01,58.13,4.35,99.2,17.26,东北_吉林,43.88,125.32,NASA POWER API
98,98,2020-04-08,0.52,0.91,85.59,3.57,99.32,8.55,东北_吉林,43.88,125.32,NASA POWER API
99,99,2020-04-09,3.64,0.03,69.76,2.42,99.86,15.46,东北_吉林,43.88,125.32,NASA POWER API
100,100,2020-04-10,6.19,0.0,57.66,2.19,99.83,20.17,东北_吉林,43.88,125.32,NASA POWER API
101,101,2020-04-11,6.51,0.0,52.52,4.16,99.27,21.47,东北_吉林,43.88,125.32,NASA POWER API
102,102,2020-04-12,7.95,0.0,50.27,1.78,99.24,24.49,东北_吉林,43.88,125.32,NASA POWER API
103,103,2020-04-13,11.09,0.0,47.83,2.37,98.77,23.75,东北_吉林,43.88,125.32,NASA POWER API
104,104,2020-04-14,10.96,0.0,60.15,3.7,98.34,20.92,东北_吉林,43.88,125.32,NASA POWER API
105,105,2020-04-15,10.68,0.0,68.38,2.7,98.54,12.97,东北_吉林,43.88,125.32,NASA POWER API
106,106,2020-04-16,12.73,0.0,63.58,2.28,98.65,17.62,东北_吉林,43.88,125.32,NASA POWER API
107,107,2020-04-17,11.5,0.5,74.71,2.37,98.7,11.7,东北_吉林,43.88,125.32,NASA POWER API
108,108,2020-04-18,11.51,0.02,66.15,2.27,98.95,19.08,东北_吉林,43.88,125.32,NASA POWER API
109,109,2020-04-19,10.52,3.11,75.98,4.49,98.48,10.27,东北_吉林,43.88,125.32,NASA POWER API
110,110,2020-04-20,4.17,5.17,76.27,6.7,97.59,6.73,东北_吉林,43.88,125.32,NASA POWER API
111,111,2020-04-21,-1.61,2.29,70.67,5.17,97.62,16.22,东北_吉林,43.88,125.32,NASA POWER API
112,112,2020-04-22,0.03,2.47,78.14,5.01,98.47,8.94,东北_吉林,43.88,125.32,NASA POWER API
113,113,2020-04-23,2.14,0.01,65.44,2.79,98.64,15.62,东北_吉林,43.88,125.32,NASA POWER API
114,114,2020-04-24,4.39,1.57,63.0,4.25,97.63,16.29,东北_吉林,43.88,125.32,NASA POWER API
115,115,2020-04-25,5.75,1.73,59.01,5.05,98.26,19.58,东北_吉林,43.88,125.32,NASA POWER API
116,116,2020-04-26,5.7,0.9,62.37,2.52,99.11,21.37,东北_吉林,43.88,125.32,NASA POWER API
117,117,2020-04-27,9.39,0.0,54.24,2.65,98.97,23.84,东北_吉林,43.88,125.32,NASA POWER API
118,118,2020-04-28,11.36,0.5,61.37,3.12,98.34,10.19,东北_吉林,43.88,125.32,NASA POWER API
119,119,2020-04-29,10.31,0.1,76.33,2.52,98.63,9.95,东北_吉林,43.88,125.32,NASA POWER API
120,120,2020-04-30,12.08,0.87,78.54,3.28,98.15,13.61,东北_吉林,43.88,125.32,NASA POWER API
121,121,2020-05-01,18.46,0.01,67.45,5.5,97.49,21.77,东北_吉林,43.88,125.32,NASA POWER API
122,122,2020-05-02,18.05,1.43,75.7,3.44,97.68,19.54,东北_吉林,43.88,125.32,NASA POWER API
123,123,2020-05-03,9.83,8.57,87.42,3.8,98.13,7.12,东北_吉林,43.88,125.32,NASA POWER API
124,124,2020-05-04,8.2,0.04,56.24,2.86,98.75,27.82,东北_吉林,43.88,125.32,NASA POWER API
125,125,2020-05-05,10.28,0.13,61.82,3.85,98.5,17.37,东北_吉林,43.88,125.32,NASA POWER API
126,126,2020-05-06,12.04,0.0,58.57,1.63,99.12,29.06,东北_吉林,43.88,125.32,NASA POWER API
127,127,2020-05-07,13.15,0.0,59.91,3.45,98.78,18.66,东北_吉林,43.88,125.32,NASA POWER API
128,128,2020-05-08,13.76,0.03,71.08,4.18,98.57,7.82,东北_吉林,43.88,125.32,NASA POWER API
129,129,2020-05-09,14.86,0.1,74.53,2.17,98.1,14.9,东北_吉林,43.88,125.32,NASA POWER API
130,130,2020-05-10,16.51,0.36,59.0,4.3,97.19,23.75,东北_吉林,43.88,125.32,NASA POWER API
131,131,2020-05-11,13.28,3.83,62.08,5.93,96.92,23.31,东北_吉林,43.88,125.32,NASA POWER API
132,132,2020-05-12,10.89,1.28,62.82,4.38,97.26,17.04,东北_吉林,43.88,125.32,NASA POWER API
133,133,2020-05-13,13.86,0.11,51.4,2.61,97.96,28.27,东北_吉林,43.88,125.32,NASA POWER API
134,134,2020-05-14,18.8,0.0,55.69,7.2,97.71,18.7,东北_吉林,43.88,125.32,NASA POWER API
135,135,2020-05-15,14.43,0.06,66.12,2.96,98.32,11.52,东北_吉林,43.88,125.32,NASA POWER API
136,136,2020-05-16,15.74,0.45,72.35,1.57,97.87,14.64,东北_吉林,43.88,125.32,NASA POWER API
137,137,2020-05-17,15.15,16.77,73.88,3.06,97.65,11.82,东北_吉林,43.88,125.32,NASA POWER API
138,138,2020-05-18,13.76,0.15,74.46,3.36,97.95,10.14,东北_吉林,43.88,125.32,NASA POWER API
139,139,2020-05-19,9.45,0.88,76.69,4.18,98.09,12.23,东北_吉林,43.88,125.32,NASA POWER API
140,140,2020-05-20,9.81,1.44,78.91,1.46,98.5,11.46,东北_吉林,43.88,125.32,NASA POWER API
141,141,2020-05-21,14.07,2.98,76.94,1.68,98.47,11.75,东北_吉林,43.88,125.32,NASA POWER API
142,142,2020-05-22,14.01,4.53,83.02,2.99,98.34,5.65,东北_吉林,43.88,125.32,NASA POWER API
143,143,2020-05-23,13.89,9.4,84.6,1.69,98.06,5.66,东北_吉林,43.88,125.32,NASA POWER API
144,144,2020-05-24,15.12,4.22,71.51,2.39,97.93,23.22,东北_吉林,43.88,125.32,NASA POWER API
145,145,2020-05-25,13.75,0.19,62.81,4.51,98.02,25.56,东北_吉林,43.88,125.32,NASA POWER API
146,146,2020-05-26,14.36,0.03,63.04,2.51,98.03,23.41,东北_吉林,43.88,125.32,NASA POWER API
147,147,2020-05-27,16.94,0.64,58.39,1.9,97.93,23.0,东北_吉林,43.88,125.32,NASA POWER API
148,148,2020-05-28,17.09,0.16,65.5,2.27,98.2,27.76,东北_吉林,43.88,125.32,NASA POWER API
149,149,2020-05-29,19.79,0.0,58.63,3.65,98.53,30.49,东北_吉林,43.88,125.32,NASA POWER API
150,150,2020-05-30,19.12,0.69,69.15,5.98,98.51,23.45,东北_吉林,43.88,125.32,NASA POWER API
151,151,2020-05-31,19.98,4.82,66.67,4.37,98.05,21.12,东北_吉林,43.88,125.32,NASA POWER API
152,152,2020-06-01,16.25,8.19,71.84,3.44,97.48,14.2,东北_吉林,43.88,125.32,NASA POWER API
153,153,2020-06-02,16.64,0.18,66.82,3.37,97.49,15.61,东北_吉林,43.88,125.32,NASA POWER API
154,154,2020-06-03,17.36,3.1,64.5,4.82,96.92,21.46,东北_吉林,43.88,125.32,NASA POWER API
155,155,2020-06-04,15.79,0.96,70.48,2.62,97.63,20.83,东北_吉林,43.88,125.32,NASA POWER API
156,156,2020-06-05,17.31,0.18,70.66,1.82,98.29,24.41,东北_吉林,43.88,125.32,NASA POWER API
157,157,2020-06-06,20.26,0.0,59.57,1.64,98.24,26.13,东北_吉林,43.88,125.32,NASA POWER API
158,158,2020-06-07,22.92,0.0,56.68,4.28,97.88,27.61,东北_吉林,43.88,125.32,NASA POWER API
159,159,2020-06-08,25.45,0.0,63.06,6.25,97.96,25.89,东北_吉林,43.88,125.32,NASA POWER API
160,160,2020-06-09,22.76,0.43,67.41,3.21,98.52,13.57,东北_吉林,43.88,125.32,NASA POWER API
161,161,2020-06-10,20.7,7.32,71.86,4.16,97.94,14.59,东北_吉林,43.88,125.32,NASA POWER API
162,162,2020-06-11,19.83,0.53,59.69,4.06,97.8,28.93,东北_吉林,43.88,125.32,NASA POWER API
163,163,2020-06-12,23.65,0.01,53.88,4.43,97.51,28.03,东北_吉林,43.88,125.32,NASA POWER API
164,164,2020-06-13,20.94,7.16,76.41,2.51,97.54,20.82,东北_吉林,43.88,125.32,NASA POWER API
165,165,2020-06-14,18.98,4.47,65.07,4.5,97.38,21.6,东北_吉林,43.88,125.32,NASA POWER API
166,166,2020-06-15,17.31,0.47,70.37,3.48,97.74,17.97,东北_吉林,43.88,125.32,NASA POWER API
167,167,2020-06-16,21.9,0.04,58.14,3.36,97.79,29.79,东北_吉林,43.88,125.32,NASA POWER API
168,168,2020-06-17,22.73,0.06,57.14,3.49,97.58,26.4,东北_吉林,43.88,125.32,NASA POWER API
169,169,2020-06-18,19.76,0.01,64.6,3.39,97.96,27.4,东北_吉林,43.88,125.32,NASA POWER API
170,170,2020-06-19,21.55,8.96,66.99,1.42,98.01,27.3,东北_吉林,43.88,125.32,NASA POWER API
171,171,2020-06-20,23.31,11.28,73.46,3.54,97.69,16.17,东北_吉林,43.88,125.32,NASA POWER API
172,172,2020-06-21,22.51,6.49,74.16,4.2,97.63,17.99,东北_吉林,43.88,125.32,NASA POWER API
173,173,2020-06-22,20.95,17.8,86.73,1.0,98.03,12.68,东北_吉林,43.88,125.32,NASA POWER API
174,174,2020-06-23,20.69,4.1,82.44,3.73,98.01,12.67,东北_吉林,43.88,125.32,NASA POWER API
175,175,2020-06-24,19.87,5.41,76.22,1.55,98.05,8.25,东北_吉林,43.88,125.32,NASA POWER API
176,176,2020-06-25,19.8,1.94,79.43,2.42,97.8,16.96,东北_吉林,43.88,125.32,NASA POWER API
177,177,2020-06-26,18.95,2.6,84.08,2.27,97.63,6.33,东北_吉林,43.88,125.32,NASA POWER API
178,178,2020-06-27,20.35,2.74,81.25,2.22,97.78,18.46,东北_吉林,43.88,125.32,NASA POWER API
179,179,2020-06-28,23.46,0.73,67.35,1.51,97.84,27.89,东北_吉林,43.88,125.32,NASA POWER API
180,180,2020-06-29,22.81,1.72,74.01,1.14,97.71,20.11,东北_吉林,43.88,125.32,NASA POWER API
181,181,2020-06-30,22.33,0.48,75.7,2.91,97.56,20.16,东北_吉林,43.88,125.32,NASA POWER API
182,182,2020-07-01,22.39,0.05,71.7,2.18,97.94,26.5,东北_吉林,43.88,125.32,NASA POWER API
183,183,2020-07-02,24.07,0.0,63.55,1.2,98.34,26.83,东北_吉林,43.88,125.32,NASA POWER API
184,184,2020-07-03,24.12,0.3,64.52,1.31,98.4,21.87,东北_吉林,43.88,125.32,NASA POWER API
185,185,2020-07-04,22.31,2.61,80.44,2.97,97.81,13.82,东北_吉林,43.88,125.32,NASA POWER API
186,186,2020-07-05,21.27,9.33,86.93,4.54,97.25,5.27,东北_吉林,43.88,125.32,NASA POWER API
187,187,2020-07-06,20.55,6.1,87.9,3.4,97.38,17.29,东北_吉林,43.88,125.32,NASA POWER API
188,188,2020-07-07,20.45,7.14,74.49,3.07,97.83,25.17,东北_吉林,43.88,125.32,NASA POWER API
189,189,2020-07-08,21.46,0.02,62.69,2.1,97.94,26.11,东北_吉林,43.88,125.32,NASA POWER API
190,190,2020-07-09,22.84,0.01,62.31,1.2,97.93,27.3,东北_吉林,43.88,125.32,NASA POWER API
191,191,2020-07-10,24.14,0.0,64.58,2.05,98.02,22.83,东北_吉林,43.88,125.32,NASA POWER API
192,192,2020-07-11,23.29,0.03,73.3,1.59,98.15,19.52,东北_吉林,43.88,125.32,NASA POWER API
193,193,2020-07-12,25.17,0.0,66.56,1.33,98.35,21.35,东北_吉林,43.88,125.32,NASA POWER API
194,194,2020-07-13,25.42,0.0,61.39,2.28,98.13,21.72,东北_吉林,43.88,125.32,NASA POWER API
195,195,2020-07-14,24.93,0.0,61.16,2.23,97.96,28.4,东北_吉林,43.88,125.32,NASA POWER API
196,196,2020-07-15,25.73,10.62,69.85,1.07,97.8,21.01,东北_吉林,43.88,125.32,NASA POWER API
197,197,2020-07-16,26.55,0.02,62.93,1.88,97.79,25.39,东北_吉林,43.88,125.32,NASA POWER API
198,198,2020-07-17,26.83,0.0,63.08,3.27,97.93,23.22,东北_吉林,43.88,125.32,NASA POWER API
199,199,2020-07-18,26.53,0.04,57.33,2.6,98.08,22.83,东北_吉林,43.88,125.32,NASA POWER API
200,200,2020-07-19,21.98,9.4,83.1,1.26,97.93,7.08,东北_吉林,43.88,125.32,NASA POWER API
201,201,2020-07-20,22.33,6.82,71.87,2.29,97.65,14.72,东北_吉林,43.88,125.32,NASA POWER API
202,202,2020-07-21,23.2,0.05,55.63,2.95,98.35,26.95,东北_吉林,43.88,125.32,NASA POWER API
203,203,2020-07-22,25.26,3.38,64.93,2.43,98.35,24.33,东北_吉林,43.88,125.32,NASA POWER API
204,204,2020-07-23,26.44,0.3,64.11,2.05,98.37,25.38,东北_吉林,43.88,125.32,NASA POWER API
205,205,2020-07-24,27.07,0.0,61.2,1.93,98.18,25.24,东北_吉林,43.88,125.32,NASA POWER API
206,206,2020-07-25,27.33,0.0,55.86,2.61,98.16,27.74,东北_吉林,43.88,125.32,NASA POWER API
207,207,2020-07-26,26.49,0.0,56.09,2.38,98.09,26.82,东北_吉林,43.88,125.32,NASA POWER API
208,208,2020-07-27,25.28,3.07,70.78,1.26,98.18,15.57,东北_吉林,43.88,125.32,NASA POWER API
209,209,2020-07-28,23.27,6.07,84.61,1.38,98.37,15.61,东北_吉林,43.88,125.32,NASA POWER API
210,210,2020-07-29,24.88,9.26,77.02,1.48,98.47,15.23,东北_吉林,43.88,125.32,NASA POWER API
211,211,2020-07-30,24.36,3.74,83.31,2.69,98.32,18.64,东北_吉林,43.88,125.32,NASA POWER API
212,212,2020-07-31,25.94,1.21,76.81,4.28,98.09,11.55,东北_吉林,43.88,125.32,NASA POWER API
213,213,2020-08-01,25.2,0.18,79.05,3.49,98.0,15.58,东北_吉林,43.88,125.32,NASA POWER API
214,214,2020-08-02,24.45,1.52,81.9,2.45,97.76,17.13,东北_吉林,43.88,125.32,NASA POWER API
215,215,2020-08-03,25.63,9.87,75.68,3.34,97.46,20.4,东北_吉林,43.88,125.32,NASA POWER API
216,216,2020-08-04,25.15,3.06,76.15,3.64,97.67,16.0,东北_吉林,43.88,125.32,NASA POWER API
217,217,2020-08-05,24.32,0.09,71.44,2.86,98.11,21.56,东北_吉林,43.88,125.32,NASA POWER API
218,218,2020-08-06,23.85,0.09,72.43,2.81,98.07,21.27,东北_吉林,43.88,125.32,NASA POWER API
219,219,2020-08-07,23.1,0.02,70.47,1.77,98.14,22.77,东北_吉林,43.88,125.32,NASA POWER API
220,220,2020-08-08,25.8,0.52,65.2,2.13,97.58,21.19,东北_吉林,43.88,125.32,NASA POWER API
221,221,2020-08-09,24.72,3.34,77.62,3.34,97.26,9.8,东北_吉林,43.88,125.32,NASA POWER API
222,222,2020-08-10,25.62,2.49,74.95,3.02,97.38,19.38,东北_吉林,43.88,125.32,NASA POWER API
223,223,2020-08-11,25.4,7.89,73.52,3.57,97.73,17.0,东北_吉林,43.88,125.32,NASA POWER API
224,224,2020-08-12,24.22,0.2,64.84,2.74,98.38,20.2,东北_吉林,43.88,125.32,NASA POWER API
225,225,2020-08-13,22.54,22.21,87.79,3.09,97.69,5.81,东北_吉林,43.88,125.32,NASA POWER API
226,226,2020-08-14,24.34,1.24,76.18,4.66,96.97,19.06,东北_吉林,43.88,125.32,NASA POWER API
227,227,2020-08-15,23.23,0.08,70.59,3.17,97.76,24.26,东北_吉林,43.88,125.32,NASA POWER API
228,228,2020-08-16,24.37,0.02,67.57,1.22,98.21,23.18,东北_吉林,43.88,125.32,NASA POWER API
229,229,2020-08-17,24.15,4.63,76.99,2.65,98.26,6.23,东北_吉林,43.88,125.32,NASA POWER API
230,230,2020-08-18,25.74,13.63,77.01,3.59,98.03,11.31,东北_吉林,43.88,125.32,NASA POWER API
231,231,2020-08-19,19.51,7.98,81.57,2.77,98.5,6.12,东北_吉林,43.88,125.32,NASA POWER API
232,232,2020-08-20,16.78,0.0,70.28,2.93,99.1,20.1,东北_吉林,43.88,125.32,NASA POWER API
233,233,2020-08-21,18.17,0.05,69.12,1.99,99.04,24.87,东北_吉林,43.88,125.32,NASA POWER API
234,234,2020-08-22,21.21,0.0,68.64,0.87,98.57,23.0,东北_吉林,43.88,125.32,NASA POWER API
235,235,2020-08-23,22.25,0.32,74.34,2.28,97.97,16.89,东北_吉林,43.88,125.32,NASA POWER API
236,236,2020-08-24,19.76,36.03,93.9,2.64,97.35,2.85,东北_吉林,43.88,125.32,NASA POWER API
237,237,2020-08-25,22.27,0.09,81.42,1.4,97.76,18.18,东北_吉林,43.88,125.32,NASA POWER API
238,238,2020-08-26,22.94,0.38,82.54,1.29,98.2,12.18,东北_吉林,43.88,125.32,NASA POWER API
239,239,2020-08-27,21.92,35.33,93.87,3.15,97.43,4.17,东北_吉林,43.88,125.32,NASA POWER API
240,240,2020-08-28,23.12,7.89,89.21,2.57,97.76,6.22,东北_吉林,43.88,125.32,NASA POWER API
241,241,2020-08-29,20.21,0.13,82.83,2.47,98.37,14.67,东北_吉林,43.88,125.32,NASA POWER API
242,242,2020-08-30,20.72,0.02,78.86,1.52,98.69,19.86,东北_吉林,43.88,125.32,NASA POWER API
243,243,2020-08-31,23.01,3.39,80.95,2.81,98.37,18.91,东北_吉林,43.88,125.32,NASA POWER API
244,244,2020-09-01,22.35,20.35,85.37,2.02,97.92,13.39,东北_吉林,43.88,125.32,NASA POWER API
245,245,2020-09-02,21.69,2.33,81.95,2.38,98.13,15.0,东北_吉林,43.88,125.32,NASA POWER API
246,246,2020-09-03,17.81,89.74,93.22,6.54,96.96,2.93,东北_吉林,43.88,125.32,NASA POWER API
247,247,2020-09-04,16.65,7.3,80.42,6.91,97.51,11.63,东北_吉林,43.88,125.32,NASA POWER API
248,248,2020-09-05,20.09,1.45,77.72,5.27,98.26,16.12,东北_吉林,43.88,125.32,NASA POWER API
249,249,2020-09-06,20.74,2.27,79.46,2.33,98.54,18.3,东北_吉林,43.88,125.32,NASA POWER API
250,250,2020-09-07,19.1,15.67,87.03,3.95,98.09,7.83,东北_吉林,43.88,125.32,NASA POWER API
251,251,2020-09-08,16.62,59.09,91.39,7.93,96.94,4.18,东北_吉林,43.88,125.32,NASA POWER API
252,252,2020-09-09,15.93,37.18,94.3,4.71,97.46,4.9,东北_吉林,43.88,125.32,NASA POWER API
253,253,2020-09-10,17.1,4.78,88.51,2.91,98.1,7.39,东北_吉林,43.88,125.32,NASA POWER API
254,254,2020-09-11,17.73,0.23,85.95,3.37,99.23,12.03,东北_吉林,43.88,125.32,NASA POWER API
255,255,2020-09-12,16.95,0.06,86.86,2.73,99.57,11.09,东北_吉林,43.88,125.32,NASA POWER API
256,256,2020-09-13,16.66,0.03,83.53,1.64,99.19,15.52,东北_吉林,43.88,125.32,NASA POWER API
257,257,2020-09-14,16.63,0.1,79.8,1.3,98.83,15.93,东北_吉林,43.88,125.32,NASA POWER API
258,258,2020-09-15,18.08,3.45,79.41,1.2,98.57,14.54,东北_吉林,43.88,125.32,NASA POWER API
259,259,2020-09-16,17.13,4.41,77.24,4.76,97.6,14.24,东北_吉林,43.88,125.32,NASA POWER API
260,260,2020-09-17,13.33,4.61,82.09,5.02,97.48,7.78,东北_吉林,43.88,125.32,NASA POWER API
261,261,2020-09-18,12.73,2.28,88.34,3.57,97.88,7.88,东北_吉林,43.88,125.32,NASA POWER API
262,262,2020-09-19,11.47,4.63,90.44,2.81,98.51,6.52,东北_吉林,43.88,125.32,NASA POWER API
263,263,2020-09-20,11.73,0.46,84.24,1.73,99.06,9.48,东北_吉林,43.88,125.32,NASA POWER API
264,264,2020-09-21,13.54,0.07,79.01,0.66,99.28,12.82,东北_吉林,43.88,125.32,NASA POWER API
265,265,2020-09-22,12.7,5.01,91.95,1.84,99.18,5.52,东北_吉林,43.88,125.32,NASA POWER API
266,266,2020-09-23,13.73,0.13,81.46,1.25,99.36,14.17,东北_吉林,43.88,125.32,NASA POWER API
267,267,2020-09-24,14.22,0.16,82.08,1.25,99.15,10.86,东北_吉林,43.88,125.32,NASA POWER API
268,268,2020-09-25,16.23,0.07,80.01,0.93,99.1,13.9,东北_吉林,43.88,125.32,NASA POWER API
269,269,2020-09-26,16.16,0.0,77.63,1.05,99.28,17.4,东北_吉林,43.88,125.32,NASA POWER API
270,270,2020-09-27,16.38,0.0,80.31,2.67,99.07,17.84,东北_吉林,43.88,125.32,NASA POWER API
271,271,2020-09-28,14.9,1.98,86.13,3.29,98.78,9.64,东北_吉林,43.88,125.32,NASA POWER API
272,272,2020-09-29,10.6,0.34,74.32,1.81,98.85,15.45,东北_吉林,43.88,125.32,NASA POWER API
273,273,2020-09-30,9.8,0.16,70.45,1.68,98.95,14.18,东北_吉林,43.88,125.32,NASA POWER API
274,274,2020-10-01,9.2,0.22,85.17,2.04,98.57,7.89,东北_吉林,43.88,125.32,NASA POWER API
275,275,2020-10-02,11.87,2.64,76.19,4.35,98.23,12.91,东北_吉林,43.88,125.32,NASA POWER API
276,276,2020-10-03,9.27,0.15,70.54,3.71,98.6,16.99,东北_吉林,43.88,125.32,NASA POWER API
277,277,2020-10-04,7.66,5.24,79.83,4.99,98.17,9.08,东北_吉林,43.88,125.32,NASA POWER API
278,278,2020-10-05,7.27,0.59,80.23,3.96,98.89,12.09,东北_吉林,43.88,125.32,NASA POWER API
279,279,2020-10-06,7.25,0.0,70.21,1.66,99.47,16.74,东北_吉林,43.88,125.32,NASA POWER API
280,280,2020-10-07,8.67,0.0,65.64,1.48,99.84,14.7,东北_吉林,43.88,125.32,NASA POWER API
281,281,2020-10-08,10.74,0.0,68.8,2.27,100.06,14.43,东北_吉林,43.88,125.32,NASA POWER API
282,282,2020-10-09,13.21,0.09,80.3,4.16,99.59,8.88,东北_吉林,43.88,125.32,NASA POWER API
283,283,2020-10-10,13.81,0.01,79.68,4.12,99.06,12.82,东北_吉林,43.88,125.32,NASA POWER API
284,284,2020-10-11,8.38,2.39,84.31,3.26,98.86,2.88,东北_吉林,43.88,125.32,NASA POWER API
285,285,2020-10-12,4.31,0.01,66.02,2.26,99.18,15.74,东北_吉林,43.88,125.32,NASA POWER API
286,286,2020-10-13,3.15,0.01,69.53,4.66,99.2,15.66,东北_吉林,43.88,125.32,NASA POWER API
287,287,2020-10-14,0.08,0.0,68.03,2.7,99.97,15.97,东北_吉林,43.88,125.32,NASA POWER API
288,288,2020-10-15,4.15,0.0,64.77,3.1,99.57,13.87,东北_吉林,43.88,125.32,NASA POWER API
289,289,2020-10-16,4.04,0.0,69.44,2.94,99.33,14.68,东北_吉林,43.88,125.32,NASA POWER API
290,290,2020-10-17,6.62,0.0,70.02,4.15,98.96,14.43,东北_吉林,43.88,125.32,NASA POWER API
291,291,2020-10-18,4.22,0.0,69.68,2.0,99.55,14.61,东北_吉林,43.88,125.32,NASA POWER API
292,292,2020-10-19,7.41,0.0,68.17,3.34,99.4,14.04,东北_吉林,43.88,125.32,NASA POWER API
293,293,2020-10-20,11.53,0.0,76.71,5.27,99.25,11.66,东北_吉林,43.88,125.32,NASA POWER API
294,294,2020-10-21,8.08,9.66,76.7,5.1,98.6,3.55,东北_吉林,43.88,125.32,NASA POWER API
295,295,2020-10-22,0.59,0.0,73.38,2.44,98.99,12.67,东北_吉林,43.88,125.32,NASA POWER API
296,296,2020-10-23,-0.55,0.0,70.26,3.1,99.09,13.68,东北_吉林,43.88,125.32,NASA POWER API
297,297,2020-10-24,1.63,0.0,70.03,3.38,98.99,13.89,东北_吉林,43.88,125.32,NASA POWER API
298,298,2020-10-25,3.46,0.0,76.66,1.82,99.11,12.7,东北_吉林,43.88,125.32,NASA POWER API
299,299,2020-10-26,6.52,0.0,74.0,1.57,99.14,11.17,东北_吉林,43.88,125.32,NASA POWER API
300,300,2020-10-27,2.79,0.0,68.69,3.25,99.41,13.46,东北_吉林,43.88,125.32,NASA POWER API
301,301,2020-10-28,-0.17,0.0,71.72,2.53,99.7,12.97,东北_吉林,43.88,125.32,NASA POWER API
302,302,2020-10-29,-0.11,0.0,70.38,1.87,100.01,11.03,东北_吉林,43.88,125.32,NASA POWER API
303,303,2020-10-30,2.15,0.0,71.46,2.29,99.98,11.56,东北_吉林,43.88,125.32,NASA POWER API
304,304,2020-10-31,5.11,1.33,73.93,5.96,98.64,4.19,东北_吉林,43.88,125.32,NASA POWER API
305,305,2020-11-01,2.71,0.04,67.56,4.38,98.78,9.48,东北_吉林,43.88,125.32,NASA POWER API
306,306,2020-11-02,-1.32,0.02,67.11,4.71,99.05,10.69,东北_吉林,43.88,125.32,NASA POWER API
307,307,2020-11-03,-3.87,0.0,67.2,3.93,99.18,11.64,东北_吉林,43.88,125.32,NASA POWER API
308,308,2020-11-04,-1.75,0.0,65.62,3.42,99.18,11.82,东北_吉林,43.88,125.32,NASA POWER API
309,309,2020-11-05,2.06,0.02,84.81,3.31,98.97,9.49,东北_吉林,43.88,125.32,NASA POWER API
310,310,2020-11-06,5.82,0.0,75.06,5.65,98.41,6.97,东北_吉林,43.88,125.32,NASA POWER API
311,311,2020-11-07,1.64,0.06,68.33,3.39,98.62,10.62,东北_吉林,43.88,125.32,NASA POWER API
312,312,2020-11-08,-3.06,0.01,71.12,4.32,99.44,10.44,东北_吉林,43.88,125.32,NASA POWER API
313,313,2020-11-09,-3.66,0.0,70.68,2.84,99.64,11.15,东北_吉林,43.88,125.32,NASA POWER API
314,314,2020-11-10,-0.91,0.0,68.99,2.94,99.88,9.83,东北_吉林,43.88,125.32,NASA POWER API
315,315,2020-11-11,3.07,0.0,85.35,4.91,99.72,9.46,东北_吉林,43.88,125.32,NASA POWER API
316,316,2020-11-12,4.98,0.04,86.11,5.9,99.4,4.69,东北_吉林,43.88,125.32,NASA POWER API
317,317,2020-11-13,0.39,0.0,77.04,1.92,100.36,10.36,东北_吉林,43.88,125.32,NASA POWER API
318,318,2020-11-14,2.84,0.0,70.0,3.13,99.93,9.65,东北_吉林,43.88,125.32,NASA POWER API
319,319,2020-11-15,2.78,0.0,83.53,4.39,99.64,4.47,东北_吉林,43.88,125.32,NASA POWER API
320,320,2020-11-16,-0.67,0.0,75.95,1.5,100.28,9.17,东北_吉林,43.88,125.32,NASA POWER API
321,321,2020-11-17,3.98,2.59,95.13,4.01,99.34,3.11,东北_吉林,43.88,125.32,NASA POWER API
322,322,2020-11-18,-0.75,11.01,88.9,6.17,99.16,1.98,东北_吉林,43.88,125.32,NASA POWER API
323,323,2020-11-19,-5.86,25.22,94.58,8.36,97.86,1.56,东北_吉林,43.88,125.32,NASA POWER API
324,324,2020-11-20,-10.8,1.29,95.82,2.45,99.6,6.41,东北_吉林,43.88,125.32,NASA POWER API
325,325,2020-11-21,-12.87,0.49,96.56,1.81,100.08,5.06,东北_吉林,43.88,125.32,NASA POWER API
326,326,2020-11-22,-16.93,0.01,97.75,2.03,100.04,9.15,东北_吉林,43.88,125.32,NASA POWER API
327,327,2020-11-23,-13.03,0.01,96.58,4.07,99.8,9.3,东北_吉林,43.88,125.32,NASA POWER API
328,328,2020-11-24,-9.96,0.01,96.61,2.33,99.98,7.37,东北_吉林,43.88,125.32,NASA POWER API
329,329,2020-11-25,-10.15,0.06,98.85,2.7,99.89,5.84,东北_吉林,43.88,125.32,NASA POWER API
330,330,2020-11-26,-12.08,0.01,98.6,1.08,100.59,6.6,东北_吉林,43.88,125.32,NASA POWER API
331,331,2020-11-27,-14.53,0.01,98.51,1.7,100.39,8.16,东北_吉林,43.88,125.32,NASA POWER API
332,332,2020-11-28,-18.18,0.01,98.61,1.95,100.28,9.0,东北_吉林,43.88,125.32,NASA POWER API
333,333,2020-11-29,-17.55,0.01,98.71,1.76,100.16,8.34,东北_吉林,43.88,125.32,NASA POWER API
334,334,2020-11-30,-17.55,0.01,97.71,3.28,100.6,8.12,东北_吉林,43.88,125.32,NASA POWER API
335,335,2020-12-01,-17.86,0.01,98.02,2.77,100.83,8.18,东北_吉林,43.88,125.32,NASA POWER API
336,336,2020-12-02,-16.47,0.01,98.29,3.22,100.38,6.84,东北_吉林,43.88,125.32,NASA POWER API
337,337,2020-12-03,-14.79,0.01,97.86,3.77,100.07,7.8,东北_吉林,43.88,125.32,NASA POWER API
338,338,2020-12-04,-14.36,0.01,96.19,4.15,99.88,7.34,东北_吉林,43.88,125.32,NASA POWER API
339,339,2020-12-05,-14.06,0.0,96.21,3.3,99.8,7.45,东北_吉林,43.88,125.32,NASA POWER API
340,340,2020-12-06,-14.34,0.0,96.83,3.42,99.63,5.99,东北_吉林,43.88,125.32,NASA POWER API
341,341,2020-12-07,-16.56,0.01,97.56,3.48,99.96,7.43,东北_吉林,43.88,125.32,NASA POWER API
342,342,2020-12-08,-16.47,0.01,93.49,3.76,99.82,7.66,东北_吉林,43.88,125.32,NASA POWER API
343,343,2020-12-09,-11.29,0.0,91.07,3.86,99.14,6.49,东北_吉林,43.88,125.32,NASA POWER API
344,344,2020-12-10,-13.77,0.01,96.56,3.57,99.0,6.35,东北_吉林,43.88,125.32,NASA POWER API
345,345,2020-12-11,-17.69,0.0,96.63,1.67,99.42,7.33,东北_吉林,43.88,125.32,NASA POWER API
346,346,2020-12-12,-19.06,0.01,95.54,1.65,99.33,7.52,东北_吉林,43.88,125.32,NASA POWER API
347,347,2020-12-13,-21.99,0.01,95.45,2.0,99.53,7.55,东北_吉林,43.88,125.32,NASA POWER API
348,348,2020-12-14,-23.98,0.0,94.1,2.9,99.9,7.44,东北_吉林,43.88,125.32,NASA POWER API
349,349,2020-12-15,-26.98,0.0,96.68,2.18,100.2,7.27,东北_吉林,43.88,125.32,NASA POWER API
350,350,2020-12-16,-24.9,0.0,97.12,2.6,100.21,7.66,东北_吉林,43.88,125.32,NASA POWER API
351,351,2020-12-17,-18.86,0.0,96.13,3.32,99.76,7.07,东北_吉林,43.88,125.32,NASA POWER API
352,352,2020-12-18,-18.54,0.0,94.5,3.95,100.05,7.47,东北_吉林,43.88,125.32,NASA POWER API
353,353,2020-12-19,-22.24,0.0,96.67,2.75,100.29,7.39,东北_吉林,43.88,125.32,NASA POWER API
354,354,2020-12-20,-18.22,0.01,95.75,3.69,100.07,7.27,东北_吉林,43.88,125.32,NASA POWER API
355,355,2020-12-21,-13.11,0.0,93.92,4.58,99.5,7.25,东北_吉林,43.88,125.32,NASA POWER API
356,356,2020-12-22,-10.51,0.0,96.22,3.88,99.09,5.9,东北_吉林,43.88,125.32,NASA POWER API
357,357,2020-12-23,-8.29,0.04,94.99,4.22,98.51,3.97,东北_吉林,43.88,125.32,NASA POWER API
358,358,2020-12-24,-14.92,0.01,97.96,2.54,98.95,6.64,东北_吉林,43.88,125.32,NASA POWER API
359,359,2020-12-25,-17.77,0.01,97.71,3.3,99.12,7.4,东北_吉林,43.88,125.32,NASA POWER API
360,360,2020-12-26,-14.64,0.0,91.04,2.05,99.4,6.86,东北_吉林,43.88,125.32,NASA POWER API
361,361,2020-12-27,-13.59,0.01,95.09,2.79,99.43,4.22,东北_吉林,43.88,125.32,NASA POWER API
362,362,2020-12-28,-19.55,0.01,93.81,2.09,100.24,6.84,东北_吉林,43.88,125.32,NASA POWER API
363,363,2020-12-29,-22.9,0.01,93.96,2.4,100.26,7.14,东北_吉林,43.88,125.32,NASA POWER API
364,364,2020-12-30,-24.02,0.01,95.61,3.67,99.46,7.06,东北_吉林,43.88,125.32,NASA POWER API
365,365,2020-12-31,-22.0,0.02,93.43,3.73,99.18,7.29,东北_吉林,43.88,125.32,NASA POWER API
366,366,2021-01-01,-22.61,0.0,79.74,1.29,99.83,7.4,东北_吉林,43.88,125.32,NASA POWER API
367,367,2021-01-02,-23.84,0.0,92.6,2.12,100.14,7.55,东北_吉林,43.88,125.32,NASA POWER API
368,368,2021-01-03,-23.37,0.0,95.49,3.58,100.2,7.35,东北_吉林,43.88,125.32,NASA POWER API
369,369,2021-01-04,-24.0,0.0,96.04,3.06,100.22,7.78,东北_吉林,43.88,125.32,NASA POWER API
370,370,2021-01-05,-25.74,0.0,97.97,2.26,100.27,8.35,东北_吉林,43.88,125.32,NASA POWER API
371,371,2021-01-06,-20.29,0.4,93.96,3.37,99.48,6.76,东北_吉林,43.88,125.32,NASA POWER API
372,372,2021-01-07,-26.75,0.04,93.01,2.42,99.61,7.03,东北_吉林,43.88,125.32,NASA POWER API
373,373,2021-01-08,-28.71,0.0,96.71,2.53,99.33,7.33,东北_吉林,43.88,125.32,NASA POWER API
374,374,2021-01-09,-24.89,0.0,97.55,2.69,99.25,8.18,东北_吉林,43.88,125.32,NASA POWER API
375,375,2021-01-10,-19.14,0.0,97.34,2.09,99.63,7.96,东北_吉林,43.88,125.32,NASA POWER API
376,376,2021-01-11,-16.4,0.01,94.11,3.96,99.33,7.18,东北_吉林,43.88,125.32,NASA POWER API
377,377,2021-01-12,-12.88,0.36,94.83,3.74,98.08,4.75,东北_吉林,43.88,125.32,NASA POWER API
378,378,2021-01-13,-17.1,0.25,96.94,2.68,98.43,8.26,东北_吉林,43.88,125.32,NASA POWER API
379,379,2021-01-14,-18.16,0.83,90.65,2.73,99.54,7.21,东北_吉林,43.88,125.32,NASA POWER API
380,380,2021-01-15,-16.85,2.47,96.34,4.47,99.42,6.13,东北_吉林,43.88,125.32,NASA POWER API
381,381,2021-01-16,-23.41,0.09,97.66,2.48,99.93,9.21,东北_吉林,43.88,125.32,NASA POWER API
382,382,2021-01-17,-20.31,0.02,95.0,4.56,99.14,7.37,东北_吉林,43.88,125.32,NASA POWER API
383,383,2021-01-18,-22.83,0.06,90.44,3.35,99.54,8.51,东北_吉林,43.88,125.32,NASA POWER API
384,384,2021-01-19,-22.25,0.01,89.38,2.98,100.23,7.93,东北_吉林,43.88,125.32,NASA POWER API
385,385,2021-01-20,-6.56,1.37,93.75,7.16,99.32,1.25,东北_吉林,43.88,125.32,NASA POWER API
386,386,2021-01-21,-8.08,0.31,96.31,1.49,99.45,2.31,东北_吉林,43.88,125.32,NASA POWER API
387,387,2021-01-22,-14.24,0.01,93.88,2.08,99.89,9.59,东北_吉林,43.88,125.32,NASA POWER API
388,388,2021-01-23,-12.36,0.0,95.3,1.81,99.68,8.03,东北_吉林,43.88,125.32,NASA POWER API
389,389,2021-01-24,-7.06,0.02,98.03,2.27,99.87,8.12,东北_吉林,43.88,125.32,NASA POWER API
390,390,2021-01-25,-6.67,1.48,97.66,1.84,99.75,6.36,东北_吉林,43.88,125.32,NASA POWER API
391,391,2021-01-26,-10.84,1.01,95.85,3.32,99.23,9.42,东北_吉林,43.88,125.32,NASA POWER API
392,392,2021-01-27,-16.76,0.61,89.57,2.67,99.49,10.36,东北_吉林,43.88,125.32,NASA POWER API
393,393,2021-01-28,-19.99,0.47,91.91,2.96,99.15,9.78,东北_吉林,43.88,125.32,NASA POWER API
394,394,2021-01-29,-23.05,0.28,90.51,2.44,99.4,11.03,东北_吉林,43.88,125.32,NASA POWER API
395,395,2021-01-30,-18.33,1.33,92.88,3.27,99.66,9.18,东北_吉林,43.88,125.32,NASA POWER API
396,396,2021-01-31,-12.95,2.39,94.27,2.84,99.36,4.69,东北_吉林,43.88,125.32,NASA POWER API
397,397,2021-02-01,-16.29,1.83,95.38,4.63,99.03,9.54,东北_吉林,43.88,125.32,NASA POWER API
398,398,2021-02-02,-24.28,0.06,92.31,3.6,99.49,10.43,东北_吉林,43.88,125.32,NASA POWER API
399,399,2021-02-03,-23.64,0.0,90.4,3.44,99.34,12.28,东北_吉林,43.88,125.32,NASA POWER API
400,400,2021-02-04,-21.76,0.0,88.29,2.34,99.29,10.93,东北_吉林,43.88,125.32,NASA POWER API
401,401,2021-02-05,-9.88,0.02,96.52,3.51,98.21,7.71,东北_吉林,43.88,125.32,NASA POWER API
402,402,2021-02-06,-12.77,0.25,95.81,2.15,98.9,8.69,东北_吉林,43.88,125.32,NASA POWER API
403,403,2021-02-07,-17.96,0.05,96.13,2.33,99.86,12.36,东北_吉林,43.88,125.32,NASA POWER API
404,404,2021-02-08,-18.78,0.0,93.58,1.55,100.05,12.69,东北_吉林,43.88,125.32,NASA POWER API
405,405,2021-02-09,-12.61,0.0,95.51,3.36,99.31,12.05,东北_吉林,43.88,125.32,NASA POWER API
406,406,2021-02-10,-10.06,0.01,97.33,2.31,99.24,10.0,东北_吉林,43.88,125.32,NASA POWER API
407,407,2021-02-11,-4.27,0.0,92.8,5.16,99.02,10.06,东北_吉林,43.88,125.32,NASA POWER API
408,408,2021-02-12,-2.93,0.0,95.03,4.03,99.37,8.54,东北_吉林,43.88,125.32,NASA POWER API
409,409,2021-02-13,-4.87,0.22,94.38,2.26,99.61,3.74,东北_吉林,43.88,125.32,NASA POWER API
410,410,2021-02-14,-12.7,0.51,88.34,3.84,99.57,8.66,东北_吉林,43.88,125.32,NASA POWER API
411,411,2021-02-15,-16.67,0.2,84.22,2.8,98.96,13.85,东北_吉林,43.88,125.32,NASA POWER API
412,412,2021-02-16,-18.48,0.17,82.5,3.57,98.9,13.14,东北_吉林,43.88,125.32,NASA POWER API
413,413,2021-02-17,-15.86,0.2,89.63,4.94,99.04,12.99,东北_吉林,43.88,125.32,NASA POWER API
414,414,2021-02-18,-13.01,0.0,83.88,3.89,99.18,13.85,东北_吉林,43.88,125.32,NASA POWER API
415,415,2021-02-19,-5.52,0.02,85.02,6.55,97.5,9.11,东北_吉林,43.88,125.32,NASA POWER API
416,416,2021-02-20,-8.13,0.57,87.26,2.55,97.91,10.82,东北_吉林,43.88,125.32,NASA POWER API
417,417,2021-02-21,-7.28,0.02,93.27,4.34,98.13,10.31,东北_吉林,43.88,125.32,NASA POWER API
418,418,2021-02-22,-12.57,0.05,86.4,4.21,99.38,14.47,东北_吉林,43.88,125.32,NASA POWER API
419,419,2021-02-23,-16.09,0.0,82.55,3.05,100.11,16.29,东北_吉林,43.88,125.32,NASA POWER API
420,420,2021-02-24,-9.76,0.0,79.15,2.81,99.78,14.72,东北_吉林,43.88,125.32,NASA POWER API
421,421,2021-02-25,-11.56,0.0,83.82,2.6,100.05,15.76,东北_吉林,43.88,125.32,NASA POWER API
422,422,2021-02-26,-9.34,0.0,80.8,1.93,100.1,15.45,东北_吉林,43.88,125.32,NASA POWER API
423,423,2021-02-27,-0.79,0.0,73.56,6.43,99.51,14.05,东北_吉林,43.88,125.32,NASA POWER API
424,424,2021-02-28,-4.49,3.62,86.17,4.26,99.91,4.1,东北_吉林,43.88,125.32,NASA POWER API
425,425,2021-03-01,-11.53,0.0,72.13,3.55,100.41,9.97,东北_吉林,43.88,125.32,NASA POWER API
426,426,2021-03-02,-9.93,0.0,68.55,1.62,99.92,14.12,东北_吉林,43.88,125.32,NASA POWER API
427,427,2021-03-03,-2.58,0.06,82.69,6.34,98.89,4.76,东北_吉林,43.88,125.32,NASA POWER API
428,428,2021-03-04,2.24,0.02,82.97,7.6,98.53,12.89,东北_吉林,43.88,125.32,NASA POWER API
429,429,2021-03-05,-8.96,3.26,66.67,5.66,100.22,9.92,东北_吉林,43.88,125.32,NASA POWER API
430,430,2021-03-06,-11.38,0.0,60.07,1.11,100.99,15.23,东北_吉林,43.88,125.32,NASA POWER API
431,431,2021-03-07,-6.88,0.0,66.35,3.46,100.1,16.79,东北_吉林,43.88,125.32,NASA POWER API
432,432,2021-03-08,-1.69,0.0,66.54,3.99,99.69,15.78,东北_吉林,43.88,125.32,NASA POWER API
433,433,2021-03-09,-0.27,0.0,65.59,5.56,99.5,16.66,东北_吉林,43.88,125.32,NASA POWER API
434,434,2021-03-10,1.06,0.02,69.83,3.65,99.72,12.97,东北_吉林,43.88,125.32,NASA POWER API
435,435,2021-03-11,2.59,0.01,75.4,1.78,99.68,9.24,东北_吉林,43.88,125.32,NASA POWER API
436,436,2021-03-12,2.76,0.0,68.61,2.05,99.88,11.35,东北_吉林,43.88,125.32,NASA POWER API
437,437,2021-03-13,3.65,0.0,64.47,1.83,99.4,12.69,东北_吉林,43.88,125.32,NASA POWER API
438,438,2021-03-14,5.05,0.0,76.05,4.09,98.88,15.63,东北_吉林,43.88,125.32,NASA POWER API
439,439,2021-03-15,2.72,1.04,60.34,8.46,98.08,5.67,东北_吉林,43.88,125.32,NASA POWER API
440,440,2021-03-16,-2.3,0.01,54.32,4.85,99.02,19.65,东北_吉林,43.88,125.32,NASA POWER API
441,441,2021-03-17,0.93,0.0,45.77,1.18,99.65,19.42,东北_吉林,43.88,125.32,NASA POWER API
442,442,2021-03-18,1.02,0.0,56.58,1.95,99.74,17.75,东北_吉林,43.88,125.32,NASA POWER API
443,443,2021-03-19,2.35,0.0,61.18,2.23,99.5,15.58,东北_吉林,43.88,125.32,NASA POWER API
444,444,2021-03-20,0.61,4.36,88.41,1.88,98.46,6.62,东北_吉林,43.88,125.32,NASA POWER API
445,445,2021-03-21,-1.1,4.99,79.87,4.88,98.33,10.53,东北_吉林,43.88,125.32,NASA POWER API
446,446,2021-03-22,-0.01,0.0,71.23,3.9,98.52,18.24,东北_吉林,43.88,125.32,NASA POWER API
447,447,2021-03-23,4.03,0.0,72.88,4.97,98.09,11.83,东北_吉林,43.88,125.32,NASA POWER API
448,448,2021-03-24,5.18,0.0,66.37,3.52,98.79,19.2,东北_吉林,43.88,125.32,NASA POWER API
449,449,2021-03-25,5.34,0.01,66.3,5.17,98.79,18.96,东北_吉林,43.88,125.32,NASA POWER API
450,450,2021-03-26,6.57,0.2,74.34,4.55,98.89,12.07,东北_吉林,43.88,125.32,NASA POWER API
451,451,2021-03-27,8.23,0.1,82.69,5.54,98.1,13.19,东北_吉林,43.88,125.32,NASA POWER API
452,452,2021-03-28,6.18,0.15,77.98,3.88,97.09,9.81,东北_吉林,43.88,125.32,NASA POWER API
453,453,2021-03-29,4.16,0.06,70.56,5.65,97.26,17.04,东北_吉林,43.88,125.32,NASA POWER API
454,454,2021-03-30,6.28,0.0,63.75,2.69,98.33,20.35,东北_吉林,43.88,125.32,NASA POWER API
455,455,2021-03-31,6.8,0.0,62.65,2.68,98.96,17.17,东北_吉林,43.88,125.32,NASA POWER API
456,456,2021-04-01,8.16,0.0,67.42,2.79,99.45,15.67,东北_吉林,43.88,125.32,NASA POWER API
457,457,2021-04-02,11.06,0.21,70.24,5.67,99.1,10.56,东北_吉林,43.88,125.32,NASA POWER API
458,458,2021-04-03,4.61,0.01,51.36,4.42,99.68,18.25,东北_吉林,43.88,125.32,NASA POWER API
459,459,2021-04-04,4.54,0.02,48.33,1.64,99.52,24.52,东北_吉林,43.88,125.32,NASA POWER API
460,460,2021-04-05,8.55,0.0,53.5,5.32,98.93,23.26,东北_吉林,43.88,125.32,NASA POWER API
461,461,2021-04-06,5.48,0.0,59.84,3.64,99.17,22.73,东北_吉林,43.88,125.32,NASA POWER API
462,462,2021-04-07,1.48,0.0,54.61,3.73,99.67,24.74,东北_吉林,43.88,125.32,NASA POWER API
463,463,2021-04-08,1.85,0.0,51.25,3.33,99.63,24.33,东北_吉林,43.88,125.32,NASA POWER API
464,464,2021-04-09,4.61,0.0,46.28,1.15,100.02,23.4,东北_吉林,43.88,125.32,NASA POWER API
465,465,2021-04-10,9.29,0.0,54.2,4.72,99.72,21.49,东北_吉林,43.88,125.32,NASA POWER API
466,466,2021-04-11,11.52,0.58,65.12,7.3,99.49,14.36,东北_吉林,43.88,125.32,NASA POWER API
467,467,2021-04-12,8.19,5.5,71.38,7.88,98.84,15.02,东北_吉林,43.88,125.32,NASA POWER API
468,468,2021-04-13,0.06,0.01,54.98,4.7,98.89,21.48,东北_吉林,43.88,125.32,NASA POWER API
469,469,2021-04-14,3.16,0.01,50.84,3.9,98.51,24.12,东北_吉林,43.88,125.32,NASA POWER API
470,470,2021-04-15,7.66,0.0,57.31,5.74,98.13,18.62,东北_吉林,43.88,125.32,NASA POWER API
471,471,2021-04-16,5.67,0.55,60.33,7.4,97.55,12.66,东北_吉林,43.88,125.32,NASA POWER API
472,472,2021-04-17,3.29,0.99,75.06,2.62,98.43,9.17,东北_吉林,43.88,125.32,NASA POWER API
473,473,2021-04-18,6.44,0.0,67.71,3.01,98.63,23.53,东北_吉林,43.88,125.32,NASA POWER API
474,474,2021-04-19,9.23,0.0,59.05,4.24,98.24,24.49,东北_吉林,43.88,125.32,NASA POWER API
475,475,2021-04-20,8.12,0.0,53.61,1.71,99.41,22.55,东北_吉林,43.88,125.32,NASA POWER API
476,476,2021-04-21,13.98,0.0,58.63,4.52,99.1,22.8,东北_吉林,43.88,125.32,NASA POWER API
477,477,2021-04-22,13.53,0.26,67.16,3.34,99.27,13.18,东北_吉林,43.88,125.32,NASA POWER API
478,478,2021-04-23,10.43,2.11,89.66,1.65,99.78,7.83,东北_吉林,43.88,125.32,NASA POWER API
479,479,2021-04-24,7.84,0.08,67.06,4.08,100.04,11.41,东北_吉林,43.88,125.32,NASA POWER API
480,480,2021-04-25,8.23,0.0,53.08,2.72,99.86,26.07,东北_吉林,43.88,125.32,NASA POWER API
481,481,2021-04-26,12.22,0.0,52.56,3.77,98.88,23.65,东北_吉林,43.88,125.32,NASA POWER API
482,482,2021-04-27,10.69,1.68,69.15,5.59,98.14,10.56,东北_吉林,43.88,125.32,NASA POWER API
483,483,2021-04-28,8.01,0.01,51.21,4.95,98.03,20.38,东北_吉林,43.88,125.32,NASA POWER API
484,484,2021-04-29,8.85,1.4,64.83,4.06,97.61,12.59,东北_吉林,43.88,125.32,NASA POWER API
485,485,2021-04-30,5.66,1.93,86.27,1.87,97.9,11.36,东北_吉林,43.88,125.32,NASA POWER API
486,486,2021-05-01,6.71,0.04,76.84,2.32,98.31,18.98,东北_吉林,43.88,125.32,NASA POWER API
487,487,2021-05-02,10.52,0.02,69.93,1.91,98.83,22.18,东北_吉林,43.88,125.32,NASA POWER API
488,488,2021-05-03,13.02,0.01,52.43,6.0,98.18,15.99,东北_吉林,43.88,125.32,NASA POWER API
489,489,2021-05-04,11.5,0.88,61.06,5.72,97.83,9.46,东北_吉林,43.88,125.32,NASA POWER API
490,490,2021-05-05,9.97,0.16,62.52,5.28,97.42,16.49,东北_吉林,43.88,125.32,NASA POWER API
491,491,2021-05-06,14.34,0.01,57.91,5.75,97.43,20.94,东北_吉林,43.88,125.32,NASA POWER API
492,492,2021-05-07,11.48,3.78,67.02,4.65,96.87,13.02,东北_吉林,43.88,125.32,NASA POWER API
493,493,2021-05-08,8.16,7.75,75.6,6.61,96.58,7.99,东北_吉林,43.88,125.32,NASA POWER API
494,494,2021-05-09,9.91,0.83,62.38,4.65,97.92,22.8,东北_吉林,43.88,125.32,NASA POWER API
495,495,2021-05-10,12.79,0.24,54.08,1.62,98.54,22.22,东北_吉林,43.88,125.32,NASA POWER API
496,496,2021-05-11,14.57,0.01,61.62,3.25,98.57,26.8,东北_吉林,43.88,125.32,NASA POWER API
497,497,2021-05-12,15.12,0.84,56.29,6.31,98.13,19.31,东北_吉林,43.88,125.32,NASA POWER API
498,498,2021-05-13,15.11,0.34,67.8,2.49,98.44,20.57,东北_吉林,43.88,125.32,NASA POWER API
499,499,2021-05-14,18.03,2.2,74.51,4.33,98.16,15.36,东北_吉林,43.88,125.32,NASA POWER API
500,500,2021-05-15,14.46,2.09,59.45,3.3,98.32,5.86,东北_吉林,43.88,125.32,NASA POWER API
501,501,2021-05-16,15.67,0.0,45.58,1.43,98.2,20.64,东北_吉林,43.88,125.32,NASA POWER API
502,502,2021-05-17,17.17,0.0,50.4,3.06,97.92,30.22,东北_吉林,43.88,125.32,NASA POWER API
503,503,2021-05-18,19.72,0.0,49.14,5.2,97.68,25.66,东北_吉林,43.88,125.32,NASA POWER API
504,504,2021-05-19,20.23,0.0,55.18,5.03,97.74,26.25,东北_吉林,43.88,125.32,NASA POWER API
505,505,2021-05-20,20.71,0.0,62.3,5.25,97.79,21.84,东北_吉林,43.88,125.32,NASA POWER API
506,506,2021-05-21,20.11,0.14,67.71,2.69,97.79,23.55,东北_吉林,43.88,125.32,NASA POWER API
507,507,2021-05-22,22.13,0.0,60.97,4.75,97.79,27.13,东北_吉林,43.88,125.32,NASA POWER API
508,508,2021-05-23,15.4,5.78,75.34,5.21,97.78,5.22,东北_吉林,43.88,125.32,NASA POWER API
509,509,2021-05-24,12.13,0.17,54.85,4.53,97.58,24.46,东北_吉林,43.88,125.32,NASA POWER API
510,510,2021-05-25,13.34,0.01,47.43,3.13,97.39,23.23,东北_吉林,43.88,125.32,NASA POWER API
511,511,2021-05-26,13.95,0.09,57.14,4.61,97.45,13.6,东北_吉林,43.88,125.32,NASA POWER API
512,512,2021-05-27,15.53,0.06,58.48,1.67,97.3,27.16,东北_吉林,43.88,125.32,NASA POWER API
513,513,2021-05-28,13.57,1.57,76.66,2.0,97.38,11.93,东北_吉林,43.88,125.32,NASA POWER API
514,514,2021-05-29,16.41,0.33,58.62,1.42,97.73,23.58,东北_吉林,43.88,125.32,NASA POWER API
515,515,2021-05-30,15.98,0.49,64.85,3.13,98.08,16.37,东北_吉林,43.88,125.32,NASA POWER API
516,516,2021-05-31,19.18,0.54,64.04,2.89,98.22,26.05,东北_吉林,43.88,125.32,NASA POWER API
517,517,2021-06-01,17.97,4.71,61.72,4.33,98.15,16.69,东北_吉林,43.88,125.32,NASA POWER API
518,518,2021-06-02,15.92,61.22,82.32,4.13,97.98,2.96,东北_吉林,43.88,125.32,NASA POWER API
519,519,2021-06-03,13.65,2.14,68.5,4.67,97.3,16.74,东北_吉林,43.88,125.32,NASA POWER API
520,520,2021-06-04,13.87,3.41,75.71,3.51,96.56,20.04,东北_吉林,43.88,125.32,NASA POWER API
521,521,2021-06-05,13.18,7.52,81.43,2.59,96.73,15.43,东北_吉林,43.88,125.32,NASA POWER API
522,522,2021-06-06,16.37,5.05,71.59,1.18,97.82,17.93,东北_吉林,43.88,125.32,NASA POWER API
523,523,2021-06-07,18.78,2.46,64.85,0.96,98.59,28.66,东北_吉林,43.88,125.32,NASA POWER API
524,524,2021-06-08,20.66,2.17,64.08,2.01,98.79,26.91,东北_吉林,43.88,125.32,NASA POWER API
525,525,2021-06-09,21.93,0.86,80.32,3.79,98.58,14.78,东北_吉林,43.88,125.32,NASA POWER API
526,526,2021-06-10,19.84,10.14,89.94,2.17,98.25,5.59,东北_吉林,43.88,125.32,NASA POWER API
527,527,2021-06-11,21.05,0.37,74.39,2.72,98.05,23.44,东北_吉林,43.88,125.32,NASA POWER API
528,528,2021-06-12,23.13,0.05,74.25,3.89,98.23,25.74,东北_吉林,43.88,125.32,NASA POWER API
529,529,2021-06-13,22.55,2.32,80.58,3.32,98.03,13.23,东北_吉林,43.88,125.32,NASA POWER API
530,530,2021-06-14,21.3,2.83,81.41,3.66,97.79,8.32,东北_吉林,43.88,125.32,NASA POWER API
531,531,2021-06-15,20.06,3.43,78.33,4.68,97.78,10.05,东北_吉林,43.88,125.32,NASA POWER API
532,532,2021-06-16,22.12,0.04,74.09,3.63,97.89,21.61,东北_吉林,43.88,125.32,NASA POWER API
533,533,2021-06-17,19.63,23.2,79.09,4.76,97.4,12.35,东北_吉林,43.88,125.32,NASA POWER API
534,534,2021-06-18,17.82,5.33,72.7,4.08,96.91,27.6,东北_吉林,43.88,125.32,NASA POWER API
535,535,2021-06-19,19.2,1.59,73.79,3.57,96.93,26.05,东北_吉林,43.88,125.32,NASA POWER API
536,536,2021-06-20,18.28,6.49,76.98,1.41,97.35,19.1,东北_吉林,43.88,125.32,NASA POWER API
537,537,2021-06-21,17.33,1.51,83.09,1.61,97.92,17.73,东北_吉林,43.88,125.32,NASA POWER API
538,538,2021-06-22,19.2,0.07,71.37,2.09,98.37,23.67,东北_吉林,43.88,125.32,NASA POWER API
539,539,2021-06-23,21.42,0.0,61.53,1.39,98.52,28.13,东北_吉林,43.88,125.32,NASA POWER API
540,540,2021-06-24,22.15,0.0,62.54,1.54,98.39,28.04,东北_吉林,43.88,125.32,NASA POWER API
541,541,2021-06-25,22.17,0.02,68.02,2.69,98.19,25.91,东北_吉林,43.88,125.32,NASA POWER API
542,542,2021-06-26,20.11,2.36,82.19,3.68,98.15,9.59,东北_吉林,43.88,125.32,NASA POWER API
543,543,2021-06-27,19.74,2.87,85.56,2.59,98.29,12.39,东北_吉林,43.88,125.32,NASA POWER API
544,544,2021-06-28,21.24,1.1,79.43,1.58,98.05,16.32,东北_吉林,43.88,125.32,NASA POWER API
545,545,2021-06-29,22.47,1.37,78.32,1.71,97.88,21.1,东北_吉林,43.88,125.32,NASA POWER API
546,546,2021-06-30,22.11,6.89,82.8,1.93,97.86,20.4,东北_吉林,43.88,125.32,NASA POWER API
547,547,2021-07-01,22.22,8.1,85.9,2.47,97.86,21.64,东北_吉林,43.88,125.32,NASA POWER API
548,548,2021-07-02,22.46,2.21,83.98,2.93,98.2,22.8,东北_吉林,43.88,125.32,NASA POWER API
549,549,2021-07-03,22.53,0.43,78.96,2.09,98.25,18.27,东北_吉林,43.88,125.32,NASA POWER API
550,550,2021-07-04,21.15,9.69,79.99,1.7,97.95,11.51,东北_吉林,43.88,125.32,NASA POWER API
551,551,2021-07-05,21.42,2.14,78.57,2.59,98.03,18.12,东北_吉林,43.88,125.32,NASA POWER API
552,552,2021-07-06,22.7,10.28,81.96,1.09,98.01,13.97,东北_吉林,43.88,125.32,NASA POWER API
553,553,2021-07-07,22.51,28.23,84.79,2.22,97.95,12.66,东北_吉林,43.88,125.32,NASA POWER API
554,554,2021-07-08,22.92,5.16,85.48,2.67,97.85,8.9,东北_吉林,43.88,125.32,NASA POWER API
555,555,2021-07-09,21.85,9.91,88.54,2.36,97.81,12.18,东北_吉林,43.88,125.32,NASA POWER API
556,556,2021-07-10,21.64,1.41,88.32,2.11,97.91,17.16,东北_吉林,43.88,125.32,NASA POWER API
557,557,2021-07-11,23.66,0.23,84.16,2.03,98.1,21.09,东北_吉林,43.88,125.32,NASA POWER API
558,558,2021-07-12,25.24,0.07,82.05,2.42,98.21,20.81,东北_吉林,43.88,125.32,NASA POWER API
559,559,2021-07-13,26.52,1.03,80.56,2.96,98.09,23.55,东北_吉林,43.88,125.32,NASA POWER API
560,560,2021-07-14,26.69,1.24,81.94,3.82,98.24,18.16,东北_吉林,43.88,125.32,NASA POWER API
561,561,2021-07-15,26.92,0.4,82.18,3.13,98.63,19.61,东北_吉林,43.88,125.32,NASA POWER API
562,562,2021-07-16,27.24,0.29,78.3,2.93,98.82,24.51,东北_吉林,43.88,125.32,NASA POWER API
563,563,2021-07-17,26.91,0.24,78.94,2.11,98.69,24.13,东北_吉林,43.88,125.32,NASA POWER API
564,564,2021-07-18,26.58,0.21,79.37,2.14,98.5,23.44,东北_吉林,43.88,125.32,NASA POWER API
565,565,2021-07-19,26.23,0.12,78.3,2.59,98.6,23.88,东北_吉林,43.88,125.32,NASA POWER API
566,566,2021-07-20,25.66,0.19,80.47,2.29,98.79,21.38,东北_吉林,43.88,125.32,NASA POWER API
567,567,2021-07-21,26.27,0.09,77.98,2.04,98.81,20.58,东北_吉林,43.88,125.32,NASA POWER API
568,568,2021-07-22,26.72,0.18,79.21,1.91,98.59,20.96,东北_吉林,43.88,125.32,NASA POWER API
569,569,2021-07-23,27.0,0.07,72.03,3.15,98.32,21.25,东北_吉林,43.88,125.32,NASA POWER API
570,570,2021-07-24,27.18,0.4,68.6,3.58,98.17,26.35,东北_吉林,43.88,125.32,NASA POWER API
571,571,2021-07-25,25.61,5.11,77.83,2.96,97.99,20.93,东北_吉林,43.88,125.32,NASA POWER API
572,572,2021-07-26,26.81,1.31,72.74,3.67,97.79,23.72,东北_吉林,43.88,125.32,NASA POWER API
573,573,2021-07-27,27.25,1.5,72.93,3.22,97.82,25.55,东北_吉林,43.88,125.32,NASA POWER API
574,574,2021-07-28,27.31,1.9,76.54,0.98,97.85,21.61,东北_吉林,43.88,125.32,NASA POWER API
575,575,2021-07-29,26.58,1.43,78.88,0.7,97.7,14.35,东北_吉林,43.88,125.32,NASA POWER API
576,576,2021-07-30,26.84,38.89,77.93,1.14,97.4,6.08,东北_吉林,43.88,125.32,NASA POWER API
577,577,2021-07-31,26.47,8.67,83.81,2.84,97.15,12.58,东北_吉林,43.88,125.32,NASA POWER API
578,578,2021-08-01,25.02,7.33,85.09,2.04,97.43,14.67,东北_吉林,43.88,125.32,NASA POWER API
579,579,2021-08-02,21.7,27.82,92.18,2.75,97.82,5.05,东北_吉林,43.88,125.32,NASA POWER API
580,580,2021-08-03,21.9,1.96,86.56,2.64,97.99,15.69,东北_吉林,43.88,125.32,NASA POWER API
581,581,2021-08-04,22.62,0.17,86.32,3.4,97.92,13.15,东北_吉林,43.88,125.32,NASA POWER API
582,582,2021-08-05,23.02,4.4,90.49,4.29,97.64,10.99,东北_吉林,43.88,125.32,NASA POWER API
583,583,2021-08-06,21.81,1.36,91.24,1.98,97.72,16.25,东北_吉林,43.88,125.32,NASA POWER API
584,584,2021-08-07,23.88,0.41,75.39,1.24,97.95,22.94,东北_吉林,43.88,125.32,NASA POWER API
585,585,2021-08-08,23.74,0.0,75.6,1.19,98.17,22.44,东北_吉林,43.88,125.32,NASA POWER API
586,586,2021-08-09,23.18,0.48,76.17,2.41,97.98,21.87,东北_吉林,43.88,125.32,NASA POWER API
587,587,2021-08-10,20.94,8.53,87.33,1.03,98.08,12.73,东北_吉林,43.88,125.32,NASA POWER API
588,588,2021-08-11,20.55,32.33,88.25,1.16,98.4,11.16,东北_吉林,43.88,125.32,NASA POWER API
589,589,2021-08-12,18.9,30.34,93.75,1.54,98.39,8.09,东北_吉林,43.88,125.32,NASA POWER API
590,590,2021-08-13,18.49,5.13,90.07,1.27,98.38,12.83,东北_吉林,43.88,125.32,NASA POWER API
591,591,2021-08-14,20.36,0.52,79.17,0.52,98.47,13.95,东北_吉林,43.88,125.32,NASA POWER API
592,592,2021-08-15,21.47,0.12,75.67,0.83,98.81,17.33,东北_吉林,43.88,125.32,NASA POWER API
593,593,2021-08-16,21.05,9.42,84.92,1.07,98.91,9.87,东北_吉林,43.88,125.32,NASA POWER API
594,594,2021-08-17,19.62,12.71,93.07,1.6,98.74,8.25,东北_吉林,43.88,125.32,NASA POWER API
595,595,2021-08-18,21.54,0.12,84.97,1.34,98.6,17.86,东北_吉林,43.88,125.32,NASA POWER API
596,596,2021-08-19,22.68,0.0,81.95,2.34,98.51,22.9,东北_吉林,43.88,125.32,NASA POWER API
597,597,2021-08-20,21.17,5.04,85.31,2.91,98.36,11.82,东北_吉林,43.88,125.32,NASA POWER API
598,598,2021-08-21,19.95,44.35,92.14,2.05,97.88,7.05,东北_吉林,43.88,125.32,NASA POWER API
599,599,2021-08-22,21.06,4.0,81.45,2.98,97.66,21.91,东北_吉林,43.88,125.32,NASA POWER API
600,600,2021-08-23,22.78,9.36,87.03,4.26,97.72,16.3,东北_吉林,43.88,125.32,NASA POWER API
601,601,2021-08-24,22.16,14.14,88.44,2.31,97.5,17.89,东北_吉林,43.88,125.32,NASA POWER API
602,602,2021-08-25,21.07,2.4,84.05,2.82,97.67,16.92,东北_吉林,43.88,125.32,NASA POWER API
603,603,2021-08-26,20.19,4.62,83.28,3.57,97.95,18.52,东北_吉林,43.88,125.32,NASA POWER API
604,604,2021-08-27,19.31,0.67,80.93,4.53,97.93,21.74,东北_吉林,43.88,125.32,NASA POWER API
605,605,2021-08-28,18.9,1.3,80.19,3.99,98.15,20.95,东北_吉林,43.88,125.32,NASA POWER API
606,606,2021-08-29,18.27,4.96,80.55,2.33,98.43,17.51,东北_吉林,43.88,125.32,NASA POWER API
607,607,2021-08-30,17.03,1.6,78.43,2.58,98.86,23.2,东北_吉林,43.88,125.32,NASA POWER API
608,608,2021-08-31,18.7,0.0,74.11,1.03,99.12,18.91,东北_吉林,43.88,125.32,NASA POWER API
609,609,2021-09-01,20.66,0.0,73.28,1.09,98.75,20.46,东北_吉林,43.88,125.32,NASA POWER API
610,610,2021-09-02,20.61,0.0,72.37,1.65,98.46,22.09,东北_吉林,43.88,125.32,NASA POWER API
611,611,2021-09-03,20.62,0.2,71.49,0.96,98.47,20.67,东北_吉林,43.88,125.32,NASA POWER API
612,612,2021-09-04,19.99,0.19,73.18,1.75,98.97,20.88,东北_吉林,43.88,125.32,NASA POWER API
613,613,2021-09-05,20.65,0.07,76.53,1.36,99.33,20.1,东北_吉林,43.88,125.32,NASA POWER API
614,614,2021-09-06,18.4,2.61,83.9,1.85,99.26,11.21,东北_吉林,43.88,125.32,NASA POWER API
615,615,2021-09-07,16.85,10.74,85.48,1.03,98.66,7.32,东北_吉林,43.88,125.32,NASA POWER API
616,616,2021-09-08,17.43,6.53,80.54,2.27,98.28,19.69,东北_吉林,43.88,125.32,NASA POWER API
617,617,2021-09-09,17.8,30.53,87.78,3.0,98.36,7.63,东北_吉林,43.88,125.32,NASA POWER API
618,618,2021-09-10,16.54,7.67,80.17,2.05,98.49,18.33,东北_吉林,43.88,125.32,NASA POWER API
619,619,2021-09-11,14.86,2.62,80.02,3.15,98.38,16.64,东北_吉林,43.88,125.32,NASA POWER API
620,620,2021-09-12,13.81,0.7,75.08,1.46,99.04,20.65,东北_吉林,43.88,125.32,NASA POWER API
621,621,2021-09-13,15.11,3.16,86.14,2.07,99.17,9.53,东北_吉林,43.88,125.32,NASA POWER API
622,622,2021-09-14,16.0,0.01,78.54,1.57,99.59,17.44,东北_吉林,43.88,125.32,NASA POWER API
623,623,2021-09-15,16.68,0.01,75.72,1.56,99.28,19.2,东北_吉林,43.88,125.32,NASA POWER API
624,624,2021-09-16,15.69,8.78,90.5,2.03,98.82,3.57,东北_吉林,43.88,125.32,NASA POWER API
625,625,2021-09-17,16.84,0.03,70.8,0.82,98.91,18.98,东北_吉林,43.88,125.32,NASA POWER API
626,626,2021-09-18,16.72,0.01,77.53,1.77,98.99,20.14,东北_吉林,43.88,125.32,NASA POWER API
627,627,2021-09-19,17.65,0.0,78.24,2.35,99.0,18.58,东北_吉林,43.88,125.32,NASA POWER API
628,628,2021-09-20,15.17,11.39,90.75,2.03,98.69,4.06,东北_吉林,43.88,125.32,NASA POWER API
629,629,2021-09-21,16.9,25.4,90.49,3.85,97.23,7.6,东北_吉林,43.88,125.32,NASA POWER API
630,630,2021-09-22,14.02,4.74,92.71,2.28,97.65,5.27,东北_吉林,43.88,125.32,NASA POWER API
631,631,2021-09-23,13.77,0.35,80.88,2.64,99.23,9.47,东北_吉林,43.88,125.32,NASA POWER API
632,632,2021-09-24,13.7,1.06,78.6,1.68,99.78,17.44,东北_吉林,43.88,125.32,NASA POWER API
633,633,2021-09-25,15.33,11.08,91.69,1.81,99.72,3.25,东北_吉林,43.88,125.32,NASA POWER API
634,634,2021-09-26,17.96,0.85,86.65,1.92,99.41,9.73,东北_吉林,43.88,125.32,NASA POWER API
635,635,2021-09-27,16.85,3.79,86.41,2.77,98.85,6.27,东北_吉林,43.88,125.32,NASA POWER API
636,636,2021-09-28,15.74,0.03,85.75,3.05,98.52,11.5,东北_吉林,43.88,125.32,NASA POWER API
637,637,2021-09-29,12.9,0.57,77.72,2.88,98.36,5.47,东北_吉林,43.88,125.32,NASA POWER API
638,638,2021-09-30,9.74,0.06,69.19,1.3,98.49,8.38,东北_吉林,43.88,125.32,NASA POWER API
639,639,2021-10-01,8.69,0.0,70.06,2.05,98.64,16.02,东北_吉林,43.88,125.32,NASA POWER API
640,640,2021-10-02,10.42,0.0,63.06,1.7,98.64,17.43,东北_吉林,43.88,125.32,NASA POWER API
641,641,2021-10-03,14.26,1.87,74.61,4.41,98.37,9.0,东北_吉林,43.88,125.32,NASA POWER API
642,642,2021-10-04,8.58,0.79,76.54,2.75,99.77,12.02,东北_吉林,43.88,125.32,NASA POWER API
643,643,2021-10-05,9.9,0.47,68.39,1.62,100.12,12.07,东北_吉林,43.88,125.32,NASA POWER API
644,644,2021-10-06,8.15,0.13,74.15,1.81,99.9,10.39,东北_吉林,43.88,125.32,NASA POWER API
645,645,2021-10-07,8.7,0.23,70.68,1.51,99.34,16.2,东北_吉林,43.88,125.32,NASA POWER API
646,646,2021-10-08,10.12,0.26,68.14,1.87,99.65,16.21,东北_吉林,43.88,125.32,NASA POWER API
647,647,2021-10-09,14.51,12.71,89.98,4.27,99.1,5.8,东北_吉林,43.88,125.32,NASA POWER API
648,648,2021-10-10,9.75,1.05,67.99,5.45,98.92,14.83,东北_吉林,43.88,125.32,NASA POWER API
649,649,2021-10-11,7.67,1.84,70.87,1.78,99.85,15.48,东北_吉林,43.88,125.32,NASA POWER API
650,650,2021-10-12,10.0,0.04,62.01,1.23,100.16,15.12,东北_吉林,43.88,125.32,NASA POWER API
651,651,2021-10-13,11.84,0.18,74.62,3.48,99.6,13.86,东北_吉林,43.88,125.32,NASA POWER API
652,652,2021-10-14,10.76,0.62,78.02,3.06,99.31,5.55,东北_吉林,43.88,125.32,NASA POWER API
653,653,2021-10-15,5.45,0.21,66.87,3.95,99.62,12.49,东北_吉林,43.88,125.32,NASA POWER API
654,654,2021-10-16,-1.49,0.57,64.95,4.26,100.08,8.92,东北_吉林,43.88,125.32,NASA POWER API
655,655,2021-10-17,-0.32,0.01,68.27,3.55,99.67,14.12,东北_吉林,43.88,125.32,NASA POWER API
656,656,2021-10-18,1.02,0.46,76.06,3.34,99.36,7.28,东北_吉林,43.88,125.32,NASA POWER API
657,657,2021-10-19,-0.06,0.0,66.36,1.66,100.01,13.35,东北_吉林,43.88,125.32,NASA POWER API
658,658,2021-10-20,1.87,0.0,69.55,2.14,99.6,14.4,东北_吉林,43.88,125.32,NASA POWER API
659,659,2021-10-21,3.17,0.0,66.32,1.15,99.54,13.75,东北_吉林,43.88,125.32,NASA POWER API
660,660,2021-10-22,3.7,0.0,65.51,1.81,99.89,13.17,东北_吉林,43.88,125.32,NASA POWER API
661,661,2021-10-23,4.55,0.0,71.98,2.72,99.99,13.75,东北_吉林,43.88,125.32,NASA POWER API
662,662,2021-10-24,6.21,0.0,77.68,3.21,99.61,13.03,东北_吉林,43.88,125.32,NASA POWER API
663,663,2021-10-25,8.2,0.01,86.0,4.2,99.15,9.42,东北_吉林,43.88,125.32,NASA POWER API
664,664,2021-10-26,7.9,0.38,83.35,3.42,98.83,5.7,东北_吉林,43.88,125.32,NASA POWER API
665,665,2021-10-27,4.94,0.04,75.3,3.39,99.13,13.02,东北_吉林,43.88,125.32,NASA POWER API
666,666,2021-10-28,5.77,0.0,70.06,1.06,99.9,13.12,东北_吉林,43.88,125.32,NASA POWER API
667,667,2021-10-29,6.45,0.0,72.83,2.54,99.67,10.87,东北_吉林,43.88,125.32,NASA POWER API
668,668,2021-10-30,8.47,0.6,90.97,2.82,99.49,7.96,东北_吉林,43.88,125.32,NASA POWER API
669,669,2021-10-31,3.4,0.98,89.38,3.0,100.0,2.86,东北_吉林,43.88,125.32,NASA POWER API
670,670,2021-11-01,2.39,0.15,86.84,1.71,100.07,3.62,东北_吉林,43.88,125.32,NASA POWER API
671,671,2021-11-02,3.53,0.01,85.18,1.86,99.58,9.6,东北_吉林,43.88,125.32,NASA POWER API
672,672,2021-11-03,5.75,0.05,85.27,3.45,98.8,5.97,东北_吉林,43.88,125.32,NASA POWER API
673,673,2021-11-04,6.35,0.01,80.47,2.56,98.9,9.2,东北_吉林,43.88,125.32,NASA POWER API
674,674,2021-11-05,7.99,0.04,90.65,2.55,99.07,7.93,东北_吉林,43.88,125.32,NASA POWER API
675,675,2021-11-06,0.11,1.58,77.57,4.6,100.02,1.41,东北_吉林,43.88,125.32,NASA POWER API
676,676,2021-11-07,-4.46,9.29,79.95,4.67,100.01,3.27,东北_吉林,43.88,125.32,NASA POWER API
677,677,2021-11-08,-1.46,8.98,92.5,4.8,97.65,3.26,东北_吉林,43.88,125.32,NASA POWER API
678,678,2021-11-09,-5.06,2.73,90.42,3.08,97.37,3.02,东北_吉林,43.88,125.32,NASA POWER API
679,679,2021-11-10,-5.28,1.86,91.36,2.51,97.68,2.92,东北_吉林,43.88,125.32,NASA POWER API
680,680,2021-11-11,-3.13,1.73,91.54,3.91,98.08,6.04,东北_吉林,43.88,125.32,NASA POWER API
681,681,2021-11-12,-6.16,0.34,91.28,4.03,98.56,10.37,东北_吉林,43.88,125.32,NASA POWER API
682,682,2021-11-13,-3.14,0.02,91.61,4.13,98.42,8.49,东北_吉林,43.88,125.32,NASA POWER API
683,683,2021-11-14,-3.74,0.05,93.7,2.83,98.96,6.76,东北_吉林,43.88,125.32,NASA POWER API
684,684,2021-11-15,-4.1,0.02,92.24,1.49,99.68,10.29,东北_吉林,43.88,125.32,NASA POWER API
685,685,2021-11-16,-3.95,0.0,91.61,3.05,99.65,9.43,东北_吉林,43.88,125.32,NASA POWER API
686,686,2021-11-17,-0.02,0.01,91.66,5.5,98.88,7.47,东北_吉林,43.88,125.32,NASA POWER API
687,687,2021-11-18,-0.61,0.03,85.43,3.7,98.42,5.77,东北_吉林,43.88,125.32,NASA POWER API
688,688,2021-11-19,-5.3,0.0,81.92,2.6,99.4,9.64,东北_吉林,43.88,125.32,NASA POWER API
689,689,2021-11-20,-4.93,0.0,84.98,1.62,99.7,8.4,东北_吉林,43.88,125.32,NASA POWER API
690,690,2021-11-21,-6.18,0.95,88.46,2.92,99.06,4.77,东北_吉林,43.88,125.32,NASA POWER API
691,691,2021-11-22,-8.99,3.43,84.36,6.03,98.38,5.51,东北_吉林,43.88,125.32,NASA POWER API
692,692,2021-11-23,-10.49,0.08,80.19,5.52,98.3,7.28,东北_吉林,43.88,125.32,NASA POWER API
693,693,2021-11-24,-11.4,0.0,81.55,3.8,98.49,8.44,东北_吉林,43.88,125.32,NASA POWER API
694,694,2021-11-25,-10.02,0.01,82.43,2.54,99.06,8.71,东北_吉林,43.88,125.32,NASA POWER API
695,695,2021-11-26,-8.19,0.01,88.37,1.66,100.07,7.57,东北_吉林,43.88,125.32,NASA POWER API
696,696,2021-11-27,-6.49,0.0,86.31,3.78,100.47,7.76,东北_吉林,43.88,125.32,NASA POWER API
697,697,2021-11-28,-0.85,0.14,93.3,5.65,99.74,3.91,东北_吉林,43.88,125.32,NASA POWER API
698,698,2021-11-29,-3.89,0.32,82.94,2.85,99.89,5.21,东北_吉林,43.88,125.32,NASA POWER API
699,699,2021-11-30,-7.56,1.35,85.79,3.82,99.1,3.61,东北_吉林,43.88,125.32,NASA POWER API
700,700,2021-12-01,-11.62,0.11,84.24,4.03,99.23,6.45,东北_吉林,43.88,125.32,NASA POWER API
701,701,2021-12-02,-7.25,0.18,84.52,5.9,97.96,4.4,东北_吉林,43.88,125.32,NASA POWER API
702,702,2021-12-03,-10.01,0.01,84.78,3.21,99.0,6.3,东北_吉林,43.88,125.32,NASA POWER API
703,703,2021-12-04,-10.99,0.0,78.05,1.92,99.86,7.8,东北_吉林,43.88,125.32,NASA POWER API
704,704,2021-12-05,-2.3,0.01,87.38,6.66,99.26,5.89,东北_吉林,43.88,125.32,NASA POWER API
705,705,2021-12-06,-3.02,0.01,86.05,3.31,99.89,6.87,东北_吉林,43.88,125.32,NASA POWER API
706,706,2021-12-07,-5.09,0.04,83.87,3.23,100.4,8.19,东北_吉林,43.88,125.32,NASA POWER API
707,707,2021-12-08,-2.87,0.03,83.78,3.51,100.24,7.51,东北_吉林,43.88,125.32,NASA POWER API
708,708,2021-12-09,0.17,0.14,90.08,4.83,99.77,4.32,东北_吉林,43.88,125.32,NASA POWER API
709,709,2021-12-10,-1.33,1.14,90.08,3.53,99.7,3.15,东北_吉林,43.88,125.32,NASA POWER API
710,710,2021-12-11,-4.46,0.24,88.92,3.06,99.71,4.76,东北_吉林,43.88,125.32,NASA POWER API
711,711,2021-12-12,-11.67,0.0,74.09,4.9,99.9,8.07,东北_吉林,43.88,125.32,NASA POWER API
712,712,2021-12-13,-10.07,0.0,78.82,5.56,99.37,7.87,东北_吉林,43.88,125.32,NASA POWER API
713,713,2021-12-14,-7.45,0.0,90.19,3.86,98.63,5.38,东北_吉林,43.88,125.32,NASA POWER API
714,714,2021-12-15,-9.01,0.05,84.94,1.39,99.24,6.86,东北_吉林,43.88,125.32,NASA POWER API
715,715,2021-12-16,-12.0,1.6,79.1,4.33,99.47,3.98,东北_吉林,43.88,125.32,NASA POWER API
716,716,2021-12-17,-17.12,0.28,72.4,3.46,99.61,6.28,东北_吉林,43.88,125.32,NASA POWER API
717,717,2021-12-18,-15.25,0.01,84.76,3.32,99.01,4.26,东北_吉林,43.88,125.32,NASA POWER API
718,718,2021-12-19,-12.34,0.0,84.34,4.31,98.6,5.96,东北_吉林,43.88,125.32,NASA POWER API
719,719,2021-12-20,-6.83,0.01,85.63,4.72,98.05,5.04,东北_吉林,43.88,125.32,NASA POWER API
720,720,2021-12-21,-14.84,0.0,72.89,3.47,99.55,7.08,东北_吉林,43.88,125.32,NASA POWER API
721,721,2021-12-22,-16.35,0.0,77.17,1.36,100.23,6.44,东北_吉林,43.88,125.32,NASA POWER API
722,722,2021-12-23,-18.09,0.0,80.38,2.73,100.39,6.14,东北_吉林,43.88,125.32,NASA POWER API
723,723,2021-12-24,-23.82,0.02,69.94,3.51,100.95,6.17,东北_吉林,43.88,125.32,NASA POWER API
724,724,2021-12-25,-23.72,0.07,76.74,2.49,100.9,6.71,东北_吉林,43.88,125.32,NASA POWER API
725,725,2021-12-26,-21.39,0.0,85.12,3.14,100.32,6.65,东北_吉林,43.88,125.32,NASA POWER API
726,726,2021-12-27,-17.06,0.01,83.86,2.79,99.96,6.69,东北_吉林,43.88,125.32,NASA POWER API
727,727,2021-12-28,-15.35,0.0,90.65,3.5,99.33,6.68,东北_吉林,43.88,125.32,NASA POWER API
728,728,2021-12-29,-18.45,0.0,77.37,2.66,99.48,6.99,东北_吉林,43.88,125.32,NASA POWER API
729,729,2021-12-30,-18.8,0.05,79.16,4.13,99.68,6.69,东北_吉林,43.88,125.32,NASA POWER API
730,730,2021-12-31,-21.18,0.0,80.28,2.22,100.4,7.46,东北_吉林,43.88,125.32,NASA POWER API
731,731,2022-01-01,-16.35,0.45,85.99,4.09,99.72,2.9,东北_吉林,43.88,125.32,NASA POWER API
732,732,2022-01-02,-16.44,0.01,86.93,3.78,99.79,7.72,东北_吉林,43.88,125.32,NASA POWER API
733,733,2022-01-03,-15.51,0.0,90.47,3.31,99.54,7.09,东北_吉林,43.88,125.32,NASA POWER API
734,734,2022-01-04,-17.23,0.0,74.33,1.69,100.39,7.94,东北_吉林,43.88,125.32,NASA POWER API
735,735,2022-01-05,-15.04,0.0,78.87,2.46,100.1,7.88,东北_吉林,43.88,125.32,NASA POWER API
736,736,2022-01-06,-16.75,0.0,85.77,2.19,100.54,8.27,东北_吉林,43.88,125.32,NASA POWER API
737,737,2022-01-07,-12.3,0.01,89.71,3.63,99.86,7.82,东北_吉林,43.88,125.32,NASA POWER API
738,738,2022-01-08,-13.26,0.03,88.77,3.05,99.5,3.31,东北_吉林,43.88,125.32,NASA POWER API
739,739,2022-01-09,-15.57,0.0,88.86,1.76,99.8,8.09,东北_吉林,43.88,125.32,NASA POWER API
740,740,2022-01-10,-16.08,0.25,88.89,2.99,99.63,4.48,东北_吉林,43.88,125.32,NASA POWER API
741,741,2022-01-11,-17.88,0.12,78.96,2.8,99.71,7.62,东北_吉林,43.88,125.32,NASA POWER API
742,742,2022-01-12,-17.69,0.02,87.97,2.43,99.38,6.98,东北_吉林,43.88,125.32,NASA POWER API
743,743,2022-01-13,-17.97,0.06,84.04,2.78,99.47,7.86,东北_吉林,43.88,125.32,NASA POWER API
744,744,2022-01-14,-14.37,0.0,83.59,3.44,99.45,8.5,东北_吉林,43.88,125.32,NASA POWER API
745,745,2022-01-15,-10.95,0.17,90.11,4.64,99.05,4.26,东北_吉林,43.88,125.32,NASA POWER API
746,746,2022-01-16,-14.38,0.07,85.12,2.55,99.81,8.04,东北_吉林,43.88,125.32,NASA POWER API
747,747,2022-01-17,-15.86,0.16,82.22,2.44,99.94,8.0,东北_吉林,43.88,125.32,NASA POWER API
748,748,2022-01-18,-17.53,0.07,83.0,1.68,100.37,8.67,东北_吉林,43.88,125.32,NASA POWER API
749,749,2022-01-19,-18.98,0.03,84.78,3.06,100.54,8.52,东北_吉林,43.88,125.32,NASA POWER API
750,750,2022-01-20,-17.51,0.0,81.61,1.52,100.68,9.5,东北_吉林,43.88,125.32,NASA POWER API
751,751,2022-01-21,-15.06,0.0,81.17,1.36,100.57,9.16,东北_吉林,43.88,125.32,NASA POWER API
752,752,2022-01-22,-14.42,0.0,79.98,2.27,100.18,5.03,东北_吉林,43.88,125.32,NASA POWER API
753,753,2022-01-23,-15.42,0.0,86.72,2.35,100.38,9.27,东北_吉林,43.88,125.32,NASA POWER API
754,754,2022-01-24,-13.87,0.0,88.26,2.06,100.0,8.54,东北_吉林,43.88,125.32,NASA POWER API
755,755,2022-01-25,-11.43,0.02,87.33,1.17,99.44,7.16,东北_吉林,43.88,125.32,NASA POWER API
756,756,2022-01-26,-12.6,0.05,89.97,1.88,99.88,8.09,东北_吉林,43.88,125.32,NASA POWER API
757,757,2022-01-27,-12.06,0.04,87.35,1.7,100.13,9.93,东北_吉林,43.88,125.32,NASA POWER API
758,758,2022-01-28,-13.93,0.02,85.51,3.5,99.72,10.22,东北_吉林,43.88,125.32,NASA POWER API
759,759,2022-01-29,-14.44,0.0,85.59,3.36,99.39,11.04,东北_吉林,43.88,125.32,NASA POWER API
760,760,2022-01-30,-13.32,0.0,83.38,2.6,99.47,9.9,东北_吉林,43.88,125.32,NASA POWER API
761,761,2022-01-31,-11.69,0.0,78.05,1.17,99.63,9.75,东北_吉林,43.88,125.32,NASA POWER API
762,762,2022-02-01,-13.36,0.0,80.98,2.4,99.78,11.14,东北_吉林,43.88,125.32,NASA POWER API
763,763,2022-02-02,-14.86,0.01,81.69,3.65,99.74,11.46,东北_吉林,43.88,125.32,NASA POWER API
764,764,2022-02-03,-13.96,0.0,79.43,2.39,99.78,11.6,东北_吉林,43.88,125.32,NASA POWER API
765,765,2022-02-04,-14.28,0.0,77.71,2.34,99.54,11.78,东北_吉林,43.88,125.32,NASA POWER API
766,766,2022-02-05,-15.2,0.0,77.98,3.21,99.43,11.77,东北_吉林,43.88,125.32,NASA POWER API
767,767,2022-02-06,-12.01,0.01,75.69,1.76,99.67,11.6,东北_吉林,43.88,125.32,NASA POWER API
768,768,2022-02-07,-12.02,0.0,81.25,2.15,99.8,12.0,东北_吉林,43.88,125.32,NASA POWER API
769,769,2022-02-08,-8.98,0.0,82.54,3.05,99.8,11.26,东北_吉林,43.88,125.32,NASA POWER API
770,770,2022-02-09,-6.56,0.0,82.94,3.52,99.54,10.42,东北_吉林,43.88,125.32,NASA POWER API
771,771,2022-02-10,-6.0,0.01,86.53,1.52,99.44,8.82,东北_吉林,43.88,125.32,NASA POWER API
772,772,2022-02-11,-8.0,1.12,91.2,4.28,99.68,5.03,东北_吉林,43.88,125.32,NASA POWER API
773,773,2022-02-12,-11.32,0.04,80.11,1.78,100.39,9.79,东北_吉林,43.88,125.32,NASA POWER API
774,774,2022-02-13,-12.67,0.02,77.49,3.37,100.33,12.5,东北_吉林,43.88,125.32,NASA POWER API
775,775,2022-02-14,-13.68,0.28,79.54,5.05,99.82,10.16,东北_吉林,43.88,125.32,NASA POWER API
776,776,2022-02-15,-14.17,0.2,84.14,3.05,99.64,8.6,东北_吉林,43.88,125.32,NASA POWER API
777,777,2022-02-16,-14.51,0.27,87.66,2.56,99.71,10.56,东北_吉林,43.88,125.32,NASA POWER API
778,778,2022-02-17,-12.04,0.04,81.41,1.87,100.35,9.9,东北_吉林,43.88,125.32,NASA POWER API
779,779,2022-02-18,-10.06,0.32,81.52,3.72,99.8,8.51,东北_吉林,43.88,125.32,NASA POWER API
780,780,2022-02-19,-13.39,0.3,89.94,3.1,99.68,8.67,东北_吉林,43.88,125.32,NASA POWER API
781,781,2022-02-20,-12.61,0.04,84.62,1.86,99.59,14.43,东北_吉林,43.88,125.32,NASA POWER API
782,782,2022-02-21,-13.06,0.01,74.01,2.41,99.81,14.18,东北_吉林,43.88,125.32,NASA POWER API
783,783,2022-02-22,-15.18,0.01,80.55,1.79,100.39,14.21,东北_吉林,43.88,125.32,NASA POWER API
784,784,2022-02-23,-13.21,0.0,75.9,3.12,100.37,15.02,东北_吉林,43.88,125.32,NASA POWER API
785,785,2022-02-24,-8.36,0.0,78.77,4.67,99.61,14.37,东北_吉林,43.88,125.32,NASA POWER API
786,786,2022-02-25,-4.22,0.0,77.96,5.58,98.84,12.49,东北_吉林,43.88,125.32,NASA POWER API
787,787,2022-02-26,-4.32,0.08,79.29,4.18,98.44,14.13,东北_吉林,43.88,125.32,NASA POWER API
788,788,2022-02-27,-4.77,0.0,76.84,4.46,98.65,15.78,东北_吉林,43.88,125.32,NASA POWER API
789,789,2022-02-28,-4.66,1.45,84.06,2.29,99.07,9.18,东北_吉林,43.88,125.32,NASA POWER API
790,790,2022-03-01,-5.16,0.04,75.53,3.76,98.76,13.06,东北_吉林,43.88,125.32,NASA POWER API
791,791,2022-03-02,-4.71,0.66,80.88,4.35,98.28,11.0,东北_吉林,43.88,125.32,NASA POWER API
792,792,2022-03-03,-4.27,0.06,76.8,3.27,98.72,16.72,东北_吉林,43.88,125.32,NASA POWER API
793,793,2022-03-04,-2.64,0.14,72.85,7.19,97.34,8.3,东北_吉林,43.88,125.32,NASA POWER API
794,794,2022-03-05,-5.38,0.04,70.56,5.82,98.22,11.34,东北_吉林,43.88,125.32,NASA POWER API
795,795,2022-03-06,-5.41,0.0,67.23,2.8,99.4,17.88,东北_吉林,43.88,125.32,NASA POWER API
796,796,2022-03-07,-3.19,0.0,61.08,1.56,99.04,13.27,东北_吉林,43.88,125.32,NASA POWER API
797,797,2022-03-08,-1.34,0.0,73.12,2.45,98.85,13.28,东北_吉林,43.88,125.32,NASA POWER API
798,798,2022-03-09,1.2,0.0,75.26,3.11,99.11,13.93,东北_吉林,43.88,125.32,NASA POWER API
799,799,2022-03-10,1.85,0.0,76.99,5.01,98.58,10.86,东北_吉林,43.88,125.32,NASA POWER API
800,800,2022-03-11,0.23,0.0,58.47,3.98,99.23,19.48,东北_吉林,43.88,125.32,NASA POWER API
801,801,2022-03-12,-0.49,4.39,77.06,3.15,98.79,4.24,东北_吉林,43.88,125.32,NASA POWER API
802,802,2022-03-13,-0.41,0.74,86.25,2.39,98.87,6.05,东北_吉林,43.88,125.32,NASA POWER API
803,803,2022-03-14,-1.59,3.49,87.44,3.3,98.55,3.99,东北_吉林,43.88,125.32,NASA POWER API
804,804,2022-03-15,-2.22,7.31,89.95,3.11,98.27,5.43,东北_吉林,43.88,125.32,NASA POWER API
805,805,2022-03-16,-5.27,0.09,74.3,4.6,99.44,11.2,东北_吉林,43.88,125.32,NASA POWER API
806,806,2022-03-17,-8.76,0.0,69.08,2.26,100.16,20.11,东北_吉林,43.88,125.32,NASA POWER API
807,807,2022-03-18,-6.99,0.07,72.2,3.72,99.13,17.17,东北_吉林,43.88,125.32,NASA POWER API
808,808,2022-03-19,-6.03,0.0,74.98,3.28,98.88,20.18,东北_吉林,43.88,125.32,NASA POWER API
809,809,2022-03-20,-4.1,0.0,64.71,1.73,99.23,19.76,东北_吉林,43.88,125.32,NASA POWER API
810,810,2022-03-21,-2.16,0.02,69.68,3.42,99.4,16.55,东北_吉林,43.88,125.32,NASA POWER API
811,811,2022-03-22,-0.66,0.0,65.26,3.46,99.39,20.74,东北_吉林,43.88,125.32,NASA POWER API
812,812,2022-03-23,1.72,0.73,72.55,4.11,98.38,16.52,东北_吉林,43.88,125.32,NASA POWER API
813,813,2022-03-24,3.24,1.4,78.39,3.45,98.39,13.84,东北_吉林,43.88,125.32,NASA POWER API
814,814,2022-03-25,5.47,0.09,73.16,5.95,98.44,14.61,东北_吉林,43.88,125.32,NASA POWER API
815,815,2022-03-26,2.89,0.14,69.68,3.03,98.21,19.86,东北_吉林,43.88,125.32,NASA POWER API
816,816,2022-03-27,0.05,0.0,65.01,4.56,98.59,20.5,东北_吉林,43.88,125.32,NASA POWER API
817,817,2022-03-28,4.66,0.0,54.57,7.59,98.97,20.66,东北_吉林,43.88,125.32,NASA POWER API
818,818,2022-03-29,2.4,7.23,66.82,6.91,98.99,6.49,东北_吉林,43.88,125.32,NASA POWER API
819,819,2022-03-30,0.11,0.0,60.71,2.72,99.91,20.44,东北_吉林,43.88,125.32,NASA POWER API
820,820,2022-03-31,0.69,0.02,52.38,2.2,100.27,20.82,东北_吉林,43.88,125.32,NASA POWER API
821,821,2022-04-01,1.81,0.0,55.68,2.55,100.2,23.1,东北_吉林,43.88,125.32,NASA POWER API
822,822,2022-04-02,3.61,0.0,59.6,3.25,99.64,22.68,东北_吉林,43.88,125.32,NASA POWER API
823,823,2022-04-03,7.74,0.25,58.42,7.08,99.28,21.53,东北_吉林,43.88,125.32,NASA POWER API
824,824,2022-04-04,10.22,0.1,57.04,10.35,98.78,17.44,东北_吉林,43.88,125.32,NASA POWER API
825,825,2022-04-05,4.11,0.06,57.79,7.41,98.87,13.79,东北_吉林,43.88,125.32,NASA POWER API
826,826,2022-04-06,0.38,0.0,49.92,4.37,99.45,24.58,东北_吉林,43.88,125.32,NASA POWER API
827,827,2022-04-07,2.37,0.09,52.5,3.81,98.8,22.35,东北_吉林,43.88,125.32,NASA POWER API
828,828,2022-04-08,9.99,0.09,59.9,8.69,97.79,16.48,东北_吉林,43.88,125.32,NASA POWER API
829,829,2022-04-09,12.4,0.25,61.35,3.18,98.03,18.2,东北_吉林,43.88,125.32,NASA POWER API
830,830,2022-04-10,12.23,0.13,79.04,5.61,97.78,12.29,东北_吉林,43.88,125.32,NASA POWER API
831,831,2022-04-11,7.75,5.83,89.64,2.92,98.25,5.42,东北_吉林,43.88,125.32,NASA POWER API
832,832,2022-04-12,5.39,0.02,65.74,3.13,99.11,20.19,东北_吉林,43.88,125.32,NASA POWER API
833,833,2022-04-13,7.81,0.37,50.49,1.08,99.36,24.34,东北_吉林,43.88,125.32,NASA POWER API
834,834,2022-04-14,6.06,0.14,62.64,3.47,99.54,20.07,东北_吉林,43.88,125.32,NASA POWER API
835,835,2022-04-15,6.2,0.0,55.01,3.12,99.26,22.5,东北_吉林,43.88,125.32,NASA POWER API
836,836,2022-04-16,7.6,0.05,57.14,4.04,98.57,22.71,东北_吉林,43.88,125.32,NASA POWER API
837,837,2022-04-17,6.93,0.11,57.15,2.73,98.8,17.77,东北_吉林,43.88,125.32,NASA POWER API
838,838,2022-04-18,7.76,0.04,52.86,2.31,98.97,21.44,东北_吉林,43.88,125.32,NASA POWER API
839,839,2022-04-19,13.59,0.1,49.66,7.72,98.08,23.51,东北_吉林,43.88,125.32,NASA POWER API
840,840,2022-04-20,15.77,0.05,52.67,9.94,97.55,20.76,东北_吉林,43.88,125.32,NASA POWER API
841,841,2022-04-21,13.08,9.54,69.44,7.79,97.4,11.61,东北_吉林,43.88,125.32,NASA POWER API
842,842,2022-04-22,7.02,2.06,66.5,4.24,98.02,23.81,东北_吉林,43.88,125.32,NASA POWER API
843,843,2022-04-23,11.36,0.3,55.1,8.1,97.58,20.57,东北_吉林,43.88,125.32,NASA POWER API
844,844,2022-04-24,10.79,0.07,58.53,2.32,98.27,20.3,东北_吉林,43.88,125.32,NASA POWER API
845,845,2022-04-25,15.46,0.08,69.49,6.98,97.74,19.36,东北_吉林,43.88,125.32,NASA POWER API
846,846,2022-04-26,10.36,1.42,60.66,7.17,97.71,19.33,东北_吉林,43.88,125.32,NASA POWER API
847,847,2022-04-27,7.24,0.0,53.23,4.24,99.05,24.12,东北_吉林,43.88,125.32,NASA POWER API
848,848,2022-04-28,10.04,0.0,52.2,2.22,99.29,20.31,东北_吉林,43.88,125.32,NASA POWER API
849,849,2022-04-29,10.48,0.88,60.45,1.91,98.92,23.01,东北_吉林,43.88,125.32,NASA POWER API
850,850,2022-04-30,5.19,0.95,73.37,5.96,98.45,13.75,东北_吉林,43.88,125.32,NASA POWER API
851,851,2022-05-01,3.84,0.19,75.27,2.8,98.46,17.99,东北_吉林,43.88,125.32,NASA POWER API
852,852,2022-05-02,8.05,0.01,63.22,2.3,98.69,24.13,东北_吉林,43.88,125.32,NASA POWER API
853,853,2022-05-03,14.0,0.49,63.11,5.56,97.89,21.61,东北_吉林,43.88,125.32,NASA POWER API
854,854,2022-05-04,17.64,0.0,60.56,8.22,97.63,21.27,东北_吉林,43.88,125.32,NASA POWER API
855,855,2022-05-05,18.78,4.57,55.48,10.13,97.78,18.87,东北_吉林,43.88,125.32,NASA POWER API
856,856,2022-05-06,10.48,1.37,61.07,3.96,98.88,18.15,东北_吉林,43.88,125.32,NASA POWER API
857,857,2022-05-07,9.79,0.09,52.87,3.91,99.37,28.31,东北_吉林,43.88,125.32,NASA POWER API
858,858,2022-05-08,12.11,0.0,50.33,3.41,99.24,24.55,东北_吉林,43.88,125.32,NASA POWER API
859,859,2022-05-09,13.42,0.0,53.88,3.44,99.07,29.09,东北_吉林,43.88,125.32,NASA POWER API
860,860,2022-05-10,15.2,0.6,54.34,5.77,98.62,26.95,东北_吉林,43.88,125.32,NASA POWER API
861,861,2022-05-11,11.18,3.09,62.95,3.72,98.68,15.18,东北_吉林,43.88,125.32,NASA POWER API
862,862,2022-05-12,9.61,0.0,50.21,3.25,98.76,22.5,东北_吉林,43.88,125.32,NASA POWER API
863,863,2022-05-13,9.45,2.19,65.72,2.15,98.16,18.84,东北_吉林,43.88,125.32,NASA POWER API
864,864,2022-05-14,8.02,2.29,73.92,2.98,98.22,12.05,东北_吉林,43.88,125.32,NASA POWER API
865,865,2022-05-15,12.4,0.81,60.92,3.75,98.0,22.44,东北_吉林,43.88,125.32,NASA POWER API
866,866,2022-05-16,13.77,0.78,58.82,2.16,97.81,23.81,东北_吉林,43.88,125.32,NASA POWER API
867,867,2022-05-17,15.94,0.5,53.27,5.73,98.0,19.54,东北_吉林,43.88,125.32,NASA POWER API
868,868,2022-05-18,16.09,0.5,67.28,1.97,98.52,20.32,东北_吉林,43.88,125.32,NASA POWER API
869,869,2022-05-19,17.63,0.06,57.35,4.3,98.23,21.6,东北_吉林,43.88,125.32,NASA POWER API
870,870,2022-05-20,19.18,0.07,62.18,3.55,98.06,28.03,东北_吉林,43.88,125.32,NASA POWER API
871,871,2022-05-21,19.76,0.94,59.49,4.55,97.71,22.02,东北_吉林,43.88,125.32,NASA POWER API
872,872,2022-05-22,18.42,0.04,58.35,1.7,98.05,28.67,东北_吉林,43.88,125.32,NASA POWER API
873,873,2022-05-23,21.64,0.84,57.93,4.83,97.91,25.98,东北_吉林,43.88,125.32,NASA POWER API
874,874,2022-05-24,19.57,18.8,70.47,5.41,97.96,14.71,东北_吉林,43.88,125.32,NASA POWER API
875,875,2022-05-25,11.87,8.48,83.32,3.12,97.99,8.65,东北_吉林,43.88,125.32,NASA POWER API
876,876,2022-05-26,12.68,5.9,80.32,1.11,97.24,12.42,东北_吉林,43.88,125.32,NASA POWER API
877,877,2022-05-27,15.31,3.37,77.01,1.8,97.08,19.12,东北_吉林,43.88,125.32,NASA POWER API
878,878,2022-05-28,19.29,0.1,65.3,3.06,96.96,24.91,东北_吉林,43.88,125.32,NASA POWER API
879,879,2022-05-29,18.77,11.59,77.08,5.54,97.08,15.01,东北_吉林,43.88,125.32,NASA POWER API
880,880,2022-05-30,13.71,1.12,67.74,3.52,97.56,21.68,东北_吉林,43.88,125.32,NASA POWER API
881,881,2022-05-31,15.22,0.15,61.08,3.35,97.55,24.0,东北_吉林,43.88,125.32,NASA POWER API
882,882,2022-06-01,17.57,0.66,58.9,2.91,97.43,20.65,东北_吉林,43.88,125.32,NASA POWER API
883,883,2022-06-02,17.26,0.08,64.13,2.14,97.8,26.82,东北_吉林,43.88,125.32,NASA POWER API
884,884,2022-06-03,17.28,3.69,77.72,3.05,98.22,15.71,东北_吉林,43.88,125.32,NASA POWER API
885,885,2022-06-04,17.54,20.68,85.24,3.79,97.97,3.37,东北_吉林,43.88,125.32,NASA POWER API
886,886,2022-06-05,17.7,18.83,82.94,3.31,97.45,13.8,东北_吉林,43.88,125.32,NASA POWER API
887,887,2022-06-06,15.95,8.27,81.51,2.74,97.81,13.38,东北_吉林,43.88,125.32,NASA POWER API
888,888,2022-06-07,14.26,5.03,83.4,2.57,98.21,17.11,东北_吉林,43.88,125.32,NASA POWER API
889,889,2022-06-08,16.54,1.42,76.73,1.26,98.48,22.45,东北_吉林,43.88,125.32,NASA POWER API
890,890,2022-06-09,16.01,2.25,79.59,0.8,98.58,16.18,东北_吉林,43.88,125.32,NASA POWER API
891,891,2022-06-10,17.93,0.69,75.52,1.16,98.69,24.0,东北_吉林,43.88,125.32,NASA POWER API
892,892,2022-06-11,19.42,0.89,72.67,1.41,98.74,23.97,东北_吉林,43.88,125.32,NASA POWER API
893,893,2022-06-12,18.77,3.69,84.2,3.09,98.4,13.89,东北_吉林,43.88,125.32,NASA POWER API
894,894,2022-06-13,18.15,7.83,87.93,4.13,98.18,10.67,东北_吉林,43.88,125.32,NASA POWER API
895,895,2022-06-14,18.09,4.8,81.77,2.55,98.44,21.6,东北_吉林,43.88,125.32,NASA POWER API
896,896,2022-06-15,18.97,0.66,79.97,1.53,97.99,17.97,东北_吉林,43.88,125.32,NASA POWER API
897,897,2022-06-16,19.99,2.29,78.72,4.36,97.66,24.29,东北_吉林,43.88,125.32,NASA POWER API
898,898,2022-06-17,21.19,9.68,71.73,2.96,97.7,19.83,东北_吉林,43.88,125.32,NASA POWER API
899,899,2022-06-18,21.61,5.52,78.03,1.74,97.92,24.94,东北_吉林,43.88,125.32,NASA POWER API
900,900,2022-06-19,23.07,5.69,79.87,3.31,97.88,22.36,东北_吉林,43.88,125.32,NASA POWER API
901,901,2022-06-20,23.59,6.17,77.05,3.37,97.61,27.55,东北_吉林,43.88,125.32,NASA POWER API
902,902,2022-06-21,22.79,0.61,77.48,3.46,97.59,14.27,东北_吉林,43.88,125.32,NASA POWER API
903,903,2022-06-22,20.95,12.12,89.12,2.43,97.77,4.08,东北_吉林,43.88,125.32,NASA POWER API
904,904,2022-06-23,21.12,18.93,83.45,2.58,97.15,9.71,东北_吉林,43.88,125.32,NASA POWER API
905,905,2022-06-24,19.9,5.84,83.51,2.97,96.57,18.71,东北_吉林,43.88,125.32,NASA POWER API
906,906,2022-06-25,20.38,6.39,84.26,2.76,97.08,22.91,东北_吉林,43.88,125.32,NASA POWER API
907,907,2022-06-26,22.63,0.84,74.67,1.34,97.81,23.97,东北_吉林,43.88,125.32,NASA POWER API
908,908,2022-06-27,23.13,12.65,79.93,2.4,97.74,14.55,东北_吉林,43.88,125.32,NASA POWER API
909,909,2022-06-28,22.24,17.69,88.02,3.44,96.92,7.34,东北_吉林,43.88,125.32,NASA POWER API
910,910,2022-06-29,22.87,2.73,82.22,3.11,97.52,11.68,东北_吉林,43.88,125.32,NASA POWER API
911,911,2022-06-30,23.89,1.88,76.29,1.13,98.08,23.93,东北_吉林,43.88,125.32,NASA POWER API
912,912,2022-07-01,22.73,6.52,82.18,0.9,98.42,11.94,东北_吉林,43.88,125.32,NASA POWER API
913,913,2022-07-02,22.89,14.24,87.79,2.7,98.3,14.18,东北_吉林,43.88,125.32,NASA POWER API
914,914,2022-07-03,23.86,0.98,84.79,3.18,98.05,22.67,东北_吉林,43.88,125.32,NASA POWER API
915,915,2022-07-04,23.71,0.06,84.62,2.8,97.96,18.43,东北_吉林,43.88,125.32,NASA POWER API
916,916,2022-07-05,24.73,2.87,82.77,2.16,97.97,20.08,东北_吉林,43.88,125.32,NASA POWER API
917,917,2022-07-06,24.96,9.03,86.81,2.58,98.01,17.35,东北_吉林,43.88,125.32,NASA POWER API
918,918,2022-07-07,23.81,40.76,89.1,1.86,97.79,5.29,东北_吉林,43.88,125.32,NASA POWER API
919,919,2022-07-08,23.59,3.54,82.88,1.94,97.46,24.71,东北_吉林,43.88,125.32,NASA POWER API
920,920,2022-07-09,24.26,8.28,74.32,2.33,97.58,23.51,东北_吉林,43.88,125.32,NASA POWER API
921,921,2022-07-10,22.4,0.05,71.0,2.08,97.96,19.81,东北_吉林,43.88,125.32,NASA POWER API
922,922,2022-07-11,24.33,0.32,76.56,1.58,98.17,27.78,东北_吉林,43.88,125.32,NASA POWER API
923,923,2022-07-12,24.24,1.44,76.19,2.11,98.2,24.31,东北_吉林,43.88,125.32,NASA POWER API
924,924,2022-07-13,22.78,20.24,87.84,2.16,97.68,5.69,东北_吉林,43.88,125.32,NASA POWER API
925,925,2022-07-14,21.67,10.5,86.46,1.9,97.23,11.66,东北_吉林,43.88,125.32,NASA POWER API
926,926,2022-07-15,21.88,4.98,83.76,1.74,97.26,15.91,东北_吉林,43.88,125.32,NASA POWER API
927,927,2022-07-16,21.58,2.18,82.53,2.4,97.43,15.87,东北_吉林,43.88,125.32,NASA POWER API
928,928,2022-07-17,22.39,2.07,79.85,1.08,97.28,18.46,东北_吉林,43.88,125.32,NASA POWER API
929,929,2022-07-18,22.26,3.07,82.37,1.09,97.28,15.83,东北_吉林,43.88,125.32,NASA POWER API
930,930,2022-07-19,22.93,10.8,81.18,1.33,97.55,15.82,东北_吉林,43.88,125.32,NASA POWER API
931,931,2022-07-20,24.2,0.75,77.03,0.8,97.9,20.27,东北_吉林,43.88,125.32,NASA POWER API
932,932,2022-07-21,23.51,4.72,82.38,1.5,97.98,13.12,东北_吉林,43.88,125.32,NASA POWER API
933,933,2022-07-22,23.35,0.25,80.46,2.04,98.12,26.82,东北_吉林,43.88,125.32,NASA POWER API
934,934,2022-07-23,23.96,5.02,78.63,1.06,97.88,18.26,东北_吉林,43.88,125.32,NASA POWER API
935,935,2022-07-24,21.79,13.42,86.48,1.64,97.79,11.52,东北_吉林,43.88,125.32,NASA POWER API
936,936,2022-07-25,23.32,0.54,84.27,1.74,98.1,20.8,东北_吉林,43.88,125.32,NASA POWER API
937,937,2022-07-26,24.45,0.29,88.27,2.38,98.31,21.4,东北_吉林,43.88,125.32,NASA POWER API
938,938,2022-07-27,25.76,0.17,81.12,1.46,98.44,24.29,东北_吉林,43.88,125.32,NASA POWER API
939,939,2022-07-28,25.81,8.13,85.5,1.88,98.43,19.95,东北_吉林,43.88,125.32,NASA POWER API
940,940,2022-07-29,24.77,15.55,87.96,2.96,98.44,12.77,东北_吉林,43.88,125.32,NASA POWER API
941,941,2022-07-30,24.51,5.97,89.01,3.43,98.43,15.91,东北_吉林,43.88,125.32,NASA POWER API
942,942,2022-07-31,25.78,3.49,85.08,2.36,98.13,24.03,东北_吉林,43.88,125.32,NASA POWER API
943,943,2022-08-01,26.75,0.42,83.99,1.6,98.03,23.42,东北_吉林,43.88,125.32,NASA POWER API
944,944,2022-08-02,27.9,0.11,79.16,1.05,98.12,24.36,东北_吉林,43.88,125.32,NASA POWER API
945,945,2022-08-03,25.95,5.27,85.37,1.44,98.16,12.66,东北_吉林,43.88,125.32,NASA POWER API
946,946,2022-08-04,26.1,7.85,90.46,2.57,97.96,12.5,东北_吉林,43.88,125.32,NASA POWER API
947,947,2022-08-05,25.68,8.58,84.4,4.29,97.5,17.91,东北_吉林,43.88,125.32,NASA POWER API
948,948,2022-08-06,25.22,10.59,80.28,2.37,97.77,24.0,东北_吉林,43.88,125.32,NASA POWER API
949,949,2022-08-07,23.91,35.36,90.9,3.17,97.57,7.04,东北_吉林,43.88,125.32,NASA POWER API
950,950,2022-08-08,20.21,0.12,76.81,2.3,98.0,26.17,东北_吉林,43.88,125.32,NASA POWER API
951,951,2022-08-09,19.65,0.03,72.2,3.05,97.97,26.71,东北_吉林,43.88,125.32,NASA POWER API
952,952,2022-08-10,20.9,0.99,75.09,3.84,97.75,25.69,东北_吉林,43.88,125.32,NASA POWER API
953,953,2022-08-11,21.16,2.33,80.23,2.8,97.69,20.74,东北_吉林,43.88,125.32,NASA POWER API
954,954,2022-08-12,20.75,0.85,81.26,1.26,97.94,19.47,东北_吉林,43.88,125.32,NASA POWER API
955,955,2022-08-13,20.52,0.79,81.65,1.74,98.03,22.56,东北_吉林,43.88,125.32,NASA POWER API
956,956,2022-08-14,20.86,12.26,80.52,0.95,98.04,7.71,东北_吉林,43.88,125.32,NASA POWER API
957,957,2022-08-15,19.86,5.3,88.41,3.59,97.32,9.36,东北_吉林,43.88,125.32,NASA POWER API
958,958,2022-08-16,21.19,0.34,77.61,1.76,98.02,24.76,东北_吉林,43.88,125.32,NASA POWER API
959,959,2022-08-17,22.17,0.22,75.68,1.38,98.11,24.04,东北_吉林,43.88,125.32,NASA POWER API
960,960,2022-08-18,22.55,5.6,84.08,4.2,97.75,18.42,东北_吉林,43.88,125.32,NASA POWER API
961,961,2022-08-19,20.11,28.37,85.4,4.13,97.37,7.47,东北_吉林,43.88,125.32,NASA POWER API
962,962,2022-08-20,18.33,0.07,72.84,2.32,98.0,25.57,东北_吉林,43.88,125.32,NASA POWER API
963,963,2022-08-21,20.81,4.45,83.69,3.19,97.61,20.86,东北_吉林,43.88,125.32,NASA POWER API
964,964,2022-08-22,17.99,9.55,83.21,5.02,97.54,3.68,东北_吉林,43.88,125.32,NASA POWER API
965,965,2022-08-23,16.77,0.01,75.93,2.79,98.4,23.99,东北_吉林,43.88,125.32,NASA POWER API
966,966,2022-08-24,17.97,0.12,74.93,1.79,98.43,19.25,东北_吉林,43.88,125.32,NASA POWER API
967,967,2022-08-25,16.42,4.01,79.34,2.89,97.87,14.2,东北_吉林,43.88,125.32,NASA POWER API
968,968,2022-08-26,13.14,5.72,82.98,2.16,97.94,8.17,东北_吉林,43.88,125.32,NASA POWER API
969,969,2022-08-27,14.73,0.24,79.61,2.76,98.36,17.44,东北_吉林,43.88,125.32,NASA POWER API
970,970,2022-08-28,16.27,0.0,76.9,2.28,98.81,19.39,东北_吉林,43.88,125.32,NASA POWER API
971,971,2022-08-29,15.91,4.75,88.48,2.33,98.74,4.63,东北_吉林,43.88,125.32,NASA POWER API
972,972,2022-08-30,17.98,0.23,81.1,1.55,98.63,19.47,东北_吉林,43.88,125.32,NASA POWER API
973,973,2022-08-31,17.9,3.18,82.07,2.73,98.36,20.34,东北_吉林,43.88,125.32,NASA POWER API
974,974,2022-09-01,14.76,0.1,70.9,2.4,99.12,23.66,东北_吉林,43.88,125.32,NASA POWER API
975,975,2022-09-02,15.96,0.02,67.6,1.9,99.22,23.6,东北_吉林,43.88,125.32,NASA POWER API
976,976,2022-09-03,19.27,0.0,78.22,1.91,98.89,22.15,东北_吉林,43.88,125.32,NASA POWER API
977,977,2022-09-04,16.93,1.34,91.32,2.21,98.37,5.51,东北_吉林,43.88,125.32,NASA POWER API
978,978,2022-09-05,15.72,0.57,80.73,2.89,98.12,9.88,东北_吉林,43.88,125.32,NASA POWER API
979,979,2022-09-06,13.57,0.62,71.72,3.26,97.82,15.22,东北_吉林,43.88,125.32,NASA POWER API
980,980,2022-09-07,15.39,0.02,74.33,4.17,98.57,21.76,东北_吉林,43.88,125.32,NASA POWER API
981,981,2022-09-08,19.17,0.01,79.51,4.15,98.93,21.86,东北_吉林,43.88,125.32,NASA POWER API
982,982,2022-09-09,19.85,0.01,80.81,1.36,99.3,21.13,东北_吉林,43.88,125.32,NASA POWER API
983,983,2022-09-10,21.15,0.0,80.49,1.77,99.21,19.67,东北_吉林,43.88,125.32,NASA POWER API
984,984,2022-09-11,21.19,0.31,76.88,1.64,98.9,18.4,东北_吉林,43.88,125.32,NASA POWER API
985,985,2022-09-12,20.64,0.21,81.54,1.91,98.81,18.83,东北_吉林,43.88,125.32,NASA POWER API
986,986,2022-09-13,16.5,0.03,76.32,2.63,99.54,17.17,东北_吉林,43.88,125.32,NASA POWER API
987,987,2022-09-14,17.27,0.01,81.44,1.02,99.49,14.29,东北_吉林,43.88,125.32,NASA POWER API
988,988,2022-09-15,16.88,10.47,91.97,1.49,98.95,3.83,东北_吉林,43.88,125.32,NASA POWER API
989,989,2022-09-16,15.93,6.08,93.93,1.86,98.26,5.94,东北_吉林,43.88,125.32,NASA POWER API
990,990,2022-09-17,17.01,4.0,86.29,2.52,98.0,7.17,东北_吉林,43.88,125.32,NASA POWER API
991,991,2022-09-18,14.48,0.01,68.67,3.81,98.48,20.57,东北_吉林,43.88,125.32,NASA POWER API
992,992,2022-09-19,10.35,0.0,61.33,3.55,98.88,20.26,东北_吉林,43.88,125.32,NASA POWER API
993,993,2022-09-20,8.24,0.0,57.63,2.33,98.96,19.75,东北_吉林,43.88,125.32,NASA POWER API
994,994,2022-09-21,13.19,0.09,65.67,5.51,98.57,19.78,东北_吉林,43.88,125.32,NASA POWER API
995,995,2022-09-22,13.78,4.6,77.0,5.21,98.29,12.57,东北_吉林,43.88,125.32,NASA POWER API
996,996,2022-09-23,11.09,6.73,92.98,2.68,98.02,3.49,东北_吉林,43.88,125.32,NASA POWER API
997,997,2022-09-24,12.13,0.21,75.79,3.23,98.65,19.11,东北_吉林,43.88,125.32,NASA POWER API
998,998,2022-09-25,14.85,0.0,73.01,4.82,98.48,17.42,东北_吉林,43.88,125.32,NASA POWER API
999,999,2022-09-26,15.08,0.0,72.31,1.2,98.97,17.67,东北_吉林,43.88,125.32,NASA POWER API
1000,1000,2022-09-27,16.82,0.01,83.81,2.98,98.79,16.5,东北_吉林,43.88,125.32,NASA POWER API
1001,1001,2022-09-28,18.04,0.05,81.65,3.81,98.31,16.42,东北_吉林,43.88,125.32,NASA POWER API
1002,1002,2022-09-29,17.81,0.01,80.88,4.92,98.38,16.83,东北_吉林,43.88,125.32,NASA POWER API
1003,1003,2022-09-30,18.86,2.28,82.79,5.34,98.29,14.59,东北_吉林,43.88,125.32,NASA POWER API
1004,1004,2022-10-01,12.95,0.41,79.35,2.42,99.16,5.61,东北_吉林,43.88,125.32,NASA POWER API
1005,1005,2022-10-02,17.46,1.96,86.86,2.2,98.93,13.28,东北_吉林,43.88,125.32,NASA POWER API
1006,1006,2022-10-03,8.57,7.67,89.16,3.66,99.21,2.65,东北_吉林,43.88,125.32,NASA POWER API
1007,1007,2022-10-04,2.58,0.0,66.52,2.98,99.86,15.58,东北_吉林,43.88,125.32,NASA POWER API
1008,1008,2022-10-05,3.12,0.0,60.36,2.72,99.87,17.42,东北_吉林,43.88,125.32,NASA POWER API
1009,1009,2022-10-06,3.82,0.0,60.2,2.15,99.76,15.28,东北_吉林,43.88,125.32,NASA POWER API
1010,1010,2022-10-07,5.48,0.0,59.93,2.39,99.6,16.8,东北_吉林,43.88,125.32,NASA POWER API
1011,1011,2022-10-08,8.91,7.38,74.49,3.74,99.4,12.43,东北_吉林,43.88,125.32,NASA POWER API
1012,1012,2022-10-09,8.77,28.74,92.65,3.97,98.77,4.02,东北_吉林,43.88,125.32,NASA POWER API
1013,1013,2022-10-10,6.31,19.0,85.24,5.35,98.46,3.18,东北_吉林,43.88,125.32,NASA POWER API
1014,1014,2022-10-11,4.24,0.02,72.66,2.78,99.35,15.73,东北_吉林,43.88,125.32,NASA POWER API
1015,1015,2022-10-12,8.22,0.0,73.32,3.8,99.68,15.28,东北_吉林,43.88,125.32,NASA POWER API
1016,1016,2022-10-13,10.9,0.01,81.22,4.18,99.46,10.34,东北_吉林,43.88,125.32,NASA POWER API
1017,1017,2022-10-14,9.02,0.05,91.04,2.66,99.3,6.21,东北_吉林,43.88,125.32,NASA POWER API
1018,1018,2022-10-15,9.72,0.02,83.48,2.39,99.22,7.77,东北_吉林,43.88,125.32,NASA POWER API
1019,1019,2022-10-16,5.35,0.0,59.15,3.75,99.49,14.97,东北_吉林,43.88,125.32,NASA POWER API
1020,1020,2022-10-17,2.49,0.53,76.13,2.58,99.44,9.18,东北_吉林,43.88,125.32,NASA POWER API
1021,1021,2022-10-18,2.08,0.0,64.53,2.11,99.52,15.28,东北_吉林,43.88,125.32,NASA POWER API
1022,1022,2022-10-19,4.92,0.0,73.69,3.9,99.37,14.31,东北_吉林,43.88,125.32,NASA POWER API
1023,1023,2022-10-20,10.4,0.03,78.36,5.18,99.27,11.29,东北_吉林,43.88,125.32,NASA POWER API
1024,1024,2022-10-21,10.98,0.07,74.99,5.86,99.0,9.96,东北_吉林,43.88,125.32,NASA POWER API
1025,1025,2022-10-22,4.17,2.15,76.35,1.97,99.6,5.76,东北_吉林,43.88,125.32,NASA POWER API
1026,1026,2022-10-23,2.81,0.56,75.9,3.07,99.5,8.51,东北_吉林,43.88,125.32,NASA POWER API
1027,1027,2022-10-24,1.73,0.0,65.77,1.2,99.84,13.58,东北_吉林,43.88,125.32,NASA POWER API
1028,1028,2022-10-25,5.64,0.02,69.43,5.33,99.59,12.42,东北_吉林,43.88,125.32,NASA POWER API
1029,1029,2022-10-26,6.46,3.8,88.98,4.61,99.6,2.72,东北_吉林,43.88,125.32,NASA POWER API
1030,1030,2022-10-27,0.54,0.03,74.07,2.45,100.57,12.76,东北_吉林,43.88,125.32,NASA POWER API
1031,1031,2022-10-28,0.05,0.0,68.36,1.4,100.57,13.06,东北_吉林,43.88,125.32,NASA POWER API
1032,1032,2022-10-29,1.52,0.0,73.66,1.34,100.32,12.58,东北_吉林,43.88,125.32,NASA POWER API
1033,1033,2022-10-30,5.16,0.91,76.28,2.53,99.75,10.72,东北_吉林,43.88,125.32,NASA POWER API
1034,1034,2022-10-31,7.43,1.8,76.24,4.96,99.21,4.76,东北_吉林,43.88,125.32,NASA POWER API
1035,1035,2022-11-01,-0.27,0.0,61.49,3.89,99.6,12.79,东北_吉林,43.88,125.32,NASA POWER API
1036,1036,2022-11-02,-1.95,0.0,63.47,2.88,99.59,9.79,东北_吉林,43.88,125.32,NASA POWER API
1037,1037,2022-11-03,-3.97,0.0,65.66,2.96,99.61,12.33,东北_吉林,43.88,125.32,NASA POWER API
1038,1038,2022-11-04,-2.42,0.0,68.44,2.95,99.57,11.89,东北_吉林,43.88,125.32,NASA POWER API
1039,1039,2022-11-05,-1.38,0.0,77.9,2.64,99.41,11.22,东北_吉林,43.88,125.32,NASA POWER API
1040,1040,2022-11-06,0.98,0.03,80.04,2.54,99.37,8.02,东北_吉林,43.88,125.32,NASA POWER API
1041,1041,2022-11-07,0.84,0.61,81.66,1.84,99.37,9.48,东北_吉林,43.88,125.32,NASA POWER API
1042,1042,2022-11-08,1.86,0.19,78.43,4.24,99.34,10.63,东北_吉林,43.88,125.32,NASA POWER API
1043,1043,2022-11-09,4.37,0.0,82.05,4.18,99.22,9.21,东北_吉林,43.88,125.32,NASA POWER API
1044,1044,2022-11-10,2.87,0.03,79.67,2.17,99.86,5.97,东北_吉林,43.88,125.32,NASA POWER API
1045,1045,2022-11-11,7.88,4.24,93.17,4.53,99.46,3.49,东北_吉林,43.88,125.32,NASA POWER API
1046,1046,2022-11-12,-1.51,27.15,90.08,5.44,99.38,1.94,东北_吉林,43.88,125.32,NASA POWER API
1047,1047,2022-11-13,-9.37,0.0,87.6,1.93,99.82,10.64,东北_吉林,43.88,125.32,NASA POWER API
1048,1048,2022-11-14,-9.35,0.11,95.97,2.62,99.04,9.51,东北_吉林,43.88,125.32,NASA POWER API
1049,1049,2022-11-15,-6.38,0.02,94.9,1.47,98.87,9.17,东北_吉林,43.88,125.32,NASA POWER API
1050,1050,2022-11-16,-5.2,0.01,95.55,2.94,99.02,9.12,东北_吉林,43.88,125.32,NASA POWER API
1051,1051,2022-11-17,-1.53,0.01,94.96,3.76,99.15,5.63,东北_吉林,43.88,125.32,NASA POWER API
1052,1052,2022-11-18,-1.42,0.0,80.42,1.64,100.11,9.52,东北_吉林,43.88,125.32,NASA POWER API
1053,1053,2022-11-19,1.21,1.78,89.86,4.63,99.21,4.71,东北_吉林,43.88,125.32,NASA POWER API
1054,1054,2022-11-20,-2.18,0.25,77.11,2.83,99.49,7.7,东北_吉林,43.88,125.32,NASA POWER API
1055,1055,2022-11-21,-3.68,0.16,74.72,1.99,99.76,8.87,东北_吉林,43.88,125.32,NASA POWER API
1056,1056,2022-11-22,-2.79,0.08,71.87,1.91,99.77,7.81,东北_吉林,43.88,125.32,NASA POWER API
1057,1057,2022-11-23,-1.29,0.0,80.77,1.74,99.2,5.43,东北_吉林,43.88,125.32,NASA POWER API
1058,1058,2022-11-24,-0.01,1.12,96.32,2.74,98.84,5.05,东北_吉林,43.88,125.32,NASA POWER API
1059,1059,2022-11-25,1.46,2.72,84.84,5.33,97.95,5.65,东北_吉林,43.88,125.32,NASA POWER API
1060,1060,2022-11-26,-7.45,1.09,62.94,4.98,98.99,8.96,东北_吉林,43.88,125.32,NASA POWER API
1061,1061,2022-11-27,-6.06,1.69,85.38,2.34,99.17,2.52,东北_吉林,43.88,125.32,NASA POWER API
1062,1062,2022-11-28,-3.14,1.43,90.72,3.39,99.1,1.77,东北_吉林,43.88,125.32,NASA POWER API
1063,1063,2022-11-29,-11.88,0.52,65.07,6.69,99.44,5.62,东北_吉林,43.88,125.32,NASA POWER API
1064,1064,2022-11-30,-16.05,0.0,56.23,6.06,100.05,6.11,东北_吉林,43.88,125.32,NASA POWER API
1065,1065,2022-12-01,-16.85,0.0,67.6,4.4,99.97,7.57,东北_吉林,43.88,125.32,NASA POWER API
1066,1066,2022-12-02,-12.4,0.0,82.5,5.2,99.42,6.95,东北_吉林,43.88,125.32,NASA POWER API
1067,1067,2022-12-03,-14.4,0.03,73.64,4.33,99.67,7.77,东北_吉林,43.88,125.32,NASA POWER API
1068,1068,2022-12-04,-16.32,0.0,76.32,3.85,100.31,8.17,东北_吉林,43.88,125.32,NASA POWER API
1069,1069,2022-12-05,-14.13,0.0,80.06,4.14,99.82,8.02,东北_吉林,43.88,125.32,NASA POWER API
1070,1070,2022-12-06,-12.12,0.0,80.13,5.35,98.82,7.72,东北_吉林,43.88,125.32,NASA POWER API
1071,1071,2022-12-07,-9.96,0.0,82.82,3.82,98.98,7.29,东北_吉林,43.88,125.32,NASA POWER API
1072,1072,2022-12-08,-9.73,0.0,86.37,3.38,99.53,7.87,东北_吉林,43.88,125.32,NASA POWER API
1073,1073,2022-12-09,-9.62,0.0,82.96,3.83,99.31,7.7,东北_吉林,43.88,125.32,NASA POWER API
1074,1074,2022-12-10,-11.92,0.0,85.19,2.73,99.61,7.95,东北_吉林,43.88,125.32,NASA POWER API
1075,1075,2022-12-11,-11.51,0.0,86.76,2.39,99.77,7.99,东北_吉林,43.88,125.32,NASA POWER API
1076,1076,2022-12-12,-7.02,0.03,76.58,6.39,98.41,3.98,东北_吉林,43.88,125.32,NASA POWER API
1077,1077,2022-12-13,-14.44,0.01,58.72,6.07,98.7,4.95,东北_吉林,43.88,125.32,NASA POWER API
1078,1078,2022-12-14,-18.07,0.01,76.51,4.05,99.38,7.65,东北_吉林,43.88,125.32,NASA POWER API
1079,1079,2022-12-15,-19.78,0.0,73.8,3.62,99.68,7.76,东北_吉林,43.88,125.32,NASA POWER API
1080,1080,2022-12-16,-17.94,0.0,78.21,3.28,100.14,7.79,东北_吉林,43.88,125.32,NASA POWER API
1081,1081,2022-12-17,-19.17,0.08,78.65,3.56,99.47,4.9,东北_吉林,43.88,125.32,NASA POWER API
1082,1082,2022-12-18,-20.33,0.02,79.22,2.45,99.2,6.7,东北_吉林,43.88,125.32,NASA POWER API
1083,1083,2022-12-19,-18.88,0.0,84.49,3.07,99.46,7.35,东北_吉林,43.88,125.32,NASA POWER API
1084,1084,2022-12-20,-13.34,0.45,91.66,3.32,99.32,5.84,东北_吉林,43.88,125.32,NASA POWER API
1085,1085,2022-12-21,-12.19,5.84,92.21,3.74,98.28,3.92,东北_吉林,43.88,125.32,NASA POWER API
1086,1086,2022-12-22,-20.12,0.45,83.82,4.38,98.75,4.42,东北_吉林,43.88,125.32,NASA POWER API
1087,1087,2022-12-23,-17.2,2.05,89.92,4.31,98.96,2.39,东北_吉林,43.88,125.32,NASA POWER API
1088,1088,2022-12-24,-15.34,0.14,92.27,2.46,99.8,5.53,东北_吉林,43.88,125.32,NASA POWER API
1089,1089,2022-12-25,-15.84,0.01,88.46,2.24,99.97,7.31,东北_吉林,43.88,125.32,NASA POWER API
1090,1090,2022-12-26,-14.43,0.01,85.03,0.74,100.12,7.3,东北_吉林,43.88,125.32,NASA POWER API
1091,1091,2022-12-27,-14.82,0.02,93.99,2.21,99.93,6.63,东北_吉林,43.88,125.32,NASA POWER API
1092,1092,2022-12-28,-15.55,0.07,93.16,3.08,99.93,6.26,东北_吉林,43.88,125.32,NASA POWER API
1093,1093,2022-12-29,-17.38,0.0,91.83,3.1,100.13,7.82,东北_吉林,43.88,125.32,NASA POWER API
1094,1094,2022-12-30,-14.95,0.0,90.75,4.14,100.09,7.81,东北_吉林,43.88,125.32,NASA POWER API
1095,1095,2022-12-31,-14.14,0.0,93.77,3.79,99.81,7.45,东北_吉林,43.88,125.32,NASA POWER API
1096,1096,2023-01-01,-17.71,0.0,85.61,3.41,100.28,8.28,东北_吉林,43.88,125.32,NASA POWER API
1097,1097,2023-01-02,-18.27,0.0,90.83,3.08,100.32,8.08,东北_吉林,43.88,125.32,NASA POWER API
1098,1098,2023-01-03,-17.85,0.0,92.41,2.06,100.17,8.26,东北_吉林,43.88,125.32,NASA POWER API
1099,1099,2023-01-04,-17.22,0.0,92.5,2.71,100.19,8.37,东北_吉林,43.88,125.32,NASA POWER API
1100,1100,2023-01-05,-13.94,0.06,93.88,3.46,99.89,5.99,东北_吉林,43.88,125.32,NASA POWER API
1101,1101,2023-01-06,-11.57,0.04,95.68,2.06,99.22,2.58,东北_吉林,43.88,125.32,NASA POWER API
1102,1102,2023-01-07,-15.72,0.01,88.86,1.67,99.29,6.0,东北_吉林,43.88,125.32,NASA POWER API
1103,1103,2023-01-08,-11.04,0.03,93.09,3.46,99.3,4.47,东北_吉林,43.88,125.32,NASA POWER API
1104,1104,2023-01-09,-14.71,0.0,85.89,2.09,100.28,8.95,东北_吉林,43.88,125.32,NASA POWER API
1105,1105,2023-01-10,-9.73,0.0,89.35,5.62,99.6,8.4,东北_吉林,43.88,125.32,NASA POWER API
1106,1106,2023-01-11,-5.19,0.0,92.43,5.86,99.05,5.92,东北_吉林,43.88,125.32,NASA POWER API
1107,1107,2023-01-12,-1.05,0.54,95.99,5.77,98.93,4.05,东北_吉林,43.88,125.32,NASA POWER API
1108,1108,2023-01-13,-6.69,1.51,72.29,6.63,99.56,3.28,东北_吉林,43.88,125.32,NASA POWER API
1109,1109,2023-01-14,-18.41,0.0,57.15,4.82,100.55,7.26,东北_吉林,43.88,125.32,NASA POWER API
1110,1110,2023-01-15,-19.91,0.0,72.65,1.81,99.83,8.14,东北_吉林,43.88,125.32,NASA POWER API
1111,1111,2023-01-16,-17.92,0.01,84.1,3.18,99.69,9.45,东北_吉林,43.88,125.32,NASA POWER API
1112,1112,2023-01-17,-15.17,0.0,83.82,3.73,99.5,7.65,东北_吉林,43.88,125.32,NASA POWER API
1113,1113,2023-01-18,-13.14,0.01,79.85,5.38,99.27,8.57,东北_吉林,43.88,125.32,NASA POWER API
1114,1114,2023-01-19,-10.57,0.16,84.71,2.88,98.91,6.9,东北_吉林,43.88,125.32,NASA POWER API
1115,1115,2023-01-20,-16.56,0.18,76.36,3.56,99.83,8.03,东北_吉林,43.88,125.32,NASA POWER API
1116,1116,2023-01-21,-15.93,0.05,84.7,4.31,99.75,5.89,东北_吉林,43.88,125.32,NASA POWER API
1117,1117,2023-01-22,-20.14,0.03,86.86,3.86,100.35,6.49,东北_吉林,43.88,125.32,NASA POWER API
1118,1118,2023-01-23,-25.75,0.01,67.62,3.68,100.57,8.75,东北_吉林,43.88,125.32,NASA POWER API
1119,1119,2023-01-24,-25.47,0.0,79.91,3.59,100.08,8.9,东北_吉林,43.88,125.32,NASA POWER API
1120,1120,2023-01-25,-20.1,0.0,82.7,3.29,99.5,6.04,东北_吉林,43.88,125.32,NASA POWER API
1121,1121,2023-01-26,-18.54,0.0,85.15,1.4,99.61,9.83,东北_吉林,43.88,125.32,NASA POWER API
1122,1122,2023-01-27,-19.64,0.0,77.98,2.1,99.58,10.2,东北_吉林,43.88,125.32,NASA POWER API
1123,1123,2023-01-28,-16.73,0.01,75.13,3.06,98.96,10.0,东北_吉林,43.88,125.32,NASA POWER API
1124,1124,2023-01-29,-12.76,0.36,89.11,3.12,98.67,6.71,东北_吉林,43.88,125.32,NASA POWER API
1125,1125,2023-01-30,-11.66,0.01,85.1,1.75,99.21,9.72,东北_吉林,43.88,125.32,NASA POWER API
1126,1126,2023-01-31,-8.86,0.71,91.56,2.43,98.62,5.98,东北_吉林,43.88,125.32,NASA POWER API
1127,1127,2023-02-01,-11.02,0.89,83.45,2.72,99.39,5.54,东北_吉林,43.88,125.32,NASA POWER API
1128,1128,2023-02-02,-14.66,0.02,78.92,2.71,100.06,9.31,东北_吉林,43.88,125.32,NASA POWER API
1129,1129,2023-02-03,-13.07,0.0,83.76,3.28,99.48,9.0,东北_吉林,43.88,125.32,NASA POWER API
1130,1130,2023-02-04,-12.14,0.0,83.09,3.17,99.33,8.94,东北_吉林,43.88,125.32,NASA POWER API
1131,1131,2023-02-05,-10.92,0.01,87.37,3.46,99.26,7.06,东北_吉林,43.88,125.32,NASA POWER API
1132,1132,2023-02-06,-10.5,0.0,83.83,1.51,99.64,9.66,东北_吉林,43.88,125.32,NASA POWER API
1133,1133,2023-02-07,-11.28,0.0,80.34,2.04,99.74,9.93,东北_吉林,43.88,125.32,NASA POWER API
1134,1134,2023-02-08,-11.46,0.0,79.48,3.16,100.03,11.09,东北_吉林,43.88,125.32,NASA POWER API
1135,1135,2023-02-09,-8.02,0.11,79.87,2.52,100.05,9.13,东北_吉林,43.88,125.32,NASA POWER API
1136,1136,2023-02-10,-6.53,2.2,92.13,3.6,99.17,4.65,东北_吉林,43.88,125.32,NASA POWER API
1137,1137,2023-02-11,-5.26,0.08,89.62,4.8,99.21,3.96,东北_吉林,43.88,125.32,NASA POWER API
1138,1138,2023-02-12,-10.27,0.04,86.74,2.06,100.23,6.72,东北_吉林,43.88,125.32,NASA POWER API
1139,1139,2023-02-13,-12.01,0.09,82.72,2.74,99.98,11.15,东北_吉林,43.88,125.32,NASA POWER API
1140,1140,2023-02-14,-13.38,0.0,81.86,3.58,100.4,11.44,东北_吉林,43.88,125.32,NASA POWER API
1141,1141,2023-02-15,-13.66,0.0,77.33,1.1,100.68,12.72,东北_吉林,43.88,125.32,NASA POWER API
1142,1142,2023-02-16,-8.34,0.0,84.69,4.25,99.68,9.88,东北_吉林,43.88,125.32,NASA POWER API
1143,1143,2023-02-17,-5.6,0.02,81.28,3.66,99.47,7.5,东北_吉林,43.88,125.32,NASA POWER API
1144,1144,2023-02-18,-7.06,0.33,70.82,2.22,99.41,9.82,东北_吉林,43.88,125.32,NASA POWER API
1145,1145,2023-02-19,-9.41,0.17,78.09,3.35,98.88,10.48,东北_吉林,43.88,125.32,NASA POWER API
1146,1146,2023-02-20,-12.52,0.02,83.09,3.07,100.03,11.85,东北_吉林,43.88,125.32,NASA POWER API
1147,1147,2023-02-21,-11.95,0.0,75.38,2.57,100.74,14.87,东北_吉林,43.88,125.32,NASA POWER API
1148,1148,2023-02-22,-5.81,0.01,82.47,4.13,99.69,11.21,东北_吉林,43.88,125.32,NASA POWER API
1149,1149,2023-02-23,-6.48,0.0,78.15,2.6,99.5,12.83,东北_吉林,43.88,125.32,NASA POWER API
1150,1150,2023-02-24,-9.86,0.0,76.11,3.11,100.15,13.62,东北_吉林,43.88,125.32,NASA POWER API
1151,1151,2023-02-25,-8.39,0.0,67.74,2.64,100.53,15.55,东北_吉林,43.88,125.32,NASA POWER API
1152,1152,2023-02-26,-4.03,0.0,73.2,4.25,100.41,15.17,东北_吉林,43.88,125.32,NASA POWER API
1153,1153,2023-02-27,-0.03,0.0,71.58,8.61,99.49,11.36,东北_吉林,43.88,125.32,NASA POWER API
1154,1154,2023-02-28,-0.1,0.05,73.57,5.16,99.25,7.92,东北_吉林,43.88,125.32,NASA POWER API
1155,1155,2023-03-01,-3.97,0.13,74.01,4.4,99.48,13.83,东北_吉林,43.88,125.32,NASA POWER API
1156,1156,2023-03-02,-4.05,0.01,72.64,4.98,99.44,15.49,东北_吉林,43.88,125.32,NASA POWER API
1157,1157,2023-03-03,-2.26,0.0,68.75,1.47,99.6,15.9,东北_吉林,43.88,125.32,NASA POWER API
1158,1158,2023-03-04,0.85,0.0,59.22,1.67,100.04,15.5,东北_吉林,43.88,125.32,NASA POWER API
1159,1159,2023-03-05,3.59,0.01,77.13,6.49,99.22,12.11,东北_吉林,43.88,125.32,NASA POWER API
1160,1160,2023-03-06,2.85,0.02,76.02,3.56,98.87,10.36,东北_吉林,43.88,125.32,NASA POWER API
1161,1161,2023-03-07,2.99,0.01,77.67,5.38,98.59,11.03,东北_吉林,43.88,125.32,NASA POWER API
1162,1162,2023-03-08,-0.21,0.0,75.11,2.01,99.22,16.65,东北_吉林,43.88,125.32,NASA POWER API
1163,1163,2023-03-09,3.98,0.02,65.69,2.45,98.47,15.1,东北_吉林,43.88,125.32,NASA POWER API
1164,1164,2023-03-10,5.16,0.0,74.0,4.95,98.65,11.88,东北_吉林,43.88,125.32,NASA POWER API
1165,1165,2023-03-11,-0.5,0.0,50.79,3.34,100.14,10.68,东北_吉林,43.88,125.32,NASA POWER API
1166,1166,2023-03-12,-4.61,0.0,54.15,3.59,99.81,13.47,东北_吉林,43.88,125.32,NASA POWER API
1167,1167,2023-03-13,-2.64,0.0,54.0,2.45,98.95,16.32,东北_吉林,43.88,125.32,NASA POWER API
1168,1168,2023-03-14,-0.54,2.74,87.32,3.19,98.22,6.1,东北_吉林,43.88,125.32,NASA POWER API
1169,1169,2023-03-15,-2.41,0.21,67.7,5.69,98.84,16.96,东北_吉林,43.88,125.32,NASA POWER API
1170,1170,2023-03-16,-2.82,0.01,63.41,5.36,99.75,17.36,东北_吉林,43.88,125.32,NASA POWER API
1171,1171,2023-03-17,-1.95,0.0,60.86,4.8,99.58,19.79,东北_吉林,43.88,125.32,NASA POWER API
1172,1172,2023-03-18,0.2,0.0,64.89,3.11,99.09,18.9,东北_吉林,43.88,125.32,NASA POWER API
1173,1173,2023-03-19,3.16,0.0,61.21,4.43,98.78,19.38,东北_吉林,43.88,125.32,NASA POWER API
1174,1174,2023-03-20,5.85,0.01,71.97,6.52,98.25,13.86,东北_吉林,43.88,125.32,NASA POWER API
1175,1175,2023-03-21,7.88,0.03,74.94,7.12,97.94,11.11,东北_吉林,43.88,125.32,NASA POWER API
1176,1176,2023-03-22,5.52,0.29,53.05,6.94,98.14,10.85,东北_吉林,43.88,125.32,NASA POWER API
1177,1177,2023-03-23,-2.51,0.02,51.41,4.98,99.01,21.92,东北_吉林,43.88,125.32,NASA POWER API
1178,1178,2023-03-24,-1.99,0.0,64.73,1.8,99.62,20.53,东北_吉林,43.88,125.32,NASA POWER API
1179,1179,2023-03-25,-0.27,0.0,59.02,2.16,99.49,19.01,东北_吉林,43.88,125.32,NASA POWER API
1180,1180,2023-03-26,-0.33,0.0,59.49,2.06,99.23,20.58,东北_吉林,43.88,125.32,NASA POWER API
1181,1181,2023-03-27,2.6,0.0,57.24,3.13,99.09,20.33,东北_吉林,43.88,125.32,NASA POWER API
1182,1182,2023-03-28,4.03,0.0,63.92,3.36,99.31,20.91,东北_吉林,43.88,125.32,NASA POWER API
1183,1183,2023-03-29,7.06,0.0,70.98,6.26,98.78,18.39,东北_吉林,43.88,125.32,NASA POWER API
1184,1184,2023-03-30,8.12,0.0,61.73,2.86,98.82,19.48,东北_吉林,43.88,125.32,NASA POWER API
1185,1185,2023-03-31,10.19,0.0,67.65,3.72,98.83,20.15,东北_吉林,43.88,125.32,NASA POWER API
1186,1186,2023-04-01,11.25,0.0,68.56,4.92,98.78,20.11,东北_吉林,43.88,125.32,NASA POWER API
1187,1187,2023-04-02,11.97,0.0,61.07,4.17,99.12,20.65,东北_吉林,43.88,125.32,NASA POWER API
1188,1188,2023-04-03,10.33,0.0,65.94,4.02,99.62,16.23,东北_吉林,43.88,125.32,NASA POWER API
1189,1189,2023-04-04,3.6,0.08,55.8,3.47,99.92,9.03,东北_吉林,43.88,125.32,NASA POWER API
1190,1190,2023-04-05,4.96,0.18,58.02,3.35,98.96,11.26,东北_吉林,43.88,125.32,NASA POWER API
1191,1191,2023-04-06,4.02,0.34,57.41,2.78,98.19,12.74,东北_吉林,43.88,125.32,NASA POWER API
1192,1192,2023-04-07,-0.07,0.0,47.25,5.67,98.4,24.23,东北_吉林,43.88,125.32,NASA POWER API
1193,1193,2023-04-08,3.2,0.01,53.14,4.24,98.61,22.95,东北_吉林,43.88,125.32,NASA POWER API
1194,1194,2023-04-09,8.87,0.0,60.59,7.61,97.84,22.13,东北_吉林,43.88,125.32,NASA POWER API
1195,1195,2023-04-10,11.72,1.39,68.41,8.55,97.35,11.55,东北_吉林,43.88,125.32,NASA POWER API
1196,1196,2023-04-11,5.52,3.07,50.49,8.11,97.41,18.66,东北_吉林,43.88,125.32,NASA POWER API
1197,1197,2023-04-12,2.77,0.0,45.03,5.66,98.0,25.77,东北_吉林,43.88,125.32,NASA POWER API
1198,1198,2023-04-13,6.06,0.0,58.63,2.42,98.33,14.35,东北_吉林,43.88,125.32,NASA POWER API
1199,1199,2023-04-14,7.59,0.0,55.46,1.5,98.72,20.39,东北_吉林,43.88,125.32,NASA POWER API
1200,1200,2023-04-15,8.73,0.07,62.66,1.69,97.72,17.86,东北_吉林,43.88,125.32,NASA POWER API
1201,1201,2023-04-16,7.84,0.01,64.39,1.49,97.67,15.97,东北_吉林,43.88,125.32,NASA POWER API
1202,1202,2023-04-17,8.92,0.0,59.78,3.98,98.39,15.45,东北_吉林,43.88,125.32,NASA POWER API
1203,1203,2023-04-18,8.99,1.23,54.96,5.65,98.29,23.72,东北_吉林,43.88,125.32,NASA POWER API
1204,1204,2023-04-19,11.73,0.86,51.53,6.46,97.75,20.62,东北_吉林,43.88,125.32,NASA POWER API
1205,1205,2023-04-20,7.62,0.34,39.76,7.63,98.43,19.21,东北_吉林,43.88,125.32,NASA POWER API
1206,1206,2023-04-21,3.02,0.43,41.5,4.89,99.38,26.82,东北_吉林,43.88,125.32,NASA POWER API
1207,1207,2023-04-22,3.76,0.0,48.01,2.71,99.85,23.17,东北_吉林,43.88,125.32,NASA POWER API
1208,1208,2023-04-23,3.94,0.0,43.67,3.4,100.23,27.44,东北_吉林,43.88,125.32,NASA POWER API
1209,1209,2023-04-24,7.4,0.0,42.02,3.19,99.72,24.59,东北_吉林,43.88,125.32,NASA POWER API
1210,1210,2023-04-25,6.16,16.43,71.44,5.8,98.25,8.14,东北_吉林,43.88,125.32,NASA POWER API
1211,1211,2023-04-26,5.24,0.12,61.97,2.84,98.57,26.89,东北_吉林,43.88,125.32,NASA POWER API
1212,1212,2023-04-27,9.24,2.31,71.82,6.25,98.43,15.16,东北_吉林,43.88,125.32,NASA POWER API
1213,1213,2023-04-28,9.0,2.35,86.99,3.57,98.48,6.34,东北_吉林,43.88,125.32,NASA POWER API
1214,1214,2023-04-29,7.29,3.44,86.94,3.25,97.72,6.27,东北_吉林,43.88,125.32,NASA POWER API
1215,1215,2023-04-30,7.7,4.74,71.01,4.33,97.82,18.02,东北_吉林,43.88,125.32,NASA POWER API
1216,1216,2023-05-01,10.51,0.0,57.63,2.55,98.66,27.2,东北_吉林,43.88,125.32,NASA POWER API
1217,1217,2023-05-02,13.44,0.05,61.1,8.25,98.47,17.44,东北_吉林,43.88,125.32,NASA POWER API
1218,1218,2023-05-03,16.8,0.0,61.01,6.67,98.69,21.92,东北_吉林,43.88,125.32,NASA POWER API
1219,1219,2023-05-04,15.51,0.15,73.19,4.05,98.81,15.6,东北_吉林,43.88,125.32,NASA POWER API
1220,1220,2023-05-05,10.95,0.03,54.75,5.29,98.66,16.3,东北_吉林,43.88,125.32,NASA POWER API
1221,1221,2023-05-06,12.3,0.02,48.46,3.06,98.97,27.4,东北_吉林,43.88,125.32,NASA POWER API
1222,1222,2023-05-07,13.0,0.0,44.09,1.65,98.9,21.25,东北_吉林,43.88,125.32,NASA POWER API
1223,1223,2023-05-08,12.88,0.0,48.99,4.65,98.72,28.05,东北_吉林,43.88,125.32,NASA POWER API
1224,1224,2023-05-09,11.11,0.0,52.0,3.21,98.95,29.48,东北_吉林,43.88,125.32,NASA POWER API
1225,1225,2023-05-10,11.81,0.0,48.11,2.7,99.27,28.59,东北_吉林,43.88,125.32,NASA POWER API
1226,1226,2023-05-11,14.86,0.0,47.64,1.27,99.09,26.09,东北_吉林,43.88,125.32,NASA POWER API
1227,1227,2023-05-12,14.64,3.49,69.59,5.87,98.37,11.68,东北_吉林,43.88,125.32,NASA POWER API
1228,1228,2023-05-13,13.76,0.38,74.39,4.88,98.2,15.4,东北_吉林,43.88,125.32,NASA POWER API
1229,1229,2023-05-14,16.19,0.38,69.59,4.76,97.8,27.17,东北_吉林,43.88,125.32,NASA POWER API
1230,1230,2023-05-15,16.08,1.91,65.15,4.3,97.44,15.88,东北_吉林,43.88,125.32,NASA POWER API
1231,1231,2023-05-16,16.9,4.83,70.64,3.2,97.5,12.9,东北_吉林,43.88,125.32,NASA POWER API
1232,1232,2023-05-17,12.12,2.28,64.09,1.44,98.41,5.67,东北_吉林,43.88,125.32,NASA POWER API
1233,1233,2023-05-18,14.87,0.05,58.53,2.13,98.65,27.8,东北_吉林,43.88,125.32,NASA POWER API
1234,1234,2023-05-19,17.85,3.22,52.69,3.5,98.19,25.6,东北_吉林,43.88,125.32,NASA POWER API
1235,1235,2023-05-20,15.82,2.05,57.27,5.67,97.52,15.91,东北_吉林,43.88,125.32,NASA POWER API
1236,1236,2023-05-21,12.85,0.22,63.69,3.61,98.17,20.42,东北_吉林,43.88,125.32,NASA POWER API
1237,1237,2023-05-22,15.79,0.21,56.82,2.11,98.4,23.09,东北_吉林,43.88,125.32,NASA POWER API
1238,1238,2023-05-23,17.17,0.01,52.61,2.82,98.26,28.8,东北_吉林,43.88,125.32,NASA POWER API
1239,1239,2023-05-24,19.21,0.0,53.62,6.23,98.06,25.4,东北_吉林,43.88,125.32,NASA POWER API
1240,1240,2023-05-25,16.78,0.26,57.82,8.67,98.12,16.23,东北_吉林,43.88,125.32,NASA POWER API
1241,1241,2023-05-26,18.58,0.22,60.97,5.53,98.45,26.16,东北_吉林,43.88,125.32,NASA POWER API
1242,1242,2023-05-27,16.73,2.8,84.43,3.73,98.76,17.49,东北_吉林,43.88,125.32,NASA POWER API
1243,1243,2023-05-28,18.49,0.74,62.61,2.84,98.66,19.74,东北_吉林,43.88,125.32,NASA POWER API
1244,1244,2023-05-29,16.82,0.0,53.18,2.51,98.97,29.36,东北_吉林,43.88,125.32,NASA POWER API
1245,1245,2023-05-30,16.91,0.04,55.74,2.17,98.79,29.33,东北_吉林,43.88,125.32,NASA POWER API
1246,1246,2023-05-31,18.35,1.72,54.49,3.9,98.06,20.92,东北_吉林,43.88,125.32,NASA POWER API
1247,1247,2023-06-01,16.44,2.82,71.31,3.9,97.52,18.27,东北_吉林,43.88,125.32,NASA POWER API
1248,1248,2023-06-02,17.27,0.28,58.38,2.45,97.82,22.66,东北_吉林,43.88,125.32,NASA POWER API
1249,1249,2023-06-03,17.6,0.18,57.64,3.14,97.93,24.27,东北_吉林,43.88,125.32,NASA POWER API
1250,1250,2023-06-04,18.67,0.2,55.81,2.06,98.0,25.88,东北_吉林,43.88,125.32,NASA POWER API
1251,1251,2023-06-05,19.5,0.35,53.46,1.7,97.76,17.63,东北_吉林,43.88,125.32,NASA POWER API
1252,1252,2023-06-06,18.6,0.99,55.93,2.76,97.45,21.37,东北_吉林,43.88,125.32,NASA POWER API
1253,1253,2023-06-07,19.33,3.03,62.83,5.3,97.28,15.69,东北_吉林,43.88,125.32,NASA POWER API
1254,1254,2023-06-08,17.69,0.02,55.85,3.67,97.4,26.89,东北_吉林,43.88,125.32,NASA POWER API
1255,1255,2023-06-09,15.03,1.81,77.34,3.52,97.4,14.4,东北_吉林,43.88,125.32,NASA POWER API
1256,1256,2023-06-10,17.22,1.12,70.53,1.88,97.82,16.34,东北_吉林,43.88,125.32,NASA POWER API
1257,1257,2023-06-11,15.66,11.81,83.42,1.06,98.03,6.92,东北_吉林,43.88,125.32,NASA POWER API
1258,1258,2023-06-12,17.14,5.48,74.8,1.55,97.97,17.08,东北_吉林,43.88,125.32,NASA POWER API
1259,1259,2023-06-13,19.31,0.96,67.19,0.94,97.89,22.98,东北_吉林,43.88,125.32,NASA POWER API
1260,1260,2023-06-14,20.53,0.0,66.31,2.1,97.99,28.56,东北_吉林,43.88,125.32,NASA POWER API
1261,1261,2023-06-15,23.1,0.0,63.52,2.72,98.06,27.34,东北_吉林,43.88,125.32,NASA POWER API
1262,1262,2023-06-16,22.07,0.24,72.92,3.5,98.22,22.53,东北_吉林,43.88,125.32,NASA POWER API
1263,1263,2023-06-17,22.3,0.0,69.31,2.04,98.45,22.15,东北_吉林,43.88,125.32,NASA POWER API
1264,1264,2023-06-18,22.85,0.42,63.78,1.87,98.35,22.69,东北_吉林,43.88,125.32,NASA POWER API
1265,1265,2023-06-19,26.38,1.26,67.78,2.25,97.86,20.54,东北_吉林,43.88,125.32,NASA POWER API
1266,1266,2023-06-20,21.17,5.69,78.58,4.11,97.79,7.31,东北_吉林,43.88,125.32,NASA POWER API
1267,1267,2023-06-21,19.26,1.45,81.26,2.29,97.79,16.32,东北_吉林,43.88,125.32,NASA POWER API
1268,1268,2023-06-22,21.94,0.13,68.53,2.04,98.05,24.39,东北_吉林,43.88,125.32,NASA POWER API
1269,1269,2023-06-23,24.41,0.17,65.36,1.3,98.25,26.4,东北_吉林,43.88,125.32,NASA POWER API
1270,1270,2023-06-24,25.72,0.0,64.01,4.51,98.28,25.31,东北_吉林,43.88,125.32,NASA POWER API
1271,1271,2023-06-25,26.1,0.0,60.62,5.51,98.29,27.46,东北_吉林,43.88,125.32,NASA POWER API
1272,1272,2023-06-26,25.35,1.68,70.25,2.96,97.92,17.77,东北_吉林,43.88,125.32,NASA POWER API
1273,1273,2023-06-27,22.85,9.91,79.38,2.67,97.5,8.88,东北_吉林,43.88,125.32,NASA POWER API
1274,1274,2023-06-28,25.36,0.84,72.67,3.3,97.72,25.88,东北_吉林,43.88,125.32,NASA POWER API
1275,1275,2023-06-29,24.51,1.47,70.72,3.2,97.48,14.52,东北_吉林,43.88,125.32,NASA POWER API
1276,1276,2023-06-30,24.3,0.64,66.15,1.54,97.42,22.09,东北_吉林,43.88,125.32,NASA POWER API
1277,1277,2023-07-01,23.14,1.31,65.14,3.76,97.65,25.48,东北_吉林,43.88,125.32,NASA POWER API
1278,1278,2023-07-02,22.64,0.5,63.55,1.42,98.18,20.55,东北_吉林,43.88,125.32,NASA POWER API
1279,1279,2023-07-03,25.79,1.96,69.53,3.17,97.85,24.35,东北_吉林,43.88,125.32,NASA POWER API
1280,1280,2023-07-04,24.21,6.71,74.13,2.29,97.3,13.75,东北_吉林,43.88,125.32,NASA POWER API
1281,1281,2023-07-05,21.97,30.15,81.35,5.36,96.08,16.25,东北_吉林,43.88,125.32,NASA POWER API
1282,1282,2023-07-06,23.23,4.99,76.57,3.33,96.76,21.38,东北_吉林,43.88,125.32,NASA POWER API
1283,1283,2023-07-07,22.65,4.66,87.57,1.79,97.44,14.16,东北_吉林,43.88,125.32,NASA POWER API
1284,1284,2023-07-08,23.51,19.29,80.53,1.95,97.6,12.98,东北_吉林,43.88,125.32,NASA POWER API
1285,1285,2023-07-09,22.73,10.65,87.18,2.07,97.37,14.39,东北_吉林,43.88,125.32,NASA POWER API
1286,1286,2023-07-10,22.01,16.91,89.42,2.46,97.37,12.38,东北_吉林,43.88,125.32,NASA POWER API
1287,1287,2023-07-11,22.3,17.3,87.35,1.51,97.72,11.43,东北_吉林,43.88,125.32,NASA POWER API
1288,1288,2023-07-12,23.42,0.23,78.99,1.45,97.96,26.89,东北_吉林,43.88,125.32,NASA POWER API
1289,1289,2023-07-13,23.89,3.94,77.97,1.65,97.72,19.31,东北_吉林,43.88,125.32,NASA POWER API
1290,1290,2023-07-14,21.89,51.31,93.14,2.94,96.69,6.47,东北_吉林,43.88,125.32,NASA POWER API
1291,1291,2023-07-15,21.1,10.01,90.76,2.27,96.78,10.41,东北_吉林,43.88,125.32,NASA POWER API
1292,1292,2023-07-16,20.65,6.82,86.62,1.8,97.67,12.91,东北_吉林,43.88,125.32,NASA POWER API
1293,1293,2023-07-17,21.47,2.81,83.39,1.49,98.35,15.83,东北_吉林,43.88,125.32,NASA POWER API
1294,1294,2023-07-18,22.84,0.13,76.88,1.22,98.5,23.17,东北_吉林,43.88,125.32,NASA POWER API
1295,1295,2023-07-19,24.53,2.7,80.49,1.93,98.12,18.1,东北_吉林,43.88,125.32,NASA POWER API
1296,1296,2023-07-20,25.68,1.26,81.46,1.88,98.19,22.37,东北_吉林,43.88,125.32,NASA POWER API
1297,1297,2023-07-21,25.0,0.92,74.02,1.01,98.62,17.68,东北_吉林,43.88,125.32,NASA POWER API
1298,1298,2023-07-22,23.09,36.33,89.75,1.51,98.53,8.91,东北_吉林,43.88,125.32,NASA POWER API
1299,1299,2023-07-23,23.41,9.28,84.86,5.63,97.53,12.16,东北_吉林,43.88,125.32,NASA POWER API
1300,1300,2023-07-24,22.42,1.69,82.27,3.31,97.95,23.58,东北_吉林,43.88,125.32,NASA POWER API
1301,1301,2023-07-25,23.21,17.29,89.41,2.05,98.32,13.53,东北_吉林,43.88,125.32,NASA POWER API
1302,1302,2023-07-26,25.15,4.49,84.67,2.67,98.54,23.1,东北_吉林,43.88,125.32,NASA POWER API
1303,1303,2023-07-27,25.24,0.32,86.92,3.9,98.4,19.75,东北_吉林,43.88,125.32,NASA POWER API
1304,1304,2023-07-28,25.48,1.48,85.46,4.34,98.35,12.29,东北_吉林,43.88,125.32,NASA POWER API
1305,1305,2023-07-29,25.36,0.83,88.71,4.63,98.4,18.89,东北_吉林,43.88,125.32,NASA POWER API
1306,1306,2023-07-30,24.76,0.7,89.01,4.45,98.48,13.4,东北_吉林,43.88,125.32,NASA POWER API
1307,1307,2023-07-31,25.24,0.06,82.35,2.2,98.7,22.85,东北_吉林,43.88,125.32,NASA POWER API
1308,1308,2023-08-01,25.65,2.74,84.42,3.57,98.39,13.75,东北_吉林,43.88,125.32,NASA POWER API
1309,1309,2023-08-02,25.89,32.58,88.28,4.69,97.65,9.21,东北_吉林,43.88,125.32,NASA POWER API
1310,1310,2023-08-03,26.35,19.33,88.95,5.04,97.22,9.56,东北_吉林,43.88,125.32,NASA POWER API
1311,1311,2023-08-04,25.84,7.16,89.41,3.91,97.28,7.66,东北_吉林,43.88,125.32,NASA POWER API
1312,1312,2023-08-05,20.49,0.98,84.58,2.98,97.6,12.43,东北_吉林,43.88,125.32,NASA POWER API
1313,1313,2023-08-06,19.79,1.8,86.31,2.28,97.79,9.68,东北_吉林,43.88,125.32,NASA POWER API
1314,1314,2023-08-07,21.07,0.96,87.29,1.47,97.81,11.22,东北_吉林,43.88,125.32,NASA POWER API
1315,1315,2023-08-08,22.05,0.11,81.03,0.83,98.14,16.64,东北_吉林,43.88,125.32,NASA POWER API
1316,1316,2023-08-09,21.79,0.03,81.92,1.55,98.38,22.09,东北_吉林,43.88,125.32,NASA POWER API
1317,1317,2023-08-10,21.98,0.18,84.38,2.93,98.3,19.76,东北_吉林,43.88,125.32,NASA POWER API
1318,1318,2023-08-11,23.43,0.48,87.72,3.44,97.6,15.27,东北_吉林,43.88,125.32,NASA POWER API
1319,1319,2023-08-12,23.39,5.85,91.17,2.4,97.54,6.66,东北_吉林,43.88,125.32,NASA POWER API
1320,1320,2023-08-13,21.88,3.76,92.28,1.44,97.9,4.6,东北_吉林,43.88,125.32,NASA POWER API
1321,1321,2023-08-14,23.61,0.14,84.44,1.29,98.1,20.51,东北_吉林,43.88,125.32,NASA POWER API
1322,1322,2023-08-15,24.25,0.02,83.62,1.44,98.13,22.48,东北_吉林,43.88,125.32,NASA POWER API
1323,1323,2023-08-16,24.9,0.03,82.99,1.68,97.98,23.52,东北_吉林,43.88,125.32,NASA POWER API
1324,1324,2023-08-17,25.61,0.04,80.3,0.84,97.95,23.3,东北_吉林,43.88,125.32,NASA POWER API
1325,1325,2023-08-18,25.74,1.25,80.22,2.43,98.05,19.43,东北_吉林,43.88,125.32,NASA POWER API
1326,1326,2023-08-19,22.28,0.25,71.92,1.38,98.56,23.74,东北_吉林,43.88,125.32,NASA POWER API
1327,1327,2023-08-20,23.78,0.08,75.53,1.28,98.52,19.56,东北_吉林,43.88,125.32,NASA POWER API
1328,1328,2023-08-21,22.13,22.29,89.99,2.82,97.91,9.72,东北_吉林,43.88,125.32,NASA POWER API
1329,1329,2023-08-22,21.13,1.61,83.26,2.9,97.66,15.8,东北_吉林,43.88,125.32,NASA POWER API
1330,1330,2023-08-23,21.09,0.0,67.04,1.65,98.27,21.76,东北_吉林,43.88,125.32,NASA POWER API
1331,1331,2023-08-24,21.24,0.01,73.79,1.69,98.59,22.39,东北_吉林,43.88,125.32,NASA POWER API
1332,1332,2023-08-25,20.71,0.44,78.7,1.88,98.29,18.23,东北_吉林,43.88,125.32,NASA POWER API
1333,1333,2023-08-26,19.41,0.16,80.59,2.38,98.47,18.05,东北_吉林,43.88,125.32,NASA POWER API
1334,1334,2023-08-27,19.48,0.07,75.33,1.63,98.76,20.88,东北_吉林,43.88,125.32,NASA POWER API
1335,1335,2023-08-28,19.64,1.03,80.01,2.83,98.73,15.84,东北_吉林,43.88,125.32,NASA POWER API
1336,1336,2023-08-29,18.61,29.94,91.9,4.69,97.93,8.18,东北_吉林,43.88,125.32,NASA POWER API
1337,1337,2023-08-30,17.27,1.1,84.81,2.95,98.29,10.95,东北_吉林,43.88,125.32,NASA POWER API
1338,1338,2023-08-31,18.61,1.35,82.82,2.65,98.35,14.99,东北_吉林,43.88,125.32,NASA POWER API
1339,1339,2023-09-01,19.33,0.33,77.54,2.97,98.39,19.79,东北_吉林,43.88,125.32,NASA POWER API
1340,1340,2023-09-02,20.35,0.01,74.88,2.64,98.56,22.98,东北_吉林,43.88,125.32,NASA POWER API
1341,1341,2023-09-03,21.38,2.39,73.76,2.75,98.58,19.98,东北_吉林,43.88,125.32,NASA POWER API
1342,1342,2023-09-04,20.44,5.17,89.25,2.59,98.76,13.31,东北_吉林,43.88,125.32,NASA POWER API
1343,1343,2023-09-05,18.0,0.15,76.69,2.46,99.15,21.05,东北_吉林,43.88,125.32,NASA POWER API
1344,1344,2023-09-06,20.17,0.0,73.08,1.69,99.0,22.07,东北_吉林,43.88,125.32,NASA POWER API
1345,1345,2023-09-07,22.59,0.0,72.5,3.21,98.76,22.07,东北_吉林,43.88,125.32,NASA POWER API
1346,1346,2023-09-08,21.26,0.06,80.31,3.22,98.6,11.56,东北_吉林,43.88,125.32,NASA POWER API
1347,1347,2023-09-09,18.91,0.02,76.08,1.97,98.75,11.91,东北_吉林,43.88,125.32,NASA POWER API
1348,1348,2023-09-10,19.93,0.52,78.14,1.43,98.4,14.99,东北_吉林,43.88,125.32,NASA POWER API
1349,1349,2023-09-11,19.8,2.07,78.84,3.65,98.08,12.54,东北_吉林,43.88,125.32,NASA POWER API
1350,1350,2023-09-12,15.5,0.04,68.93,1.52,98.87,20.61,东北_吉林,43.88,125.32,NASA POWER API
1351,1351,2023-09-13,16.15,0.0,63.14,1.54,98.93,21.41,东北_吉林,43.88,125.32,NASA POWER API
1352,1352,2023-09-14,17.42,0.0,60.18,1.99,98.86,21.59,东北_吉林,43.88,125.32,NASA POWER API
1353,1353,2023-09-15,19.03,0.0,69.73,3.46,98.66,20.6,东北_吉林,43.88,125.32,NASA POWER API
1354,1354,2023-09-16,20.5,0.01,76.06,2.01,98.72,18.47,东北_吉林,43.88,125.32,NASA POWER API
1355,1355,2023-09-17,20.74,0.52,77.06,1.14,98.34,18.13,东北_吉林,43.88,125.32,NASA POWER API
1356,1356,2023-09-18,19.57,20.95,84.8,3.39,98.17,10.22,东北_吉林,43.88,125.32,NASA POWER API
1357,1357,2023-09-19,13.81,0.47,80.46,3.48,98.73,11.13,东北_吉林,43.88,125.32,NASA POWER API
1358,1358,2023-09-20,13.61,0.0,71.03,1.24,99.25,18.39,东北_吉林,43.88,125.32,NASA POWER API
1359,1359,2023-09-21,15.49,0.0,67.32,3.42,98.71,19.7,东北_吉林,43.88,125.32,NASA POWER API
1360,1360,2023-09-22,12.97,0.06,73.21,2.62,99.07,11.85,东北_吉林,43.88,125.32,NASA POWER API
1361,1361,2023-09-23,13.2,0.0,60.72,0.78,99.81,19.02,东北_吉林,43.88,125.32,NASA POWER API
1362,1362,2023-09-24,15.09,0.02,75.67,2.89,99.32,14.87,东北_吉林,43.88,125.32,NASA POWER API
1363,1363,2023-09-25,17.61,0.71,82.75,3.69,98.9,6.21,东北_吉林,43.88,125.32,NASA POWER API
1364,1364,2023-09-26,17.48,0.08,84.13,3.05,98.72,12.66,东北_吉林,43.88,125.32,NASA POWER API
1365,1365,2023-09-27,16.49,0.21,67.31,3.42,98.35,13.15,东北_吉林,43.88,125.32,NASA POWER API
1366,1366,2023-09-28,13.46,0.0,68.27,3.21,98.61,18.3,东北_吉林,43.88,125.32,NASA POWER API
1367,1367,2023-09-29,14.58,3.12,69.08,3.41,98.43,14.14,东北_吉林,43.88,125.32,NASA POWER API
1368,1368,2023-09-30,11.97,0.79,75.83,2.95,98.31,10.85,东北_吉林,43.88,125.32,NASA POWER API
1369,1369,2023-10-01,12.07,0.06,69.75,2.15,98.62,17.79,东北_吉林,43.88,125.32,NASA POWER API
1370,1370,2023-10-02,13.26,0.0,61.54,2.06,98.85,17.36,东北_吉林,43.88,125.32,NASA POWER API
1371,1371,2023-10-03,15.28,0.72,76.25,4.61,98.47,9.67,东北_吉林,43.88,125.32,NASA POWER API
1372,1372,2023-10-04,9.29,0.2,67.64,4.1,98.75,16.03,东北_吉林,43.88,125.32,NASA POWER API
1373,1373,2023-10-05,7.66,0.0,64.1,2.59,99.22,17.42,东北_吉林,43.88,125.32,NASA POWER API
1374,1374,2023-10-06,9.87,0.0,61.39,1.8,99.47,16.35,东北_吉林,43.88,125.32,NASA POWER API
1375,1375,2023-10-07,8.97,0.0,62.98,1.6,99.82,14.47,东北_吉林,43.88,125.32,NASA POWER API
1376,1376,2023-10-08,11.75,0.01,69.06,2.08,99.6,12.93,东北_吉林,43.88,125.32,NASA POWER API
1377,1377,2023-10-09,11.44,0.88,84.86,1.28,99.52,6.66,东北_吉林,43.88,125.32,NASA POWER API
1378,1378,2023-10-10,10.71,0.0,68.56,1.61,99.78,15.55,东北_吉林,43.88,125.32,NASA POWER API
1379,1379,2023-10-11,11.4,0.0,65.26,1.33,99.89,14.68,东北_吉林,43.88,125.32,NASA POWER API
1380,1380,2023-10-12,12.95,0.0,58.63,1.39,99.82,15.16,东北_吉林,43.88,125.32,NASA POWER API
1381,1381,2023-10-13,11.27,0.14,80.82,1.85,99.1,10.92,东北_吉林,43.88,125.32,NASA POWER API
1382,1382,2023-10-14,11.41,0.02,82.46,2.2,98.38,11.0,东北_吉林,43.88,125.32,NASA POWER API
1383,1383,2023-10-15,7.49,0.01,62.91,3.66,98.54,15.35,东北_吉林,43.88,125.32,NASA POWER API
1384,1384,2023-10-16,4.23,0.0,62.17,2.53,99.15,15.83,东北_吉林,43.88,125.32,NASA POWER API
1385,1385,2023-10-17,8.89,0.0,53.87,3.08,99.01,13.33,东北_吉林,43.88,125.32,NASA POWER API
1386,1386,2023-10-18,9.31,1.88,74.64,3.12,98.63,5.61,东北_吉林,43.88,125.32,NASA POWER API
1387,1387,2023-10-19,5.28,0.0,66.99,3.07,98.93,13.75,东北_吉林,43.88,125.32,NASA POWER API
1388,1388,2023-10-20,2.73,0.0,65.64,3.04,98.92,12.24,东北_吉林,43.88,125.32,NASA POWER API
1389,1389,2023-10-21,2.7,0.0,60.4,3.1,99.11,14.44,东北_吉林,43.88,125.32,NASA POWER API
1390,1390,2023-10-22,6.09,0.0,67.24,2.51,99.1,13.79,东北_吉林,43.88,125.32,NASA POWER API
1391,1391,2023-10-23,9.86,0.0,66.75,4.31,98.94,12.39,东北_吉林,43.88,125.32,NASA POWER API
1392,1392,2023-10-24,11.22,0.01,72.25,4.27,98.66,9.42,东北_吉林,43.88,125.32,NASA POWER API
1393,1393,2023-10-25,11.26,1.02,75.74,2.85,98.67,9.45,东北_吉林,43.88,125.32,NASA POWER API
1394,1394,2023-10-26,3.97,0.0,55.0,2.62,99.32,13.79,东北_吉林,43.88,125.32,NASA POWER API
1395,1395,2023-10-27,5.07,0.0,45.56,1.16,99.27,12.86,东北_吉林,43.88,125.32,NASA POWER API
1396,1396,2023-10-28,5.29,0.0,53.02,1.45,99.43,12.19,东北_吉林,43.88,125.32,NASA POWER API
1397,1397,2023-10-29,8.59,0.0,69.2,4.22,98.99,9.94,东北_吉林,43.88,125.32,NASA POWER API
1398,1398,2023-10-30,8.83,0.01,72.15,3.85,99.23,8.89,东北_吉林,43.88,125.32,NASA POWER API
1399,1399,2023-10-31,8.39,1.66,79.48,4.51,98.76,4.97,东北_吉林,43.88,125.32,NASA POWER API
1400,1400,2023-11-01,2.41,5.12,82.81,1.46,99.12,5.24,东北_吉林,43.88,125.32,NASA POWER API
1401,1401,2023-11-02,6.74,2.93,86.01,6.01,98.04,6.44,东北_吉林,43.88,125.32,NASA POWER API
1402,1402,2023-11-03,-0.98,0.22,71.5,2.23,99.55,8.46,东北_吉林,43.88,125.32,NASA POWER API
1403,1403,2023-11-04,0.7,0.0,64.52,1.87,99.77,7.52,东北_吉林,43.88,125.32,NASA POWER API
1404,1404,2023-11-05,2.77,4.64,82.52,1.74,99.45,3.17,东北_吉林,43.88,125.32,NASA POWER API
1405,1405,2023-11-06,-3.04,31.81,94.15,7.92,97.28,3.98,东北_吉林,43.88,125.32,NASA POWER API
1406,1406,2023-11-07,-11.03,0.53,95.51,3.22,99.18,9.93,东北_吉林,43.88,125.32,NASA POWER API
1407,1407,2023-11-08,-5.34,7.36,96.26,2.25,99.37,4.22,东北_吉林,43.88,125.32,NASA POWER API
1408,1408,2023-11-09,-9.55,1.62,96.97,2.14,99.57,4.5,东北_吉林,43.88,125.32,NASA POWER API
1409,1409,2023-11-10,-13.82,0.1,96.98,3.37,100.18,8.64,东北_吉林,43.88,125.32,NASA POWER API
1410,1410,2023-11-11,-16.92,0.07,98.66,2.43,100.5,11.19,东北_吉林,43.88,125.32,NASA POWER API
1411,1411,2023-11-12,-16.16,0.01,98.67,2.33,100.46,11.02,东北_吉林,43.88,125.32,NASA POWER API
1412,1412,2023-11-13,-12.54,0.02,98.31,3.88,99.97,10.23,东北_吉林,43.88,125.32,NASA POWER API
1413,1413,2023-11-14,-7.21,0.02,96.93,2.67,99.72,9.17,东北_吉林,43.88,125.32,NASA POWER API
1414,1414,2023-11-15,-3.83,0.01,96.39,3.43,99.6,8.13,东北_吉林,43.88,125.32,NASA POWER API
1415,1415,2023-11-16,-3.76,3.48,93.44,3.63,98.88,6.75,东北_吉林,43.88,125.32,NASA POWER API
1416,1416,2023-11-17,-13.84,0.37,97.91,2.57,98.97,9.93,东北_吉林,43.88,125.32,NASA POWER API
1417,1417,2023-11-18,-9.13,0.07,96.06,4.16,98.74,9.2,东北_吉林,43.88,125.32,NASA POWER API
1418,1418,2023-11-19,-6.89,0.12,96.16,3.62,98.71,7.25,东北_吉林,43.88,125.32,NASA POWER API
1419,1419,2023-11-20,-3.21,0.01,94.41,4.95,98.99,8.5,东北_吉林,43.88,125.32,NASA POWER API
1420,1420,2023-11-21,0.03,0.03,93.67,3.71,98.74,5.79,东北_吉林,43.88,125.32,NASA POWER API
1421,1421,2023-11-22,-0.22,12.83,98.23,2.76,98.31,1.03,东北_吉林,43.88,125.32,NASA POWER API
1422,1422,2023-11-23,-10.31,0.64,88.98,4.56,99.03,3.61,东北_吉林,43.88,125.32,NASA POWER API
1423,1423,2023-11-24,-13.58,0.11,78.47,3.51,100.19,5.24,东北_吉林,43.88,125.32,NASA POWER API
1424,1424,2023-11-25,-13.81,0.12,76.1,2.13,100.42,6.5,东北_吉林,43.88,125.32,NASA POWER API
1425,1425,2023-11-26,-8.58,1.2,86.98,1.71,99.54,3.14,东北_吉林,43.88,125.32,NASA POWER API
1426,1426,2023-11-27,-11.26,1.13,89.63,2.48,98.85,3.28,东北_吉林,43.88,125.32,NASA POWER API
1427,1427,2023-11-28,-14.87,0.09,83.26,3.25,99.17,7.13,东北_吉林,43.88,125.32,NASA POWER API
1428,1428,2023-11-29,-15.79,0.02,80.81,3.74,99.54,6.02,东北_吉林,43.88,125.32,NASA POWER API
1429,1429,2023-11-30,-16.15,0.0,89.62,3.25,99.88,9.0,东北_吉林,43.88,125.32,NASA POWER API
1430,1430,2023-12-01,-14.59,0.0,90.36,2.98,99.55,8.81,东北_吉林,43.88,125.32,NASA POWER API
1431,1431,2023-12-02,-11.44,0.0,88.28,3.46,99.36,6.37,东北_吉林,43.88,125.32,NASA POWER API
1432,1432,2023-12-03,-8.91,0.0,86.75,4.88,99.37,8.2,东北_吉林,43.88,125.32,NASA POWER API
1433,1433,2023-12-04,-5.13,0.01,93.07,4.19,98.68,5.8,东北_吉林,43.88,125.32,NASA POWER API
1434,1434,2023-12-05,-2.77,0.02,95.29,4.94,98.37,5.35,东北_吉林,43.88,125.32,NASA POWER API
1435,1435,2023-12-06,-5.82,0.0,79.44,4.11,98.12,7.04,东北_吉林,43.88,125.32,NASA POWER API
1436,1436,2023-12-07,-9.32,0.01,74.34,2.72,98.18,7.52,东北_吉林,43.88,125.32,NASA POWER API
1437,1437,2023-12-08,-1.85,0.23,91.01,5.37,97.82,4.57,东北_吉林,43.88,125.32,NASA POWER API
1438,1438,2023-12-09,-13.33,0.0,70.56,3.41,99.85,8.4,东北_吉林,43.88,125.32,NASA POWER API
1439,1439,2023-12-10,-17.69,0.0,70.98,2.37,100.99,8.0,东北_吉林,43.88,125.32,NASA POWER API
1440,1440,2023-12-11,-17.3,0.0,66.67,3.54,100.86,3.99,东北_吉林,43.88,125.32,NASA POWER API
1441,1441,2023-12-12,-17.97,0.02,73.77,3.1,100.4,7.66,东北_吉林,43.88,125.32,NASA POWER API
1442,1442,2023-12-13,-16.91,0.0,72.01,3.64,100.88,5.66,东北_吉林,43.88,125.32,NASA POWER API
1443,1443,2023-12-14,-17.46,0.1,68.73,5.95,100.97,3.57,东北_吉林,43.88,125.32,NASA POWER API
1444,1444,2023-12-15,-18.05,1.99,74.75,6.81,100.21,5.33,东北_吉林,43.88,125.32,NASA POWER API
1445,1445,2023-12-16,-20.05,1.44,78.9,4.47,99.72,4.09,东北_吉林,43.88,125.32,NASA POWER API
1446,1446,2023-12-17,-22.32,0.02,74.72,3.67,100.21,7.69,东北_吉林,43.88,125.32,NASA POWER API
1447,1447,2023-12-18,-20.19,0.0,82.63,2.59,100.59,7.12,东北_吉林,43.88,125.32,NASA POWER API
1448,1448,2023-12-19,-19.33,0.03,80.4,2.82,100.45,4.89,东北_吉林,43.88,125.32,NASA POWER API
1449,1449,2023-12-20,-22.94,0.08,74.82,2.44,100.3,5.69,东北_吉林,43.88,125.32,NASA POWER API
1450,1450,2023-12-21,-21.92,0.03,80.22,2.48,100.25,6.63,东北_吉林,43.88,125.32,NASA POWER API
1451,1451,2023-12-22,-19.77,0.0,88.44,3.84,100.44,7.22,东北_吉林,43.88,125.32,NASA POWER API
1452,1452,2023-12-23,-16.99,0.0,90.08,3.25,100.51,7.48,东北_吉林,43.88,125.32,NASA POWER API
1453,1453,2023-12-24,-15.67,0.0,86.53,3.7,99.95,6.21,东北_吉林,43.88,125.32,NASA POWER API
1454,1454,2023-12-25,-13.22,0.11,87.44,5.09,99.44,6.74,东北_吉林,43.88,125.32,NASA POWER API
1455,1455,2023-12-26,-15.71,0.03,90.27,3.1,100.12,6.7,东北_吉林,43.88,125.32,NASA POWER API
1456,1456,2023-12-27,-13.4,0.0,92.62,2.81,100.36,6.8,东北_吉林,43.88,125.32,NASA POWER API
1457,1457,2023-12-28,-10.8,0.0,91.67,2.82,99.86,5.79,东北_吉林,43.88,125.32,NASA POWER API
1458,1458,2023-12-29,-8.57,0.0,91.85,4.32,99.48,4.78,东北_吉林,43.88,125.32,NASA POWER API
1459,1459,2023-12-30,-7.13,2.38,98.32,2.12,99.11,1.83,东北_吉林,43.88,125.32,NASA POWER API
1460,1460,2023-12-31,-15.5,0.33,87.23,4.19,100.07,5.98,东北_吉林,43.88,125.32,NASA POWER API
1461,1461,2024-01-01,-13.15,0.01,89.24,4.2,99.63,7.05,东北_吉林,43.88,125.32,NASA POWER API
1462,1462,2024-01-02,-9.97,0.01,89.67,1.29,99.4,5.67,东北_吉林,43.88,125.32,NASA POWER API
1463,1463,2024-01-03,-12.04,0.01,95.59,2.98,99.13,6.48,东北_吉林,43.88,125.32,NASA POWER API
1464,1464,2024-01-04,-7.06,0.02,89.43,6.91,98.26,5.71,东北_吉林,43.88,125.32,NASA POWER API
1465,1465,2024-01-05,-14.17,0.0,83.89,2.67,99.29,7.24,东北_吉林,43.88,125.32,NASA POWER API
1466,1466,2024-01-06,-13.61,0.01,83.84,2.14,99.49,7.04,东北_吉林,43.88,125.32,NASA POWER API
1467,1467,2024-01-07,-17.66,0.02,83.28,3.08,99.98,7.08,东北_吉林,43.88,125.32,NASA POWER API
1468,1468,2024-01-08,-13.91,0.01,86.63,5.03,99.25,6.34,东北_吉林,43.88,125.32,NASA POWER API
1469,1469,2024-01-09,-17.47,0.0,85.32,2.09,99.57,7.77,东北_吉林,43.88,125.32,NASA POWER API
1470,1470,2024-01-10,-13.12,0.01,86.93,6.04,98.89,7.81,东北_吉林,43.88,125.32,NASA POWER API
1471,1471,2024-01-11,-11.57,0.18,89.85,4.3,98.37,5.71,东北_吉林,43.88,125.32,NASA POWER API
1472,1472,2024-01-12,-15.64,0.02,88.92,2.36,99.27,8.38,东北_吉林,43.88,125.32,NASA POWER API
1473,1473,2024-01-13,-14.04,0.17,84.68,2.61,99.61,6.36,东北_吉林,43.88,125.32,NASA POWER API
1474,1474,2024-01-14,-15.42,0.17,81.53,4.59,99.79,8.82,东北_吉林,43.88,125.32,NASA POWER API
1475,1475,2024-01-15,-17.0,0.24,81.65,2.19,100.28,8.51,东北_吉林,43.88,125.32,NASA POWER API
1476,1476,2024-01-16,-12.03,0.0,82.85,4.44,99.99,8.23,东北_吉林,43.88,125.32,NASA POWER API
1477,1477,2024-01-17,-9.65,0.0,92.41,4.03,99.56,3.08,东北_吉林,43.88,125.32,NASA POWER API
1478,1478,2024-01-18,-15.73,0.0,87.73,2.81,100.69,9.78,东北_吉林,43.88,125.32,NASA POWER API
1479,1479,2024-01-19,-15.53,0.0,82.87,3.08,101.15,8.48,东北_吉林,43.88,125.32,NASA POWER API
1480,1480,2024-01-20,-17.3,0.36,82.12,5.8,100.89,6.06,东北_吉林,43.88,125.32,NASA POWER API
1481,1481,2024-01-21,-19.45,0.79,84.26,5.1,100.67,7.26,东北_吉林,43.88,125.32,NASA POWER API
1482,1482,2024-01-22,-21.96,0.12,86.32,4.13,100.79,8.51,东北_吉林,43.88,125.32,NASA POWER API
1483,1483,2024-01-23,-19.88,0.08,88.73,2.62,100.06,6.95,东北_吉林,43.88,125.32,NASA POWER API
1484,1484,2024-01-24,-17.39,0.02,87.63,2.8,100.13,9.23,东北_吉林,43.88,125.32,NASA POWER API
1485,1485,2024-01-25,-14.92,0.0,91.23,2.64,100.02,8.49,东北_吉林,43.88,125.32,NASA POWER API
1486,1486,2024-01-26,-13.6,0.02,94.3,2.87,100.03,8.93,东北_吉林,43.88,125.32,NASA POWER API
1487,1487,2024-01-27,-13.36,0.0,86.31,1.21,100.19,8.4,东北_吉林,43.88,125.32,NASA POWER API
1488,1488,2024-01-28,-12.08,0.0,88.05,2.78,99.98,8.6,东北_吉林,43.88,125.32,NASA POWER API
1489,1489,2024-01-29,-16.23,0.0,88.6,1.89,100.5,8.76,东北_吉林,43.88,125.32,NASA POWER API
1490,1490,2024-01-30,-13.59,2.68,90.88,2.39,100.04,4.03,东北_吉林,43.88,125.32,NASA POWER API
1491,1491,2024-01-31,-17.12,0.66,81.05,3.77,100.41,9.19,东北_吉林,43.88,125.32,NASA POWER API
1492,1492,2024-02-01,-20.76,0.01,81.39,1.76,100.9,11.61,东北_吉林,43.88,125.32,NASA POWER API
1493,1493,2024-02-02,-18.01,0.0,83.49,1.5,100.72,11.88,东北_吉林,43.88,125.32,NASA POWER API
1494,1494,2024-02-03,-16.64,0.0,81.17,1.44,100.86,11.93,东北_吉林,43.88,125.32,NASA POWER API
1495,1495,2024-02-04,-15.38,0.0,84.32,1.86,100.65,12.41,东北_吉林,43.88,125.32,NASA POWER API
1496,1496,2024-02-05,-15.17,0.0,87.34,3.58,100.45,11.24,东北_吉林,43.88,125.32,NASA POWER API
1497,1497,2024-02-06,-15.0,0.0,88.14,2.33,100.25,10.63,东北_吉林,43.88,125.32,NASA POWER API
1498,1498,2024-02-07,-13.12,0.0,89.24,1.92,99.95,11.35,东北_吉林,43.88,125.32,NASA POWER API
1499,1499,2024-02-08,-10.75,0.0,83.06,1.42,99.63,12.34,东北_吉林,43.88,125.32,NASA POWER API
1500,1500,2024-02-09,-9.25,0.02,85.76,1.93,99.36,11.34,东北_吉林,43.88,125.32,NASA POWER API
1501,1501,2024-02-10,-9.9,0.01,88.15,2.17,99.49,11.77,东北_吉林,43.88,125.32,NASA POWER API
1502,1502,2024-02-11,-8.24,0.0,82.92,2.94,99.28,11.56,东北_吉林,43.88,125.32,NASA POWER API
1503,1503,2024-02-12,-3.08,0.0,80.67,8.5,98.84,10.56,东北_吉林,43.88,125.32,NASA POWER API
1504,1504,2024-02-13,1.11,0.0,82.83,6.48,98.59,9.97,东北_吉林,43.88,125.32,NASA POWER API
1505,1505,2024-02-14,-5.47,0.34,78.49,3.34,99.79,8.69,东北_吉林,43.88,125.32,NASA POWER API
1506,1506,2024-02-15,-9.15,0.0,70.16,2.05,99.96,13.97,东北_吉林,43.88,125.32,NASA POWER API
1507,1507,2024-02-16,-4.39,0.01,65.28,7.44,98.75,12.5,东北_吉林,43.88,125.32,NASA POWER API
1508,1508,2024-02-17,1.45,0.0,74.26,9.4,98.19,9.21,东北_吉林,43.88,125.32,NASA POWER API
1509,1509,2024-02-18,1.3,6.6,89.81,6.76,98.64,3.6,东北_吉林,43.88,125.32,NASA POWER API
1510,1510,2024-02-19,-8.96,1.88,63.1,5.16,99.81,6.54,东北_吉林,43.88,125.32,NASA POWER API
1511,1511,2024-02-20,-15.58,0.32,65.97,3.28,100.91,8.24,东北_吉林,43.88,125.32,NASA POWER API
1512,1512,2024-02-21,-14.68,0.0,64.14,2.38,100.99,7.44,东北_吉林,43.88,125.32,NASA POWER API
1513,1513,2024-02-22,-13.6,0.0,76.02,2.07,101.09,11.87,东北_吉林,43.88,125.32,NASA POWER API
1514,1514,2024-02-23,-11.38,0.0,72.12,1.88,101.07,14.64,东北_吉林,43.88,125.32,NASA POWER API
1515,1515,2024-02-24,-7.85,0.0,67.74,1.86,100.37,10.13,东北_吉林,43.88,125.32,NASA POWER API
1516,1516,2024-02-25,-7.32,0.0,77.46,3.03,100.16,11.96,东北_吉林,43.88,125.32,NASA POWER API
1517,1517,2024-02-26,-10.54,0.0,68.34,2.26,100.86,15.39,东北_吉林,43.88,125.32,NASA POWER API
1518,1518,2024-02-27,-7.26,0.47,76.28,2.32,100.14,8.4,东北_吉林,43.88,125.32,NASA POWER API
1519,1519,2024-02-28,-7.73,0.44,84.25,2.58,100.29,8.66,东北_吉林,43.88,125.32,NASA POWER API
1520,1520,2024-02-29,-10.97,0.04,66.46,4.4,100.11,13.55,东北_吉林,43.88,125.32,NASA POWER API
1521,1521,2024-03-01,-12.69,0.35,67.91,5.2,99.39,12.34,东北_吉林,43.88,125.32,NASA POWER API
1522,1522,2024-03-02,-12.24,0.0,67.35,3.3,98.63,11.48,东北_吉林,43.88,125.32,NASA POWER API
1523,1523,2024-03-03,-9.95,0.0,68.09,3.49,98.77,13.48,东北_吉林,43.88,125.32,NASA POWER API
1524,1524,2024-03-04,-7.63,0.0,65.89,3.25,99.44,13.28,东北_吉林,43.88,125.32,NASA POWER API
1525,1525,2024-03-05,-5.59,0.0,62.05,2.52,99.59,14.81,东北_吉林,43.88,125.32,NASA POWER API
1526,1526,2024-03-06,-5.61,0.0,67.26,1.61,99.57,17.16,东北_吉林,43.88,125.32,NASA POWER API
1527,1527,2024-03-07,-4.17,0.04,65.04,3.54,98.97,15.42,东北_吉林,43.88,125.32,NASA POWER API
1528,1528,2024-03-08,-7.05,0.41,67.57,3.47,99.33,12.82,东北_吉林,43.88,125.32,NASA POWER API
1529,1529,2024-03-09,-5.7,0.0,62.28,2.78,99.63,18.07,东北_吉林,43.88,125.32,NASA POWER API
1530,1530,2024-03-10,-1.47,0.0,71.95,2.86,99.35,13.93,东北_吉林,43.88,125.32,NASA POWER API
1531,1531,2024-03-11,0.51,0.02,65.15,2.35,99.22,13.1,东北_吉林,43.88,125.32,NASA POWER API
1532,1532,2024-03-12,0.64,0.0,59.09,3.1,99.08,17.06,东北_吉林,43.88,125.32,NASA POWER API
1533,1533,2024-03-13,0.9,0.0,67.37,4.46,98.64,16.4,东北_吉林,43.88,125.32,NASA POWER API
1534,1534,2024-03-14,3.08,0.0,62.86,4.5,98.56,14.71,东北_吉林,43.88,125.32,NASA POWER API
1535,1535,2024-03-15,1.5,0.0,64.54,4.43,99.29,18.43,东北_吉林,43.88,125.32,NASA POWER API
1536,1536,2024-03-16,1.67,0.88,78.01,5.26,98.71,7.11,东北_吉林,43.88,125.32,NASA POWER API
1537,1537,2024-03-17,-1.6,0.43,56.47,5.66,99.38,19.96,东北_吉林,43.88,125.32,NASA POWER API
1538,1538,2024-03-18,-1.17,0.19,62.6,3.5,99.17,16.57,东北_吉林,43.88,125.32,NASA POWER API
1539,1539,2024-03-19,-1.67,0.01,65.49,2.35,99.05,16.7,东北_吉林,43.88,125.32,NASA POWER API
1540,1540,2024-03-20,-0.86,0.01,58.81,2.73,99.29,14.18,东北_吉林,43.88,125.32,NASA POWER API
1541,1541,2024-03-21,0.41,0.0,49.53,1.53,98.9,19.37,东北_吉林,43.88,125.32,NASA POWER API
1542,1542,2024-03-22,0.94,1.53,81.47,3.69,98.22,6.98,东北_吉林,43.88,125.32,NASA POWER API
1543,1543,2024-03-23,3.32,0.53,74.6,3.72,98.8,12.68,东北_吉林,43.88,125.32,NASA POWER API
1544,1544,2024-03-24,0.43,0.0,51.39,3.29,99.88,18.21,东北_吉林,43.88,125.32,NASA POWER API
1545,1545,2024-03-25,2.69,0.0,54.01,2.93,99.58,17.78,东北_吉林,43.88,125.32,NASA POWER API
1546,1546,2024-03-26,4.04,0.0,57.35,1.86,99.31,20.18,东北_吉林,43.88,125.32,NASA POWER API
1547,1547,2024-03-27,6.96,2.88,65.76,6.84,98.49,11.69,东北_吉林,43.88,125.32,NASA POWER API
1548,1548,2024-03-28,4.32,1.22,66.14,6.75,97.39,11.04,东北_吉林,43.88,125.32,NASA POWER API
1549,1549,2024-03-29,-0.1,0.19,52.93,5.82,97.16,18.81,东北_吉林,43.88,125.32,NASA POWER API
1550,1550,2024-03-30,-1.31,0.0,55.39,5.29,98.04,21.12,东北_吉林,43.88,125.32,NASA POWER API
1551,1551,2024-03-31,-1.64,0.0,60.4,4.04,98.47,21.97,东北_吉林,43.88,125.32,NASA POWER API
1552,1552,2024-04-01,0.82,0.0,53.6,2.78,98.81,20.93,东北_吉林,43.88,125.32,NASA POWER API
1553,1553,2024-04-02,5.27,0.0,53.0,2.66,98.84,20.72,东北_吉林,43.88,125.32,NASA POWER API
1554,1554,2024-04-03,3.21,0.0,57.55,3.73,98.95,21.54,东北_吉林,43.88,125.32,NASA POWER API
1555,1555,2024-04-04,3.86,0.0,58.59,2.41,99.46,23.29,东北_吉林,43.88,125.32,NASA POWER API
1556,1556,2024-04-05,6.64,0.0,53.33,4.0,98.91,22.21,东北_吉林,43.88,125.32,NASA POWER API
1557,1557,2024-04-06,8.66,0.0,57.87,5.64,98.3,19.09,东北_吉林,43.88,125.32,NASA POWER API
1558,1558,2024-04-07,7.69,0.02,52.58,4.5,98.69,19.09,东北_吉林,43.88,125.32,NASA POWER API
1559,1559,2024-04-08,-0.26,0.0,52.6,3.55,99.97,24.4,东北_吉林,43.88,125.32,NASA POWER API
1560,1560,2024-04-09,3.19,0.0,42.87,0.99,99.93,24.85,东北_吉林,43.88,125.32,NASA POWER API
1561,1561,2024-04-10,8.01,0.02,54.56,4.22,99.07,11.78,东北_吉林,43.88,125.32,NASA POWER API
1562,1562,2024-04-11,12.33,0.27,74.48,5.79,98.68,14.91,东北_吉林,43.88,125.32,NASA POWER API
1563,1563,2024-04-12,13.8,0.69,74.36,7.53,98.28,14.42,东北_吉林,43.88,125.32,NASA POWER API
1564,1564,2024-04-13,15.85,0.13,73.14,6.1,98.58,18.3,东北_吉林,43.88,125.32,NASA POWER API
1565,1565,2024-04-14,16.05,0.0,67.25,6.21,98.69,21.13,东北_吉林,43.88,125.32,NASA POWER API
1566,1566,2024-04-15,12.76,9.37,83.5,3.2,97.96,4.92,东北_吉林,43.88,125.32,NASA POWER API
1567,1567,2024-04-16,10.25,0.09,66.9,3.14,98.27,15.33,东北_吉林,43.88,125.32,NASA POWER API
1568,1568,2024-04-17,12.62,0.0,56.05,2.51,98.44,24.1,东北_吉林,43.88,125.32,NASA POWER API
1569,1569,2024-04-18,12.91,0.13,52.29,4.93,98.26,19.56,东北_吉林,43.88,125.32,NASA POWER API
1570,1570,2024-04-19,8.76,0.0,46.91,3.18,98.96,22.85,东北_吉林,43.88,125.32,NASA POWER API
1571,1571,2024-04-20,8.19,0.12,66.37,1.86,98.6,10.46,东北_吉林,43.88,125.32,NASA POWER API
1572,1572,2024-04-21,12.16,0.0,66.28,2.44,98.59,21.14,东北_吉林,43.88,125.32,NASA POWER API
1573,1573,2024-04-22,15.57,0.16,65.12,4.33,98.46,20.48,东北_吉林,43.88,125.32,NASA POWER API
1574,1574,2024-04-23,13.55,2.25,81.64,2.1,98.47,12.98,东北_吉林,43.88,125.32,NASA POWER API
1575,1575,2024-04-24,13.86,0.36,75.45,3.49,97.85,14.09,东北_吉林,43.88,125.32,NASA POWER API
1576,1576,2024-04-25,14.72,0.01,58.22,4.6,97.57,23.42,东北_吉林,43.88,125.32,NASA POWER API
1577,1577,2024-04-26,11.98,1.9,58.85,2.18,98.19,14.09,东北_吉林,43.88,125.32,NASA POWER API
1578,1578,2024-04-27,11.14,0.82,60.39,2.71,98.71,17.81,东北_吉林,43.88,125.32,NASA POWER API
1579,1579,2024-04-28,8.46,0.62,57.14,2.58,99.33,7.03,东北_吉林,43.88,125.32,NASA POWER API
1580,1580,2024-04-29,7.09,1.48,60.09,2.0,98.87,7.36,东北_吉林,43.88,125.32,NASA POWER API
1581,1581,2024-04-30,11.06,0.0,50.11,2.89,98.28,24.27,东北_吉林,43.88,125.32,NASA POWER API
1582,1582,2024-05-01,15.11,0.0,43.25,4.59,98.24,27.65,东北_吉林,43.88,125.32,NASA POWER API
1583,1583,2024-05-02,17.09,0.0,47.69,3.64,98.46,25.33,东北_吉林,43.88,125.32,NASA POWER API
1584,1584,2024-05-03,18.2,0.0,50.25,5.56,98.69,26.38,东北_吉林,43.88,125.32,NASA POWER API
1585,1585,2024-05-04,17.71,0.0,45.03,6.56,98.45,24.73,东北_吉林,43.88,125.32,NASA POWER API
1586,1586,2024-05-05,16.05,0.14,59.26,2.73,98.36,13.75,东北_吉林,43.88,125.32,NASA POWER API
1587,1587,2024-05-06,12.67,2.39,70.83,4.43,98.41,12.25,东北_吉林,43.88,125.32,NASA POWER API
1588,1588,2024-05-07,13.29,0.0,50.8,3.4,99.17,28.47,东北_吉林,43.88,125.32,NASA POWER API
1589,1589,2024-05-08,16.97,0.0,37.18,3.55,98.84,28.45,东北_吉林,43.88,125.32,NASA POWER API
1590,1590,2024-05-09,15.67,0.0,42.17,3.69,98.68,26.88,东北_吉林,43.88,125.32,NASA POWER API
1591,1591,2024-05-10,15.32,9.55,68.57,7.02,97.75,8.9,东北_吉林,43.88,125.32,NASA POWER API
1592,1592,2024-05-11,13.82,0.76,49.34,8.13,97.36,18.66,东北_吉林,43.88,125.32,NASA POWER API
1593,1593,2024-05-12,11.72,0.54,58.69,4.02,98.23,23.58,东北_吉林,43.88,125.32,NASA POWER API
1594,1594,2024-05-13,16.12,0.28,52.59,3.3,97.99,24.22,东北_吉林,43.88,125.32,NASA POWER API
1595,1595,2024-05-14,13.83,0.71,65.88,3.17,98.31,12.2,东北_吉林,43.88,125.32,NASA POWER API
1596,1596,2024-05-15,11.13,0.0,53.55,3.13,99.01,24.4,东北_吉林,43.88,125.32,NASA POWER API
1597,1597,2024-05-16,12.95,0.0,48.17,1.64,98.37,29.86,东北_吉林,43.88,125.32,NASA POWER API
1598,1598,2024-05-17,18.38,0.0,45.39,4.02,98.03,27.83,东北_吉林,43.88,125.32,NASA POWER API
1599,1599,2024-05-18,15.78,0.93,54.46,3.71,98.69,10.93,东北_吉林,43.88,125.32,NASA POWER API
1600,1600,2024-05-19,9.2,11.12,79.48,3.5,99.05,3.75,东北_吉林,43.88,125.32,NASA POWER API
1601,1601,2024-05-20,11.95,0.08,66.07,1.74,99.12,24.57,东北_吉林,43.88,125.32,NASA POWER API
1602,1602,2024-05-21,18.25,0.0,54.15,5.19,98.74,25.92,东北_吉林,43.88,125.32,NASA POWER API
1603,1603,2024-05-22,19.82,0.72,67.99,5.97,98.07,17.58,东北_吉林,43.88,125.32,NASA POWER API
1604,1604,2024-05-23,12.54,10.46,67.06,2.85,98.55,14.06,东北_吉林,43.88,125.32,NASA POWER API
1605,1605,2024-05-24,13.91,0.21,60.61,2.34,99.06,26.93,东北_吉林,43.88,125.32,NASA POWER API
1606,1606,2024-05-25,16.49,6.25,60.08,1.99,98.8,21.78,东北_吉林,43.88,125.32,NASA POWER API
1607,1607,2024-05-26,13.87,43.1,87.88,4.0,97.23,4.36,东北_吉林,43.88,125.32,NASA POWER API
1608,1608,2024-05-27,13.09,4.19,76.47,4.31,97.49,13.51,东北_吉林,43.88,125.32,NASA POWER API
1609,1609,2024-05-28,15.68,1.55,66.77,3.28,98.04,27.07,东北_吉林,43.88,125.32,NASA POWER API
1610,1610,2024-05-29,12.2,11.65,82.16,2.69,98.24,7.35,东北_吉林,43.88,125.32,NASA POWER API
1611,1611,2024-05-30,14.11,39.69,89.81,3.72,97.83,12.99,东北_吉林,43.88,125.32,NASA POWER API
1612,1612,2024-05-31,11.85,2.83,83.14,2.92,98.28,11.28,东北_吉林,43.88,125.32,NASA POWER API
1613,1613,2024-06-01,11.73,1.84,83.48,1.53,98.54,10.25,东北_吉林,43.88,125.32,NASA POWER API
1614,1614,2024-06-02,15.48,0.04,72.63,1.15,98.62,23.93,东北_吉林,43.88,125.32,NASA POWER API
1615,1615,2024-06-03,18.93,0.01,63.13,0.84,98.65,28.77,东北_吉林,43.88,125.32,NASA POWER API
1616,1616,2024-06-04,19.79,0.07,66.49,1.58,98.75,24.67,东北_吉林,43.88,125.32,NASA POWER API
1617,1617,2024-06-05,19.88,1.3,68.01,5.06,98.68,16.86,东北_吉林,43.88,125.32,NASA POWER API
1618,1618,2024-06-06,20.72,0.1,63.04,5.61,98.53,20.93,东北_吉林,43.88,125.32,NASA POWER API
1619,1619,2024-06-07,19.11,4.27,78.01,5.46,98.15,11.26,东北_吉林,43.88,125.32,NASA POWER API
1620,1620,2024-06-08,17.98,25.43,83.24,3.21,97.85,14.92,东北_吉林,43.88,125.32,NASA POWER API
1621,1621,2024-06-09,17.91,15.73,75.17,2.51,97.83,23.71,东北_吉林,43.88,125.32,NASA POWER API
1622,1622,2024-06-10,20.95,0.0,66.38,2.6,97.76,28.25,东北_吉林,43.88,125.32,NASA POWER API
1623,1623,2024-06-11,22.1,16.61,76.77,4.1,97.34,15.63,东北_吉林,43.88,125.32,NASA POWER API
1624,1624,2024-06-12,21.4,8.61,76.68,1.83,97.64,19.69,东北_吉林,43.88,125.32,NASA POWER API
1625,1625,2024-06-13,22.08,25.77,79.34,4.17,97.46,15.28,东北_吉林,43.88,125.32,NASA POWER API
1626,1626,2024-06-14,20.23,8.79,81.64,3.73,97.47,15.55,东北_吉林,43.88,125.32,NASA POWER API
1627,1627,2024-06-15,17.21,0.88,74.3,2.93,97.7,20.47,东北_吉林,43.88,125.32,NASA POWER API
1628,1628,2024-06-16,20.25,3.09,66.68,3.11,97.56,27.27,东北_吉林,43.88,125.32,NASA POWER API
1629,1629,2024-06-17,20.49,2.33,62.57,3.55,97.55,28.76,东北_吉林,43.88,125.32,NASA POWER API
1630,1630,2024-06-18,20.37,0.11,62.44,1.55,97.86,28.31,东北_吉林,43.88,125.32,NASA POWER API
1631,1631,2024-06-19,23.5,0.0,63.88,5.0,97.66,25.55,东北_吉林,43.88,125.32,NASA POWER API
1632,1632,2024-06-20,22.18,0.5,65.8,4.25,97.72,21.58,东北_吉林,43.88,125.32,NASA POWER API
1633,1633,2024-06-21,23.81,6.14,68.33,1.48,97.51,24.71,东北_吉林,43.88,125.32,NASA POWER API
1634,1634,2024-06-22,21.67,17.01,79.86,2.85,97.16,18.52,东北_吉林,43.88,125.32,NASA POWER API
1635,1635,2024-06-23,17.47,4.86,82.87,2.09,97.37,7.51,东北_吉林,43.88,125.32,NASA POWER API
1636,1636,2024-06-24,15.73,6.75,84.93,2.8,97.7,10.97,东北_吉林,43.88,125.32,NASA POWER API
1637,1637,2024-06-25,19.19,1.16,73.71,1.87,98.25,22.01,东北_吉林,43.88,125.32,NASA POWER API
1638,1638,2024-06-26,22.0,0.3,71.85,1.96,98.49,26.07,东北_吉林,43.88,125.32,NASA POWER API
1639,1639,2024-06-27,23.41,0.04,70.73,3.9,98.13,26.73,东北_吉林,43.88,125.32,NASA POWER API
1640,1640,2024-06-28,23.09,0.0,64.77,4.6,97.77,26.5,东北_吉林,43.88,125.32,NASA POWER API
1641,1641,2024-06-29,23.43,1.97,70.08,4.54,97.48,24.96,东北_吉林,43.88,125.32,NASA POWER API
1642,1642,2024-06-30,21.26,2.03,81.46,2.46,97.32,19.88,东北_吉林,43.88,125.32,NASA POWER API
1643,1643,2024-07-01,19.92,0.02,68.79,2.29,98.08,26.79,东北_吉林,43.88,125.32,NASA POWER API
1644,1644,2024-07-02,20.89,0.82,68.36,2.33,98.14,22.75,东北_吉林,43.88,125.32,NASA POWER API
1645,1645,2024-07-03,20.33,27.37,85.23,5.25,97.18,4.74,东北_吉林,43.88,125.32,NASA POWER API
1646,1646,2024-07-04,20.84,10.2,86.05,3.35,97.45,8.77,东北_吉林,43.88,125.32,NASA POWER API
1647,1647,2024-07-05,20.59,23.42,92.03,2.13,97.23,6.06,东北_吉林,43.88,125.32,NASA POWER API
1648,1648,2024-07-06,21.84,7.84,87.15,2.31,97.34,8.21,东北_吉林,43.88,125.32,NASA POWER API
1649,1649,2024-07-07,22.92,15.99,89.93,2.03,97.41,13.58,东北_吉林,43.88,125.32,NASA POWER API
1650,1650,2024-07-08,22.19,2.04,82.23,2.85,97.81,11.3,东北_吉林,43.88,125.32,NASA POWER API
1651,1651,2024-07-09,20.88,0.01,70.92,1.85,98.07,27.48,东北_吉林,43.88,125.32,NASA POWER API
1652,1652,2024-07-10,21.96,0.0,73.04,1.6,97.78,21.98,东北_吉林,43.88,125.32,NASA POWER API
1653,1653,2024-07-11,23.04,0.03,72.96,0.79,97.64,11.61,东北_吉林,43.88,125.32,NASA POWER API
1654,1654,2024-07-12,22.06,0.74,82.16,1.03,97.71,12.15,东北_吉林,43.88,125.32,NASA POWER API
1655,1655,2024-07-13,22.91,4.68,81.6,0.68,98.1,12.99,东北_吉林,43.88,125.32,NASA POWER API
1656,1656,2024-07-14,24.64,2.2,77.02,0.93,98.48,17.94,东北_吉林,43.88,125.32,NASA POWER API
1657,1657,2024-07-15,25.73,0.02,78.34,1.84,98.49,20.27,东北_吉林,43.88,125.32,NASA POWER API
1658,1658,2024-07-16,25.45,0.1,80.14,2.93,98.16,23.37,东北_吉林,43.88,125.32,NASA POWER API
1659,1659,2024-07-17,24.23,3.08,84.6,4.02,97.46,10.42,东北_吉林,43.88,125.32,NASA POWER API
1660,1660,2024-07-18,23.4,0.19,80.23,3.17,97.2,21.38,东北_吉林,43.88,125.32,NASA POWER API
1661,1661,2024-07-19,25.09,0.44,81.93,4.34,97.25,23.51,东北_吉林,43.88,125.32,NASA POWER API
1662,1662,2024-07-20,24.02,4.57,90.88,3.84,97.57,9.54,东北_吉林,43.88,125.32,NASA POWER API
1663,1663,2024-07-21,25.95,3.33,84.27,2.58,97.47,23.64,东北_吉林,43.88,125.32,NASA POWER API
1664,1664,2024-07-22,25.05,17.62,93.04,3.23,97.47,17.24,东北_吉林,43.88,125.32,NASA POWER API
1665,1665,2024-07-23,24.68,11.11,85.73,1.18,97.37,14.74,东北_吉林,43.88,125.32,NASA POWER API
1666,1666,2024-07-24,24.31,26.9,83.39,1.87,97.61,17.79,东北_吉林,43.88,125.32,NASA POWER API
1667,1667,2024-07-25,24.4,7.74,85.98,1.71,97.77,16.07,东北_吉林,43.88,125.32,NASA POWER API
1668,1668,2024-07-26,24.38,30.95,95.18,3.04,98.0,8.6,东北_吉林,43.88,125.32,NASA POWER API
1669,1669,2024-07-27,25.44,5.26,88.84,3.26,98.32,12.81,东北_吉林,43.88,125.32,NASA POWER API
1670,1670,2024-07-28,24.6,24.09,94.48,2.79,97.8,5.67,东北_吉林,43.88,125.32,NASA POWER API
1671,1671,2024-07-29,24.57,4.59,84.89,2.59,97.77,21.53,东北_吉林,43.88,125.32,NASA POWER API
1672,1672,2024-07-30,24.72,1.12,81.58,1.67,97.83,21.59,东北_吉林,43.88,125.32,NASA POWER API
1673,1673,2024-07-31,25.38,48.14,90.87,5.15,97.31,7.48,东北_吉林,43.88,125.32,NASA POWER API
1674,1674,2024-08-01,25.7,18.31,89.2,3.18,97.22,12.83,东北_吉林,43.88,125.32,NASA POWER API
1675,1675,2024-08-02,23.51,2.16,89.36,2.04,97.68,14.65,东北_吉林,43.88,125.32,NASA POWER API
1676,1676,2024-08-03,24.19,0.25,80.47,0.79,98.17,19.32,东北_吉林,43.88,125.32,NASA POWER API
1677,1677,2024-08-04,26.7,5.84,87.09,3.11,97.98,15.3,东北_吉林,43.88,125.32,NASA POWER API
1678,1678,2024-08-05,25.45,7.76,87.45,3.55,97.85,11.35,东北_吉林,43.88,125.32,NASA POWER API
1679,1679,2024-08-06,25.46,0.54,87.19,2.57,97.98,21.71,东北_吉林,43.88,125.32,NASA POWER API
1680,1680,2024-08-07,25.53,0.15,82.3,1.69,97.96,22.63,东北_吉林,43.88,125.32,NASA POWER API
1681,1681,2024-08-08,24.92,1.42,87.15,2.45,97.84,19.24,东北_吉林,43.88,125.32,NASA POWER API
1682,1682,2024-08-09,25.29,0.04,78.02,1.18,97.95,22.2,东北_吉林,43.88,125.32,NASA POWER API
1683,1683,2024-08-10,23.46,21.31,87.62,3.15,97.59,5.76,东北_吉林,43.88,125.32,NASA POWER API
1684,1684,2024-08-11,25.63,6.92,89.13,3.48,97.27,14.86,东北_吉林,43.88,125.32,NASA POWER API
1685,1685,2024-08-12,24.72,8.1,86.49,2.06,97.9,14.94,东北_吉林,43.88,125.32,NASA POWER API
1686,1686,2024-08-13,22.92,0.27,83.83,2.64,98.51,19.93,东北_吉林,43.88,125.32,NASA POWER API
1687,1687,2024-08-14,23.12,0.12,84.98,1.97,98.57,17.79,东北_吉林,43.88,125.32,NASA POWER API
1688,1688,2024-08-15,24.03,0.15,81.56,0.95,98.4,19.33,东北_吉林,43.88,125.32,NASA POWER API
1689,1689,2024-08-16,24.9,0.12,78.11,0.9,98.48,22.16,东北_吉林,43.88,125.32,NASA POWER API
1690,1690,2024-08-17,25.28,0.06,77.34,0.85,98.57,21.2,东北_吉林,43.88,125.32,NASA POWER API
1691,1691,2024-08-18,24.33,8.94,80.13,1.02,98.36,17.67,东北_吉林,43.88,125.32,NASA POWER API
1692,1692,2024-08-19,24.22,31.68,89.56,1.15,98.36,13.3,东北_吉林,43.88,125.32,NASA POWER API
1693,1693,2024-08-20,24.19,33.69,90.37,1.14,98.62,14.82,东北_吉林,43.88,125.32,NASA POWER API
1694,1694,2024-08-21,25.22,33.16,89.52,2.08,98.13,9.19,东北_吉林,43.88,125.32,NASA POWER API
1695,1695,2024-08-22,21.99,7.84,93.33,1.49,97.76,6.37,东北_吉林,43.88,125.32,NASA POWER API
1696,1696,2024-08-23,20.94,0.17,79.3,1.86,98.27,22.15,东北_吉林,43.88,125.32,NASA POWER API
1697,1697,2024-08-24,21.85,0.08,79.38,1.27,98.48,20.45,东北_吉林,43.88,125.32,NASA POWER API
1698,1698,2024-08-25,21.52,0.43,80.78,2.28,98.33,20.3,东北_吉林,43.88,125.32,NASA POWER API
1699,1699,2024-08-26,20.46,0.06,79.2,2.64,98.25,22.06,东北_吉林,43.88,125.32,NASA POWER API
1700,1700,2024-08-27,20.69,0.01,79.45,1.58,98.54,20.8,东北_吉林,43.88,125.32,NASA POWER API
1701,1701,2024-08-28,21.22,0.0,80.74,1.6,98.56,22.24,东北_吉林,43.88,125.32,NASA POWER API
1702,1702,2024-08-29,22.27,0.01,79.68,1.9,98.29,22.54,东北_吉林,43.88,125.32,NASA POWER API
1703,1703,2024-08-30,20.86,1.25,83.87,3.21,98.0,11.14,东北_吉林,43.88,125.32,NASA POWER API
1704,1704,2024-08-31,19.51,0.09,78.22,1.8,98.25,18.71,东北_吉林,43.88,125.32,NASA POWER API
1705,1705,2024-09-01,18.65,9.29,84.09,3.99,97.97,10.43,东北_吉林,43.88,125.32,NASA POWER API
1706,1706,2024-09-02,17.69,0.0,73.85,1.58,98.94,23.23,东北_吉林,43.88,125.32,NASA POWER API
1707,1707,2024-09-03,18.47,0.0,73.1,1.92,98.71,23.26,东北_吉林,43.88,125.32,NASA POWER API
1708,1708,2024-09-04,19.74,37.92,91.71,3.56,97.99,3.76,东北_吉林,43.88,125.32,NASA POWER API
1709,1709,2024-09-05,18.13,8.44,78.65,2.67,98.33,16.96,东北_吉林,43.88,125.32,NASA POWER API
1710,1710,2024-09-06,17.09,0.21,75.43,2.86,98.77,19.89,东北_吉林,43.88,125.32,NASA POWER API
1711,1711,2024-09-07,19.27,0.0,78.9,2.74,98.79,18.62,东北_吉林,43.88,125.32,NASA POWER API
1712,1712,2024-09-08,19.73,0.01,78.8,2.31,98.87,21.93,东北_吉林,43.88,125.32,NASA POWER API
1713,1713,2024-09-09,20.84,7.44,86.1,4.03,98.44,6.42,东北_吉林,43.88,125.32,NASA POWER API
1714,1714,2024-09-10,18.25,0.54,72.19,2.4,98.95,13.05,东北_吉林,43.88,125.32,NASA POWER API
1715,1715,2024-09-11,16.99,0.28,70.76,1.28,99.44,11.53,东北_吉林,43.88,125.32,NASA POWER API
1716,1716,2024-09-12,18.53,0.0,69.04,1.6,99.14,20.16,东北_吉林,43.88,125.32,NASA POWER API
1717,1717,2024-09-13,13.85,1.34,73.98,4.13,98.95,17.62,东北_吉林,43.88,125.32,NASA POWER API
1718,1718,2024-09-14,12.71,3.73,71.68,1.99,98.72,8.16,东北_吉林,43.88,125.32,NASA POWER API
1719,1719,2024-09-15,13.25,0.04,62.87,1.35,99.04,21.43,东北_吉林,43.88,125.32,NASA POWER API
1720,1720,2024-09-16,15.73,0.25,88.03,3.35,98.81,4.88,东北_吉林,43.88,125.32,NASA POWER API
1721,1721,2024-09-17,17.14,0.32,78.07,0.9,99.13,14.75,东北_吉林,43.88,125.32,NASA POWER API
1722,1722,2024-09-18,17.68,0.01,72.79,1.39,99.0,18.88,东北_吉林,43.88,125.32,NASA POWER API
1723,1723,2024-09-19,16.3,0.06,77.73,3.54,98.91,16.78,东北_吉林,43.88,125.32,NASA POWER API
1724,1724,2024-09-20,8.91,1.49,85.01,2.75,99.54,3.19,东北_吉林,43.88,125.32,NASA POWER API
1725,1725,2024-09-21,9.52,1.07,76.56,2.98,99.33,12.8,东北_吉林,43.88,125.32,NASA POWER API
1726,1726,2024-09-22,10.69,0.21,65.86,1.12,99.45,19.94,东北_吉林,43.88,125.32,NASA POWER API
1727,1727,2024-09-23,11.47,0.0,73.09,1.99,99.27,19.39,东北_吉林,43.88,125.32,NASA POWER API
1728,1728,2024-09-24,14.29,0.0,79.5,3.55,98.78,16.05,东北_吉林,43.88,125.32,NASA POWER API
1729,1729,2024-09-25,14.06,2.09,83.96,3.03,98.74,5.39,东北_吉林,43.88,125.32,NASA POWER API
1730,1730,2024-09-26,14.08,0.01,77.16,1.17,99.13,16.94,东北_吉林,43.88,125.32,NASA POWER API
1731,1731,2024-09-27,12.9,0.01,74.16,1.34,99.23,18.76,东北_吉林,43.88,125.32,NASA POWER API
1732,1732,2024-09-28,14.57,0.0,75.53,2.16,99.29,17.84,东北_吉林,43.88,125.32,NASA POWER API
1733,1733,2024-09-29,18.28,0.01,82.16,4.32,99.07,15.03,东北_吉林,43.88,125.32,NASA POWER API
1734,1734,2024-09-30,10.5,1.53,74.93,3.21,99.06,4.06,东北_吉林,43.88,125.32,NASA POWER API
1735,1735,2024-10-01,8.43,1.06,70.05,1.77,98.77,7.58,东北_吉林,43.88,125.32,NASA POWER API
1736,1736,2024-10-02,7.45,0.0,66.75,2.8,99.11,17.58,东北_吉林,43.88,125.32,NASA POWER API
1737,1737,2024-10-03,10.37,0.0,70.39,3.62,99.57,17.57,东北_吉林,43.88,125.32,NASA POWER API
1738,1738,2024-10-04,11.85,0.0,73.14,3.84,99.49,17.08,东北_吉林,43.88,125.32,NASA POWER API
1739,1739,2024-10-05,13.26,0.01,81.12,3.36,99.45,14.36,东北_吉林,43.88,125.32,NASA POWER API
1740,1740,2024-10-06,8.53,1.1,82.93,2.83,99.78,4.2,东北_吉林,43.88,125.32,NASA POWER API
1741,1741,2024-10-07,7.43,0.0,74.47,1.59,99.57,15.73,东北_吉林,43.88,125.32,NASA POWER API
1742,1742,2024-10-08,8.54,0.03,66.01,2.47,99.29,16.38,东北_吉林,43.88,125.32,NASA POWER API
1743,1743,2024-10-09,10.54,0.0,73.24,2.98,98.89,15.35,东北_吉林,43.88,125.32,NASA POWER API
1744,1744,2024-10-10,8.3,8.3,69.97,3.88,98.71,13.28,东北_吉林,43.88,125.32,NASA POWER API
1745,1745,2024-10-11,9.54,0.0,69.19,3.97,98.78,14.88,东北_吉林,43.88,125.32,NASA POWER API
1746,1746,2024-10-12,8.67,0.01,66.25,1.21,99.71,14.95,东北_吉林,43.88,125.32,NASA POWER API
1747,1747,2024-10-13,12.94,0.0,79.87,3.49,99.5,13.92,东北_吉林,43.88,125.32,NASA POWER API
1748,1748,2024-10-14,15.42,8.47,81.29,5.83,98.77,8.99,东北_吉林,43.88,125.32,NASA POWER API
1749,1749,2024-10-15,4.78,0.25,69.54,2.78,99.55,10.02,东北_吉林,43.88,125.32,NASA POWER API
1750,1750,2024-10-16,5.17,0.02,66.18,2.16,99.72,14.87,东北_吉林,43.88,125.32,NASA POWER API
1751,1751,2024-10-17,10.4,0.3,85.71,2.23,99.44,7.83,东北_吉林,43.88,125.32,NASA POWER API
1752,1752,2024-10-18,6.27,9.27,67.21,4.12,99.61,3.05,东北_吉林,43.88,125.32,NASA POWER API
1753,1753,2024-10-19,-2.37,0.0,58.68,3.34,100.87,15.56,东北_吉林,43.88,125.32,NASA POWER API
1754,1754,2024-10-20,1.95,0.01,65.24,2.67,100.46,14.51,东北_吉林,43.88,125.32,NASA POWER API
1755,1755,2024-10-21,8.53,0.59,75.2,6.63,99.21,6.56,东北_吉林,43.88,125.32,NASA POWER API
1756,1756,2024-10-22,2.01,3.37,81.92,1.72,99.52,5.61,东北_吉林,43.88,125.32,NASA POWER API
1757,1757,2024-10-23,2.5,0.85,80.65,2.77,99.02,12.03,东北_吉林,43.88,125.32,NASA POWER API
1758,1758,2024-10-24,4.91,0.0,84.3,2.46,99.35,8.07,东北_吉林,43.88,125.32,NASA POWER API
1759,1759,2024-10-25,7.23,0.01,76.75,4.02,99.83,10.29,东北_吉林,43.88,125.32,NASA POWER API
1760,1760,2024-10-26,4.73,3.1,81.01,2.87,99.74,5.32,东北_吉林,43.88,125.32,NASA POWER API
1761,1761,2024-10-27,2.25,0.82,81.57,2.71,99.37,3.2,东北_吉林,43.88,125.32,NASA POWER API
1762,1762,2024-10-28,3.87,0.4,79.68,2.2,99.25,12.82,东北_吉林,43.88,125.32,NASA POWER API
1763,1763,2024-10-29,6.66,0.03,81.14,3.23,98.93,10.5,东北_吉林,43.88,125.32,NASA POWER API
1764,1764,2024-10-30,6.15,0.4,87.34,2.47,99.64,4.59,东北_吉林,43.88,125.32,NASA POWER API
1765,1765,2024-10-31,7.66,0.06,90.35,3.75,99.36,7.17,东北_吉林,43.88,125.32,NASA POWER API
1766,1766,2024-11-01,5.76,0.02,88.81,2.56,99.66,11.42,东北_吉林,43.88,125.32,NASA POWER API
1767,1767,2024-11-02,3.71,0.0,77.04,1.64,99.78,9.46,东北_吉林,43.88,125.32,NASA POWER API
1768,1768,2024-11-03,3.23,5.87,92.7,2.66,99.05,2.3,东北_吉林,43.88,125.32,NASA POWER API
1769,1769,2024-11-04,0.58,0.8,75.02,3.26,99.78,9.48,东北_吉林,43.88,125.32,NASA POWER API
1770,1770,2024-11-05,-2.89,0.27,81.08,3.12,99.86,9.98,东北_吉林,43.88,125.32,NASA POWER API
1771,1771,2024-11-06,-2.72,0.05,71.12,1.4,100.32,10.66,东北_吉林,43.88,125.32,NASA POWER API
1772,1772,2024-11-07,-0.29,0.03,72.66,1.93,100.35,9.9,东北_吉林,43.88,125.32,NASA POWER API
1773,1773,2024-11-08,2.78,0.07,97.19,1.65,100.05,4.61,东北_吉林,43.88,125.32,NASA POWER API
1774,1774,2024-11-09,8.16,0.08,89.94,5.47,99.5,6.52,东北_吉林,43.88,125.32,NASA POWER API
1775,1775,2024-11-10,6.23,1.05,77.99,4.64,99.41,5.58,东北_吉林,43.88,125.32,NASA POWER API
1776,1776,2024-11-11,1.14,0.36,74.35,3.66,99.35,6.57,东北_吉林,43.88,125.32,NASA POWER API
1777,1777,2024-11-12,-0.66,0.0,75.39,2.14,99.62,10.76,东北_吉林,43.88,125.32,NASA POWER API
1778,1778,2024-11-13,3.27,0.01,70.87,3.81,99.39,9.56,东北_吉林,43.88,125.32,NASA POWER API
1779,1779,2024-11-14,6.42,2.36,91.62,3.86,99.08,2.79,东北_吉林,43.88,125.32,NASA POWER API
1780,1780,2024-11-15,5.46,1.2,91.12,2.71,99.25,6.24,东北_吉林,43.88,125.32,NASA POWER API
1781,1781,2024-11-16,1.1,0.84,76.7,3.77,99.24,3.41,东北_吉林,43.88,125.32,NASA POWER API
1782,1782,2024-11-17,-4.99,0.0,63.22,3.95,100.1,9.16,东北_吉林,43.88,125.32,NASA POWER API
1783,1783,2024-11-18,-8.12,0.0,57.76,2.7,101.04,10.33,东北_吉林,43.88,125.32,NASA POWER API
1784,1784,2024-11-19,-4.55,0.01,76.73,4.33,99.93,8.8,东北_吉林,43.88,125.32,NASA POWER API
1785,1785,2024-11-20,-1.79,0.01,83.39,3.43,99.34,8.69,东北_吉林,43.88,125.32,NASA POWER API
1786,1786,2024-11-21,-1.43,0.19,86.18,3.51,99.18,5.16,东北_吉林,43.88,125.32,NASA POWER API
1787,1787,2024-11-22,-5.71,0.01,79.07,2.79,100.39,8.78,东北_吉林,43.88,125.32,NASA POWER API
1788,1788,2024-11-23,-5.76,0.01,70.7,1.33,100.52,9.38,东北_吉林,43.88,125.32,NASA POWER API
1789,1789,2024-11-24,-2.01,0.02,81.44,2.86,100.09,4.92,东北_吉林,43.88,125.32,NASA POWER API
1790,1790,2024-11-25,1.65,6.44,96.02,4.04,99.39,2.76,东北_吉林,43.88,125.32,NASA POWER API
1791,1791,2024-11-26,-3.64,6.96,79.71,4.79,97.94,2.34,东北_吉林,43.88,125.32,NASA POWER API
1792,1792,2024-11-27,-9.86,0.69,76.23,5.63,97.59,3.43,东北_吉林,43.88,125.32,NASA POWER API
1793,1793,2024-11-28,-8.06,3.2,82.63,5.11,97.69,4.53,东北_吉林,43.88,125.32,NASA POWER API
1794,1794,2024-11-29,-9.84,0.13,87.08,3.78,97.99,8.17,东北_吉林,43.88,125.32,NASA POWER API
1795,1795,2024-11-30,-8.28,0.04,89.87,2.57,98.42,6.96,东北_吉林,43.88,125.32,NASA POWER API
1796,1796,2024-12-01,-4.9,1.25,89.75,4.17,98.33,1.81,东北_吉林,43.88,125.32,NASA POWER API
1797,1797,2024-12-02,-12.41,0.02,75.49,3.99,99.2,8.88,东北_吉林,43.88,125.32,NASA POWER API
1798,1798,2024-12-03,-14.73,0.03,82.09,4.03,99.2,8.24,东北_吉林,43.88,125.32,NASA POWER API
1799,1799,2024-12-04,-12.17,0.0,83.04,5.04,98.79,8.31,东北_吉林,43.88,125.32,NASA POWER API
1800,1800,2024-12-05,-10.96,0.04,84.83,4.04,98.45,6.58,东北_吉林,43.88,125.32,NASA POWER API
1801,1801,2024-12-06,-12.42,0.03,81.49,2.6,99.43,5.45,东北_吉林,43.88,125.32,NASA POWER API
1802,1802,2024-12-07,-14.17,0.0,84.26,3.03,99.64,7.95,东北_吉林,43.88,125.32,NASA POWER API
1803,1803,2024-12-08,-12.32,0.01,86.39,2.01,99.8,7.89,东北_吉林,43.88,125.32,NASA POWER API
1804,1804,2024-12-09,-9.6,0.0,88.64,2.82,99.59,7.39,东北_吉林,43.88,125.32,NASA POWER API
1805,1805,2024-12-10,-9.81,0.0,89.19,2.56,99.88,7.38,东北_吉林,43.88,125.32,NASA POWER API
1806,1806,2024-12-11,-12.89,0.0,84.43,2.29,100.14,7.35,东北_吉林,43.88,125.32,NASA POWER API
1807,1807,2024-12-12,-13.16,0.0,88.67,2.23,99.84,7.25,东北_吉林,43.88,125.32,NASA POWER API
1808,1808,2024-12-13,-13.65,0.0,87.22,1.46,99.75,7.53,东北_吉林,43.88,125.32,NASA POWER API
1809,1809,2024-12-14,-12.3,0.0,83.94,4.95,99.22,7.25,东北_吉林,43.88,125.32,NASA POWER API
1810,1810,2024-12-15,-12.44,0.0,87.9,3.28,98.96,7.38,东北_吉林,43.88,125.32,NASA POWER API
1811,1811,2024-12-16,-14.03,0.0,84.08,2.4,99.27,7.26,东北_吉林,43.88,125.32,NASA POWER API
1812,1812,2024-12-17,-14.83,0.01,83.22,2.3,100.04,6.32,东北_吉林,43.88,125.32,NASA POWER API
1813,1813,2024-12-18,-15.4,0.0,85.64,2.01,100.58,8.04,东北_吉林,43.88,125.32,NASA POWER API
1814,1814,2024-12-19,-12.95,0.0,86.99,2.55,100.2,5.97,东北_吉林,43.88,125.32,NASA POWER API
1815,1815,2024-12-20,-11.61,0.0,82.73,2.68,99.56,4.34,东北_吉林,43.88,125.32,NASA POWER API
1816,1816,2024-12-21,-14.33,0.0,85.56,2.88,99.63,6.27,东北_吉林,43.88,125.32,NASA POWER API
1817,1817,2024-12-22,-13.17,0.0,88.6,2.93,99.62,7.17,东北_吉林,43.88,125.32,NASA POWER API
1818,1818,2024-12-23,-12.92,0.07,87.15,2.32,99.92,6.78,东北_吉林,43.88,125.32,NASA POWER API
1819,1819,2024-12-24,-11.43,0.01,86.05,4.29,99.81,7.29,东北_吉林,43.88,125.32,NASA POWER API
1820,1820,2024-12-25,-9.63,0.11,85.23,5.06,99.1,5.68,东北_吉林,43.88,125.32,NASA POWER API
1821,1821,2024-12-26,-16.0,0.02,86.26,3.72,99.69,7.15,东北_吉林,43.88,125.32,NASA POWER API
1822,1822,2024-12-27,-15.88,0.03,86.33,3.08,99.52,7.17,东北_吉林,43.88,125.32,NASA POWER API
1823,1823,2024-12-28,-16.0,0.0,91.25,3.05,99.27,5.99,东北_吉林,43.88,125.32,NASA POWER API
1824,1824,2024-12-29,-11.63,0.0,89.05,3.23,99.19,6.64,东北_吉林,43.88,125.32,NASA POWER API
1825,1825,2024-12-30,-9.14,0.06,88.67,3.79,98.69,6.16,东北_吉林,43.88,125.32,NASA POWER API
1826,1826,2024-12-31,-10.97,0.04,88.2,3.3,98.98,7.12,东北_吉林,43.88,125.32,NASA POWER API
1827,1827,2025-01-01,-12.7,0.01,91.86,3.05,99.26,7.29,东北_吉林,43.88,125.32,NASA POWER API
1828,1828,2025-01-02,-14.15,0.0,90.56,2.93,99.59,7.64,东北_吉林,43.88,125.32,NASA POWER API
1829,1829,2025-01-03,-15.05,0.0,86.33,3.07,99.57,7.67,东北_吉林,43.88,125.32,NASA POWER API
1830,1830,2025-01-04,-12.44,0.0,85.59,2.11,99.5,7.07,东北_吉林,43.88,125.32,NASA POWER API
1831,1831,2025-01-05,-14.43,0.03,90.99,2.93,99.21,5.52,东北_吉林,43.88,125.32,NASA POWER API
1832,1832,2025-01-06,-16.86,0.02,87.53,1.86,99.22,7.14,东北_吉林,43.88,125.32,NASA POWER API
1833,1833,2025-01-07,-15.82,0.2,88.07,2.87,98.88,7.42,东北_吉林,43.88,125.32,NASA POWER API
1834,1834,2025-01-08,-21.25,0.31,76.59,2.58,99.67,7.04,东北_吉林,43.88,125.32,NASA POWER API
1835,1835,2025-01-09,-19.45,0.21,93.04,2.37,100.09,7.48,东北_吉林,43.88,125.32,NASA POWER API
1836,1836,2025-01-10,-15.73,0.0,84.31,1.4,100.5,8.28,东北_吉林,43.88,125.32,NASA POWER API
1837,1837,2025-01-11,-14.51,0.0,81.44,1.5,100.21,8.25,东北_吉林,43.88,125.32,NASA POWER API
1838,1838,2025-01-12,-15.04,0.0,89.22,1.75,99.67,7.25,东北_吉林,43.88,125.32,NASA POWER API
1839,1839,2025-01-13,-11.94,0.42,93.11,3.41,99.19,4.65,东北_吉林,43.88,125.32,NASA POWER API
1840,1840,2025-01-14,-15.01,0.06,87.87,3.1,99.63,8.14,东北_吉林,43.88,125.32,NASA POWER API
1841,1841,2025-01-15,-14.98,0.01,82.18,4.49,99.56,8.35,东北_吉林,43.88,125.32,NASA POWER API
1842,1842,2025-01-16,-12.11,0.03,84.16,3.23,99.5,8.61,东北_吉林,43.88,125.32,NASA POWER API
1843,1843,2025-01-17,-8.77,0.07,91.11,4.11,99.38,7.91,东北_吉林,43.88,125.32,NASA POWER API
1844,1844,2025-01-18,-5.67,0.0,92.02,5.01,98.87,7.38,东北_吉林,43.88,125.32,NASA POWER API
1845,1845,2025-01-19,-9.18,0.02,90.51,3.1,98.94,7.68,东北_吉林,43.88,125.32,NASA POWER API
1846,1846,2025-01-20,-10.39,0.13,89.57,1.55,99.16,8.22,东北_吉林,43.88,125.32,NASA POWER API
1847,1847,2025-01-21,-9.03,0.18,87.35,3.3,99.31,7.22,东北_吉林,43.88,125.32,NASA POWER API
1848,1848,2025-01-22,-11.03,0.14,91.49,2.01,99.96,7.31,东北_吉林,43.88,125.32,NASA POWER API
1849,1849,2025-01-23,-11.27,0.01,88.27,0.99,100.1,7.81,东北_吉林,43.88,125.32,NASA POWER API
1850,1850,2025-01-24,-11.74,0.0,89.88,1.53,100.57,7.77,东北_吉林,43.88,125.32,NASA POWER API
1851,1851,2025-01-25,-11.25,0.1,89.44,1.78,100.76,9.15,东北_吉林,43.88,125.32,NASA POWER API
1852,1852,2025-01-26,-9.01,0.49,95.25,2.2,99.73,6.3,东北_吉林,43.88,125.32,NASA POWER API
1853,1853,2025-01-27,-5.65,3.9,92.17,3.87,98.56,6.01,东北_吉林,43.88,125.32,NASA POWER API
1854,1854,2025-01-28,-11.24,3.55,91.29,5.04,98.82,3.89,东北_吉林,43.88,125.32,NASA POWER API
1855,1855,2025-01-29,-13.24,1.77,91.69,3.93,99.42,4.65,东北_吉林,43.88,125.32,NASA POWER API
1856,1856,2025-01-30,-15.36,0.13,90.27,3.49,99.92,9.42,东北_吉林,43.88,125.32,NASA POWER API
1857,1857,2025-01-31,-16.28,0.02,90.08,2.31,100.21,10.8,东北_吉林,43.88,125.32,NASA POWER API
1858,1858,2025-02-01,-14.86,0.2,87.72,1.26,99.97,10.88,东北_吉林,43.88,125.32,NASA POWER API
1859,1859,2025-02-02,-12.18,0.18,86.96,2.06,99.45,9.81,东北_吉林,43.88,125.32,NASA POWER API
1860,1860,2025-02-03,-16.66,0.25,84.43,2.71,99.47,11.58,东北_吉林,43.88,125.32,NASA POWER API
1861,1861,2025-02-04,-19.1,0.1,85.52,2.58,99.24,11.72,东北_吉林,43.88,125.32,NASA POWER API
1862,1862,2025-02-05,-19.21,0.12,80.83,2.18,98.94,12.21,东北_吉林,43.88,125.32,NASA POWER API
1863,1863,2025-02-06,-19.67,0.1,84.5,1.93,99.21,12.01,东北_吉林,43.88,125.32,NASA POWER API
1864,1864,2025-02-07,-15.32,1.16,94.42,3.71,99.35,10.95,东北_吉林,43.88,125.32,NASA POWER API
1865,1865,2025-02-08,-13.26,0.14,89.92,3.13,100.04,7.49,东北_吉林,43.88,125.32,NASA POWER API
1866,1866,2025-02-09,-16.04,0.07,90.32,2.34,99.88,12.74,东北_吉林,43.88,125.32,NASA POWER API
1867,1867,2025-02-10,-14.54,0.0,89.08,2.56,99.57,12.81,东北_吉林,43.88,125.32,NASA POWER API
1868,1868,2025-02-11,-7.91,0.07,93.13,5.29,99.19,9.52,东北_吉林,43.88,125.32,NASA POWER API
1869,1869,2025-02-12,-11.24,0.02,83.44,3.07,98.96,13.17,东北_吉林,43.88,125.32,NASA POWER API
1870,1870,2025-02-13,-10.57,0.0,86.42,4.21,98.71,13.66,东北_吉林,43.88,125.32,NASA POWER API
1871,1871,2025-02-14,-7.55,0.0,90.12,2.96,98.89,13.51,东北_吉林,43.88,125.32,NASA POWER API
1872,1872,2025-02-15,-5.19,0.0,90.7,4.76,98.29,10.89,东北_吉林,43.88,125.32,NASA POWER API
1873,1873,2025-02-16,-8.99,0.45,82.93,3.85,99.03,12.8,东北_吉林,43.88,125.32,NASA POWER API
1874,1874,2025-02-17,-12.7,0.05,81.95,4.0,99.6,13.52,东北_吉林,43.88,125.32,NASA POWER API
1875,1875,2025-02-18,-13.71,0.01,84.94,2.92,100.01,14.71,东北_吉林,43.88,125.32,NASA POWER API
1876,1876,2025-02-19,-11.97,0.01,82.58,2.23,100.24,13.79,东北_吉林,43.88,125.32,NASA POWER API
1877,1877,2025-02-20,-11.69,0.01,78.17,2.48,100.42,14.95,东北_吉林,43.88,125.32,NASA POWER API
1878,1878,2025-02-21,-13.22,0.01,79.97,2.21,100.52,15.02,东北_吉林,43.88,125.32,NASA POWER API
1879,1879,2025-02-22,-13.09,0.01,81.09,1.89,100.66,15.07,东北_吉林,43.88,125.32,NASA POWER API
1880,1880,2025-02-23,-12.48,0.0,80.32,2.41,100.4,15.41,东北_吉林,43.88,125.32,NASA POWER API
1881,1881,2025-02-24,-7.77,0.0,78.51,6.01,99.6,15.68,东北_吉林,43.88,125.32,NASA POWER API
1882,1882,2025-02-25,-6.76,0.0,72.49,6.79,98.9,13.85,东北_吉林,43.88,125.32,NASA POWER API
1883,1883,2025-02-26,-7.66,0.0,72.85,5.15,98.91,15.07,东北_吉林,43.88,125.32,NASA POWER API
1884,1884,2025-02-27,-0.48,0.0,80.66,7.65,98.27,13.71,东北_吉林,43.88,125.32,NASA POWER API
1885,1885,2025-02-28,1.2,0.0,73.35,5.28,98.61,13.12,东北_吉林,43.88,125.32,NASA POWER API
1886,1886,2025-03-01,-3.86,0.12,67.09,4.48,99.33,4.31,东北_吉林,43.88,125.32,NASA POWER API
1887,1887,2025-03-02,-8.87,0.0,65.04,3.57,100.42,14.9,东北_吉林,43.88,125.32,NASA POWER API
1888,1888,2025-03-03,-8.03,0.0,68.51,1.83,100.53,16.4,东北_吉林,43.88,125.32,NASA POWER API
1889,1889,2025-03-04,-5.5,0.0,72.18,2.14,99.88,10.2,东北_吉林,43.88,125.32,NASA POWER API
1890,1890,2025-03-05,-1.44,0.01,71.92,1.91,99.76,13.07,东北_吉林,43.88,125.32,NASA POWER API
1891,1891,2025-03-06,-2.85,0.01,76.41,2.34,100.23,12.05,东北_吉林,43.88,125.32,NASA POWER API
1892,1892,2025-03-07,-1.24,0.0,65.05,3.47,99.77,14.12,东北_吉林,43.88,125.32,NASA POWER API
1893,1893,2025-03-08,0.23,0.07,74.07,3.29,99.48,12.92,东北_吉林,43.88,125.32,NASA POWER API
1894,1894,2025-03-09,2.38,0.0,74.97,4.45,99.66,14.4,东北_吉林,43.88,125.32,NASA POWER API
1895,1895,2025-03-10,4.6,0.02,76.72,9.48,98.81,12.21,东北_吉林,43.88,125.32,NASA POWER API
1896,1896,2025-03-11,6.21,2.75,80.93,6.78,98.54,11.18,东北_吉林,43.88,125.32,NASA POWER API
1897,1897,2025-03-12,2.07,0.62,68.91,7.35,98.1,11.97,东北_吉林,43.88,125.32,NASA POWER API
1898,1898,2025-03-13,-2.08,0.0,63.44,3.83,99.65,18.9,东北_吉林,43.88,125.32,NASA POWER API
1899,1899,2025-03-14,-2.02,0.0,57.99,3.02,100.57,18.89,东北_吉林,43.88,125.32,NASA POWER API
1900,1900,2025-03-15,-2.5,0.0,55.72,2.42,100.35,13.17,东北_吉林,43.88,125.32,NASA POWER API
1901,1901,2025-03-16,-4.21,0.0,59.77,2.2,99.46,15.82,东北_吉林,43.88,125.32,NASA POWER API
1902,1902,2025-03-17,-4.25,0.04,59.89,1.92,99.13,13.83,东北_吉林,43.88,125.32,NASA POWER API
1903,1903,2025-03-18,-4.97,0.03,70.03,2.2,99.39,14.82,东北_吉林,43.88,125.32,NASA POWER API
1904,1904,2025-03-19,0.02,0.0,64.4,4.73,98.99,18.73,东北_吉林,43.88,125.32,NASA POWER API
1905,1905,2025-03-20,3.0,0.01,72.44,5.09,97.97,12.53,东北_吉林,43.88,125.32,NASA POWER API
1906,1906,2025-03-21,6.49,0.05,74.22,4.59,97.51,16.3,东北_吉林,43.88,125.32,NASA POWER API
1907,1907,2025-03-22,2.36,0.0,64.11,2.98,98.12,18.08,东北_吉林,43.88,125.32,NASA POWER API
1908,1908,2025-03-23,7.37,0.0,59.74,3.88,97.79,19.14,东北_吉林,43.88,125.32,NASA POWER API
1909,1909,2025-03-24,3.68,0.0,57.6,4.23,97.63,18.09,东北_吉林,43.88,125.32,NASA POWER API
1910,1910,2025-03-25,-0.29,2.49,75.51,3.53,97.26,3.86,东北_吉林,43.88,125.32,NASA POWER API
1911,1911,2025-03-26,0.61,1.21,90.41,4.99,97.43,4.94,东北_吉林,43.88,125.32,NASA POWER API
1912,1912,2025-03-27,-1.0,0.28,76.27,4.94,98.1,7.98,东北_吉林,43.88,125.32,NASA POWER API
1913,1913,2025-03-28,-2.4,0.58,64.38,4.17,98.77,17.77,东北_吉林,43.88,125.32,NASA POWER API
1914,1914,2025-03-29,-4.18,0.64,57.43,4.6,99.06,13.61,东北_吉林,43.88,125.32,NASA POWER API
1915,1915,2025-03-30,-3.16,0.02,53.99,4.16,99.47,22.54,东北_吉林,43.88,125.32,NASA POWER API
1916,1916,2025-03-31,1.86,0.01,64.04,4.29,98.93,15.16,东北_吉林,43.88,125.32,NASA POWER API
1917,1917,2025-04-01,3.4,1.13,83.53,5.38,98.62,7.5,东北_吉林,43.88,125.32,NASA POWER API
1918,1918,2025-04-02,4.22,0.19,73.27,1.84,99.33,12.86,东北_吉林,43.88,125.32,NASA POWER API
1919,1919,2025-04-03,5.46,0.0,69.09,2.42,99.21,17.33,东北_吉林,43.88,125.32,NASA POWER API
1920,1920,2025-04-04,7.33,4.11,66.16,5.39,98.62,15.14,东北_吉林,43.88,125.32,NASA POWER API
1921,1921,2025-04-05,5.47,2.14,78.17,3.19,98.16,13.13,东北_吉林,43.88,125.32,NASA POWER API
1922,1922,2025-04-06,5.74,0.41,79.34,1.11,98.49,10.42,东北_吉林,43.88,125.32,NASA POWER API
1923,1923,2025-04-07,6.92,0.45,80.26,3.9,98.3,13.76,东北_吉林,43.88,125.32,NASA POWER API
1924,1924,2025-04-08,9.12,0.3,73.34,3.09,98.61,17.22,东北_吉林,43.88,125.32,NASA POWER API
1925,1925,2025-04-09,9.25,0.0,71.84,4.83,98.19,14.34,东北_吉林,43.88,125.32,NASA POWER API
1926,1926,2025-04-10,10.77,0.0,72.44,6.61,97.58,20.93,东北_吉林,43.88,125.32,NASA POWER API
1927,1927,2025-04-11,12.12,0.24,68.17,6.35,97.69,17.04,东北_吉林,43.88,125.32,NASA POWER API
1928,1928,2025-04-12,9.04,26.75,83.73,4.78,97.2,4.17,东北_吉林,43.88,125.32,NASA POWER API
1929,1929,2025-04-13,5.0,17.94,86.76,4.62,96.51,5.67,东北_吉林,43.88,125.32,NASA POWER API
1930,1930,2025-04-14,3.91,0.03,71.68,1.47,97.44,14.57,东北_吉林,43.88,125.32,NASA POWER API
1931,1931,2025-04-15,5.62,0.77,76.7,2.69,97.75,15.32,东北_吉林,43.88,125.32,NASA POWER API
1932,1932,2025-04-16,9.23,0.0,54.32,2.09,97.91,20.95,东北_吉林,43.88,125.32,NASA POWER API
1933,1933,2025-04-17,12.75,3.45,70.71,3.36,97.49,16.38,东北_吉林,43.88,125.32,NASA POWER API
1934,1934,2025-04-18,8.54,0.92,63.34,5.2,98.13,23.84,东北_吉林,43.88,125.32,NASA POWER API
1935,1935,2025-04-19,9.49,1.58,63.78,3.8,98.07,18.02,东北_吉林,43.88,125.32,NASA POWER API
1936,1936,2025-04-20,11.63,0.01,70.14,3.79,98.47,24.84,东北_吉林,43.88,125.32,NASA POWER API
1937,1937,2025-04-21,12.73,12.6,71.5,5.7,98.24,5.69,东北_吉林,43.88,125.32,NASA POWER API
1938,1938,2025-04-22,8.21,1.68,64.28,2.94,98.43,19.5,东北_吉林,43.88,125.32,NASA POWER API
1939,1939,2025-04-23,10.2,6.77,61.62,5.42,97.7,24.19,东北_吉林,43.88,125.32,NASA POWER API
1940,1940,2025-04-24,5.86,0.19,59.88,6.03,97.75,21.32,东北_吉林,43.88,125.32,NASA POWER API
1941,1941,2025-04-25,5.17,0.1,64.87,4.22,98.28,17.55,东北_吉林,43.88,125.32,NASA POWER API
1942,1942,2025-04-26,9.85,0.11,59.48,2.34,98.58,22.7,东北_吉林,43.88,125.32,NASA POWER API
1943,1943,2025-04-27,8.22,0.73,64.05,3.98,98.35,21.56,东北_吉林,43.88,125.32,NASA POWER API
1944,1944,2025-04-28,6.94,0.16,64.28,2.45,98.51,25.41,东北_吉林,43.88,125.32,NASA POWER API
1945,1945,2025-04-29,11.91,0.02,59.54,5.65,97.68,24.35,东北_吉林,43.88,125.32,NASA POWER API
1946,1946,2025-04-30,11.34,2.68,64.49,2.12,97.96,14.14,东北_吉林,43.88,125.32,NASA POWER API
1947,1947,2025-05-01,7.56,2.33,73.39,2.84,97.98,12.19,东北_吉林,43.88,125.32,NASA POWER API
1948,1948,2025-05-02,9.77,0.02,64.69,2.92,98.0,22.86,东北_吉林,43.88,125.32,NASA POWER API
1949,1949,2025-05-03,7.67,5.53,85.62,2.54,97.71,15.06,东北_吉林,43.88,125.32,NASA POWER API
1950,1950,2025-05-04,6.08,1.97,75.94,2.78,98.13,19.02,东北_吉林,43.88,125.32,NASA POWER API
1951,1951,2025-05-05,9.55,0.18,64.92,3.73,98.24,18.09,东北_吉林,43.88,125.32,NASA POWER API
1952,1952,2025-05-06,9.37,0.29,75.23,2.9,98.25,21.01,东北_吉林,43.88,125.32,NASA POWER API
1953,1953,2025-05-07,12.24,2.2,66.9,4.72,98.18,20.16,东北_吉林,43.88,125.32,NASA POWER API
1954,1954,2025-05-08,12.49,6.6,80.57,5.34,98.36,9.78,东北_吉林,43.88,125.32,NASA POWER API
1955,1955,2025-05-09,12.43,0.13,81.52,4.11,98.38,10.28,东北_吉林,43.88,125.32,NASA POWER API
1956,1956,2025-05-10,12.97,0.11,66.42,4.54,97.72,21.77,东北_吉林,43.88,125.32,NASA POWER API
1957,1957,2025-05-11,15.48,0.0,55.74,3.95,97.42,28.23,东北_吉林,43.88,125.32,NASA POWER API
1958,1958,2025-05-12,17.0,0.11,65.75,4.95,97.44,17.09,东北_吉林,43.88,125.32,NASA POWER API
1959,1959,2025-05-13,18.02,0.01,69.93,5.73,97.67,11.82,东北_吉林,43.88,125.32,NASA POWER API
1960,1960,2025-05-14,13.55,15.64,81.71,3.34,98.4,3.59,东北_吉林,43.88,125.32,NASA POWER API
1961,1961,2025-05-15,14.86,0.28,71.43,4.35,98.36,26.2,东北_吉林,43.88,125.32,NASA POWER API
1962,1962,2025-05-16,16.71,2.44,66.22,3.83,98.04,24.5,东北_吉林,43.88,125.32,NASA POWER API
1963,1963,2025-05-17,10.92,14.27,76.3,4.91,97.56,6.79,东北_吉林,43.88,125.32,NASA POWER API
1964,1964,2025-05-18,10.49,0.17,62.56,4.78,97.73,24.93,东北_吉林,43.88,125.32,NASA POWER API
1965,1965,2025-05-19,11.97,1.94,65.32,5.19,97.18,16.32,东北_吉林,43.88,125.32,NASA POWER API
1966,1966,2025-05-20,10.38,0.66,72.34,2.92,97.95,12.68,东北_吉林,43.88,125.32,NASA POWER API
1967,1967,2025-05-21,12.65,0.03,68.08,1.82,98.52,22.73,东北_吉林,43.88,125.32,NASA POWER API
1968,1968,2025-05-22,14.09,0.28,58.48,2.2,98.72,23.44,东北_吉林,43.88,125.32,NASA POWER API
1969,1969,2025-05-23,15.86,0.0,54.31,1.39,98.78,23.62,东北_吉林,43.88,125.32,NASA POWER API
1970,1970,2025-05-24,13.67,0.07,69.55,1.93,98.56,18.47,东北_吉林,43.88,125.32,NASA POWER API
1971,1971,2025-05-25,15.07,0.07,68.1,2.11,98.72,23.47,东北_吉林,43.88,125.32,NASA POWER API
1972,1972,2025-05-26,16.51,0.37,69.13,1.67,98.7,13.92,东北_吉林,43.88,125.32,NASA POWER API
1973,1973,2025-05-27,18.48,0.0,65.07,2.42,98.92,25.31,东北_吉林,43.88,125.32,NASA POWER API
1974,1974,2025-05-28,19.76,0.0,67.1,2.2,98.98,26.33,东北_吉林,43.88,125.32,NASA POWER API
1975,1975,2025-05-29,19.96,0.0,68.83,3.35,98.74,25.42,东北_吉林,43.88,125.32,NASA POWER API
1976,1976,2025-05-30,21.4,0.0,68.17,3.69,98.46,23.93,东北_吉林,43.88,125.32,NASA POWER API
1977,1977,2025-05-31,19.28,0.06,72.34,3.58,98.37,15.78,东北_吉林,43.88,125.32,NASA POWER API
1978,1978,2025-06-01,17.8,0.42,71.6,2.75,98.45,18.56,东北_吉林,43.88,125.32,NASA POWER API
1979,1979,2025-06-02,17.44,5.16,81.78,3.24,97.46,10.32,东北_吉林,43.88,125.32,NASA POWER API
1980,1980,2025-06-03,13.73,3.04,79.1,3.49,96.93,16.82,东北_吉林,43.88,125.32,NASA POWER API
1981,1981,2025-06-04,15.48,0.72,73.27,1.87,97.43,20.13,东北_吉林,43.88,125.32,NASA POWER API
1982,1982,2025-06-05,16.83,0.32,62.64,4.09,97.46,18.02,东北_吉林,43.88,125.32,NASA POWER API
1983,1983,2025-06-06,17.2,0.0,53.26,4.21,97.62,27.16,东北_吉林,43.88,125.32,NASA POWER API
1984,1984,2025-06-07,17.61,0.05,63.23,1.93,98.03,25.69,东北_吉林,43.88,125.32,NASA POWER API
1985,1985,2025-06-08,20.95,0.0,59.26,4.93,97.72,28.2,东北_吉林,43.88,125.32,NASA POWER API
1986,1986,2025-06-09,17.08,11.08,71.7,2.56,97.9,18.05,东北_吉林,43.88,125.32,NASA POWER API
1987,1987,2025-06-10,12.82,24.84,87.91,4.82,97.63,6.88,东北_吉林,43.88,125.32,NASA POWER API
1988,1988,2025-06-11,18.33,0.18,69.51,2.56,98.38,27.26,东北_吉林,43.88,125.32,NASA POWER API
1989,1989,2025-06-12,20.8,0.88,68.01,4.65,98.47,19.43,东北_吉林,43.88,125.32,NASA POWER API
1990,1990,2025-06-13,21.03,0.14,64.28,5.2,98.11,25.1,东北_吉林,43.88,125.32,NASA POWER API
1991,1991,2025-06-14,21.35,0.82,69.11,3.03,97.62,18.92,东北_吉林,43.88,125.32,NASA POWER API
1992,1992,2025-06-15,20.77,2.96,78.5,2.25,97.18,8.44,东北_吉林,43.88,125.32,NASA POWER API
1993,1993,2025-06-16,20.49,1.52,77.0,4.01,96.76,21.59,东北_吉林,43.88,125.32,NASA POWER API
1994,1994,2025-06-17,20.26,3.61,75.25,2.53,97.5,19.67,东北_吉林,43.88,125.32,NASA POWER API
1995,1995,2025-06-18,21.64,2.24,78.59,3.76,97.98,23.63,东北_吉林,43.88,125.32,NASA POWER API
1996,1996,2025-06-19,20.49,19.64,88.44,3.91,98.1,8.5,东北_吉林,43.88,125.32,NASA POWER API
1997,1997,2025-06-20,20.09,1.12,71.45,3.16,97.61,19.78,东北_吉林,43.88,125.32,NASA POWER API
1998,1998,2025-06-21,18.4,0.24,71.05,3.7,97.44,22.32,东北_吉林,43.88,125.32,NASA POWER API
1999,1999,2025-06-22,22.74,0.02,65.55,2.62,97.72,27.67,东北_吉林,43.88,125.32,NASA POWER API
2000,2000,2025-06-23,23.81,0.0,65.86,2.23,97.98,29.19,东北_吉林,43.88,125.32,NASA POWER API
2001,2001,2025-06-24,24.58,0.0,66.66,2.55,98.31,27.86,东北_吉林,43.88,125.32,NASA POWER API
2002,2002,2025-06-25,26.07,0.0,63.8,1.25,98.26,24.44,东北_吉林,43.88,125.32,NASA POWER API
2003,2003,2025-06-26,26.29,0.06,64.75,0.99,98.08,25.22,东北_吉林,43.88,125.32,NASA POWER API
2004,2004,2025-06-27,23.68,1.93,84.43,1.58,98.19,13.01,东北_吉林,43.88,125.32,NASA POWER API
2005,2005,2025-06-28,23.73,1.36,84.35,1.39,97.9,10.8,东北_吉林,43.88,125.32,NASA POWER API
2006,2006,2025-06-29,23.79,1.26,84.2,2.89,97.85,14.35,东北_吉林,43.88,125.32,NASA POWER API
2007,2007,2025-06-30,23.23,23.58,90.12,1.57,98.07,7.12,东北_吉林,43.88,125.32,NASA POWER API
2008,2008,2025-07-01,23.92,5.16,87.55,3.15,98.07,15.1,东北_吉林,43.88,125.32,NASA POWER API
2009,2009,2025-07-02,26.1,1.61,81.33,5.31,97.94,21.46,东北_吉林,43.88,125.32,NASA POWER API
2010,2010,2025-07-03,24.76,0.33,88.46,3.7,97.84,16.62,东北_吉林,43.88,125.32,NASA POWER API
2011,2011,2025-07-04,25.52,0.17,77.08,1.72,97.65,24.15,东北_吉林,43.88,125.32,NASA POWER API
2012,2012,2025-07-05,25.59,14.94,87.35,3.86,97.25,13.77,东北_吉林,43.88,125.32,NASA POWER API
2013,2013,2025-07-06,23.91,0.04,65.61,2.62,97.81,29.21,东北_吉林,43.88,125.32,NASA POWER API
2014,2014,2025-07-07,24.8,0.0,66.95,1.71,98.15,29.26,东北_吉林,43.88,125.32,NASA POWER API
2015,2015,2025-07-08,25.94,0.04,74.26,1.82,98.31,23.75,东北_吉林,43.88,125.32,NASA POWER API
2016,2016,2025-07-09,27.67,0.16,79.4,1.13,98.48,22.32,东北_吉林,43.88,125.32,NASA POWER API
2017,2017,2025-07-10,27.84,0.01,78.25,1.93,98.53,22.53,东北_吉林,43.88,125.32,NASA POWER API
2018,2018,2025-07-11,27.02,0.05,78.22,3.38,98.56,24.53,东北_吉林,43.88,125.32,NASA POWER API
2019,2019,2025-07-12,25.92,5.3,80.29,4.06,98.12,25.31,东北_吉林,43.88,125.32,NASA POWER API
2020,2020,2025-07-13,23.59,5.27,78.01,2.7,97.78,21.34,东北_吉林,43.88,125.32,NASA POWER API
2021,2021,2025-07-14,22.6,0.15,71.37,2.86,97.69,28.44,东北_吉林,43.88,125.32,NASA POWER API
2022,2022,2025-07-15,23.71,1.01,75.99,2.47,97.36,22.74,东北_吉林,43.88,125.32,NASA POWER API
2023,2023,2025-07-16,23.15,2.84,85.99,2.28,97.3,10.82,东北_吉林,43.88,125.32,NASA POWER API
2024,2024,2025-07-17,23.62,5.55,80.12,1.98,97.71,15.52,东北_吉林,43.88,125.32,NASA POWER API
2025,2025,2025-07-18,23.28,5.97,83.58,0.78,97.9,14.0,东北_吉林,43.88,125.32,NASA POWER API
2026,2026,2025-07-19,25.35,1.29,80.41,2.17,97.96,24.28,东北_吉林,43.88,125.32,NASA POWER API
2027,2027,2025-07-20,22.82,7.33,88.11,4.2,97.97,8.79,东北_吉林,43.88,125.32,NASA POWER API
2028,2028,2025-07-21,23.91,1.55,78.81,3.6,98.2,20.43,东北_吉林,43.88,125.32,NASA POWER API
2029,2029,2025-07-22,25.79,0.31,78.32,4.59,98.35,27.23,东北_吉林,43.88,125.32,NASA POWER API
2030,2030,2025-07-23,26.39,0.06,79.51,4.03,98.35,22.95,东北_吉林,43.88,125.32,NASA POWER API
2031,2031,2025-07-24,25.92,5.51,82.85,4.13,98.23,17.64,东北_吉林,43.88,125.32,NASA POWER API
2032,2032,2025-07-25,24.25,59.27,93.33,3.0,98.18,6.18,东北_吉林,43.88,125.32,NASA POWER API
2033,2033,2025-07-26,24.02,58.58,94.26,3.33,98.03,11.58,东北_吉林,43.88,125.32,NASA POWER API
2034,2034,2025-07-27,24.91,3.81,90.5,1.06,97.94,5.58,东北_吉林,43.88,125.32,NASA POWER API
2035,2035,2025-07-28,24.68,2.78,82.03,1.1,97.82,19.79,东北_吉林,43.88,125.32,NASA POWER API
2036,2036,2025-07-29,23.53,25.05,93.7,3.66,97.22,10.27,东北_吉林,43.88,125.32,NASA POWER API
2037,2037,2025-07-30,20.98,0.28,78.2,2.22,97.58,20.48,东北_吉林,43.88,125.32,NASA POWER API
2038,2038,2025-07-31,22.83,0.04,75.04,2.23,97.82,20.35,东北_吉林,43.88,125.32,NASA POWER API
2039,2039,2025-08-01,24.93,0.65,69.08,0.97,97.72,23.36,东北_吉林,43.88,125.32,NASA POWER API
2040,2040,2025-08-02,24.68,1.77,84.92,3.25,97.51,19.8,东北_吉林,43.88,125.32,NASA POWER API
2041,2041,2025-08-03,22.72,3.01,86.49,2.33,97.43,10.46,东北_吉林,43.88,125.32,NASA POWER API
2042,2042,2025-08-04,22.14,0.03,74.89,1.1,97.89,26.19,东北_吉林,43.88,125.32,NASA POWER API
2043,2043,2025-08-05,23.03,1.95,73.29,1.22,97.82,8.33,东北_吉林,43.88,125.32,NASA POWER API
2044,2044,2025-08-06,21.13,7.87,85.3,1.57,97.7,11.9,东北_吉林,43.88,125.32,NASA POWER API
2045,2045,2025-08-07,21.1,1.17,81.14,2.27,97.91,22.4,东北_吉林,43.88,125.32,NASA POWER API
2046,2046,2025-08-08,21.72,0.09,76.83,0.81,97.97,20.15,东北_吉林,43.88,125.32,NASA POWER API
2047,2047,2025-08-09,21.28,4.38,83.8,1.95,97.63,17.3,东北_吉林,43.88,125.32,NASA POWER API
2048,2048,2025-08-10,19.93,0.06,75.75,1.95,97.91,24.89,东北_吉林,43.88,125.32,NASA POWER API
2049,2049,2025-08-11,19.36,1.5,74.99,1.13,98.05,14.4,东北_吉林,43.88,125.32,NASA POWER API
2050,2050,2025-08-12,22.5,6.05,87.6,3.12,98.21,19.38,东北_吉林,43.88,125.32,NASA POWER API
2051,2051,2025-08-13,23.27,3.06,83.12,2.97,98.41,19.72,东北_吉林,43.88,125.32,NASA POWER API
2052,2052,2025-08-14,22.59,0.26,82.1,2.83,98.6,24.31,东北_吉林,43.88,125.32,NASA POWER API
2053,2053,2025-08-15,24.42,1.33,84.27,4.75,98.43,17.25,东北_吉林,43.88,125.32,NASA POWER API
2054,2054,2025-08-16,22.87,10.31,92.15,3.17,98.17,9.16,东北_吉林,43.88,125.32,NASA POWER API
2055,2055,2025-08-17,19.74,0.06,78.1,2.15,98.86,24.9,东北_吉林,43.88,125.32,NASA POWER API
2056,2056,2025-08-18,21.71,0.41,78.58,1.85,98.37,19.27,东北_吉林,43.88,125.32,NASA POWER API
2057,2057,2025-08-19,24.37,2.08,80.13,3.12,97.97,17.45,东北_吉林,43.88,125.32,NASA POWER API
2058,2058,2025-08-20,23.25,1.07,73.22,1.36,98.21,22.75,东北_吉林,43.88,125.32,NASA POWER API
2059,2059,2025-08-21,22.79,26.41,80.1,2.66,98.25,17.59,东北_吉林,43.88,125.32,NASA POWER API
2060,2060,2025-08-22,24.41,22.64,88.47,3.44,97.72,19.15,东北_吉林,43.88,125.32,NASA POWER API
2061,2061,2025-08-23,22.9,3.41,84.55,2.93,98.21,17.5,东北_吉林,43.88,125.32,NASA POWER API
2062,2062,2025-08-24,22.19,2.38,78.93,1.77,98.64,14.93,东北_吉林,43.88,125.32,NASA POWER API
2063,2063,2025-08-25,21.13,5.46,87.24,1.5,98.46,8.07,东北_吉林,43.88,125.32,NASA POWER API
2064,2064,2025-08-26,20.51,0.99,84.93,2.04,98.44,17.72,东北_吉林,43.88,125.32,NASA POWER API
2065,2065,2025-08-27,19.81,0.07,83.79,1.1,98.77,15.28,东北_吉林,43.88,125.32,NASA POWER API
2066,2066,2025-08-28,18.54,9.86,88.48,1.24,98.47,3.99,东北_吉林,43.88,125.32,NASA POWER API
2067,2067,2025-08-29,19.82,0.17,83.91,1.85,98.55,9.22,东北_吉林,43.88,125.32,NASA POWER API
2068,2068,2025-08-30,20.83,0.05,89.0,2.15,98.69,12.78,东北_吉林,43.88,125.32,NASA POWER API
2069,2069,2025-08-31,19.97,0.18,90.02,1.53,98.42,10.45,东北_吉林,43.88,125.32,NASA POWER API
2070,2070,2025-09-01,20.79,0.46,83.29,1.66,98.03,19.81,东北_吉林,43.88,125.32,NASA POWER API
2071,2071,2025-09-02,21.39,0.0,77.49,2.07,98.36,20.51,东北_吉林,43.88,125.32,NASA POWER API
2072,2072,2025-09-03,20.9,0.02,81.09,3.63,98.44,16.12,东北_吉林,43.88,125.32,NASA POWER API
2073,2073,2025-09-04,21.81,0.01,80.15,2.26,98.58,21.96,东北_吉林,43.88,125.32,NASA POWER API
2074,2074,2025-09-05,21.62,2.1,82.61,2.62,98.32,17.4,东北_吉林,43.88,125.32,NASA POWER API
2075,2075,2025-09-06,20.02,5.21,73.71,3.13,98.0,19.62,东北_吉林,43.88,125.32,NASA POWER API
2076,2076,2025-09-07,17.4,5.19,72.25,4.07,97.84,20.56,东北_吉林,43.88,125.32,NASA POWER API
2077,2077,2025-09-08,16.0,0.01,66.8,3.2,98.16,22.0,东北_吉林,43.88,125.32,NASA POWER API
2078,2078,2025-09-09,15.87,0.01,66.8,2.69,98.54,20.76,东北_吉林,43.88,125.32,NASA POWER API
2079,2079,2025-09-10,17.87,1.61,63.0,1.22,98.89,17.57,东北_吉林,43.88,125.32,NASA POWER API
2080,2080,2025-09-11,18.65,0.41,79.97,2.88,98.89,16.84,东北_吉林,43.88,125.32,NASA POWER API
2081,2081,2025-09-12,20.41,1.66,87.03,3.67,98.61,13.69,东北_吉林,43.88,125.32,NASA POWER API
2082,2082,2025-09-13,21.57,1.92,83.37,1.79,98.22,18.49,东北_吉林,43.88,125.32,NASA POWER API
2083,2083,2025-09-14,20.35,1.03,71.34,5.42,97.88,11.87,东北_吉林,43.88,125.32,NASA POWER API
2084,2084,2025-09-15,16.63,0.98,69.37,3.01,98.71,20.02,东北_吉林,43.88,125.32,NASA POWER API
2085,2085,2025-09-16,15.9,6.23,72.0,4.49,98.46,16.14,东北_吉林,43.88,125.32,NASA POWER API
2086,2086,2025-09-17,12.88,1.93,67.98,1.85,99.01,19.08,东北_吉林,43.88,125.32,NASA POWER API
2087,2087,2025-09-18,14.23,0.0,63.79,0.96,99.37,20.63,东北_吉林,43.88,125.32,NASA POWER API
2088,2088,2025-09-19,14.9,0.0,67.45,1.77,99.12,15.29,东北_吉林,43.88,125.32,NASA POWER API
2089,2089,2025-09-20,16.04,0.0,68.58,2.01,98.87,18.01,东北_吉林,43.88,125.32,NASA POWER API
2090,2090,2025-09-21,15.83,0.01,72.38,1.27,99.41,19.08,东北_吉林,43.88,125.32,NASA POWER API
2091,2091,2025-09-22,14.62,0.0,81.53,2.03,99.51,12.29,东北_吉林,43.88,125.32,NASA POWER API
2092,2092,2025-09-23,16.99,0.03,71.94,2.35,99.27,15.0,东北_吉林,43.88,125.32,NASA POWER API
2093,2093,2025-09-24,15.84,10.25,83.52,4.13,98.39,7.51,东北_吉林,43.88,125.32,NASA POWER API
2094,2094,2025-09-25,16.18,0.06,74.12,3.67,98.78,18.06,东北_吉林,43.88,125.32,NASA POWER API
2095,2095,2025-09-26,16.88,0.0,70.06,1.44,99.41,18.16,东北_吉林,43.88,125.32,NASA POWER API
2096,2096,2025-09-27,15.45,0.0,71.76,1.88,99.14,15.22,东北_吉林,43.88,125.32,NASA POWER API
2097,2097,2025-09-28,15.71,0.09,83.94,2.37,98.58,7.9,东北_吉林,43.88,125.32,NASA POWER API
2098,2098,2025-09-29,16.74,0.05,82.76,2.26,98.62,16.84,东北_吉林,43.88,125.32,NASA POWER API
2099,2099,2025-09-30,18.05,0.23,84.54,4.04,98.19,12.09,东北_吉林,43.88,125.32,NASA POWER API
2100,2100,2025-10-01,17.54,0.14,86.29,2.72,98.45,13.14,东北_吉林,43.88,125.32,NASA POWER API
2101,2101,2025-10-02,17.63,0.01,83.59,2.35,99.04,15.76,东北_吉林,43.88,125.32,NASA POWER API
2102,2102,2025-10-03,18.38,0.02,81.56,2.85,99.12,16.04,东北_吉林,43.88,125.32,NASA POWER API
2103,2103,2025-10-04,17.55,0.03,75.83,3.85,98.98,14.18,东北_吉林,43.88,125.32,NASA POWER API
2104,2104,2025-10-05,10.01,0.0,56.92,3.33,99.62,8.15,东北_吉林,43.88,125.32,NASA POWER API
2105,2105,2025-10-06,8.97,0.0,63.86,2.49,99.59,8.85,东北_吉林,43.88,125.32,NASA POWER API
2106,2106,2025-10-07,12.09,0.01,70.16,3.74,99.14,13.38,东北_吉林,43.88,125.32,NASA POWER API
2107,2107,2025-10-08,6.67,0.0,60.72,2.35,99.89,15.16,东北_吉林,43.88,125.32,NASA POWER API
2108,2108,2025-10-09,6.23,0.0,63.51,2.22,99.96,11.44,东北_吉林,43.88,125.32,NASA POWER API
2109,2109,2025-10-10,8.67,0.0,66.31,2.11,99.53,13.83,东北_吉林,43.88,125.32,NASA POWER API
2110,2110,2025-10-11,10.59,0.57,75.77,2.5,98.86,5.09,东北_吉林,43.88,125.32,NASA POWER API
2111,2111,2025-10-12,5.93,0.08,70.09,2.81,99.53,8.52,东北_吉林,43.88,125.32,NASA POWER API
2112,2112,2025-10-13,8.18,0.0,70.61,1.49,99.17,13.94,东北_吉林,43.88,125.32,NASA POWER API
2113,2113,2025-10-14,5.41,0.15,80.48,3.42,99.65,11.99,东北_吉林,43.88,125.32,NASA POWER API
2114,2114,2025-10-15,4.29,1.14,89.15,2.7,99.66,7.37,东北_吉林,43.88,125.32,NASA POWER API
2115,2115,2025-10-16,2.45,0.1,74.1,3.24,100.23,12.19,东北_吉林,43.88,125.32,NASA POWER API
2116,2116,2025-10-17,0.67,5.1,85.35,2.26,100.02,1.89,东北_吉林,43.88,125.32,NASA POWER API
2117,2117,2025-10-18,-0.24,0.03,74.06,1.63,100.35,9.21,东北_吉林,43.88,125.32,NASA POWER API
2118,2118,2025-10-19,-0.96,0.06,67.41,2.83,100.31,12.04,东北_吉林,43.88,125.32,NASA POWER API
2119,2119,2025-10-20,-1.59,0.0,71.16,2.48,100.54,11.47,东北_吉林,43.88,125.32,NASA POWER API
2120,2120,2025-10-21,-0.3,0.0,69.58,1.73,100.64,13.63,东北_吉林,43.88,125.32,NASA POWER API
2121,2121,2025-10-22,0.68,0.01,66.07,1.63,100.69,13.6,东北_吉林,43.88,125.32,NASA POWER API
2122,2122,2025-10-23,-0.25,0.0,68.19,2.09,100.83,13.12,东北_吉林,43.88,125.32,NASA POWER API
2123,2123,2025-10-24,1.45,0.0,59.46,0.97,100.29,13.33,东北_吉林,43.88,125.32,NASA POWER API
2124,2124,2025-10-25,2.68,0.0,62.92,3.04,99.42,12.55,东北_吉林,43.88,125.32,NASA POWER API
2125,2125,2025-10-26,0.45,0.0,58.99,3.99,99.18,13.33,东北_吉林,43.88,125.32,NASA POWER API
2126,2126,2025-10-27,-1.89,0.0,64.13,3.94,99.11,13.0,东北_吉林,43.88,125.32,NASA POWER API
2127,2127,2025-10-28,-1.5,0.0,66.06,2.37,99.76,12.22,东北_吉林,43.88,125.32,NASA POWER API
2128,2128,2025-10-29,4.18,2.99,89.09,4.91,99.21,4.74,东北_吉林,43.88,125.32,NASA POWER API
2129,2129,2025-10-30,1.66,0.04,67.78,2.62,99.64,12.0,东北_吉林,43.88,125.32,NASA POWER API
2130,2130,2025-10-31,2.51,1.87,60.98,2.03,99.24,11.65,东北_吉林,43.88,125.32,NASA POWER API
2131,2131,2025-11-01,2.07,2.18,74.19,3.87,98.39,6.43,东北_吉林,43.88,125.32,NASA POWER API
2132,2132,2025-11-02,-2.98,0.06,76.57,3.69,99.62,6.94,东北_吉林,43.88,125.32,NASA POWER API
2133,2133,2025-11-03,0.07,0.0,67.48,4.65,99.71,11.44,东北_吉林,43.88,125.32,NASA POWER API
2134,2134,2025-11-04,2.74,0.0,68.35,3.35,99.44,8.75,东北_吉林,43.88,125.32,NASA POWER API
2135,2135,2025-11-05,4.9,0.15,90.93,3.84,99.41,4.65,东北_吉林,43.88,125.32,NASA POWER API
2136,2136,2025-11-06,1.72,0.0,74.5,1.9,100.04,10.78,东北_吉林,43.88,125.32,NASA POWER API
2137,2137,2025-11-07,-1.82,0.0,64.86,4.31,100.56,8.85,东北_吉林,43.88,125.32,NASA POWER API
2138,2138,2025-11-08,0.81,1.01,89.76,3.82,99.18,1.92,东北_吉林,43.88,125.32,NASA POWER API
2139,2139,2025-11-09,-1.19,0.04,68.38,4.79,98.65,10.46,东北_吉林,43.88,125.32,NASA POWER API
2140,2140,2025-11-10,-2.6,0.0,65.74,2.71,99.14,11.01,东北_吉林,43.88,125.32,NASA POWER API
2141,2141,2025-11-11,-0.76,0.0,64.12,1.51,99.53,10.41,东北_吉林,43.88,125.32,NASA POWER API
2142,2142,2025-11-12,1.9,0.06,76.94,5.35,98.75,8.25,东北_吉林,43.88,125.32,NASA POWER API
2143,2143,2025-11-13,-1.57,0.0,60.59,3.42,99.37,10.58,东北_吉林,43.88,125.32,NASA POWER API
2144,2144,2025-11-14,-0.81,0.0,56.32,1.15,99.55,9.94,东北_吉林,43.88,125.32,NASA POWER API
2145,2145,2025-11-15,1.0,0.04,87.73,3.85,99.27,7.44,东北_吉林,43.88,125.32,NASA POWER API
2146,2146,2025-11-16,-0.87,0.98,56.38,5.17,99.44,6.36,东北_吉林,43.88,125.32,NASA POWER API
2147,2147,2025-11-17,-6.16,0.45,55.46,4.81,99.95,5.87,东北_吉林,43.88,125.32,NASA POWER API
2148,2148,2025-11-18,-7.1,0.01,73.33,1.85,99.82,9.68,东北_吉林,43.88,125.32,NASA POWER API
2149,2149,2025-11-19,-2.57,0.0,71.36,5.35,99.23,8.82,东北_吉林,43.88,125.32,NASA POWER API
2150,2150,2025-11-20,-3.37,0.0,67.89,4.5,99.09,7.64,东北_吉林,43.88,125.32,NASA POWER API
2151,2151,2025-11-21,-2.72,0.0,67.93,3.24,99.27,9.13,东北_吉林,43.88,125.32,NASA POWER API
2152,2152,2025-11-22,0.56,0.0,75.05,5.54,98.88,8.15,东北_吉林,43.88,125.32,NASA POWER API
2153,2153,2025-11-23,0.99,0.02,86.82,3.88,98.69,6.74,东北_吉林,43.88,125.32,NASA POWER API
2154,2154,2025-11-24,-1.84,0.02,74.94,3.47,99.15,3.84,东北_吉林,43.88,125.32,NASA POWER API
2155,2155,2025-11-25,-5.94,0.0,74.11,1.62,99.3,7.24,东北_吉林,43.88,125.32,NASA POWER API
2156,2156,2025-11-26,-3.34,0.17,78.99,3.31,99.07,5.5,东北_吉林,43.88,125.32,NASA POWER API
2157,2157,2025-11-27,-6.59,0.67,66.68,3.01,99.03,5.46,东北_吉林,43.88,125.32,NASA POWER API
2158,2158,2025-11-28,-5.74,0.1,74.72,3.34,98.85,7.52,东北_吉林,43.88,125.32,NASA POWER API
2159,2159,2025-11-29,-0.06,0.01,75.26,7.03,97.93,3.83,东北_吉林,43.88,125.32,NASA POWER API
2160,2160,2025-11-30,-7.18,0.3,72.31,2.36,98.94,3.22,东北_吉林,43.88,125.32,NASA POWER API
2161,2161,2025-12-01,-9.26,0.38,72.95,3.58,99.21,6.49,东北_吉林,43.88,125.32,NASA POWER API
2162,2162,2025-12-02,-14.16,0.43,60.64,4.67,99.59,8.1,东北_吉林,43.88,125.32,NASA POWER API
2163,2163,2025-12-03,-18.39,0.02,62.18,3.72,99.62,7.18,东北_吉林,43.88,125.32,NASA POWER API
2164,2164,2025-12-04,-14.99,0.0,73.49,3.16,99.47,6.94,东北_吉林,43.88,125.32,NASA POWER API
2165,2165,2025-12-05,-9.68,0.0,79.36,5.76,99.05,7.92,东北_吉林,43.88,125.32,NASA POWER API
2166,2166,2025-12-06,-3.58,0.0,79.39,5.16,98.22,4.84,东北_吉林,43.88,125.32,NASA POWER API
2167,2167,2025-12-07,-5.7,0.09,84.01,3.74,98.76,6.08,东北_吉林,43.88,125.32,NASA POWER API
2168,2168,2025-12-08,-8.88,0.0,71.48,3.74,99.68,8.29,东北_吉林,43.88,125.32,NASA POWER API
2169,2169,2025-12-09,-9.27,0.0,71.8,1.57,99.75,7.7,东北_吉林,43.88,125.32,NASA POWER API
2170,2170,2025-12-10,-10.06,0.22,64.14,2.23,99.63,4.29,东北_吉林,43.88,125.32,NASA POWER API
2171,2171,2025-12-11,-16.25,0.0,62.01,3.68,100.4,8.21,东北_吉林,43.88,125.32,NASA POWER API
2172,2172,2025-12-12,-15.26,0.0,69.54,2.83,100.73,7.95,东北_吉林,43.88,125.32,NASA POWER API
2173,2173,2025-12-13,-11.86,0.01,78.36,1.65,99.74,4.05,东北_吉林,43.88,125.32,NASA POWER API
2174,2174,2025-12-14,-11.07,0.0,71.39,2.68,99.22,7.78,东北_吉林,43.88,125.32,NASA POWER API
2175,2175,2025-12-15,-9.17,0.01,81.12,3.7,99.26,5.51,东北_吉林,43.88,125.32,NASA POWER API
2176,2176,2025-12-16,-14.1,0.0,65.65,3.73,100.15,7.41,东北_吉林,43.88,125.32,NASA POWER API
2177,2177,2025-12-17,-13.09,0.0,74.49,1.56,99.93,7.56,东北_吉林,43.88,125.32,NASA POWER API
2178,2178,2025-12-18,-5.72,0.0,83.39,4.86,99.23,3.69,东北_吉林,43.88,125.32,NASA POWER API
2179,2179,2025-12-19,-0.46,0.62,84.47,7.66,98.39,1.79,东北_吉林,43.88,125.32,NASA POWER API
2180,2180,2025-12-20,-10.4,0.0,65.47,4.09,99.36,7.62,东北_吉林,43.88,125.32,NASA POWER API
2181,2181,2025-12-21,-12.86,0.0,73.42,2.18,100.17,7.79,东北_吉林,43.88,125.32,NASA POWER API
2182,2182,2025-12-22,-10.26,0.01,75.47,4.81,99.88,5.34,东北_吉林,43.88,125.32,NASA POWER API
2183,2183,2025-12-23,-7.1,8.39,88.18,6.32,99.04,1.92,东北_吉林,43.88,125.32,NASA POWER API
2184,2184,2025-12-24,-13.82,0.0,83.29,1.76,99.66,7.93,东北_吉林,43.88,125.32,NASA POWER API
2185,2185,2025-12-25,-19.57,0.0,72.78,3.57,99.75,6.9,东北_吉林,43.88,125.32,NASA POWER API
2186,2186,2025-12-26,-21.48,0.0,74.91,2.79,99.8,7.63,东北_吉林,43.88,125.32,NASA POWER API
2187,2187,2025-12-27,-16.64,0.0,82.4,3.44,99.31,6.6,东北_吉林,43.88,125.32,NASA POWER API
2188,2188,2025-12-28,-8.0,0.2,94.02,6.04,98.49,2.84,东北_吉林,43.88,125.32,NASA POWER API
2189,2189,2025-12-29,-14.04,0.0,76.26,4.15,99.01,7.43,东北_吉林,43.88,125.32,NASA POWER API
2190,2190,2025-12-30,-18.42,0.16,78.07,3.89,99.63,6.96,东北_吉林,43.88,125.32,NASA POWER API
2191,2191,2025-12-31,-21.78,0.0,81.09,2.87,100.16,5.88,东北_吉林,43.88,125.32,NASA POWER API
