,Unnamed: 0,date,temperature,precipitation,humidity,wind_speed,surface_pressure,solar_radiation,region,latitude,longitude,data_source
0,0,2020-01-01,-23.95,0.0,94.63,2.96,101.15,7.63,东北_黑龙江,45.75,126.63,NASA POWER API
1,1,2020-01-02,-21.29,0.0,96.54,3.02,100.86,7.53,东北_黑龙江,45.75,126.63,NASA POWER API
2,2,2020-01-03,-19.44,0.01,94.83,2.23,100.64,7.4,东北_黑龙江,45.75,126.63,NASA POWER API
3,3,2020-01-04,-17.94,0.0,95.58,1.62,100.82,7.58,东北_黑龙江,45.75,126.63,NASA POWER API
4,4,2020-01-05,-16.96,0.02,97.66,2.47,101.31,7.51,东北_黑龙江,45.75,126.63,NASA POWER API
5,5,2020-01-06,-11.86,0.41,96.75,3.08,101.06,3.95,东北_黑龙江,45.75,126.63,NASA POWER API
6,6,2020-01-07,-10.76,1.82,97.41,2.47,100.75,4.21,东北_黑龙江,45.75,126.63,NASA POWER API
7,7,2020-01-08,-16.51,0.04,97.88,1.68,100.56,5.74,东北_黑龙江,45.75,126.63,NASA POWER API
8,8,2020-01-09,-18.11,0.01,97.1,1.69,100.81,6.93,东北_黑龙江,45.75,126.63,NASA POWER API
9,9,2020-01-10,-19.38,0.03,97.74,1.72,100.56,6.68,东北_黑龙江,45.75,126.63,NASA POWER API
10,10,2020-01-11,-15.74,0.07,96.54,1.97,100.55,7.01,东北_黑龙江,45.75,126.63,NASA POWER API
11,11,2020-01-12,-16.74,0.06,97.61,1.72,100.38,7.3,东北_黑龙江,45.75,126.63,NASA POWER API
12,12,2020-01-13,-16.78,0.06,96.05,1.61,100.54,8.0,东北_黑龙江,45.75,126.63,NASA POWER API
13,13,2020-01-14,-21.14,0.03,98.02,1.27,101.28,8.36,东北_黑龙江,45.75,126.63,NASA POWER API
14,14,2020-01-15,-18.06,0.04,97.15,1.53,101.24,8.52,东北_黑龙江,45.75,126.63,NASA POWER API
15,15,2020-01-16,-19.65,0.01,96.7,2.22,101.12,8.15,东北_黑龙江,45.75,126.63,NASA POWER API
16,16,2020-01-17,-20.62,0.01,96.56,1.98,101.0,8.75,东北_黑龙江,45.75,126.63,NASA POWER API
17,17,2020-01-18,-18.02,0.06,95.53,1.48,100.43,8.39,东北_黑龙江,45.75,126.63,NASA POWER API
18,18,2020-01-19,-12.93,0.57,96.56,1.46,99.88,7.27,东北_黑龙江,45.75,126.63,NASA POWER API
19,19,2020-01-20,-17.77,0.22,95.94,1.71,100.34,7.73,东北_黑龙江,45.75,126.63,NASA POWER API
20,20,2020-01-21,-15.68,0.04,95.83,3.84,100.46,7.58,东北_黑龙江,45.75,126.63,NASA POWER API
21,21,2020-01-22,-17.95,0.0,93.58,1.59,100.73,9.13,东北_黑龙江,45.75,126.63,NASA POWER API
22,22,2020-01-23,-16.22,0.01,92.23,3.29,100.82,8.82,东北_黑龙江,45.75,126.63,NASA POWER API
23,23,2020-01-24,-22.73,0.0,91.33,2.28,101.88,9.89,东北_黑龙江,45.75,126.63,NASA POWER API
24,24,2020-01-25,-20.22,0.01,91.8,1.82,101.76,9.4,东北_黑龙江,45.75,126.63,NASA POWER API
25,25,2020-01-26,-19.59,0.01,97.69,2.27,101.56,9.77,东北_黑龙江,45.75,126.63,NASA POWER API
26,26,2020-01-27,-14.6,0.03,97.65,1.78,101.1,10.03,东北_黑龙江,45.75,126.63,NASA POWER API
27,27,2020-01-28,-14.72,0.02,98.18,1.61,101.0,8.51,东北_黑龙江,45.75,126.63,NASA POWER API
28,28,2020-01-29,-16.73,0.01,95.39,2.98,101.11,10.34,东北_黑龙江,45.75,126.63,NASA POWER API
29,29,2020-01-30,-19.33,0.02,98.02,1.07,100.88,10.69,东北_黑龙江,45.75,126.63,NASA POWER API
30,30,2020-01-31,-19.09,0.04,95.08,1.04,100.63,10.4,东北_黑龙江,45.75,126.63,NASA POWER API
31,31,2020-02-01,-16.38,0.02,93.91,2.73,100.55,10.49,东北_黑龙江,45.75,126.63,NASA POWER API
32,32,2020-02-02,-20.41,0.0,92.53,3.1,100.78,11.21,东北_黑龙江,45.75,126.63,NASA POWER API
33,33,2020-02-03,-20.47,0.01,88.48,2.58,100.6,11.34,东北_黑龙江,45.75,126.63,NASA POWER API
34,34,2020-02-04,-22.07,0.02,88.91,2.76,100.89,11.27,东北_黑龙江,45.75,126.63,NASA POWER API
35,35,2020-02-05,-24.57,0.02,94.43,2.7,101.71,11.49,东北_黑龙江,45.75,126.63,NASA POWER API
36,36,2020-02-06,-20.61,0.0,92.33,3.86,101.5,11.79,东北_黑龙江,45.75,126.63,NASA POWER API
37,37,2020-02-07,-19.32,0.02,92.6,1.59,101.0,11.0,东北_黑龙江,45.75,126.63,NASA POWER API
38,38,2020-02-08,-21.14,0.0,93.18,2.12,101.35,12.22,东北_黑龙江,45.75,126.63,NASA POWER API
39,39,2020-02-09,-14.95,0.41,93.43,3.28,100.11,9.89,东北_黑龙江,45.75,126.63,NASA POWER API
40,40,2020-02-10,-13.92,0.06,95.73,1.57,100.57,11.65,东北_黑龙江,45.75,126.63,NASA POWER API
41,41,2020-02-11,-5.44,0.01,95.99,5.26,99.7,8.82,东北_黑龙江,45.75,126.63,NASA POWER API
42,42,2020-02-12,-3.59,0.04,95.06,3.38,99.54,8.26,东北_黑龙江,45.75,126.63,NASA POWER API
43,43,2020-02-13,-6.6,0.88,93.08,4.78,99.93,1.79,东北_黑龙江,45.75,126.63,NASA POWER API
44,44,2020-02-14,-17.04,0.0,87.4,3.42,101.5,12.04,东北_黑龙江,45.75,126.63,NASA POWER API
45,45,2020-02-15,-17.46,0.01,93.69,2.06,101.3,12.68,东北_黑龙江,45.75,126.63,NASA POWER API
46,46,2020-02-16,-17.23,0.0,87.1,3.45,100.69,12.97,东北_黑龙江,45.75,126.63,NASA POWER API
47,47,2020-02-17,-19.13,0.0,93.13,2.95,100.44,13.28,东北_黑龙江,45.75,126.63,NASA POWER API
48,48,2020-02-18,-14.18,0.03,95.63,2.76,100.38,12.81,东北_黑龙江,45.75,126.63,NASA POWER API
49,49,2020-02-19,-10.52,0.03,93.08,1.98,100.95,13.09,东北_黑龙江,45.75,126.63,NASA POWER API
50,50,2020-02-20,-12.33,0.02,92.64,2.31,101.44,12.65,东北_黑龙江,45.75,126.63,NASA POWER API
51,51,2020-02-21,-6.82,0.83,95.47,3.43,100.68,6.71,东北_黑龙江,45.75,126.63,NASA POWER API
52,52,2020-02-22,-9.69,3.0,94.3,2.54,100.1,12.43,东北_黑龙江,45.75,126.63,NASA POWER API
53,53,2020-02-23,-9.06,0.41,93.22,3.05,99.91,11.62,东北_黑龙江,45.75,126.63,NASA POWER API
54,54,2020-02-24,-11.41,0.05,95.84,3.2,100.57,14.82,东北_黑龙江,45.75,126.63,NASA POWER API
55,55,2020-02-25,-12.97,0.01,95.6,1.87,101.29,15.5,东北_黑龙江,45.75,126.63,NASA POWER API
56,56,2020-02-26,-12.42,0.02,96.55,1.88,101.42,15.71,东北_黑龙江,45.75,126.63,NASA POWER API
57,57,2020-02-27,-10.48,0.03,93.96,1.99,101.22,15.7,东北_黑龙江,45.75,126.63,NASA POWER API
58,58,2020-02-28,-6.12,3.59,93.06,3.32,99.98,8.54,东北_黑龙江,45.75,126.63,NASA POWER API
59,59,2020-02-29,-7.31,0.6,94.83,1.12,100.23,8.68,东北_黑龙江,45.75,126.63,NASA POWER API
60,60,2020-03-01,-7.37,0.21,92.36,1.35,100.61,11.54,东北_黑龙江,45.75,126.63,NASA POWER API
61,61,2020-03-02,-7.63,0.13,90.64,1.12,100.93,14.18,东北_黑龙江,45.75,126.63,NASA POWER API
62,62,2020-03-03,-8.96,0.3,95.62,1.77,101.04,12.22,东北_黑龙江,45.75,126.63,NASA POWER API
63,63,2020-03-04,-7.04,0.34,92.86,2.89,100.58,13.02,东北_黑龙江,45.75,126.63,NASA POWER API
64,64,2020-03-05,-10.36,0.06,88.98,2.38,100.4,16.63,东北_黑龙江,45.75,126.63,NASA POWER API
65,65,2020-03-06,-6.4,0.18,91.01,3.33,100.01,12.04,东北_黑龙江,45.75,126.63,NASA POWER API
66,66,2020-03-07,-3.62,1.07,93.25,3.58,99.78,13.44,东北_黑龙江,45.75,126.63,NASA POWER API
67,67,2020-03-08,-3.2,0.25,93.08,3.15,99.78,8.51,东北_黑龙江,45.75,126.63,NASA POWER API
68,68,2020-03-09,-6.22,0.0,81.11,2.65,100.4,16.0,东北_黑龙江,45.75,126.63,NASA POWER API
69,69,2020-03-10,-5.73,0.51,85.85,2.63,99.59,13.1,东北_黑龙江,45.75,126.63,NASA POWER API
70,70,2020-03-11,-4.97,0.12,77.94,2.56,99.48,17.23,东北_黑龙江,45.75,126.63,NASA POWER API
71,71,2020-03-12,-6.38,0.11,69.61,6.68,99.44,17.26,东北_黑龙江,45.75,126.63,NASA POWER API
72,72,2020-03-13,-8.35,0.01,67.6,4.24,100.06,18.73,东北_黑龙江,45.75,126.63,NASA POWER API
73,73,2020-03-14,-3.5,0.21,79.6,2.82,98.95,16.92,东北_黑龙江,45.75,126.63,NASA POWER API
74,74,2020-03-15,-5.89,2.76,85.0,3.85,99.76,11.78,东北_黑龙江,45.75,126.63,NASA POWER API
75,75,2020-03-16,-5.82,0.22,67.19,3.36,99.78,17.68,东北_黑龙江,45.75,126.63,NASA POWER API
76,76,2020-03-17,-1.48,0.0,77.6,1.9,98.98,14.41,东北_黑龙江,45.75,126.63,NASA POWER API
77,77,2020-03-18,0.41,0.17,81.76,2.67,98.3,12.53,东北_黑龙江,45.75,126.63,NASA POWER API
78,78,2020-03-19,0.34,0.08,77.81,3.09,98.45,13.95,东北_黑龙江,45.75,126.63,NASA POWER API
79,79,2020-03-20,1.47,0.01,71.81,2.61,98.68,15.89,东北_黑龙江,45.75,126.63,NASA POWER API
80,80,2020-03-21,0.5,0.02,74.5,3.24,99.22,16.05,东北_黑龙江,45.75,126.63,NASA POWER API
81,81,2020-03-22,0.73,0.01,63.61,2.55,99.58,17.43,东北_黑龙江,45.75,126.63,NASA POWER API
82,82,2020-03-23,0.87,0.0,56.76,3.45,100.15,19.74,东北_黑龙江,45.75,126.63,NASA POWER API
83,83,2020-03-24,2.69,0.0,57.55,2.97,100.15,18.9,东北_黑龙江,45.75,126.63,NASA POWER API
84,84,2020-03-25,5.4,1.4,77.17,5.36,99.34,11.68,东北_黑龙江,45.75,126.63,NASA POWER API
85,85,2020-03-26,1.75,1.56,64.59,5.44,99.78,10.16,东北_黑龙江,45.75,126.63,NASA POWER API
86,86,2020-03-27,-2.41,0.0,53.64,5.6,100.02,18.71,东北_黑龙江,45.75,126.63,NASA POWER API
87,87,2020-03-28,-0.77,0.0,52.0,5.29,100.1,22.43,东北_黑龙江,45.75,126.63,NASA POWER API
88,88,2020-03-29,4.32,0.0,55.67,6.05,99.62,21.6,东北_黑龙江,45.75,126.63,NASA POWER API
89,89,2020-03-30,5.98,0.0,62.58,4.63,99.44,19.07,东北_黑龙江,45.75,126.63,NASA POWER API
90,90,2020-03-31,4.44,0.0,66.9,3.76,99.65,15.03,东北_黑龙江,45.75,126.63,NASA POWER API
91,91,2020-04-01,3.45,0.0,56.63,3.74,99.94,21.06,东北_黑龙江,45.75,126.63,NASA POWER API
92,92,2020-04-02,3.47,0.0,57.19,4.36,99.73,21.65,东北_黑龙江,45.75,126.63,NASA POWER API
93,93,2020-04-03,1.67,0.03,56.46,6.8,99.59,13.18,东北_黑龙江,45.75,126.63,NASA POWER API
94,94,2020-04-04,-0.36,0.0,55.52,6.9,100.62,23.6,东北_黑龙江,45.75,126.63,NASA POWER API
95,95,2020-04-05,1.94,0.0,56.14,3.2,100.7,23.77,东北_黑龙江,45.75,126.63,NASA POWER API
96,96,2020-04-06,2.14,0.2,63.43,4.01,100.1,19.29,东北_黑龙江,45.75,126.63,NASA POWER API
97,97,2020-04-07,0.46,1.0,74.81,4.6,99.99,14.97,东北_黑龙江,45.75,126.63,NASA POWER API
98,98,2020-04-08,1.68,1.39,84.52,3.74,100.3,9.01,东北_黑龙江,45.75,126.63,NASA POWER API
99,99,2020-04-09,4.28,0.03,69.32,1.73,100.83,18.29,东北_黑龙江,45.75,126.63,NASA POWER API
100,100,2020-04-10,7.23,0.0,53.21,2.61,100.65,22.36,东北_黑龙江,45.75,126.63,NASA POWER API
101,101,2020-04-11,6.59,0.0,61.92,3.17,100.33,22.01,东北_黑龙江,45.75,126.63,NASA POWER API
102,102,2020-04-12,9.01,0.0,51.35,1.33,100.2,23.37,东北_黑龙江,45.75,126.63,NASA POWER API
103,103,2020-04-13,11.27,0.0,56.35,1.92,99.59,21.66,东北_黑龙江,45.75,126.63,NASA POWER API
104,104,2020-04-14,8.59,0.0,66.89,3.2,99.44,19.97,东北_黑龙江,45.75,126.63,NASA POWER API
105,105,2020-04-15,7.84,0.0,61.83,4.06,99.93,22.78,东北_黑龙江,45.75,126.63,NASA POWER API
106,106,2020-04-16,7.61,0.0,67.19,3.28,99.98,10.6,东北_黑龙江,45.75,126.63,NASA POWER API
107,107,2020-04-17,10.23,0.1,70.26,1.9,99.81,10.74,东北_黑龙江,45.75,126.63,NASA POWER API
108,108,2020-04-18,12.46,0.15,54.95,1.14,99.88,17.12,东北_黑龙江,45.75,126.63,NASA POWER API
109,109,2020-04-19,11.36,0.77,72.29,4.56,99.35,11.16,东北_黑龙江,45.75,126.63,NASA POWER API
110,110,2020-04-20,6.17,9.06,83.49,5.97,98.29,9.24,东北_黑龙江,45.75,126.63,NASA POWER API
111,111,2020-04-21,-0.71,1.2,72.07,3.81,98.44,13.31,东北_黑龙江,45.75,126.63,NASA POWER API
112,112,2020-04-22,-0.17,1.11,74.9,5.42,99.17,8.91,东北_黑龙江,45.75,126.63,NASA POWER API
113,113,2020-04-23,2.68,0.03,68.15,3.57,99.41,19.46,东北_黑龙江,45.75,126.63,NASA POWER API
114,114,2020-04-24,4.55,0.01,61.27,2.06,98.76,19.07,东北_黑龙江,45.75,126.63,NASA POWER API
115,115,2020-04-25,4.36,0.0,62.44,4.46,99.32,21.65,东北_黑龙江,45.75,126.63,NASA POWER API
116,116,2020-04-26,5.0,0.06,68.62,2.73,100.05,19.15,东北_黑龙江,45.75,126.63,NASA POWER API
117,117,2020-04-27,8.79,0.06,59.27,1.95,99.75,22.59,东北_黑龙江,45.75,126.63,NASA POWER API
118,118,2020-04-28,11.53,0.36,58.66,2.87,99.29,20.72,东北_黑龙江,45.75,126.63,NASA POWER API
119,119,2020-04-29,12.18,0.02,52.32,1.58,99.61,26.61,东北_黑龙江,45.75,126.63,NASA POWER API
120,120,2020-04-30,11.17,0.88,82.53,2.58,99.03,15.83,东北_黑龙江,45.75,126.63,NASA POWER API
121,121,2020-05-01,17.18,0.3,67.85,5.92,98.13,18.58,东北_黑龙江,45.75,126.63,NASA POWER API
122,122,2020-05-02,13.79,5.45,69.3,3.53,98.69,18.9,东北_黑龙江,45.75,126.63,NASA POWER API
123,123,2020-05-03,7.26,19.01,73.35,4.9,99.43,3.63,东北_黑龙江,45.75,126.63,NASA POWER API
124,124,2020-05-04,8.35,0.65,59.56,2.84,99.6,27.24,东北_黑龙江,45.75,126.63,NASA POWER API
125,125,2020-05-05,9.06,0.79,68.21,2.36,99.44,20.4,东北_黑龙江,45.75,126.63,NASA POWER API
126,126,2020-05-06,11.7,0.0,59.54,2.51,99.98,27.83,东北_黑龙江,45.75,126.63,NASA POWER API
127,127,2020-05-07,13.19,0.0,57.53,3.87,99.68,17.47,东北_黑龙江,45.75,126.63,NASA POWER API
128,128,2020-05-08,14.83,0.0,57.32,3.52,99.3,13.77,东北_黑龙江,45.75,126.63,NASA POWER API
129,129,2020-05-09,13.13,0.05,75.3,1.8,99.09,14.9,东北_黑龙江,45.75,126.63,NASA POWER API
130,130,2020-05-10,15.35,5.73,67.08,2.43,98.03,22.26,东北_黑龙江,45.75,126.63,NASA POWER API
131,131,2020-05-11,11.08,4.43,71.22,4.5,97.58,16.01,东北_黑龙江,45.75,126.63,NASA POWER API
132,132,2020-05-12,9.79,3.13,65.82,4.35,98.04,18.05,东北_黑龙江,45.75,126.63,NASA POWER API
133,133,2020-05-13,11.96,0.16,52.23,2.6,98.85,28.02,东北_黑龙江,45.75,126.63,NASA POWER API
134,134,2020-05-14,16.24,0.0,60.22,3.97,98.5,17.65,东北_黑龙江,45.75,126.63,NASA POWER API
135,135,2020-05-15,16.88,0.01,65.92,2.12,99.19,21.64,东北_黑龙江,45.75,126.63,NASA POWER API
136,136,2020-05-16,16.9,0.04,68.68,2.36,98.88,22.1,东北_黑龙江,45.75,126.63,NASA POWER API
137,137,2020-05-17,15.09,12.97,75.03,4.62,98.77,10.68,东北_黑龙江,45.75,126.63,NASA POWER API
138,138,2020-05-18,13.25,3.39,68.73,5.4,99.32,20.22,东北_黑龙江,45.75,126.63,NASA POWER API
139,139,2020-05-19,12.41,0.58,74.36,3.69,99.28,13.0,东北_黑龙江,45.75,126.63,NASA POWER API
140,140,2020-05-20,14.54,0.0,63.21,0.78,99.46,17.49,东北_黑龙江,45.75,126.63,NASA POWER API
141,141,2020-05-21,15.63,0.03,61.93,1.57,99.51,16.44,东北_黑龙江,45.75,126.63,NASA POWER API
142,142,2020-05-22,15.74,0.46,76.35,2.13,99.38,15.19,东北_黑龙江,45.75,126.63,NASA POWER API
143,143,2020-05-23,14.64,4.01,84.98,1.11,99.13,12.94,东北_黑龙江,45.75,126.63,NASA POWER API
144,144,2020-05-24,14.37,5.44,77.96,2.0,98.76,17.11,东北_黑龙江,45.75,126.63,NASA POWER API
145,145,2020-05-25,10.66,6.53,77.65,3.92,98.69,14.48,东北_黑龙江,45.75,126.63,NASA POWER API
146,146,2020-05-26,12.48,1.44,76.23,2.69,98.84,18.74,东北_黑龙江,45.75,126.63,NASA POWER API
147,147,2020-05-27,15.41,0.83,66.07,1.43,98.82,26.82,东北_黑龙江,45.75,126.63,NASA POWER API
148,148,2020-05-28,17.75,0.35,64.01,2.09,99.05,27.44,东北_黑龙江,45.75,126.63,NASA POWER API
149,149,2020-05-29,20.03,0.0,60.03,4.06,99.38,30.22,东北_黑龙江,45.75,126.63,NASA POWER API
150,150,2020-05-30,21.51,0.07,63.28,6.11,99.2,23.8,东北_黑龙江,45.75,126.63,NASA POWER API
151,151,2020-05-31,20.2,4.44,76.11,4.22,98.85,20.25,东北_黑龙江,45.75,126.63,NASA POWER API
152,152,2020-06-01,14.75,24.03,86.95,3.27,98.3,7.82,东北_黑龙江,45.75,126.63,NASA POWER API
153,153,2020-06-02,16.28,0.02,67.01,2.61,98.37,26.92,东北_黑龙江,45.75,126.63,NASA POWER API
154,154,2020-06-03,17.42,8.37,69.54,3.97,97.8,18.31,东北_黑龙江,45.75,126.63,NASA POWER API
155,155,2020-06-04,15.66,4.02,76.7,2.29,98.5,18.34,东北_黑龙江,45.75,126.63,NASA POWER API
156,156,2020-06-05,16.93,1.39,71.88,1.54,99.23,23.18,东北_黑龙江,45.75,126.63,NASA POWER API
157,157,2020-06-06,18.11,2.01,70.81,1.9,99.19,21.88,东北_黑龙江,45.75,126.63,NASA POWER API
158,158,2020-06-07,21.15,4.28,73.34,3.2,98.85,24.08,东北_黑龙江,45.75,126.63,NASA POWER API
159,159,2020-06-08,24.56,1.76,74.18,4.46,98.63,21.95,东北_黑龙江,45.75,126.63,NASA POWER API
160,160,2020-06-09,21.56,0.91,72.49,3.93,99.23,14.37,东北_黑龙江,45.75,126.63,NASA POWER API
161,161,2020-06-10,18.97,14.6,76.63,1.71,98.8,9.09,东北_黑龙江,45.75,126.63,NASA POWER API
162,162,2020-06-11,18.46,1.12,68.07,3.57,98.44,27.67,东北_黑龙江,45.75,126.63,NASA POWER API
163,163,2020-06-12,18.67,6.19,79.74,2.51,98.5,20.1,东北_黑龙江,45.75,126.63,NASA POWER API
164,164,2020-06-13,20.22,8.11,74.79,1.91,98.5,22.57,东北_黑龙江,45.75,126.63,NASA POWER API
165,165,2020-06-14,16.95,29.19,79.86,6.54,97.8,14.13,东北_黑龙江,45.75,126.63,NASA POWER API
166,166,2020-06-15,17.28,7.4,77.88,4.17,98.42,17.14,东北_黑龙江,45.75,126.63,NASA POWER API
167,167,2020-06-16,21.5,2.35,70.65,2.68,98.5,29.24,东北_黑龙江,45.75,126.63,NASA POWER API
168,168,2020-06-17,18.66,4.64,78.07,2.68,98.66,24.31,东北_黑龙江,45.75,126.63,NASA POWER API
169,169,2020-06-18,16.26,0.21,75.02,3.01,99.19,26.99,东北_黑龙江,45.75,126.63,NASA POWER API
170,170,2020-06-19,17.76,0.35,74.34,3.19,99.17,24.5,东北_黑龙江,45.75,126.63,NASA POWER API
171,171,2020-06-20,17.29,26.56,87.66,4.36,98.83,11.27,东北_黑龙江,45.75,126.63,NASA POWER API
172,172,2020-06-21,20.8,3.51,81.67,3.22,98.4,11.14,东北_黑龙江,45.75,126.63,NASA POWER API
173,173,2020-06-22,18.75,10.01,84.35,1.91,99.15,14.41,东北_黑龙江,45.75,126.63,NASA POWER API
174,174,2020-06-23,19.44,17.11,88.19,4.79,98.84,6.92,东北_黑龙江,45.75,126.63,NASA POWER API
175,175,2020-06-24,17.92,2.65,83.47,2.62,99.0,12.76,东北_黑龙江,45.75,126.63,NASA POWER API
176,176,2020-06-25,18.02,0.23,77.27,1.27,98.85,17.27,东北_黑龙江,45.75,126.63,NASA POWER API
177,177,2020-06-26,20.09,2.31,84.14,1.86,98.6,15.88,东北_黑龙江,45.75,126.63,NASA POWER API
178,178,2020-06-27,18.73,8.67,89.87,1.68,98.75,16.86,东北_黑龙江,45.75,126.63,NASA POWER API
179,179,2020-06-28,21.38,15.43,78.19,1.38,98.76,25.46,东北_黑龙江,45.75,126.63,NASA POWER API
180,180,2020-06-29,20.65,1.05,79.82,1.84,98.78,25.82,东北_黑龙江,45.75,126.63,NASA POWER API
181,181,2020-06-30,21.03,0.1,80.42,2.8,98.76,27.36,东北_黑龙江,45.75,126.63,NASA POWER API
182,182,2020-07-01,22.97,0.04,73.4,1.55,98.94,28.31,东北_黑龙江,45.75,126.63,NASA POWER API
183,183,2020-07-02,24.2,0.12,72.0,1.25,99.26,23.93,东北_黑龙江,45.75,126.63,NASA POWER API
184,184,2020-07-03,23.91,1.85,75.46,1.37,99.35,22.97,东北_黑龙江,45.75,126.63,NASA POWER API
185,185,2020-07-04,22.11,5.55,87.9,1.9,98.65,16.86,东北_黑龙江,45.75,126.63,NASA POWER API
186,186,2020-07-05,21.46,6.73,89.3,1.98,98.12,10.48,东北_黑龙江,45.75,126.63,NASA POWER API
187,187,2020-07-06,21.88,6.55,84.98,1.5,98.17,15.55,东北_黑龙江,45.75,126.63,NASA POWER API
188,188,2020-07-07,19.45,11.31,78.6,3.24,98.64,21.79,东北_黑龙江,45.75,126.63,NASA POWER API
189,189,2020-07-08,21.03,0.21,67.69,2.11,98.75,27.37,东北_黑龙江,45.75,126.63,NASA POWER API
190,190,2020-07-09,22.57,0.0,69.84,1.27,98.85,26.99,东北_黑龙江,45.75,126.63,NASA POWER API
191,191,2020-07-10,22.28,0.0,75.44,3.04,99.22,27.86,东北_黑龙江,45.75,126.63,NASA POWER API
192,192,2020-07-11,21.46,0.16,79.23,3.32,99.35,21.86,东北_黑龙江,45.75,126.63,NASA POWER API
193,193,2020-07-12,22.89,0.01,77.43,1.79,99.47,28.53,东北_黑龙江,45.75,126.63,NASA POWER API
194,194,2020-07-13,24.48,0.16,78.46,1.69,99.24,26.53,东北_黑龙江,45.75,126.63,NASA POWER API
195,195,2020-07-14,24.84,1.11,75.69,1.41,98.97,27.05,东北_黑龙江,45.75,126.63,NASA POWER API
196,196,2020-07-15,25.88,1.41,73.77,0.78,98.72,24.39,东北_黑龙江,45.75,126.63,NASA POWER API
197,197,2020-07-16,25.99,0.02,73.66,2.2,98.66,26.26,东北_黑龙江,45.75,126.63,NASA POWER API
198,198,2020-07-17,25.84,0.0,74.2,3.37,98.78,24.52,东北_黑龙江,45.75,126.63,NASA POWER API
199,199,2020-07-18,25.94,0.02,74.04,2.8,98.97,22.59,东北_黑龙江,45.75,126.63,NASA POWER API
200,200,2020-07-19,22.79,7.63,83.28,1.12,98.89,11.12,东北_黑龙江,45.75,126.63,NASA POWER API
201,201,2020-07-20,21.42,9.98,82.98,1.57,98.53,13.92,东北_黑龙江,45.75,126.63,NASA POWER API
202,202,2020-07-21,21.42,0.06,67.92,2.68,99.18,27.32,东北_黑龙江,45.75,126.63,NASA POWER API
203,203,2020-07-22,22.4,8.51,74.52,2.2,99.3,19.46,东北_黑龙江,45.75,126.63,NASA POWER API
204,204,2020-07-23,25.16,1.5,78.89,1.38,99.38,24.31,东北_黑龙江,45.75,126.63,NASA POWER API
205,205,2020-07-24,25.18,0.0,77.95,1.86,99.25,27.69,东北_黑龙江,45.75,126.63,NASA POWER API
206,206,2020-07-25,25.62,0.03,78.95,2.34,99.23,26.62,东北_黑龙江,45.75,126.63,NASA POWER API
207,207,2020-07-26,24.99,0.01,76.0,2.45,99.21,28.1,东北_黑龙江,45.75,126.63,NASA POWER API
208,208,2020-07-27,24.4,0.02,76.94,2.54,99.23,26.23,东北_黑龙江,45.75,126.63,NASA POWER API
209,209,2020-07-28,24.55,1.25,78.25,2.31,99.37,20.25,东北_黑龙江,45.75,126.63,NASA POWER API
210,210,2020-07-29,24.84,15.84,80.39,1.54,99.46,20.16,东北_黑龙江,45.75,126.63,NASA POWER API
211,211,2020-07-30,23.59,11.99,86.3,1.56,99.23,16.34,东北_黑龙江,45.75,126.63,NASA POWER API
212,212,2020-07-31,24.67,14.8,89.04,2.78,98.89,8.31,东北_黑龙江,45.75,126.63,NASA POWER API
213,213,2020-08-01,25.63,6.42,84.89,4.18,98.78,16.64,东北_黑龙江,45.75,126.63,NASA POWER API
214,214,2020-08-02,25.15,9.45,85.48,2.18,98.72,18.53,东北_黑龙江,45.75,126.63,NASA POWER API
215,215,2020-08-03,24.07,8.97,88.58,2.58,98.32,16.23,东北_黑龙江,45.75,126.63,NASA POWER API
216,216,2020-08-04,23.42,7.57,87.09,2.19,98.54,14.73,东北_黑龙江,45.75,126.63,NASA POWER API
217,217,2020-08-05,22.25,2.34,81.7,1.2,99.01,17.88,东北_黑龙江,45.75,126.63,NASA POWER API
218,218,2020-08-06,21.72,0.19,82.52,1.98,99.1,18.98,东北_黑龙江,45.75,126.63,NASA POWER API
219,219,2020-08-07,20.91,0.53,81.96,1.19,99.12,14.28,东北_黑龙江,45.75,126.63,NASA POWER API
220,220,2020-08-08,21.44,3.31,82.83,3.05,98.68,21.6,东北_黑龙江,45.75,126.63,NASA POWER API
221,221,2020-08-09,22.75,22.91,91.99,3.44,98.14,14.17,东北_黑龙江,45.75,126.63,NASA POWER API
222,222,2020-08-10,23.6,7.97,85.65,2.75,98.24,16.16,东北_黑龙江,45.75,126.63,NASA POWER API
223,223,2020-08-11,22.79,2.24,84.68,2.91,98.5,17.38,东北_黑龙江,45.75,126.63,NASA POWER API
224,224,2020-08-12,21.08,0.38,80.38,3.02,99.16,20.03,东北_黑龙江,45.75,126.63,NASA POWER API
225,225,2020-08-13,20.71,22.88,86.34,2.97,98.79,9.05,东北_黑龙江,45.75,126.63,NASA POWER API
226,226,2020-08-14,21.69,4.33,86.54,3.87,97.66,12.21,东北_黑龙江,45.75,126.63,NASA POWER API
227,227,2020-08-15,21.17,0.41,81.86,2.21,98.54,18.16,东北_黑龙江,45.75,126.63,NASA POWER API
228,228,2020-08-16,22.7,2.41,76.6,1.35,99.12,23.77,东北_黑龙江,45.75,126.63,NASA POWER API
229,229,2020-08-17,23.11,1.24,81.94,2.12,99.21,16.59,东北_黑龙江,45.75,126.63,NASA POWER API
230,230,2020-08-18,23.74,3.95,84.52,2.86,98.78,13.43,东北_黑龙江,45.75,126.63,NASA POWER API
231,231,2020-08-19,17.81,4.85,78.75,2.99,99.45,10.79,东北_黑龙江,45.75,126.63,NASA POWER API
232,232,2020-08-20,16.45,0.0,69.7,2.09,100.2,25.89,东北_黑龙江,45.75,126.63,NASA POWER API
233,233,2020-08-21,18.37,0.0,61.65,0.85,100.12,26.0,东北_黑龙江,45.75,126.63,NASA POWER API
234,234,2020-08-22,18.44,0.0,68.37,1.39,99.61,24.01,东北_黑龙江,45.75,126.63,NASA POWER API
235,235,2020-08-23,20.51,0.11,79.87,1.71,98.93,17.51,东北_黑龙江,45.75,126.63,NASA POWER API
236,236,2020-08-24,19.41,14.22,94.37,2.21,98.37,4.69,东北_黑龙江,45.75,126.63,NASA POWER API
237,237,2020-08-25,21.62,1.14,85.26,2.17,98.57,16.78,东北_黑龙江,45.75,126.63,NASA POWER API
238,238,2020-08-26,22.5,0.29,80.33,1.13,99.2,15.12,东北_黑龙江,45.75,126.63,NASA POWER API
239,239,2020-08-27,21.35,29.46,92.18,4.66,98.77,5.73,东北_黑龙江,45.75,126.63,NASA POWER API
240,240,2020-08-28,22.18,7.84,90.01,2.67,98.68,6.49,东北_黑龙江,45.75,126.63,NASA POWER API
241,241,2020-08-29,19.69,8.2,89.09,2.96,99.23,7.14,东北_黑龙江,45.75,126.63,NASA POWER API
242,242,2020-08-30,19.12,0.9,85.02,1.38,99.64,11.2,东北_黑龙江,45.75,126.63,NASA POWER API
243,243,2020-08-31,22.03,1.56,84.96,3.12,99.26,15.98,东北_黑龙江,45.75,126.63,NASA POWER API
244,244,2020-09-01,22.01,16.43,85.57,1.63,98.79,13.5,东北_黑龙江,45.75,126.63,NASA POWER API
245,245,2020-09-02,21.24,8.01,83.19,2.6,99.05,16.52,东北_黑龙江,45.75,126.63,NASA POWER API
246,246,2020-09-03,18.98,71.47,93.37,5.19,97.71,3.3,东北_黑龙江,45.75,126.63,NASA POWER API
247,247,2020-09-04,17.08,8.65,81.02,9.04,97.85,11.57,东北_黑龙江,45.75,126.63,NASA POWER API
248,248,2020-09-05,19.81,0.39,79.23,5.49,98.97,16.03,东北_黑龙江,45.75,126.63,NASA POWER API
249,249,2020-09-06,20.15,0.32,84.05,2.8,99.46,18.75,东北_黑龙江,45.75,126.63,NASA POWER API
250,250,2020-09-07,19.19,3.48,88.22,2.68,99.35,11.84,东北_黑龙江,45.75,126.63,NASA POWER API
251,251,2020-09-08,18.68,56.04,93.59,5.43,97.68,4.56,东北_黑龙江,45.75,126.63,NASA POWER API
252,252,2020-09-09,18.81,14.13,90.09,3.51,98.23,6.85,东北_黑龙江,45.75,126.63,NASA POWER API
253,253,2020-09-10,16.93,1.92,83.56,4.21,99.49,10.29,东北_黑龙江,45.75,126.63,NASA POWER API
254,254,2020-09-11,14.76,0.04,81.19,4.16,100.68,19.21,东北_黑龙江,45.75,126.63,NASA POWER API
255,255,2020-09-12,15.55,0.05,85.36,3.48,100.89,14.88,东北_黑龙江,45.75,126.63,NASA POWER API
256,256,2020-09-13,15.13,0.0,82.25,2.21,100.37,14.31,东北_黑龙江,45.75,126.63,NASA POWER API
257,257,2020-09-14,15.63,0.02,74.76,1.05,99.83,17.63,东北_黑龙江,45.75,126.63,NASA POWER API
258,258,2020-09-15,16.6,0.01,74.26,0.94,99.62,16.24,东北_黑龙江,45.75,126.63,NASA POWER API
259,259,2020-09-16,15.83,10.17,89.01,3.63,98.67,7.52,东北_黑龙江,45.75,126.63,NASA POWER API
260,260,2020-09-17,12.92,7.56,88.31,3.42,98.33,6.84,东北_黑龙江,45.75,126.63,NASA POWER API
261,261,2020-09-18,12.53,7.84,90.59,2.11,98.63,6.04,东北_黑龙江,45.75,126.63,NASA POWER API
262,262,2020-09-19,11.74,0.9,88.19,2.12,99.32,7.81,东北_黑龙江,45.75,126.63,NASA POWER API
263,263,2020-09-20,12.12,0.26,85.5,1.71,99.91,6.59,东北_黑龙江,45.75,126.63,NASA POWER API
264,264,2020-09-21,12.39,0.2,75.12,0.93,100.3,13.79,东北_黑龙江,45.75,126.63,NASA POWER API
265,265,2020-09-22,12.17,2.06,89.18,1.66,100.25,8.31,东北_黑龙江,45.75,126.63,NASA POWER API
266,266,2020-09-23,13.75,0.06,85.13,1.51,100.37,10.47,东北_黑龙江,45.75,126.63,NASA POWER API
267,267,2020-09-24,14.14,0.03,85.06,1.77,100.22,13.22,东北_黑龙江,45.75,126.63,NASA POWER API
268,268,2020-09-25,15.09,0.32,84.01,1.4,100.18,12.52,东北_黑龙江,45.75,126.63,NASA POWER API
269,269,2020-09-26,14.94,0.03,84.72,2.1,100.33,16.59,东北_黑龙江,45.75,126.63,NASA POWER API
270,270,2020-09-27,15.99,0.17,82.07,2.73,99.96,16.2,东北_黑龙江,45.75,126.63,NASA POWER API
271,271,2020-09-28,12.37,3.34,88.03,2.58,99.68,6.02,东北_黑龙江,45.75,126.63,NASA POWER API
272,272,2020-09-29,9.98,0.2,77.66,2.48,99.71,14.88,东北_黑龙江,45.75,126.63,NASA POWER API
273,273,2020-09-30,9.76,0.0,73.52,1.5,100.03,14.55,东北_黑龙江,45.75,126.63,NASA POWER API
274,274,2020-10-01,10.01,0.28,80.04,2.57,99.65,11.02,东北_黑龙江,45.75,126.63,NASA POWER API
275,275,2020-10-02,11.82,2.48,82.33,3.34,99.04,8.36,东北_黑龙江,45.75,126.63,NASA POWER API
276,276,2020-10-03,8.54,0.42,79.89,3.82,99.29,13.74,东北_黑龙江,45.75,126.63,NASA POWER API
277,277,2020-10-04,6.5,10.35,92.96,2.88,98.74,5.16,东北_黑龙江,45.75,126.63,NASA POWER API
278,278,2020-10-05,7.31,2.78,86.42,4.48,99.49,4.44,东北_黑龙江,45.75,126.63,NASA POWER API
279,279,2020-10-06,7.43,0.05,73.91,1.69,100.4,11.3,东北_黑龙江,45.75,126.63,NASA POWER API
280,280,2020-10-07,8.82,0.0,63.85,1.24,100.83,15.19,东北_黑龙江,45.75,126.63,NASA POWER API
281,281,2020-10-08,9.51,0.0,64.18,1.69,101.05,14.81,东北_黑龙江,45.75,126.63,NASA POWER API
282,282,2020-10-09,11.07,0.32,84.83,3.79,100.46,4.63,东北_黑龙江,45.75,126.63,NASA POWER API
283,283,2020-10-10,12.71,0.03,83.89,3.58,99.86,11.2,东北_黑龙江,45.75,126.63,NASA POWER API
284,284,2020-10-11,6.92,2.97,86.57,2.94,99.63,4.35,东北_黑龙江,45.75,126.63,NASA POWER API
285,285,2020-10-12,2.82,0.02,69.96,2.92,100.01,15.47,东北_黑龙江,45.75,126.63,NASA POWER API
286,286,2020-10-13,1.49,1.28,83.82,2.92,99.94,6.13,东北_黑龙江,45.75,126.63,NASA POWER API
287,287,2020-10-14,-0.18,0.0,73.29,3.02,100.73,11.56,东北_黑龙江,45.75,126.63,NASA POWER API
288,288,2020-10-15,1.92,0.0,67.23,2.74,100.4,14.0,东北_黑龙江,45.75,126.63,NASA POWER API
289,289,2020-10-16,2.44,0.0,73.45,2.36,100.12,13.92,东北_黑龙江,45.75,126.63,NASA POWER API
290,290,2020-10-17,4.41,0.0,78.82,3.61,99.67,12.75,东北_黑龙江,45.75,126.63,NASA POWER API
291,291,2020-10-18,2.73,0.01,73.61,2.29,100.4,14.17,东北_黑龙江,45.75,126.63,NASA POWER API
292,292,2020-10-19,5.08,0.0,76.57,2.16,100.24,13.14,东北_黑龙江,45.75,126.63,NASA POWER API
293,293,2020-10-20,9.15,0.01,82.57,4.11,100.08,11.18,东北_黑龙江,45.75,126.63,NASA POWER API
294,294,2020-10-21,8.78,0.58,74.89,5.6,99.23,3.06,东北_黑龙江,45.75,126.63,NASA POWER API
295,295,2020-10-22,0.71,0.01,74.84,3.06,99.82,8.23,东北_黑龙江,45.75,126.63,NASA POWER API
296,296,2020-10-23,-1.07,0.0,72.45,3.5,99.93,12.83,东北_黑龙江,45.75,126.63,NASA POWER API
297,297,2020-10-24,0.91,0.0,77.05,4.96,99.61,13.15,东北_黑龙江,45.75,126.63,NASA POWER API
298,298,2020-10-25,2.84,0.01,84.44,2.68,99.98,12.14,东北_黑龙江,45.75,126.63,NASA POWER API
299,299,2020-10-26,5.07,0.01,81.57,1.21,100.12,11.24,东北_黑龙江,45.75,126.63,NASA POWER API
300,300,2020-10-27,2.78,0.0,77.75,3.33,100.11,12.33,东北_黑龙江,45.75,126.63,NASA POWER API
301,301,2020-10-28,-0.3,0.0,78.73,2.82,100.48,11.81,东北_黑龙江,45.75,126.63,NASA POWER API
302,302,2020-10-29,-0.76,0.0,79.2,2.13,100.95,11.94,东北_黑龙江,45.75,126.63,NASA POWER API
303,303,2020-10-30,1.5,0.0,75.2,2.32,100.95,10.46,东北_黑龙江,45.75,126.63,NASA POWER API
304,304,2020-10-31,4.16,1.32,76.73,6.03,99.26,3.32,东北_黑龙江,45.75,126.63,NASA POWER API
305,305,2020-11-01,2.34,0.01,70.96,4.85,99.33,7.68,东北_黑龙江,45.75,126.63,NASA POWER API
306,306,2020-11-02,-2.18,0.17,79.15,4.29,99.7,7.84,东北_黑龙江,45.75,126.63,NASA POWER API
307,307,2020-11-03,-4.51,0.24,70.56,4.39,99.91,6.05,东北_黑龙江,45.75,126.63,NASA POWER API
308,308,2020-11-04,-2.49,0.0,70.36,3.39,99.94,11.24,东北_黑龙江,45.75,126.63,NASA POWER API
309,309,2020-11-05,-0.95,0.01,81.27,1.97,99.88,8.77,东北_黑龙江,45.75,126.63,NASA POWER API
310,310,2020-11-06,2.36,0.17,82.4,3.48,99.09,8.53,东北_黑龙江,45.75,126.63,NASA POWER API
311,311,2020-11-07,0.49,1.1,79.75,2.43,99.36,10.13,东北_黑龙江,45.75,126.63,NASA POWER API
312,312,2020-11-08,-2.37,1.06,80.45,5.05,100.03,6.36,东北_黑龙江,45.75,126.63,NASA POWER API
313,313,2020-11-09,-6.08,0.02,69.86,2.46,100.61,6.93,东北_黑龙江,45.75,126.63,NASA POWER API
314,314,2020-11-10,-4.42,0.0,79.0,2.21,100.73,5.11,东北_黑龙江,45.75,126.63,NASA POWER API
315,315,2020-11-11,0.56,0.0,92.66,4.14,100.51,8.29,东北_黑龙江,45.75,126.63,NASA POWER API
316,316,2020-11-12,2.7,0.09,92.82,4.65,100.06,4.01,东北_黑龙江,45.75,126.63,NASA POWER API
317,317,2020-11-13,-0.01,0.01,80.86,3.27,101.16,9.77,东北_黑龙江,45.75,126.63,NASA POWER API
318,318,2020-11-14,0.95,0.0,80.56,3.25,100.82,9.21,东北_黑龙江,45.75,126.63,NASA POWER API
319,319,2020-11-15,-0.34,0.02,89.26,2.98,100.53,5.77,东北_黑龙江,45.75,126.63,NASA POWER API
320,320,2020-11-16,-0.83,0.0,72.38,1.53,101.31,8.13,东北_黑龙江,45.75,126.63,NASA POWER API
321,321,2020-11-17,-0.9,5.83,88.96,3.24,100.43,0.55,东北_黑龙江,45.75,126.63,NASA POWER API
322,322,2020-11-18,-3.44,0.16,78.27,4.85,100.82,3.62,东北_黑龙江,45.75,126.63,NASA POWER API
323,323,2020-11-19,-7.08,20.55,86.06,6.96,99.8,2.17,东北_黑龙江,45.75,126.63,NASA POWER API
324,324,2020-11-20,-10.54,1.04,91.47,2.65,100.53,5.6,东北_黑龙江,45.75,126.63,NASA POWER API
325,325,2020-11-21,-12.57,1.02,91.85,2.95,100.93,3.99,东北_黑龙江,45.75,126.63,NASA POWER API
326,326,2020-11-22,-15.72,0.0,93.36,2.47,100.86,7.72,东北_黑龙江,45.75,126.63,NASA POWER API
327,327,2020-11-23,-14.43,0.01,95.55,3.57,100.5,5.54,东北_黑龙江,45.75,126.63,NASA POWER API
328,328,2020-11-24,-12.07,0.06,97.37,2.83,100.87,7.88,东北_黑龙江,45.75,126.63,NASA POWER API
329,329,2020-11-25,-8.9,1.83,96.92,1.78,100.79,3.11,东北_黑龙江,45.75,126.63,NASA POWER API
330,330,2020-11-26,-14.33,0.02,96.32,2.05,101.53,4.76,东北_黑龙江,45.75,126.63,NASA POWER API
331,331,2020-11-27,-15.47,0.02,95.3,1.7,101.28,7.66,东北_黑龙江,45.75,126.63,NASA POWER API
332,332,2020-11-28,-17.32,0.01,96.99,2.01,101.11,8.47,东北_黑龙江,45.75,126.63,NASA POWER API
333,333,2020-11-29,-18.1,0.01,97.31,2.27,101.02,8.25,东北_黑龙江,45.75,126.63,NASA POWER API
334,334,2020-11-30,-15.05,0.02,92.31,3.05,101.32,8.13,东北_黑龙江,45.75,126.63,NASA POWER API
335,335,2020-12-01,-17.79,0.01,97.39,2.51,101.68,7.94,东北_黑龙江,45.75,126.63,NASA POWER API
336,336,2020-12-02,-17.22,0.02,97.75,2.85,101.21,7.85,东北_黑龙江,45.75,126.63,NASA POWER API
337,337,2020-12-03,-14.49,0.02,95.96,3.12,100.77,7.86,东北_黑龙江,45.75,126.63,NASA POWER API
338,338,2020-12-04,-15.43,0.02,96.42,3.62,100.63,7.74,东北_黑龙江,45.75,126.63,NASA POWER API
339,339,2020-12-05,-17.55,0.01,97.38,2.7,100.69,7.83,东北_黑龙江,45.75,126.63,NASA POWER API
340,340,2020-12-06,-16.2,0.02,96.51,2.24,100.51,7.01,东北_黑龙江,45.75,126.63,NASA POWER API
341,341,2020-12-07,-15.92,0.02,97.67,3.02,100.68,7.98,东北_黑龙江,45.75,126.63,NASA POWER API
342,342,2020-12-08,-19.8,0.01,97.42,3.11,100.68,7.56,东北_黑龙江,45.75,126.63,NASA POWER API
343,343,2020-12-09,-17.9,0.0,98.11,2.96,100.02,6.21,东北_黑龙江,45.75,126.63,NASA POWER API
344,344,2020-12-10,-18.15,0.02,98.51,2.32,99.87,5.19,东北_黑龙江,45.75,126.63,NASA POWER API
345,345,2020-12-11,-18.4,0.0,92.62,2.0,100.29,7.5,东北_黑龙江,45.75,126.63,NASA POWER API
346,346,2020-12-12,-20.57,0.01,92.19,1.4,100.28,7.55,东北_黑龙江,45.75,126.63,NASA POWER API
347,347,2020-12-13,-20.07,0.03,92.52,2.19,100.42,7.16,东北_黑龙江,45.75,126.63,NASA POWER API
348,348,2020-12-14,-24.78,0.0,92.14,2.2,100.75,6.99,东北_黑龙江,45.75,126.63,NASA POWER API
349,349,2020-12-15,-26.47,0.0,92.44,2.31,101.06,7.43,东北_黑龙江,45.75,126.63,NASA POWER API
350,350,2020-12-16,-25.64,0.0,95.54,2.68,101.03,7.51,东北_黑龙江,45.75,126.63,NASA POWER API
351,351,2020-12-17,-22.2,0.01,96.55,3.08,100.57,7.0,东北_黑龙江,45.75,126.63,NASA POWER API
352,352,2020-12-18,-20.46,0.02,91.02,3.42,100.73,6.58,东北_黑龙江,45.75,126.63,NASA POWER API
353,353,2020-12-19,-22.96,0.0,92.07,2.62,101.08,7.35,东北_黑龙江,45.75,126.63,NASA POWER API
354,354,2020-12-20,-20.84,0.01,94.59,3.19,100.86,6.97,东北_黑龙江,45.75,126.63,NASA POWER API
355,355,2020-12-21,-17.06,0.0,96.25,3.48,100.26,7.11,东北_黑龙江,45.75,126.63,NASA POWER API
356,356,2020-12-22,-15.6,0.0,96.31,2.94,99.97,5.84,东北_黑龙江,45.75,126.63,NASA POWER API
357,357,2020-12-23,-11.86,0.78,96.33,2.13,99.39,2.56,东北_黑龙江,45.75,126.63,NASA POWER API
358,358,2020-12-24,-15.27,0.19,96.04,2.37,99.82,5.7,东北_黑龙江,45.75,126.63,NASA POWER API
359,359,2020-12-25,-17.86,0.11,98.26,2.62,99.96,5.97,东北_黑龙江,45.75,126.63,NASA POWER API
360,360,2020-12-26,-20.69,0.04,94.81,1.89,100.51,7.04,东北_黑龙江,45.75,126.63,NASA POWER API
361,361,2020-12-27,-18.05,0.07,86.5,3.02,100.75,5.65,东北_黑龙江,45.75,126.63,NASA POWER API
362,362,2020-12-28,-22.38,0.01,91.77,1.42,101.4,6.95,东北_黑龙江,45.75,126.63,NASA POWER API
363,363,2020-12-29,-24.59,0.01,88.01,2.29,101.15,6.54,东北_黑龙江,45.75,126.63,NASA POWER API
364,364,2020-12-30,-22.7,0.05,93.51,2.54,100.22,7.18,东北_黑龙江,45.75,126.63,NASA POWER API
365,365,2020-12-31,-23.52,0.11,92.36,2.26,100.01,6.48,东北_黑龙江,45.75,126.63,NASA POWER API
366,366,2021-01-01,-26.91,0.0,90.35,1.97,100.82,7.34,东北_黑龙江,45.75,126.63,NASA POWER API
367,367,2021-01-02,-26.73,0.0,96.46,2.4,101.06,7.38,东北_黑龙江,45.75,126.63,NASA POWER API
368,368,2021-01-03,-25.98,0.0,95.65,2.72,101.04,7.39,东北_黑龙江,45.75,126.63,NASA POWER API
369,369,2021-01-04,-26.25,0.01,96.86,2.26,101.13,7.75,东北_黑龙江,45.75,126.63,NASA POWER API
370,370,2021-01-05,-24.94,0.02,96.9,2.26,101.19,7.64,东北_黑龙江,45.75,126.63,NASA POWER API
371,371,2021-01-06,-22.39,0.29,92.21,2.01,100.54,6.03,东北_黑龙江,45.75,126.63,NASA POWER API
372,372,2021-01-07,-27.47,0.05,90.02,2.29,100.49,6.75,东北_黑龙江,45.75,126.63,NASA POWER API
373,373,2021-01-08,-27.52,0.02,92.19,2.3,100.24,7.79,东北_黑龙江,45.75,126.63,NASA POWER API
374,374,2021-01-09,-25.72,0.01,97.14,2.19,100.13,7.81,东北_黑龙江,45.75,126.63,NASA POWER API
375,375,2021-01-10,-23.31,0.01,98.39,2.09,100.56,7.99,东北_黑龙江,45.75,126.63,NASA POWER API
376,376,2021-01-11,-21.33,0.01,97.69,3.06,100.26,7.88,东北_黑龙江,45.75,126.63,NASA POWER API
377,377,2021-01-12,-15.67,1.02,97.04,2.14,99.15,4.93,东北_黑龙江,45.75,126.63,NASA POWER API
378,378,2021-01-13,-14.5,0.73,95.55,3.61,99.18,7.38,东北_黑龙江,45.75,126.63,NASA POWER API
379,379,2021-01-14,-18.17,0.1,92.88,1.41,100.58,7.39,东北_黑龙江,45.75,126.63,NASA POWER API
380,380,2021-01-15,-19.9,0.33,93.77,3.04,100.67,7.1,东北_黑龙江,45.75,126.63,NASA POWER API
381,381,2021-01-16,-24.83,0.06,97.88,2.62,100.82,8.56,东北_黑龙江,45.75,126.63,NASA POWER API
382,382,2021-01-17,-22.41,0.39,96.29,3.01,100.0,7.91,东北_黑龙江,45.75,126.63,NASA POWER API
383,383,2021-01-18,-25.54,0.23,89.62,3.25,100.5,8.39,东北_黑龙江,45.75,126.63,NASA POWER API
384,384,2021-01-19,-26.12,0.01,96.03,2.67,101.25,8.72,东北_黑龙江,45.75,126.63,NASA POWER API
385,385,2021-01-20,-13.43,0.72,96.32,4.27,100.19,4.28,东北_黑龙江,45.75,126.63,NASA POWER API
386,386,2021-01-21,-17.68,0.02,93.69,1.61,100.71,7.87,东北_黑龙江,45.75,126.63,NASA POWER API
387,387,2021-01-22,-18.13,0.0,92.11,1.61,101.01,9.52,东北_黑龙江,45.75,126.63,NASA POWER API
388,388,2021-01-23,-15.6,0.01,97.89,2.26,100.77,8.67,东北_黑龙江,45.75,126.63,NASA POWER API
389,389,2021-01-24,-13.7,0.02,98.35,1.61,100.94,7.45,东北_黑龙江,45.75,126.63,NASA POWER API
390,390,2021-01-25,-13.07,1.4,95.8,4.41,100.89,5.54,东北_黑龙江,45.75,126.63,NASA POWER API
391,391,2021-01-26,-14.14,0.75,96.88,2.79,100.05,9.28,东北_黑龙江,45.75,126.63,NASA POWER API
392,392,2021-01-27,-20.08,0.22,87.38,2.97,100.31,10.27,东北_黑龙江,45.75,126.63,NASA POWER API
393,393,2021-01-28,-21.93,0.02,90.46,2.73,100.13,10.18,东北_黑龙江,45.75,126.63,NASA POWER API
394,394,2021-01-29,-26.47,0.26,93.77,1.94,100.49,10.4,东北_黑龙江,45.75,126.63,NASA POWER API
395,395,2021-01-30,-22.58,0.59,89.29,3.13,100.8,9.24,东北_黑龙江,45.75,126.63,NASA POWER API
396,396,2021-01-31,-22.67,2.03,95.38,3.74,100.74,7.06,东北_黑龙江,45.75,126.63,NASA POWER API
397,397,2021-02-01,-19.79,2.29,93.1,3.67,99.88,8.6,东北_黑龙江,45.75,126.63,NASA POWER API
398,398,2021-02-02,-27.1,0.03,89.22,3.51,100.22,10.93,东北_黑龙江,45.75,126.63,NASA POWER API
399,399,2021-02-03,-27.35,0.0,92.52,2.59,100.16,11.09,东北_黑龙江,45.75,126.63,NASA POWER API
400,400,2021-02-04,-25.38,0.0,92.2,2.32,100.23,11.45,东北_黑龙江,45.75,126.63,NASA POWER API
401,401,2021-02-05,-15.91,0.01,93.58,2.25,99.27,8.77,东北_黑龙江,45.75,126.63,NASA POWER API
402,402,2021-02-06,-17.36,0.01,92.64,2.04,100.03,10.63,东北_黑龙江,45.75,126.63,NASA POWER API
403,403,2021-02-07,-20.97,0.01,94.08,2.03,100.79,11.94,东北_黑龙江,45.75,126.63,NASA POWER API
404,404,2021-02-08,-22.54,0.01,94.11,2.42,100.96,12.13,东北_黑龙江,45.75,126.63,NASA POWER API
405,405,2021-02-09,-16.44,0.02,93.98,2.78,100.23,11.61,东北_黑龙江,45.75,126.63,NASA POWER API
406,406,2021-02-10,-12.12,0.07,97.42,1.6,100.25,10.27,东北_黑龙江,45.75,126.63,NASA POWER API
407,407,2021-02-11,-5.51,0.02,92.66,4.97,99.92,7.63,东北_黑龙江,45.75,126.63,NASA POWER API
408,408,2021-02-12,-3.37,0.01,94.31,4.33,100.08,11.69,东北_黑龙江,45.75,126.63,NASA POWER API
409,409,2021-02-13,-9.33,0.3,92.27,1.82,100.67,9.58,东北_黑龙江,45.75,126.63,NASA POWER API
410,410,2021-02-14,-17.29,0.01,87.31,2.15,100.66,12.21,东北_黑龙江,45.75,126.63,NASA POWER API
411,411,2021-02-15,-19.29,0.01,90.03,2.32,99.93,13.71,东北_黑龙江,45.75,126.63,NASA POWER API
412,412,2021-02-16,-20.37,0.33,90.49,4.83,99.69,13.41,东北_黑龙江,45.75,126.63,NASA POWER API
413,413,2021-02-17,-15.59,1.11,90.5,5.47,99.72,11.51,东北_黑龙江,45.75,126.63,NASA POWER API
414,414,2021-02-18,-15.11,0.0,92.49,3.65,99.93,13.62,东北_黑龙江,45.75,126.63,NASA POWER API
415,415,2021-02-19,-9.13,1.17,92.26,4.85,98.21,7.54,东北_黑龙江,45.75,126.63,NASA POWER API
416,416,2021-02-20,-10.97,0.06,87.87,2.74,98.84,13.3,东北_黑龙江,45.75,126.63,NASA POWER API
417,417,2021-02-21,-13.36,0.58,95.23,2.75,99.49,9.56,东北_黑龙江,45.75,126.63,NASA POWER API
418,418,2021-02-22,-13.96,0.53,90.1,3.9,100.07,12.46,东北_黑龙江,45.75,126.63,NASA POWER API
419,419,2021-02-23,-19.31,0.01,85.72,2.95,100.94,15.61,东北_黑龙江,45.75,126.63,NASA POWER API
420,420,2021-02-24,-15.95,0.16,88.8,1.69,100.84,14.16,东北_黑龙江,45.75,126.63,NASA POWER API
421,421,2021-02-25,-13.41,0.03,87.66,2.58,100.95,15.62,东北_黑龙江,45.75,126.63,NASA POWER API
422,422,2021-02-26,-11.62,0.09,84.94,1.81,101.28,12.41,东北_黑龙江,45.75,126.63,NASA POWER API
423,423,2021-02-27,-6.21,0.04,90.18,6.13,100.33,11.56,东北_黑龙江,45.75,126.63,NASA POWER API
424,424,2021-02-28,-8.35,3.47,86.3,3.28,100.89,7.45,东北_黑龙江,45.75,126.63,NASA POWER API
425,425,2021-03-01,-15.51,0.0,83.26,2.11,101.51,15.65,东北_黑龙江,45.75,126.63,NASA POWER API
426,426,2021-03-02,-14.96,0.0,86.12,2.42,101.02,16.89,东北_黑龙江,45.75,126.63,NASA POWER API
427,427,2021-03-03,-6.77,0.53,91.88,3.96,99.83,7.15,东北_黑龙江,45.75,126.63,NASA POWER API
428,428,2021-03-04,-1.67,1.94,96.92,3.38,99.37,9.45,东北_黑龙江,45.75,126.63,NASA POWER API
429,429,2021-03-05,-14.73,0.93,80.94,5.5,101.19,17.1,东北_黑龙江,45.75,126.63,NASA POWER API
430,430,2021-03-06,-16.45,0.3,81.85,2.34,101.96,18.29,东北_黑龙江,45.75,126.63,NASA POWER API
431,431,2021-03-07,-10.31,0.0,84.97,3.72,100.92,17.28,东北_黑龙江,45.75,126.63,NASA POWER API
432,432,2021-03-08,-5.2,0.0,86.58,3.56,100.51,14.89,东北_黑龙江,45.75,126.63,NASA POWER API
433,433,2021-03-09,-3.3,0.07,81.67,5.69,100.18,15.11,东北_黑龙江,45.75,126.63,NASA POWER API
434,434,2021-03-10,-2.26,0.05,78.07,2.97,100.67,15.19,东北_黑龙江,45.75,126.63,NASA POWER API
435,435,2021-03-11,-1.14,0.0,80.22,1.94,100.76,15.55,东北_黑龙江,45.75,126.63,NASA POWER API
436,436,2021-03-12,-0.11,0.0,69.83,1.78,101.08,16.05,东北_黑龙江,45.75,126.63,NASA POWER API
437,437,2021-03-13,1.68,0.0,68.52,1.64,100.37,14.19,东北_黑龙江,45.75,126.63,NASA POWER API
438,438,2021-03-14,3.87,0.0,75.86,4.21,99.73,16.26,东北_黑龙江,45.75,126.63,NASA POWER API
439,439,2021-03-15,2.41,0.5,65.11,9.07,98.57,4.91,东北_黑龙江,45.75,126.63,NASA POWER API
440,440,2021-03-16,-4.0,0.58,65.57,6.05,99.69,12.57,东北_黑龙江,45.75,126.63,NASA POWER API
441,441,2021-03-17,-1.41,0.0,62.41,2.85,100.65,18.37,东北_黑龙江,45.75,126.63,NASA POWER API
442,442,2021-03-18,0.58,0.0,60.56,2.08,100.71,19.02,东北_黑龙江,45.75,126.63,NASA POWER API
443,443,2021-03-19,1.5,0.04,61.1,1.68,100.69,15.47,东北_黑龙江,45.75,126.63,NASA POWER API
444,444,2021-03-20,-0.08,4.44,83.9,4.71,99.68,6.47,东北_黑龙江,45.75,126.63,NASA POWER API
445,445,2021-03-21,-1.0,2.6,78.19,5.23,99.07,6.67,东北_黑龙江,45.75,126.63,NASA POWER API
446,446,2021-03-22,-0.25,0.0,70.87,3.41,99.28,14.94,东北_黑龙江,45.75,126.63,NASA POWER API
447,447,2021-03-23,3.19,0.0,72.22,3.4,98.89,17.21,东北_黑龙江,45.75,126.63,NASA POWER API
448,448,2021-03-24,2.66,0.01,72.93,3.36,99.79,16.76,东北_黑龙江,45.75,126.63,NASA POWER API
449,449,2021-03-25,2.11,1.36,91.53,3.33,99.87,9.43,东北_黑龙江,45.75,126.63,NASA POWER API
450,450,2021-03-26,4.46,2.01,80.93,3.55,99.94,11.81,东北_黑龙江,45.75,126.63,NASA POWER API
451,451,2021-03-27,7.06,0.39,78.69,3.51,98.93,12.35,东北_黑龙江,45.75,126.63,NASA POWER API
452,452,2021-03-28,7.53,3.2,84.62,3.52,98.0,15.14,东北_黑龙江,45.75,126.63,NASA POWER API
453,453,2021-03-29,3.02,0.91,88.22,4.37,97.85,8.48,东北_黑龙江,45.75,126.63,NASA POWER API
454,454,2021-03-30,4.71,0.17,71.08,3.78,99.15,14.15,东北_黑龙江,45.75,126.63,NASA POWER API
455,455,2021-03-31,5.19,0.0,61.88,1.9,100.13,15.46,东北_黑龙江,45.75,126.63,NASA POWER API
456,456,2021-04-01,7.35,0.0,61.39,1.69,100.62,17.97,东北_黑龙江,45.75,126.63,NASA POWER API
457,457,2021-04-02,8.98,0.18,74.54,4.6,99.85,9.67,东北_黑龙江,45.75,126.63,NASA POWER API
458,458,2021-04-03,2.58,0.0,55.23,5.06,100.6,22.3,东北_黑龙江,45.75,126.63,NASA POWER API
459,459,2021-04-04,4.03,0.0,52.7,2.95,100.39,23.5,东北_黑龙江,45.75,126.63,NASA POWER API
460,460,2021-04-05,7.1,0.0,61.58,4.81,99.67,22.26,东北_黑龙江,45.75,126.63,NASA POWER API
461,461,2021-04-06,2.65,0.0,59.53,4.73,100.06,20.91,东北_黑龙江,45.75,126.63,NASA POWER API
462,462,2021-04-07,-1.03,0.0,55.12,4.7,100.53,24.32,东北_黑龙江,45.75,126.63,NASA POWER API
463,463,2021-04-08,0.03,0.0,59.32,3.84,100.57,24.45,东北_黑龙江,45.75,126.63,NASA POWER API
464,464,2021-04-09,4.7,0.0,51.27,1.0,101.0,22.16,东北_黑龙江,45.75,126.63,NASA POWER API
465,465,2021-04-10,8.92,0.0,55.59,5.27,100.55,20.41,东北_黑龙江,45.75,126.63,NASA POWER API
466,466,2021-04-11,9.52,1.23,81.75,2.98,100.26,11.79,东北_黑龙江,45.75,126.63,NASA POWER API
467,467,2021-04-12,6.87,3.84,74.6,7.57,99.54,12.97,东北_黑龙江,45.75,126.63,NASA POWER API
468,468,2021-04-13,-2.14,0.02,64.79,4.32,99.71,18.71,东北_黑龙江,45.75,126.63,NASA POWER API
469,469,2021-04-14,1.83,0.0,56.7,3.66,99.35,22.45,东北_黑龙江,45.75,126.63,NASA POWER API
470,470,2021-04-15,6.32,0.0,65.07,3.28,99.06,16.51,东北_黑龙江,45.75,126.63,NASA POWER API
471,471,2021-04-16,6.05,0.49,71.59,5.15,98.6,12.6,东北_黑龙江,45.75,126.63,NASA POWER API
472,472,2021-04-17,5.15,0.06,73.73,1.41,99.47,11.99,东北_黑龙江,45.75,126.63,NASA POWER API
473,473,2021-04-18,6.85,0.0,68.86,2.19,99.5,21.01,东北_黑龙江,45.75,126.63,NASA POWER API
474,474,2021-04-19,7.71,0.0,62.0,4.63,99.16,23.83,东北_黑龙江,45.75,126.63,NASA POWER API
475,475,2021-04-20,5.89,0.0,54.02,2.74,100.34,26.36,东北_黑龙江,45.75,126.63,NASA POWER API
476,476,2021-04-21,12.23,0.0,61.22,3.74,100.0,18.2,东北_黑龙江,45.75,126.63,NASA POWER API
477,477,2021-04-22,13.67,0.73,72.59,3.05,100.18,17.3,东北_黑龙江,45.75,126.63,NASA POWER API
478,478,2021-04-23,12.45,0.35,80.65,2.56,100.79,9.44,东北_黑龙江,45.75,126.63,NASA POWER API
479,479,2021-04-24,7.15,0.8,59.91,4.69,101.08,18.21,东北_黑龙江,45.75,126.63,NASA POWER API
480,480,2021-04-25,7.53,0.08,55.18,3.27,100.83,26.67,东北_黑龙江,45.75,126.63,NASA POWER API
481,481,2021-04-26,10.29,0.0,56.09,3.07,99.85,22.79,东北_黑龙江,45.75,126.63,NASA POWER API
482,482,2021-04-27,11.09,1.14,68.75,5.26,98.87,8.24,东北_黑龙江,45.75,126.63,NASA POWER API
483,483,2021-04-28,8.1,0.16,59.89,4.56,98.7,17.96,东北_黑龙江,45.75,126.63,NASA POWER API
484,484,2021-04-29,7.89,1.32,69.19,3.31,98.63,15.8,东北_黑龙江,45.75,126.63,NASA POWER API
485,485,2021-04-30,7.69,2.36,86.11,1.31,98.88,16.37,东北_黑龙江,45.75,126.63,NASA POWER API
486,486,2021-05-01,8.12,0.98,81.44,2.25,99.36,13.43,东北_黑龙江,45.75,126.63,NASA POWER API
487,487,2021-05-02,10.73,0.07,66.88,2.21,99.71,21.64,东北_黑龙江,45.75,126.63,NASA POWER API
488,488,2021-05-03,12.37,1.21,68.47,4.09,99.14,15.11,东北_黑龙江,45.75,126.63,NASA POWER API
489,489,2021-05-04,11.72,1.81,64.08,4.89,98.52,10.34,东北_黑龙江,45.75,126.63,NASA POWER API
490,490,2021-05-05,9.01,2.83,73.41,4.57,98.1,19.2,东北_黑龙江,45.75,126.63,NASA POWER API
491,491,2021-05-06,12.46,0.2,65.89,2.76,98.38,20.35,东北_黑龙江,45.75,126.63,NASA POWER API
492,492,2021-05-07,10.44,7.15,84.57,3.29,97.65,6.97,东北_黑龙江,45.75,126.63,NASA POWER API
493,493,2021-05-08,8.31,16.49,82.38,3.26,97.47,10.17,东北_黑龙江,45.75,126.63,NASA POWER API
494,494,2021-05-09,7.71,8.22,82.09,4.5,98.65,13.8,东北_黑龙江,45.75,126.63,NASA POWER API
495,495,2021-05-10,9.92,0.69,71.48,1.36,99.57,22.33,东北_黑龙江,45.75,126.63,NASA POWER API
496,496,2021-05-11,12.98,0.23,62.37,3.32,99.59,25.01,东北_黑龙江,45.75,126.63,NASA POWER API
497,497,2021-05-12,14.69,0.97,58.24,7.03,98.65,23.56,东北_黑龙江,45.75,126.63,NASA POWER API
498,498,2021-05-13,14.14,0.0,57.72,3.3,99.2,28.94,东北_黑龙江,45.75,126.63,NASA POWER API
499,499,2021-05-14,16.73,19.21,72.86,3.82,98.99,16.48,东北_黑龙江,45.75,126.63,NASA POWER API
500,500,2021-05-15,14.05,8.61,66.25,4.45,99.01,15.94,东北_黑龙江,45.75,126.63,NASA POWER API
501,501,2021-05-16,15.49,0.34,60.04,2.84,98.96,27.82,东北_黑龙江,45.75,126.63,NASA POWER API
502,502,2021-05-17,17.36,0.0,58.63,2.92,98.66,30.03,东北_黑龙江,45.75,126.63,NASA POWER API
503,503,2021-05-18,19.95,0.0,55.55,5.15,98.36,25.58,东北_黑龙江,45.75,126.63,NASA POWER API
504,504,2021-05-19,17.37,2.07,75.04,1.65,98.63,26.41,东北_黑龙江,45.75,126.63,NASA POWER API
505,505,2021-05-20,21.0,0.17,65.53,3.98,98.56,25.21,东北_黑龙江,45.75,126.63,NASA POWER API
506,506,2021-05-21,22.23,0.38,65.09,1.33,98.61,24.11,东北_黑龙江,45.75,126.63,NASA POWER API
507,507,2021-05-22,22.36,0.86,67.32,4.05,98.55,27.1,东北_黑龙江,45.75,126.63,NASA POWER API
508,508,2021-05-23,15.67,4.48,80.02,5.17,98.46,4.97,东北_黑龙江,45.75,126.63,NASA POWER API
509,509,2021-05-24,11.35,0.95,62.67,5.12,98.22,22.61,东北_黑龙江,45.75,126.63,NASA POWER API
510,510,2021-05-25,12.79,0.0,57.6,3.17,98.15,24.03,东北_黑龙江,45.75,126.63,NASA POWER API
511,511,2021-05-26,14.43,0.0,56.62,2.27,98.25,25.17,东北_黑龙江,45.75,126.63,NASA POWER API
512,512,2021-05-27,13.26,1.82,74.6,1.95,98.32,22.05,东北_黑龙江,45.75,126.63,NASA POWER API
513,513,2021-05-28,12.41,11.3,82.07,1.01,98.42,15.29,东北_黑龙江,45.75,126.63,NASA POWER API
514,514,2021-05-29,15.35,0.33,65.53,1.61,98.62,23.42,东北_黑龙江,45.75,126.63,NASA POWER API
515,515,2021-05-30,16.33,1.51,71.06,0.9,98.94,17.36,东北_黑龙江,45.75,126.63,NASA POWER API
516,516,2021-05-31,18.38,0.41,71.77,2.65,99.17,24.63,东北_黑龙江,45.75,126.63,NASA POWER API
517,517,2021-06-01,16.17,9.72,74.31,3.88,98.98,10.2,东北_黑龙江,45.75,126.63,NASA POWER API
518,518,2021-06-02,14.0,2.96,74.03,2.69,99.12,13.65,东北_黑龙江,45.75,126.63,NASA POWER API
519,519,2021-06-03,13.33,8.4,76.29,3.13,98.08,17.27,东北_黑龙江,45.75,126.63,NASA POWER API
520,520,2021-06-04,11.91,7.27,79.2,1.83,97.33,13.04,东北_黑龙江,45.75,126.63,NASA POWER API
521,521,2021-06-05,13.81,8.86,79.09,1.43,97.58,13.02,东北_黑龙江,45.75,126.63,NASA POWER API
522,522,2021-06-06,16.06,1.77,72.31,1.17,98.71,18.29,东北_黑龙江,45.75,126.63,NASA POWER API
523,523,2021-06-07,19.24,0.0,64.14,0.78,99.53,27.67,东北_黑龙江,45.75,126.63,NASA POWER API
524,524,2021-06-08,20.68,0.0,65.93,1.66,99.78,28.51,东北_黑龙江,45.75,126.63,NASA POWER API
525,525,2021-06-09,20.77,1.82,79.79,3.57,99.39,15.35,东北_黑龙江,45.75,126.63,NASA POWER API
526,526,2021-06-10,19.47,5.2,85.9,3.61,99.16,7.47,东北_黑龙江,45.75,126.63,NASA POWER API
527,527,2021-06-11,20.98,2.08,74.13,2.6,98.89,21.94,东北_黑龙江,45.75,126.63,NASA POWER API
528,528,2021-06-12,21.63,0.32,70.35,1.47,99.15,20.86,东北_黑龙江,45.75,126.63,NASA POWER API
529,529,2021-06-13,21.15,3.38,84.9,2.89,99.02,21.48,东北_黑龙江,45.75,126.63,NASA POWER API
530,530,2021-06-14,23.01,0.48,78.77,3.23,98.71,18.24,东北_黑龙江,45.75,126.63,NASA POWER API
531,531,2021-06-15,21.08,3.74,81.28,4.6,98.59,11.63,东北_黑龙江,45.75,126.63,NASA POWER API
532,532,2021-06-16,22.85,0.42,76.51,3.59,98.71,21.08,东北_黑龙江,45.75,126.63,NASA POWER API
533,533,2021-06-17,20.61,10.46,72.77,5.16,98.1,16.92,东北_黑龙江,45.75,126.63,NASA POWER API
534,534,2021-06-18,16.35,10.38,82.73,3.88,97.67,16.0,东北_黑龙江,45.75,126.63,NASA POWER API
535,535,2021-06-19,17.76,8.65,85.06,3.61,97.86,16.73,东北_黑龙江,45.75,126.63,NASA POWER API
536,536,2021-06-20,18.23,1.9,81.39,3.36,98.47,17.94,东北_黑龙江,45.75,126.63,NASA POWER API
537,537,2021-06-21,17.68,0.02,73.35,3.32,99.12,21.41,东北_黑龙江,45.75,126.63,NASA POWER API
538,538,2021-06-22,20.31,0.0,66.45,1.59,99.43,27.81,东北_黑龙江,45.75,126.63,NASA POWER API
539,539,2021-06-23,22.46,0.0,59.94,1.17,99.45,27.89,东北_黑龙江,45.75,126.63,NASA POWER API
540,540,2021-06-24,21.97,0.11,67.52,1.86,99.25,24.89,东北_黑龙江,45.75,126.63,NASA POWER API
541,541,2021-06-25,22.45,0.17,70.49,2.61,99.05,25.34,东北_黑龙江,45.75,126.63,NASA POWER API
542,542,2021-06-26,22.35,0.99,75.91,1.98,99.1,23.5,东北_黑龙江,45.75,126.63,NASA POWER API
543,543,2021-06-27,21.44,2.26,81.33,2.12,99.22,15.65,东北_黑龙江,45.75,126.63,NASA POWER API
544,544,2021-06-28,22.91,1.05,76.76,0.81,99.01,20.17,东北_黑龙江,45.75,126.63,NASA POWER API
545,545,2021-06-29,23.76,0.33,74.05,0.96,98.8,21.8,东北_黑龙江,45.75,126.63,NASA POWER API
546,546,2021-06-30,23.56,3.7,78.52,1.74,98.8,18.72,东北_黑龙江,45.75,126.63,NASA POWER API
547,547,2021-07-01,20.45,36.02,91.42,2.84,98.81,8.7,东北_黑龙江,45.75,126.63,NASA POWER API
548,548,2021-07-02,21.89,29.06,89.9,2.56,99.14,20.08,东北_黑龙江,45.75,126.63,NASA POWER API
549,549,2021-07-03,24.08,3.86,80.6,2.24,99.26,22.57,东北_黑龙江,45.75,126.63,NASA POWER API
550,550,2021-07-04,20.61,10.13,87.66,2.69,99.02,8.42,东北_黑龙江,45.75,126.63,NASA POWER API
551,551,2021-07-05,21.55,4.58,78.84,1.12,98.86,18.2,东北_黑龙江,45.75,126.63,NASA POWER API
552,552,2021-07-06,23.19,1.65,75.62,0.66,98.93,21.57,东北_黑龙江,45.75,126.63,NASA POWER API
553,553,2021-07-07,21.63,5.78,88.71,1.65,98.91,16.0,东北_黑龙江,45.75,126.63,NASA POWER API
554,554,2021-07-08,23.03,7.62,85.87,1.67,98.78,17.09,东北_黑龙江,45.75,126.63,NASA POWER API
555,555,2021-07-09,21.82,8.03,90.21,2.0,98.74,18.65,东北_黑龙江,45.75,126.63,NASA POWER API
556,556,2021-07-10,22.57,2.86,85.35,2.01,98.81,16.47,东北_黑龙江,45.75,126.63,NASA POWER API
557,557,2021-07-11,24.1,0.63,82.45,2.08,98.96,22.34,东北_黑龙江,45.75,126.63,NASA POWER API
558,558,2021-07-12,25.72,0.66,84.89,2.4,99.1,19.7,东北_黑龙江,45.75,126.63,NASA POWER API
559,559,2021-07-13,27.18,3.43,80.96,2.41,99.05,23.92,东北_黑龙江,45.75,126.63,NASA POWER API
560,560,2021-07-14,26.89,10.67,86.13,3.31,99.17,22.25,东北_黑龙江,45.75,126.63,NASA POWER API
561,561,2021-07-15,26.28,2.77,87.73,2.98,99.53,18.18,东北_黑龙江,45.75,126.63,NASA POWER API
562,562,2021-07-16,26.86,2.32,86.14,2.65,99.65,21.59,东北_黑龙江,45.75,126.63,NASA POWER API
563,563,2021-07-17,26.58,1.12,84.55,2.18,99.56,23.19,东北_黑龙江,45.75,126.63,NASA POWER API
564,564,2021-07-18,26.79,1.52,83.64,1.9,99.41,21.77,东北_黑龙江,45.75,126.63,NASA POWER API
565,565,2021-07-19,26.7,0.85,83.21,2.26,99.49,20.19,东北_黑龙江,45.75,126.63,NASA POWER API
566,566,2021-07-20,25.93,0.46,84.96,2.6,99.68,20.6,东北_黑龙江,45.75,126.63,NASA POWER API
567,567,2021-07-21,26.6,0.27,81.86,1.87,99.7,20.51,东北_黑龙江,45.75,126.63,NASA POWER API
568,568,2021-07-22,26.46,0.93,82.42,2.01,99.5,21.64,东北_黑龙江,45.75,126.63,NASA POWER API
569,569,2021-07-23,26.34,1.18,81.79,3.16,99.17,22.59,东北_黑龙江,45.75,126.63,NASA POWER API
570,570,2021-07-24,26.55,0.24,77.39,3.33,98.99,25.23,东北_黑龙江,45.75,126.63,NASA POWER API
571,571,2021-07-25,24.65,10.32,89.63,2.4,98.87,11.58,东北_黑龙江,45.75,126.63,NASA POWER API
572,572,2021-07-26,25.74,1.17,83.75,3.2,98.64,16.11,东北_黑龙江,45.75,126.63,NASA POWER API
573,573,2021-07-27,26.52,3.0,83.99,2.98,98.66,23.09,东北_黑龙江,45.75,126.63,NASA POWER API
574,574,2021-07-28,26.46,0.3,80.28,1.24,98.78,19.09,东北_黑龙江,45.75,126.63,NASA POWER API
575,575,2021-07-29,25.73,0.05,79.81,0.73,98.65,16.6,东北_黑龙江,45.75,126.63,NASA POWER API
576,576,2021-07-30,25.94,7.38,79.24,0.99,98.43,12.48,东北_黑龙江,45.75,126.63,NASA POWER API
577,577,2021-07-31,26.14,31.67,86.77,2.65,98.15,12.25,东北_黑龙江,45.75,126.63,NASA POWER API
578,578,2021-08-01,24.92,4.4,85.17,3.12,98.4,13.5,东北_黑龙江,45.75,126.63,NASA POWER API
579,579,2021-08-02,21.25,9.97,90.75,2.7,98.88,7.06,东北_黑龙江,45.75,126.63,NASA POWER API
580,580,2021-08-03,22.6,1.59,87.18,3.45,98.84,15.92,东北_黑龙江,45.75,126.63,NASA POWER API
581,581,2021-08-04,22.59,1.55,86.72,3.23,98.75,13.02,东北_黑龙江,45.75,126.63,NASA POWER API
582,582,2021-08-05,23.38,18.4,90.54,4.06,98.41,14.59,东北_黑龙江,45.75,126.63,NASA POWER API
583,583,2021-08-06,22.47,1.24,83.36,3.23,98.49,19.82,东北_黑龙江,45.75,126.63,NASA POWER API
584,584,2021-08-07,23.17,0.15,78.92,1.74,98.85,19.62,东北_黑龙江,45.75,126.63,NASA POWER API
585,585,2021-08-08,23.04,0.39,81.03,1.9,99.19,18.06,东北_黑龙江,45.75,126.63,NASA POWER API
586,586,2021-08-09,19.65,0.12,78.66,4.01,99.28,22.75,东北_黑龙江,45.75,126.63,NASA POWER API
587,587,2021-08-10,18.73,0.03,78.73,4.33,99.36,18.56,东北_黑龙江,45.75,126.63,NASA POWER API
588,588,2021-08-11,19.48,1.11,79.62,4.03,99.62,13.95,东北_黑龙江,45.75,126.63,NASA POWER API
589,589,2021-08-12,18.14,5.17,89.36,3.29,99.53,9.49,东北_黑龙江,45.75,126.63,NASA POWER API
590,590,2021-08-13,19.03,2.7,87.05,3.39,99.45,11.38,东北_黑龙江,45.75,126.63,NASA POWER API
591,591,2021-08-14,19.26,0.13,78.94,2.68,99.57,14.34,东北_黑龙江,45.75,126.63,NASA POWER API
592,592,2021-08-15,20.28,0.07,77.13,1.38,99.81,19.47,东北_黑龙江,45.75,126.63,NASA POWER API
593,593,2021-08-16,21.22,0.08,75.98,1.08,99.95,20.13,东北_黑龙江,45.75,126.63,NASA POWER API
594,594,2021-08-17,21.7,0.01,74.53,1.46,99.8,16.84,东北_黑龙江,45.75,126.63,NASA POWER API
595,595,2021-08-18,22.78,0.0,71.23,1.11,99.62,23.14,东北_黑龙江,45.75,126.63,NASA POWER API
596,596,2021-08-19,23.05,0.01,80.85,2.6,99.43,21.89,东北_黑龙江,45.75,126.63,NASA POWER API
597,597,2021-08-20,22.86,0.98,80.02,2.82,99.27,19.07,东北_黑龙江,45.75,126.63,NASA POWER API
598,598,2021-08-21,20.6,20.5,92.73,2.04,98.88,7.03,东北_黑龙江,45.75,126.63,NASA POWER API
599,599,2021-08-22,19.22,19.26,88.78,2.7,98.44,11.17,东北_黑龙江,45.75,126.63,NASA POWER API
600,600,2021-08-23,20.91,25.06,85.53,1.9,98.55,14.22,东北_黑龙江,45.75,126.63,NASA POWER API
601,601,2021-08-24,21.28,2.48,85.09,2.16,98.61,19.87,东北_黑龙江,45.75,126.63,NASA POWER API
602,602,2021-08-25,21.54,9.69,84.55,2.75,98.71,12.65,东北_黑龙江,45.75,126.63,NASA POWER API
603,603,2021-08-26,20.08,6.26,86.18,2.5,98.85,16.29,东北_黑龙江,45.75,126.63,NASA POWER API
604,604,2021-08-27,19.34,4.35,82.89,3.79,98.63,17.67,东北_黑龙江,45.75,126.63,NASA POWER API
605,605,2021-08-28,18.02,4.48,85.93,3.46,98.84,16.26,东北_黑龙江,45.75,126.63,NASA POWER API
606,606,2021-08-29,16.38,0.56,74.27,1.59,99.27,20.59,东北_黑龙江,45.75,126.63,NASA POWER API
607,607,2021-08-30,14.57,0.37,74.77,2.19,99.78,18.85,东北_黑龙江,45.75,126.63,NASA POWER API
608,608,2021-08-31,16.85,0.02,74.7,0.95,100.1,23.19,东北_黑龙江,45.75,126.63,NASA POWER API
609,609,2021-09-01,18.99,0.01,76.39,1.14,99.74,22.2,东北_黑龙江,45.75,126.63,NASA POWER API
610,610,2021-09-02,19.71,0.1,75.25,1.86,99.46,21.15,东北_黑龙江,45.75,126.63,NASA POWER API
611,611,2021-09-03,19.42,0.0,76.27,2.05,99.55,19.47,东北_黑龙江,45.75,126.63,NASA POWER API
612,612,2021-09-04,19.86,0.04,79.22,2.34,100.06,21.4,东北_黑龙江,45.75,126.63,NASA POWER API
613,613,2021-09-05,19.37,0.01,76.53,2.62,100.46,22.08,东北_黑龙江,45.75,126.63,NASA POWER API
614,614,2021-09-06,18.93,0.25,76.36,2.0,100.22,15.26,东北_黑龙江,45.75,126.63,NASA POWER API
615,615,2021-09-07,17.47,11.37,86.21,1.92,99.57,8.14,东北_黑龙江,45.75,126.63,NASA POWER API
616,616,2021-09-08,17.12,1.73,76.79,1.44,99.24,18.57,东北_黑龙江,45.75,126.63,NASA POWER API
617,617,2021-09-09,17.44,7.67,83.1,2.49,99.22,9.15,东北_黑龙江,45.75,126.63,NASA POWER API
618,618,2021-09-10,14.73,0.22,77.25,2.4,99.34,16.65,东北_黑龙江,45.75,126.63,NASA POWER API
619,619,2021-09-11,12.27,7.94,84.71,2.36,99.26,8.02,东北_黑龙江,45.75,126.63,NASA POWER API
620,620,2021-09-12,13.17,0.16,75.22,1.76,99.97,19.1,东北_黑龙江,45.75,126.63,NASA POWER API
621,621,2021-09-13,13.38,2.43,87.77,1.9,100.18,5.89,东北_黑龙江,45.75,126.63,NASA POWER API
622,622,2021-09-14,14.73,0.99,82.54,1.23,100.58,13.39,东北_黑龙江,45.75,126.63,NASA POWER API
623,623,2021-09-15,14.97,0.07,79.58,1.64,100.38,16.35,东北_黑龙江,45.75,126.63,NASA POWER API
624,624,2021-09-16,14.96,4.68,86.89,1.92,99.66,7.11,东北_黑龙江,45.75,126.63,NASA POWER API
625,625,2021-09-17,16.18,0.03,75.34,2.96,99.74,19.56,东北_黑龙江,45.75,126.63,NASA POWER API
626,626,2021-09-18,14.06,0.28,74.47,2.83,99.99,13.87,东北_黑龙江,45.75,126.63,NASA POWER API
627,627,2021-09-19,10.61,1.24,85.37,2.26,100.18,14.12,东北_黑龙江,45.75,126.63,NASA POWER API
628,628,2021-09-20,11.89,1.11,88.75,2.28,99.9,11.14,东北_黑龙江,45.75,126.63,NASA POWER API
629,629,2021-09-21,14.88,19.69,94.98,3.39,98.44,3.18,东北_黑龙江,45.75,126.63,NASA POWER API
630,630,2021-09-22,14.23,6.94,91.77,3.39,98.73,5.11,东北_黑龙江,45.75,126.63,NASA POWER API
631,631,2021-09-23,13.24,0.16,75.1,2.41,100.33,16.83,东北_黑龙江,45.75,126.63,NASA POWER API
632,632,2021-09-24,12.01,0.07,74.62,2.02,100.91,17.2,东北_黑龙江,45.75,126.63,NASA POWER API
633,633,2021-09-25,11.87,0.52,92.97,1.6,100.74,5.01,东北_黑龙江,45.75,126.63,NASA POWER API
634,634,2021-09-26,15.93,0.66,88.76,1.44,100.42,5.06,东北_黑龙江,45.75,126.63,NASA POWER API
635,635,2021-09-27,16.65,5.43,83.88,3.2,99.66,8.36,东北_黑龙江,45.75,126.63,NASA POWER API
636,636,2021-09-28,15.57,0.05,80.46,3.63,99.38,14.88,东北_黑龙江,45.75,126.63,NASA POWER API
637,637,2021-09-29,12.06,0.38,74.23,2.96,99.24,10.43,东北_黑龙江,45.75,126.63,NASA POWER API
638,638,2021-09-30,7.28,0.04,73.89,1.71,99.49,7.55,东北_黑龙江,45.75,126.63,NASA POWER API
639,639,2021-10-01,7.99,0.01,70.62,1.98,99.51,15.72,东北_黑龙江,45.75,126.63,NASA POWER API
640,640,2021-10-02,9.02,0.0,63.85,1.62,99.63,15.01,东北_黑龙江,45.75,126.63,NASA POWER API
641,641,2021-10-03,11.02,1.81,75.56,5.12,99.15,10.15,东北_黑龙江,45.75,126.63,NASA POWER API
642,642,2021-10-04,8.43,0.45,69.9,2.73,100.72,14.26,东北_黑龙江,45.75,126.63,NASA POWER API
643,643,2021-10-05,9.27,0.0,65.09,1.28,101.08,14.4,东北_黑龙江,45.75,126.63,NASA POWER API
644,644,2021-10-06,6.61,0.0,79.69,1.48,100.93,10.36,东北_黑龙江,45.75,126.63,NASA POWER API
645,645,2021-10-07,8.25,0.0,72.49,1.94,100.27,15.9,东北_黑龙江,45.75,126.63,NASA POWER API
646,646,2021-10-08,9.29,0.01,76.61,1.7,100.62,11.52,东北_黑龙江,45.75,126.63,NASA POWER API
647,647,2021-10-09,12.11,4.35,85.89,4.1,99.95,9.65,东北_黑龙江,45.75,126.63,NASA POWER API
648,648,2021-10-10,9.9,1.43,68.89,6.41,99.3,11.76,东北_黑龙江,45.75,126.63,NASA POWER API
649,649,2021-10-11,8.01,0.11,71.5,2.71,100.65,15.36,东北_黑龙江,45.75,126.63,NASA POWER API
650,650,2021-10-12,9.19,0.0,70.2,1.86,101.15,15.42,东北_黑龙江,45.75,126.63,NASA POWER API
651,651,2021-10-13,11.02,0.01,75.07,3.56,100.44,13.78,东北_黑龙江,45.75,126.63,NASA POWER API
652,652,2021-10-14,8.59,0.0,76.72,3.95,100.12,11.85,东北_黑龙江,45.75,126.63,NASA POWER API
653,653,2021-10-15,3.27,0.55,71.05,3.45,100.38,10.98,东北_黑龙江,45.75,126.63,NASA POWER API
654,654,2021-10-16,-2.3,0.2,67.95,4.88,100.74,8.06,东北_黑龙江,45.75,126.63,NASA POWER API
655,655,2021-10-17,-1.39,0.0,68.02,2.87,100.52,12.58,东北_黑龙江,45.75,126.63,NASA POWER API
656,656,2021-10-18,-1.09,0.83,74.78,2.54,100.52,9.46,东北_黑龙江,45.75,126.63,NASA POWER API
657,657,2021-10-19,-0.47,0.01,69.0,1.62,100.92,12.63,东北_黑龙江,45.75,126.63,NASA POWER API
658,658,2021-10-20,0.91,0.0,76.37,1.75,100.54,13.53,东北_黑龙江,45.75,126.63,NASA POWER API
659,659,2021-10-21,2.41,0.0,66.72,1.1,100.55,11.82,东北_黑龙江,45.75,126.63,NASA POWER API
660,660,2021-10-22,2.55,0.0,73.14,2.11,100.77,12.82,东北_黑龙江,45.75,126.63,NASA POWER API
661,661,2021-10-23,3.95,0.0,76.3,2.75,100.78,12.74,东北_黑龙江,45.75,126.63,NASA POWER API
662,662,2021-10-24,5.45,0.01,78.78,2.88,100.42,12.45,东北_黑龙江,45.75,126.63,NASA POWER API
663,663,2021-10-25,6.57,0.01,86.91,3.58,99.99,9.38,东北_黑龙江,45.75,126.63,NASA POWER API
664,664,2021-10-26,6.59,0.06,87.05,2.87,99.64,7.02,东北_黑龙江,45.75,126.63,NASA POWER API
665,665,2021-10-27,4.41,0.02,78.6,3.6,99.83,6.84,东北_黑龙江,45.75,126.63,NASA POWER API
666,666,2021-10-28,3.97,0.02,77.8,1.41,100.89,12.03,东北_黑龙江,45.75,126.63,NASA POWER API
667,667,2021-10-29,5.86,0.0,70.45,2.58,100.67,10.98,东北_黑龙江,45.75,126.63,NASA POWER API
668,668,2021-10-30,6.74,1.38,85.01,2.2,100.57,6.1,东北_黑龙江,45.75,126.63,NASA POWER API
669,669,2021-10-31,1.22,5.33,85.43,2.47,101.14,2.55,东北_黑龙江,45.75,126.63,NASA POWER API
670,670,2021-11-01,0.92,0.02,73.19,1.41,101.17,5.54,东北_黑龙江,45.75,126.63,NASA POWER API
671,671,2021-11-02,1.59,0.0,84.9,1.74,100.6,7.99,东北_黑龙江,45.75,126.63,NASA POWER API
672,672,2021-11-03,3.99,0.42,90.23,2.51,99.74,4.79,东北_黑龙江,45.75,126.63,NASA POWER API
673,673,2021-11-04,3.75,0.06,92.47,1.66,99.92,6.9,东北_黑龙江,45.75,126.63,NASA POWER API
674,674,2021-11-05,4.76,0.18,95.24,1.82,100.08,6.31,东北_黑龙江,45.75,126.63,NASA POWER API
675,675,2021-11-06,-1.91,1.05,69.69,4.73,101.06,1.89,东北_黑龙江,45.75,126.63,NASA POWER API
676,676,2021-11-07,-4.47,2.04,67.87,1.99,101.29,5.53,东北_黑龙江,45.75,126.63,NASA POWER API
677,677,2021-11-08,-2.02,28.68,90.21,6.25,99.19,2.45,东北_黑龙江,45.75,126.63,NASA POWER API
678,678,2021-11-09,-7.01,1.88,96.55,1.75,98.45,5.14,东北_黑龙江,45.75,126.63,NASA POWER API
679,679,2021-11-10,-8.6,1.39,98.28,1.07,98.6,4.6,东北_黑龙江,45.75,126.63,NASA POWER API
680,680,2021-11-11,-3.58,1.14,94.4,4.37,98.68,5.25,东北_黑龙江,45.75,126.63,NASA POWER API
681,681,2021-11-12,-7.88,0.16,97.64,3.54,99.22,9.47,东北_黑龙江,45.75,126.63,NASA POWER API
682,682,2021-11-13,-5.92,0.54,98.15,2.72,99.24,6.46,东北_黑龙江,45.75,126.63,NASA POWER API
683,683,2021-11-14,-7.78,0.18,98.34,1.89,99.83,7.59,东北_黑龙江,45.75,126.63,NASA POWER API
684,684,2021-11-15,-9.75,0.08,99.32,1.69,100.6,6.75,东北_黑龙江,45.75,126.63,NASA POWER API
685,685,2021-11-16,-8.65,0.04,98.02,1.71,100.6,8.63,东北_黑龙江,45.75,126.63,NASA POWER API
686,686,2021-11-17,-3.2,0.03,96.24,4.4,99.69,6.07,东北_黑龙江,45.75,126.63,NASA POWER API
687,687,2021-11-18,-3.75,0.01,95.92,3.84,99.07,7.83,东北_黑龙江,45.75,126.63,NASA POWER API
688,688,2021-11-19,-9.07,0.03,94.61,2.19,100.27,8.57,东北_黑龙江,45.75,126.63,NASA POWER API
689,689,2021-11-20,-8.92,0.01,92.85,1.24,100.83,6.85,东北_黑龙江,45.75,126.63,NASA POWER API
690,690,2021-11-21,-12.18,1.3,98.76,2.38,100.32,4.22,东北_黑龙江,45.75,126.63,NASA POWER API
691,691,2021-11-22,-11.14,3.72,96.76,5.76,98.93,3.13,东北_黑龙江,45.75,126.63,NASA POWER API
692,692,2021-11-23,-11.84,0.99,96.12,5.52,98.77,3.84,东北_黑龙江,45.75,126.63,NASA POWER API
693,693,2021-11-24,-11.94,0.36,95.81,4.61,99.14,5.61,东北_黑龙江,45.75,126.63,NASA POWER API
694,694,2021-11-25,-11.08,0.31,96.7,2.56,99.88,5.74,东北_黑龙江,45.75,126.63,NASA POWER API
695,695,2021-11-26,-11.57,0.13,98.96,1.65,101.01,5.39,东北_黑龙江,45.75,126.63,NASA POWER API
696,696,2021-11-27,-10.69,0.05,94.89,2.48,101.45,7.41,东北_黑龙江,45.75,126.63,NASA POWER API
697,697,2021-11-28,-3.34,0.69,94.16,3.55,100.61,4.08,东北_黑龙江,45.75,126.63,NASA POWER API
698,698,2021-11-29,-9.87,0.27,94.28,2.09,100.91,5.12,东北_黑龙江,45.75,126.63,NASA POWER API
699,699,2021-11-30,-12.69,0.47,97.06,2.13,100.24,5.43,东北_黑龙江,45.75,126.63,NASA POWER API
700,700,2021-12-01,-16.11,0.14,96.13,3.98,99.98,7.59,东北_黑龙江,45.75,126.63,NASA POWER API
701,701,2021-12-02,-10.6,1.04,92.8,5.29,98.54,4.47,东北_黑龙江,45.75,126.63,NASA POWER API
702,702,2021-12-03,-17.21,0.19,97.68,2.66,99.85,6.34,东北_黑龙江,45.75,126.63,NASA POWER API
703,703,2021-12-04,-21.35,0.02,95.39,1.7,100.81,7.3,东北_黑龙江,45.75,126.63,NASA POWER API
704,704,2021-12-05,-5.99,0.01,93.84,5.39,99.97,5.71,东北_黑龙江,45.75,126.63,NASA POWER API
705,705,2021-12-06,-8.77,0.01,97.76,2.85,100.66,7.12,东北_黑龙江,45.75,126.63,NASA POWER API
706,706,2021-12-07,-9.74,0.0,95.92,2.65,101.25,6.77,东北_黑龙江,45.75,126.63,NASA POWER API
707,707,2021-12-08,-8.02,0.01,95.75,2.37,101.2,6.63,东北_黑龙江,45.75,126.63,NASA POWER API
708,708,2021-12-09,-1.92,0.02,96.05,4.23,100.6,4.19,东北_黑龙江,45.75,126.63,NASA POWER API
709,709,2021-12-10,-4.34,4.58,96.56,3.63,100.52,1.59,东北_黑龙江,45.75,126.63,NASA POWER API
710,710,2021-12-11,-10.93,1.56,97.95,1.56,100.69,5.35,东北_黑龙江,45.75,126.63,NASA POWER API
711,711,2021-12-12,-15.55,0.23,94.15,4.83,100.51,6.04,东北_黑龙江,45.75,126.63,NASA POWER API
712,712,2021-12-13,-16.73,0.02,94.34,3.28,100.13,6.62,东北_黑龙江,45.75,126.63,NASA POWER API
713,713,2021-12-14,-14.46,0.01,98.04,1.67,99.62,4.65,东北_黑龙江,45.75,126.63,NASA POWER API
714,714,2021-12-15,-19.17,0.21,96.93,1.49,100.43,6.55,东北_黑龙江,45.75,126.63,NASA POWER API
715,715,2021-12-16,-21.84,0.48,93.65,3.17,100.74,4.87,东北_黑龙江,45.75,126.63,NASA POWER API
716,716,2021-12-17,-28.34,0.06,97.09,2.46,100.53,7.07,东北_黑龙江,45.75,126.63,NASA POWER API
717,717,2021-12-18,-22.2,0.01,97.73,1.66,99.99,6.11,东北_黑龙江,45.75,126.63,NASA POWER API
718,718,2021-12-19,-19.09,0.01,97.65,2.33,99.46,6.55,东北_黑龙江,45.75,126.63,NASA POWER API
719,719,2021-12-20,-10.14,0.1,94.64,3.55,98.81,6.13,东北_黑龙江,45.75,126.63,NASA POWER API
720,720,2021-12-21,-21.59,0.01,91.43,3.61,100.43,7.07,东北_黑龙江,45.75,126.63,NASA POWER API
721,721,2021-12-22,-27.96,0.0,96.51,1.07,101.38,6.73,东北_黑龙江,45.75,126.63,NASA POWER API
722,722,2021-12-23,-29.99,0.01,94.32,1.42,101.56,6.62,东北_黑龙江,45.75,126.63,NASA POWER API
723,723,2021-12-24,-35.2,0.0,97.54,1.78,102.04,6.85,东北_黑龙江,45.75,126.63,NASA POWER API
724,724,2021-12-25,-30.66,0.02,95.74,2.53,101.81,6.28,东北_黑龙江,45.75,126.63,NASA POWER API
725,725,2021-12-26,-27.03,0.01,97.74,2.43,101.22,6.61,东北_黑龙江,45.75,126.63,NASA POWER API
726,726,2021-12-27,-24.18,0.01,98.0,1.87,100.96,6.38,东北_黑龙江,45.75,126.63,NASA POWER API
727,727,2021-12-28,-19.88,0.02,97.18,2.44,100.33,6.29,东北_黑龙江,45.75,126.63,NASA POWER API
728,728,2021-12-29,-23.95,0.03,92.17,2.45,100.49,6.68,东北_黑龙江,45.75,126.63,NASA POWER API
729,729,2021-12-30,-26.76,0.16,94.7,2.07,100.72,5.14,东北_黑龙江,45.75,126.63,NASA POWER API
730,730,2021-12-31,-29.54,0.08,98.3,1.83,101.42,7.15,东北_黑龙江,45.75,126.63,NASA POWER API
731,731,2022-01-01,-23.44,1.55,95.27,2.96,100.86,4.84,东北_黑龙江,45.75,126.63,NASA POWER API
732,732,2022-01-02,-21.14,0.09,95.2,4.04,100.45,7.5,东北_黑龙江,45.75,126.63,NASA POWER API
733,733,2022-01-03,-23.11,0.15,97.19,1.87,100.45,6.79,东北_黑龙江,45.75,126.63,NASA POWER API
734,734,2022-01-04,-26.95,0.0,97.3,1.45,101.39,7.94,东北_黑龙江,45.75,126.63,NASA POWER API
735,735,2022-01-05,-19.32,0.03,90.79,2.01,101.18,7.09,东北_黑龙江,45.75,126.63,NASA POWER API
736,736,2022-01-06,-21.53,0.02,96.93,2.23,101.51,7.11,东北_黑龙江,45.75,126.63,NASA POWER API
737,737,2022-01-07,-18.51,0.0,97.21,2.1,100.85,7.23,东北_黑龙江,45.75,126.63,NASA POWER API
738,738,2022-01-08,-20.69,0.01,96.17,2.82,100.65,5.78,东北_黑龙江,45.75,126.63,NASA POWER API
739,739,2022-01-09,-20.71,0.07,94.1,1.11,100.92,7.26,东北_黑龙江,45.75,126.63,NASA POWER API
740,740,2022-01-10,-17.43,0.89,96.06,1.71,100.61,5.67,东北_黑龙江,45.75,126.63,NASA POWER API
741,741,2022-01-11,-24.31,0.21,96.78,2.45,100.66,8.05,东北_黑龙江,45.75,126.63,NASA POWER API
742,742,2022-01-12,-23.81,0.04,94.35,1.21,100.43,7.81,东北_黑龙江,45.75,126.63,NASA POWER API
743,743,2022-01-13,-26.45,0.01,97.59,2.19,100.46,8.29,东北_黑龙江,45.75,126.63,NASA POWER API
744,744,2022-01-14,-21.95,0.0,95.6,2.42,100.61,8.41,东北_黑龙江,45.75,126.63,NASA POWER API
745,745,2022-01-15,-13.97,1.19,95.79,3.89,99.92,4.18,东北_黑龙江,45.75,126.63,NASA POWER API
746,746,2022-01-16,-19.63,0.16,95.56,3.56,100.66,7.67,东北_黑龙江,45.75,126.63,NASA POWER API
747,747,2022-01-17,-23.97,0.02,96.31,1.96,100.97,8.19,东北_黑龙江,45.75,126.63,NASA POWER API
748,748,2022-01-18,-22.99,0.02,94.66,1.32,101.54,8.84,东北_黑龙江,45.75,126.63,NASA POWER API
749,749,2022-01-19,-26.35,0.02,97.61,1.98,101.64,8.59,东北_黑龙江,45.75,126.63,NASA POWER API
750,750,2022-01-20,-24.74,0.01,96.29,2.08,101.69,9.16,东北_黑龙江,45.75,126.63,NASA POWER API
751,751,2022-01-21,-23.13,0.0,96.38,0.93,101.81,8.84,东北_黑龙江,45.75,126.63,NASA POWER API
752,752,2022-01-22,-21.38,0.01,96.52,1.8,101.44,7.54,东北_黑龙江,45.75,126.63,NASA POWER API
753,753,2022-01-23,-18.08,0.0,96.59,2.06,101.43,9.15,东北_黑龙江,45.75,126.63,NASA POWER API
754,754,2022-01-24,-19.05,0.01,95.39,0.83,101.19,8.32,东北_黑龙江,45.75,126.63,NASA POWER API
755,755,2022-01-25,-15.92,0.02,97.75,1.22,100.57,8.03,东北_黑龙江,45.75,126.63,NASA POWER API
756,756,2022-01-26,-13.91,0.18,98.16,1.71,100.82,7.32,东北_黑龙江,45.75,126.63,NASA POWER API
757,757,2022-01-27,-17.52,0.06,98.4,1.77,101.12,8.52,东北_黑龙江,45.75,126.63,NASA POWER API
758,758,2022-01-28,-19.36,0.03,96.13,3.07,100.54,9.09,东北_黑龙江,45.75,126.63,NASA POWER API
759,759,2022-01-29,-17.75,0.01,94.98,3.04,100.17,9.3,东北_黑龙江,45.75,126.63,NASA POWER API
760,760,2022-01-30,-19.48,0.01,96.76,1.99,100.4,10.1,东北_黑龙江,45.75,126.63,NASA POWER API
761,761,2022-01-31,-19.48,0.0,97.22,1.08,100.74,10.05,东北_黑龙江,45.75,126.63,NASA POWER API
762,762,2022-02-01,-20.06,0.02,97.9,1.78,100.75,10.51,东北_黑龙江,45.75,126.63,NASA POWER API
763,763,2022-02-02,-20.27,0.02,97.22,1.99,100.65,9.95,东北_黑龙江,45.75,126.63,NASA POWER API
764,764,2022-02-03,-18.39,0.03,95.25,2.04,100.69,9.75,东北_黑龙江,45.75,126.63,NASA POWER API
765,765,2022-02-04,-21.71,0.01,96.39,1.67,100.5,10.21,东北_黑龙江,45.75,126.63,NASA POWER API
766,766,2022-02-05,-18.37,0.03,93.47,1.79,100.33,10.41,东北_黑龙江,45.75,126.63,NASA POWER API
767,767,2022-02-06,-15.99,0.02,92.91,2.17,100.58,10.38,东北_黑龙江,45.75,126.63,NASA POWER API
768,768,2022-02-07,-15.36,0.01,93.57,1.78,100.74,10.31,东北_黑龙江,45.75,126.63,NASA POWER API
769,769,2022-02-08,-12.35,0.01,94.6,1.69,100.76,10.43,东北_黑龙江,45.75,126.63,NASA POWER API
770,770,2022-02-09,-10.99,0.03,95.67,2.53,100.53,8.54,东北_黑龙江,45.75,126.63,NASA POWER API
771,771,2022-02-10,-13.31,0.02,98.25,1.89,100.7,7.93,东北_黑龙江,45.75,126.63,NASA POWER API
772,772,2022-02-11,-11.33,3.15,96.72,4.16,100.64,6.54,东北_黑龙江,45.75,126.63,NASA POWER API
773,773,2022-02-12,-17.21,0.15,95.81,2.86,101.4,12.02,东北_黑龙江,45.75,126.63,NASA POWER API
774,774,2022-02-13,-17.86,0.04,93.58,1.77,101.53,12.71,东北_黑龙江,45.75,126.63,NASA POWER API
775,775,2022-02-14,-19.02,0.07,96.06,2.45,101.09,12.76,东北_黑龙江,45.75,126.63,NASA POWER API
776,776,2022-02-15,-16.34,0.33,95.1,1.76,100.6,12.63,东北_黑龙江,45.75,126.63,NASA POWER API
777,777,2022-02-16,-15.12,0.48,96.24,2.04,100.67,12.9,东北_黑龙江,45.75,126.63,NASA POWER API
778,778,2022-02-17,-13.84,0.06,93.31,1.72,101.33,13.21,东北_黑龙江,45.75,126.63,NASA POWER API
779,779,2022-02-18,-13.33,1.18,95.76,2.11,100.9,12.06,东北_黑龙江,45.75,126.63,NASA POWER API
780,780,2022-02-19,-14.12,0.76,97.73,2.22,100.54,12.67,东北_黑龙江,45.75,126.63,NASA POWER API
781,781,2022-02-20,-16.18,0.14,96.72,1.87,100.52,13.44,东北_黑龙江,45.75,126.63,NASA POWER API
782,782,2022-02-21,-18.01,0.05,93.2,1.96,100.8,14.82,东北_黑龙江,45.75,126.63,NASA POWER API
783,783,2022-02-22,-20.31,0.02,93.17,2.37,101.39,14.83,东北_黑龙江,45.75,126.63,NASA POWER API
784,784,2022-02-23,-16.93,0.01,92.36,3.7,101.2,15.56,东北_黑龙江,45.75,126.63,NASA POWER API
785,785,2022-02-24,-12.28,0.0,95.33,3.05,100.38,15.03,东北_黑龙江,45.75,126.63,NASA POWER API
786,786,2022-02-25,-8.48,0.01,93.06,3.65,99.57,13.32,东北_黑龙江,45.75,126.63,NASA POWER API
787,787,2022-02-26,-8.16,0.02,92.92,3.49,99.13,13.36,东北_黑龙江,45.75,126.63,NASA POWER API
788,788,2022-02-27,-9.47,0.01,92.21,2.97,99.4,14.97,东北_黑龙江,45.75,126.63,NASA POWER API
789,789,2022-02-28,-6.87,0.01,89.82,2.99,99.85,15.08,东北_黑龙江,45.75,126.63,NASA POWER API
790,790,2022-03-01,-8.56,0.01,90.49,3.35,99.51,15.74,东北_黑龙江,45.75,126.63,NASA POWER API
791,791,2022-03-02,-7.9,0.81,94.04,3.15,99.14,12.45,东北_黑龙江,45.75,126.63,NASA POWER API
792,792,2022-03-03,-8.91,0.15,89.89,2.79,99.62,14.3,东北_黑龙江,45.75,126.63,NASA POWER API
793,793,2022-03-04,-4.35,0.23,90.16,4.76,98.02,12.49,东北_黑龙江,45.75,126.63,NASA POWER API
794,794,2022-03-05,-7.0,0.36,92.77,5.79,98.77,13.01,东北_黑龙江,45.75,126.63,NASA POWER API
795,795,2022-03-06,-9.81,0.0,88.34,2.97,100.31,15.14,东北_黑龙江,45.75,126.63,NASA POWER API
796,796,2022-03-07,-7.98,0.0,81.32,1.75,100.13,12.91,东北_黑龙江,45.75,126.63,NASA POWER API
797,797,2022-03-08,-4.42,0.0,81.47,1.8,99.91,11.02,东北_黑龙江,45.75,126.63,NASA POWER API
798,798,2022-03-09,-2.39,0.0,87.25,2.8,100.04,13.49,东北_黑龙江,45.75,126.63,NASA POWER API
799,799,2022-03-10,0.44,0.0,78.75,4.55,99.27,13.49,东北_黑龙江,45.75,126.63,NASA POWER API
800,800,2022-03-11,-1.87,0.0,69.78,4.73,99.87,18.27,东北_黑龙江,45.75,126.63,NASA POWER API
801,801,2022-03-12,-1.61,2.16,78.49,2.26,99.87,10.51,东北_黑龙江,45.75,126.63,NASA POWER API
802,802,2022-03-13,-1.51,1.19,87.23,2.81,99.88,10.83,东北_黑龙江,45.75,126.63,NASA POWER API
803,803,2022-03-14,-3.17,1.44,89.06,3.99,99.72,8.23,东北_黑龙江,45.75,126.63,NASA POWER API
804,804,2022-03-15,-2.13,1.18,82.62,2.12,99.43,12.03,东北_黑龙江,45.75,126.63,NASA POWER API
805,805,2022-03-16,-3.86,0.33,69.23,5.2,100.14,14.02,东北_黑龙江,45.75,126.63,NASA POWER API
806,806,2022-03-17,-8.2,0.0,64.51,3.62,101.04,19.72,东北_黑龙江,45.75,126.63,NASA POWER API
807,807,2022-03-18,-6.43,0.0,61.72,2.52,100.44,17.98,东北_黑龙江,45.75,126.63,NASA POWER API
808,808,2022-03-19,-4.98,0.0,70.4,2.55,100.04,19.95,东北_黑龙江,45.75,126.63,NASA POWER API
809,809,2022-03-20,-3.62,0.0,69.04,1.31,100.18,17.76,东北_黑龙江,45.75,126.63,NASA POWER API
810,810,2022-03-21,-1.98,0.01,68.36,3.54,100.24,15.39,东北_黑龙江,45.75,126.63,NASA POWER API
811,811,2022-03-22,-0.31,0.0,63.93,4.55,100.12,19.7,东北_黑龙江,45.75,126.63,NASA POWER API
812,812,2022-03-23,2.42,0.0,62.24,3.0,99.28,18.17,东北_黑龙江,45.75,126.63,NASA POWER API
813,813,2022-03-24,1.93,2.84,82.15,2.76,99.44,13.14,东北_黑龙江,45.75,126.63,NASA POWER API
814,814,2022-03-25,3.68,3.07,76.7,5.16,99.16,14.23,东北_黑龙江,45.75,126.63,NASA POWER API
815,815,2022-03-26,1.19,1.46,81.16,2.47,99.15,13.82,东北_黑龙江,45.75,126.63,NASA POWER API
816,816,2022-03-27,0.12,0.66,75.11,4.14,99.24,15.81,东北_黑龙江,45.75,126.63,NASA POWER API
817,817,2022-03-28,3.83,0.0,64.24,5.15,99.65,18.8,东北_黑龙江,45.75,126.63,NASA POWER API
818,818,2022-03-29,1.83,3.19,68.99,6.43,99.66,6.35,东北_黑龙江,45.75,126.63,NASA POWER API
819,819,2022-03-30,-0.44,0.0,61.21,2.75,100.9,22.11,东北_黑龙江,45.75,126.63,NASA POWER API
820,820,2022-03-31,-0.16,0.0,58.34,3.13,101.16,19.4,东北_黑龙江,45.75,126.63,NASA POWER API
821,821,2022-04-01,1.76,0.0,56.8,2.53,101.06,22.37,东北_黑龙江,45.75,126.63,NASA POWER API
822,822,2022-04-02,4.03,0.0,59.48,3.0,100.45,21.55,东北_黑龙江,45.75,126.63,NASA POWER API
823,823,2022-04-03,8.07,0.0,57.18,6.62,99.89,21.01,东北_黑龙江,45.75,126.63,NASA POWER API
824,824,2022-04-04,8.79,0.0,67.95,5.87,99.41,17.0,东北_黑龙江,45.75,126.63,NASA POWER API
825,825,2022-04-05,3.03,0.44,61.36,7.72,99.38,10.02,东北_黑龙江,45.75,126.63,NASA POWER API
826,826,2022-04-06,-0.19,0.06,54.16,5.13,100.13,22.83,东北_黑龙江,45.75,126.63,NASA POWER API
827,827,2022-04-07,1.16,0.06,53.84,3.71,99.63,23.71,东北_黑龙江,45.75,126.63,NASA POWER API
828,828,2022-04-08,6.54,0.11,66.83,4.62,98.44,12.54,东北_黑龙江,45.75,126.63,NASA POWER API
829,829,2022-04-09,9.35,0.02,66.67,1.85,98.9,20.03,东北_黑龙江,45.75,126.63,NASA POWER API
830,830,2022-04-10,11.27,0.01,66.95,5.27,98.51,9.95,东北_黑龙江,45.75,126.63,NASA POWER API
831,831,2022-04-11,4.33,6.01,80.83,2.48,99.36,4.87,东北_黑龙江,45.75,126.63,NASA POWER API
832,832,2022-04-12,4.94,0.01,62.47,3.54,100.08,21.87,东北_黑龙江,45.75,126.63,NASA POWER API
833,833,2022-04-13,5.78,0.0,55.08,1.62,100.42,20.85,东北_黑龙江,45.75,126.63,NASA POWER API
834,834,2022-04-14,5.5,0.0,56.48,3.21,100.74,20.19,东北_黑龙江,45.75,126.63,NASA POWER API
835,835,2022-04-15,6.81,0.0,51.14,3.84,100.01,21.45,东北_黑龙江,45.75,126.63,NASA POWER API
836,836,2022-04-16,6.02,0.0,59.87,4.48,99.36,21.04,东北_黑龙江,45.75,126.63,NASA POWER API
837,837,2022-04-17,4.27,0.0,54.03,3.14,99.86,18.38,东北_黑龙江,45.75,126.63,NASA POWER API
838,838,2022-04-18,6.43,0.0,53.42,2.76,99.86,20.92,东北_黑龙江,45.75,126.63,NASA POWER API
839,839,2022-04-19,13.46,0.0,51.03,6.89,98.6,23.07,东北_黑龙江,45.75,126.63,NASA POWER API
840,840,2022-04-20,16.97,0.08,49.71,9.69,97.92,20.14,东北_黑龙江,45.75,126.63,NASA POWER API
841,841,2022-04-21,11.03,11.09,74.63,5.77,98.24,8.21,东北_黑龙江,45.75,126.63,NASA POWER API
842,842,2022-04-22,6.41,1.04,64.81,4.79,98.75,18.86,东北_黑龙江,45.75,126.63,NASA POWER API
843,843,2022-04-23,11.13,0.15,58.17,7.15,98.15,18.13,东北_黑龙江,45.75,126.63,NASA POWER API
844,844,2022-04-24,9.36,0.26,58.08,3.71,99.09,25.01,东北_黑龙江,45.75,126.63,NASA POWER API
845,845,2022-04-25,12.36,3.47,72.55,2.59,98.67,16.32,东北_黑龙江,45.75,126.63,NASA POWER API
846,846,2022-04-26,9.28,2.85,65.43,7.43,98.22,19.12,东北_黑龙江,45.75,126.63,NASA POWER API
847,847,2022-04-27,5.96,0.03,60.21,4.35,99.74,21.92,东北_黑龙江,45.75,126.63,NASA POWER API
848,848,2022-04-28,7.21,0.0,56.2,2.48,100.36,24.84,东北_黑龙江,45.75,126.63,NASA POWER API
849,849,2022-04-29,9.2,0.27,59.63,2.22,99.95,22.89,东北_黑龙江,45.75,126.63,NASA POWER API
850,850,2022-04-30,4.95,7.33,82.11,3.4,99.06,12.99,东北_黑龙江,45.75,126.63,NASA POWER API
851,851,2022-05-01,4.35,1.45,78.41,2.08,99.35,8.65,东北_黑龙江,45.75,126.63,NASA POWER API
852,852,2022-05-02,8.6,0.27,63.0,3.59,99.47,21.4,东北_黑龙江,45.75,126.63,NASA POWER API
853,853,2022-05-03,13.63,0.44,60.83,3.36,98.67,20.12,东北_黑龙江,45.75,126.63,NASA POWER API
854,854,2022-05-04,16.14,0.11,70.55,4.94,98.43,18.96,东北_黑龙江,45.75,126.63,NASA POWER API
855,855,2022-05-05,18.39,6.39,60.0,8.31,98.33,14.76,东北_黑龙江,45.75,126.63,NASA POWER API
856,856,2022-05-06,7.68,1.8,74.19,4.6,99.62,12.68,东北_黑龙江,45.75,126.63,NASA POWER API
857,857,2022-05-07,9.3,0.24,60.9,3.7,100.08,27.65,东北_黑龙江,45.75,126.63,NASA POWER API
858,858,2022-05-08,11.67,0.0,52.4,2.56,100.16,28.89,东北_黑龙江,45.75,126.63,NASA POWER API
859,859,2022-05-09,14.82,0.0,47.24,4.09,99.79,28.62,东北_黑龙江,45.75,126.63,NASA POWER API
860,860,2022-05-10,16.04,0.01,53.11,6.07,99.35,27.97,东北_黑龙江,45.75,126.63,NASA POWER API
861,861,2022-05-11,10.62,3.58,63.03,4.09,99.41,15.78,东北_黑龙江,45.75,126.63,NASA POWER API
862,862,2022-05-12,9.03,0.1,58.03,3.75,99.55,24.42,东北_黑龙江,45.75,126.63,NASA POWER API
863,863,2022-05-13,8.4,0.49,67.77,2.34,99.24,18.44,东北_黑龙江,45.75,126.63,NASA POWER API
864,864,2022-05-14,9.53,0.27,67.89,3.14,99.09,17.91,东北_黑龙江,45.75,126.63,NASA POWER API
865,865,2022-05-15,11.58,0.3,57.67,4.0,98.7,20.09,东北_黑龙江,45.75,126.63,NASA POWER API
866,866,2022-05-16,12.85,0.02,47.52,2.48,98.67,23.02,东北_黑龙江,45.75,126.63,NASA POWER API
867,867,2022-05-17,14.55,0.29,58.17,4.32,98.76,20.54,东北_黑龙江,45.75,126.63,NASA POWER API
868,868,2022-05-18,15.19,0.0,51.64,1.43,99.47,28.26,东北_黑龙江,45.75,126.63,NASA POWER API
869,869,2022-05-19,16.95,0.07,63.54,2.69,99.07,18.16,东北_黑龙江,45.75,126.63,NASA POWER API
870,870,2022-05-20,20.68,0.28,54.43,3.59,98.75,26.63,东北_黑龙江,45.75,126.63,NASA POWER API
871,871,2022-05-21,17.86,1.48,65.06,3.45,98.6,26.62,东北_黑龙江,45.75,126.63,NASA POWER API
872,872,2022-05-22,16.75,0.07,62.8,1.96,99.03,28.21,东北_黑龙江,45.75,126.63,NASA POWER API
873,873,2022-05-23,21.03,0.46,57.39,3.81,98.71,25.79,东北_黑龙江,45.75,126.63,NASA POWER API
874,874,2022-05-24,14.72,4.31,77.16,3.83,99.14,18.4,东北_黑龙江,45.75,126.63,NASA POWER API
875,875,2022-05-25,11.27,3.99,85.74,3.47,99.04,6.95,东北_黑龙江,45.75,126.63,NASA POWER API
876,876,2022-05-26,13.46,21.84,89.91,3.2,98.23,4.94,东北_黑龙江,45.75,126.63,NASA POWER API
877,877,2022-05-27,14.98,0.88,73.52,1.63,98.04,19.75,东北_黑龙江,45.75,126.63,NASA POWER API
878,878,2022-05-28,18.67,0.48,59.51,3.38,97.88,24.69,东北_黑龙江,45.75,126.63,NASA POWER API
879,879,2022-05-29,17.01,15.54,78.22,3.79,97.95,10.93,东北_黑龙江,45.75,126.63,NASA POWER API
880,880,2022-05-30,13.95,4.94,73.19,3.49,98.37,19.12,东北_黑龙江,45.75,126.63,NASA POWER API
881,881,2022-05-31,14.83,0.16,59.52,2.2,98.38,23.87,东北_黑龙江,45.75,126.63,NASA POWER API
882,882,2022-06-01,14.54,2.24,70.47,1.63,98.35,18.21,东北_黑龙江,45.75,126.63,NASA POWER API
883,883,2022-06-02,15.11,0.63,70.93,1.07,98.83,25.02,东北_黑龙江,45.75,126.63,NASA POWER API
884,884,2022-06-03,17.12,0.01,68.88,3.38,99.32,19.77,东北_黑龙江,45.75,126.63,NASA POWER API
885,885,2022-06-04,16.11,1.92,75.42,5.12,99.29,15.14,东北_黑龙江,45.75,126.63,NASA POWER API
886,886,2022-06-05,10.69,15.09,84.81,7.13,99.01,5.74,东北_黑龙江,45.75,126.63,NASA POWER API
887,887,2022-06-06,11.44,8.54,82.99,4.4,99.19,9.29,东北_黑龙江,45.75,126.63,NASA POWER API
888,888,2022-06-07,16.84,0.18,69.02,2.0,99.34,26.68,东北_黑龙江,45.75,126.63,NASA POWER API
889,889,2022-06-08,19.37,0.02,60.23,1.15,99.4,27.47,东北_黑龙江,45.75,126.63,NASA POWER API
890,890,2022-06-09,19.59,0.46,67.55,1.35,99.43,24.56,东北_黑龙江,45.75,126.63,NASA POWER API
891,891,2022-06-10,17.43,3.2,79.45,1.56,99.73,21.11,东北_黑龙江,45.75,126.63,NASA POWER API
892,892,2022-06-11,19.31,0.15,72.8,2.26,99.79,26.9,东北_黑龙江,45.75,126.63,NASA POWER API
893,893,2022-06-12,20.69,2.63,73.28,2.62,99.35,17.8,东北_黑龙江,45.75,126.63,NASA POWER API
894,894,2022-06-13,18.61,9.17,89.92,3.58,99.2,11.86,东北_黑龙江,45.75,126.63,NASA POWER API
895,895,2022-06-14,20.06,1.24,73.21,2.17,99.41,21.57,东北_黑龙江,45.75,126.63,NASA POWER API
896,896,2022-06-15,20.64,1.3,74.5,1.2,98.87,20.74,东北_黑龙江,45.75,126.63,NASA POWER API
897,897,2022-06-16,19.62,18.96,82.15,2.43,98.43,17.16,东北_黑龙江,45.75,126.63,NASA POWER API
898,898,2022-06-17,20.08,3.28,73.89,2.84,98.45,24.26,东北_黑龙江,45.75,126.63,NASA POWER API
899,899,2022-06-18,22.18,1.56,68.66,2.17,98.7,25.8,东北_黑龙江,45.75,126.63,NASA POWER API
900,900,2022-06-19,22.87,0.87,67.55,1.72,98.74,24.47,东北_黑龙江,45.75,126.63,NASA POWER API
901,901,2022-06-20,23.57,9.44,73.76,3.69,98.42,22.49,东北_黑龙江,45.75,126.63,NASA POWER API
902,902,2022-06-21,24.58,6.15,68.49,5.0,98.18,25.64,东北_黑龙江,45.75,126.63,NASA POWER API
903,903,2022-06-22,23.76,2.04,76.83,3.8,98.51,21.33,东北_黑龙江,45.75,126.63,NASA POWER API
904,904,2022-06-23,20.97,2.56,83.41,2.51,98.18,15.4,东北_黑龙江,45.75,126.63,NASA POWER API
905,905,2022-06-24,19.79,17.51,83.82,2.15,97.32,13.19,东北_黑龙江,45.75,126.63,NASA POWER API
906,906,2022-06-25,20.3,6.04,83.61,2.41,97.8,12.88,东北_黑龙江,45.75,126.63,NASA POWER API
907,907,2022-06-26,22.2,1.36,76.63,1.0,98.72,20.89,东北_黑龙江,45.75,126.63,NASA POWER API
908,908,2022-06-27,24.16,0.91,75.27,1.76,98.79,23.43,东北_黑龙江,45.75,126.63,NASA POWER API
909,909,2022-06-28,22.18,3.22,85.33,2.73,98.14,15.64,东北_黑龙江,45.75,126.63,NASA POWER API
910,910,2022-06-29,23.06,0.15,75.49,2.22,98.68,24.44,东北_黑龙江,45.75,126.63,NASA POWER API
911,911,2022-06-30,23.48,0.1,74.17,2.01,99.12,25.79,东北_黑龙江,45.75,126.63,NASA POWER API
912,912,2022-07-01,23.78,3.35,79.08,1.17,99.37,19.43,东北_黑龙江,45.75,126.63,NASA POWER API
913,913,2022-07-02,23.43,8.21,80.07,2.01,99.16,13.54,东北_黑龙江,45.75,126.63,NASA POWER API
914,914,2022-07-03,24.46,3.38,82.03,3.08,98.83,21.7,东北_黑龙江,45.75,126.63,NASA POWER API
915,915,2022-07-04,25.44,0.68,76.77,2.68,98.79,13.87,东北_黑龙江,45.75,126.63,NASA POWER API
916,916,2022-07-05,25.07,1.05,80.19,1.95,98.94,17.43,东北_黑龙江,45.75,126.63,NASA POWER API
917,917,2022-07-06,25.84,6.54,81.71,2.95,98.88,21.23,东北_黑龙江,45.75,126.63,NASA POWER API
918,918,2022-07-07,23.97,8.21,88.45,2.14,98.82,6.5,东北_黑龙江,45.75,126.63,NASA POWER API
919,919,2022-07-08,24.16,2.28,79.33,2.04,98.29,20.84,东北_黑龙江,45.75,126.63,NASA POWER API
920,920,2022-07-09,23.41,0.77,72.89,2.93,98.37,26.73,东北_黑龙江,45.75,126.63,NASA POWER API
921,921,2022-07-10,23.05,3.65,70.65,2.73,98.86,25.44,东北_黑龙江,45.75,126.63,NASA POWER API
922,922,2022-07-11,23.99,2.14,71.38,1.5,99.11,24.14,东北_黑龙江,45.75,126.63,NASA POWER API
923,923,2022-07-12,24.79,1.66,75.01,2.1,99.19,26.27,东北_黑龙江,45.75,126.63,NASA POWER API
924,924,2022-07-13,23.75,1.03,77.34,2.63,98.73,12.73,东北_黑龙江,45.75,126.63,NASA POWER API
925,925,2022-07-14,21.4,7.46,87.5,3.85,98.29,10.26,东北_黑龙江,45.75,126.63,NASA POWER API
926,926,2022-07-15,21.5,0.68,82.18,4.06,98.49,17.76,东北_黑龙江,45.75,126.63,NASA POWER API
927,927,2022-07-16,22.48,0.17,78.39,3.62,98.62,20.72,东北_黑龙江,45.75,126.63,NASA POWER API
928,928,2022-07-17,21.53,0.26,81.87,3.18,98.44,20.06,东北_黑龙江,45.75,126.63,NASA POWER API
929,929,2022-07-18,21.86,4.64,83.68,1.85,98.24,19.43,东北_黑龙江,45.75,126.63,NASA POWER API
930,930,2022-07-19,23.07,1.41,78.1,1.14,98.46,21.01,东北_黑龙江,45.75,126.63,NASA POWER API
931,931,2022-07-20,24.98,0.09,70.54,0.65,98.85,21.7,东北_黑龙江,45.75,126.63,NASA POWER API
932,932,2022-07-21,24.66,0.22,73.65,2.27,98.98,24.52,东北_黑龙江,45.75,126.63,NASA POWER API
933,933,2022-07-22,24.04,0.21,72.69,2.27,99.12,24.8,东北_黑龙江,45.75,126.63,NASA POWER API
934,934,2022-07-23,23.54,0.1,66.4,3.03,98.99,25.4,东北_黑龙江,45.75,126.63,NASA POWER API
935,935,2022-07-24,20.91,6.46,85.02,1.96,98.8,13.96,东北_黑龙江,45.75,126.63,NASA POWER API
936,936,2022-07-25,23.57,0.74,75.96,1.05,99.04,20.53,东北_黑龙江,45.75,126.63,NASA POWER API
937,937,2022-07-26,24.8,0.34,81.42,1.77,99.24,18.64,东北_黑龙江,45.75,126.63,NASA POWER API
938,938,2022-07-27,27.09,0.08,73.83,1.85,99.38,24.15,东北_黑龙江,45.75,126.63,NASA POWER API
939,939,2022-07-28,27.53,3.82,77.03,1.95,99.33,20.22,东北_黑龙江,45.75,126.63,NASA POWER API
940,940,2022-07-29,25.2,13.04,84.62,1.85,99.35,10.99,东北_黑龙江,45.75,126.63,NASA POWER API
941,941,2022-07-30,24.28,9.02,89.49,1.74,99.29,14.47,东北_黑龙江,45.75,126.63,NASA POWER API
942,942,2022-07-31,25.86,5.32,84.61,2.25,99.04,22.18,东北_黑龙江,45.75,126.63,NASA POWER API
943,943,2022-08-01,26.73,4.02,83.34,2.01,98.91,22.54,东北_黑龙江,45.75,126.63,NASA POWER API
944,944,2022-08-02,27.55,2.44,79.32,1.43,99.02,22.18,东北_黑龙江,45.75,126.63,NASA POWER API
945,945,2022-08-03,26.45,0.63,79.82,1.29,99.03,15.14,东北_黑龙江,45.75,126.63,NASA POWER API
946,946,2022-08-04,26.81,7.14,79.68,2.11,98.85,21.48,东北_黑龙江,45.75,126.63,NASA POWER API
947,947,2022-08-05,26.04,28.28,81.85,4.36,98.13,18.73,东北_黑龙江,45.75,126.63,NASA POWER API
948,948,2022-08-06,24.88,0.78,75.52,2.31,98.55,25.0,东北_黑龙江,45.75,126.63,NASA POWER API
949,949,2022-08-07,22.55,29.41,91.09,2.86,98.38,8.15,东北_黑龙江,45.75,126.63,NASA POWER API
950,950,2022-08-08,19.67,0.04,73.63,3.46,98.68,26.97,东北_黑龙江,45.75,126.63,NASA POWER API
951,951,2022-08-09,20.56,0.14,71.16,4.31,98.54,26.43,东北_黑龙江,45.75,126.63,NASA POWER API
952,952,2022-08-10,20.71,0.2,69.12,3.45,98.37,24.08,东北_黑龙江,45.75,126.63,NASA POWER API
953,953,2022-08-11,20.32,0.4,74.36,2.04,98.47,20.05,东北_黑龙江,45.75,126.63,NASA POWER API
954,954,2022-08-12,20.08,0.3,73.06,1.57,98.82,22.08,东北_黑龙江,45.75,126.63,NASA POWER API
955,955,2022-08-13,20.08,16.75,76.94,1.64,98.88,20.0,东北_黑龙江,45.75,126.63,NASA POWER API
956,956,2022-08-14,20.25,0.29,75.46,0.75,99.03,17.16,东北_黑龙江,45.75,126.63,NASA POWER API
957,957,2022-08-15,20.2,0.31,79.93,2.48,98.54,17.52,东北_黑龙江,45.75,126.63,NASA POWER API
958,958,2022-08-16,21.72,0.01,72.09,1.45,98.93,25.21,东北_黑龙江,45.75,126.63,NASA POWER API
959,959,2022-08-17,22.39,0.04,71.22,2.03,99.03,24.96,东北_黑龙江,45.75,126.63,NASA POWER API
960,960,2022-08-18,23.15,11.44,81.91,3.38,98.51,16.06,东北_黑龙江,45.75,126.63,NASA POWER API
961,961,2022-08-19,19.82,44.59,87.82,2.67,98.08,7.67,东北_黑龙江,45.75,126.63,NASA POWER API
962,962,2022-08-20,17.79,0.81,72.45,3.76,98.67,25.26,东北_黑龙江,45.75,126.63,NASA POWER API
963,963,2022-08-21,18.83,3.23,80.24,2.02,98.65,13.96,东北_黑龙江,45.75,126.63,NASA POWER API
964,964,2022-08-22,16.65,36.71,88.62,4.03,98.26,4.43,东北_黑龙江,45.75,126.63,NASA POWER API
965,965,2022-08-23,16.28,0.24,75.39,3.67,99.06,22.79,东北_黑龙江,45.75,126.63,NASA POWER API
966,966,2022-08-24,17.5,0.41,78.89,2.66,99.21,18.75,东北_黑龙江,45.75,126.63,NASA POWER API
967,967,2022-08-25,16.02,10.48,83.25,2.8,98.6,12.07,东北_黑龙江,45.75,126.63,NASA POWER API
968,968,2022-08-26,14.65,0.25,74.51,2.9,98.63,21.6,东北_黑龙江,45.75,126.63,NASA POWER API
969,969,2022-08-27,14.25,0.32,80.32,2.32,99.13,17.55,东北_黑龙江,45.75,126.63,NASA POWER API
970,970,2022-08-28,17.39,0.0,75.29,2.27,99.6,18.43,东北_黑龙江,45.75,126.63,NASA POWER API
971,971,2022-08-29,16.6,1.52,82.05,2.28,99.74,8.39,东北_黑龙江,45.75,126.63,NASA POWER API
972,972,2022-08-30,17.0,0.41,81.59,1.45,99.58,15.84,东北_黑龙江,45.75,126.63,NASA POWER API
973,973,2022-08-31,18.22,1.51,80.84,2.07,99.17,17.96,东北_黑龙江,45.75,126.63,NASA POWER API
974,974,2022-09-01,14.91,1.73,68.28,3.63,99.83,23.13,东北_黑龙江,45.75,126.63,NASA POWER API
975,975,2022-09-02,16.69,0.97,70.44,3.62,100.02,23.47,东北_黑龙江,45.75,126.63,NASA POWER API
976,976,2022-09-03,18.63,0.0,73.99,2.45,99.84,22.66,东北_黑龙江,45.75,126.63,NASA POWER API
977,977,2022-09-04,17.62,2.97,88.04,2.4,99.37,9.32,东北_黑龙江,45.75,126.63,NASA POWER API
978,978,2022-09-05,16.88,1.85,79.67,3.22,98.98,9.02,东北_黑龙江,45.75,126.63,NASA POWER API
979,979,2022-09-06,14.47,1.65,72.3,2.13,98.71,16.39,东北_黑龙江,45.75,126.63,NASA POWER API
980,980,2022-09-07,15.38,0.82,74.51,4.47,99.14,17.94,东北_黑龙江,45.75,126.63,NASA POWER API
981,981,2022-09-08,18.87,0.14,74.05,2.69,99.65,18.26,东北_黑龙江,45.75,126.63,NASA POWER API
982,982,2022-09-09,18.39,0.01,73.43,1.61,100.38,21.36,东北_黑龙江,45.75,126.63,NASA POWER API
983,983,2022-09-10,19.91,0.0,74.7,1.48,100.18,20.79,东北_黑龙江,45.75,126.63,NASA POWER API
984,984,2022-09-11,21.15,0.02,79.82,1.95,99.79,18.73,东北_黑龙江,45.75,126.63,NASA POWER API
985,985,2022-09-12,20.64,0.02,76.21,2.8,99.68,18.83,东北_黑龙江,45.75,126.63,NASA POWER API
986,986,2022-09-13,14.56,0.02,70.42,2.79,100.61,21.02,东北_黑龙江,45.75,126.63,NASA POWER API
987,987,2022-09-14,16.85,0.0,73.72,1.2,100.55,18.76,东北_黑龙江,45.75,126.63,NASA POWER API
988,988,2022-09-15,17.53,0.36,84.36,1.92,100.0,7.16,东北_黑龙江,45.75,126.63,NASA POWER API
989,989,2022-09-16,16.58,0.21,79.39,3.39,99.5,13.11,东北_黑龙江,45.75,126.63,NASA POWER API
990,990,2022-09-17,16.31,1.76,84.23,2.39,98.92,6.13,东北_黑龙江,45.75,126.63,NASA POWER API
991,991,2022-09-18,15.0,0.05,66.81,4.68,99.08,18.85,东北_黑龙江,45.75,126.63,NASA POWER API
992,992,2022-09-19,8.79,0.0,60.18,3.97,99.69,17.23,东北_黑龙江,45.75,126.63,NASA POWER API
993,993,2022-09-20,7.72,0.0,58.98,2.91,99.7,20.16,东北_黑龙江,45.75,126.63,NASA POWER API
994,994,2022-09-21,13.82,0.0,60.55,5.69,99.24,19.36,东北_黑龙江,45.75,126.63,NASA POWER API
995,995,2022-09-22,15.43,0.32,68.63,4.59,99.21,13.74,东北_黑龙江,45.75,126.63,NASA POWER API
996,996,2022-09-23,12.87,6.41,90.65,2.7,98.99,4.28,东北_黑龙江,45.75,126.63,NASA POWER API
997,997,2022-09-24,12.77,1.86,76.49,3.57,99.31,8.14,东北_黑龙江,45.75,126.63,NASA POWER API
998,998,2022-09-25,15.24,0.0,67.29,4.74,99.24,17.4,东北_黑龙江,45.75,126.63,NASA POWER API
999,999,2022-09-26,12.14,0.0,55.04,2.07,99.94,16.29,东北_黑龙江,45.75,126.63,NASA POWER API
1000,1000,2022-09-27,15.15,0.0,70.94,3.13,99.63,16.0,东北_黑龙江,45.75,126.63,NASA POWER API
1001,1001,2022-09-28,15.28,0.05,72.93,3.21,99.2,9.95,东北_黑龙江,45.75,126.63,NASA POWER API
1002,1002,2022-09-29,15.69,0.02,77.14,3.89,99.18,13.51,东北_黑龙江,45.75,126.63,NASA POWER API
1003,1003,2022-09-30,15.33,2.93,88.42,3.22,99.13,7.29,东北_黑龙江,45.75,126.63,NASA POWER API
1004,1004,2022-10-01,9.55,0.01,74.53,2.09,100.24,8.75,东北_黑龙江,45.75,126.63,NASA POWER API
1005,1005,2022-10-02,13.98,1.67,84.89,2.43,99.9,8.06,东北_黑龙江,45.75,126.63,NASA POWER API
1006,1006,2022-10-03,5.86,10.41,86.68,3.69,100.17,2.4,东北_黑龙江,45.75,126.63,NASA POWER API
1007,1007,2022-10-04,2.41,0.01,63.02,3.09,100.71,16.12,东北_黑龙江,45.75,126.63,NASA POWER API
1008,1008,2022-10-05,1.7,0.0,67.08,2.69,100.7,10.55,东北_黑龙江,45.75,126.63,NASA POWER API
1009,1009,2022-10-06,3.48,0.0,64.71,2.49,100.63,13.26,东北_黑龙江,45.75,126.63,NASA POWER API
1010,1010,2022-10-07,5.55,0.0,55.92,1.57,100.52,15.95,东北_黑龙江,45.75,126.63,NASA POWER API
1011,1011,2022-10-08,7.31,6.61,73.62,1.19,100.4,10.21,东北_黑龙江,45.75,126.63,NASA POWER API
1012,1012,2022-10-09,7.82,7.6,93.41,3.6,100.09,5.71,东北_黑龙江,45.75,126.63,NASA POWER API
1013,1013,2022-10-10,6.35,0.49,75.75,5.09,99.72,10.37,东北_黑龙江,45.75,126.63,NASA POWER API
1014,1014,2022-10-11,4.59,0.02,67.51,2.8,100.08,14.98,东北_黑龙江,45.75,126.63,NASA POWER API
1015,1015,2022-10-12,7.36,0.0,74.06,3.23,100.58,12.92,东北_黑龙江,45.75,126.63,NASA POWER API
1016,1016,2022-10-13,10.42,0.0,73.98,2.85,100.29,11.47,东北_黑龙江,45.75,126.63,NASA POWER API
1017,1017,2022-10-14,8.93,0.03,79.47,2.19,100.18,8.34,东北_黑龙江,45.75,126.63,NASA POWER API
1018,1018,2022-10-15,8.95,0.21,72.8,2.55,100.11,11.3,东北_黑龙江,45.75,126.63,NASA POWER API
1019,1019,2022-10-16,4.33,0.01,61.5,3.75,100.19,14.81,东北_黑龙江,45.75,126.63,NASA POWER API
1020,1020,2022-10-17,2.12,0.03,77.26,3.21,100.23,7.69,东北_黑龙江,45.75,126.63,NASA POWER API
1021,1021,2022-10-18,1.42,0.0,68.31,2.06,100.38,14.53,东北_黑龙江,45.75,126.63,NASA POWER API
1022,1022,2022-10-19,4.38,0.0,67.14,3.74,100.12,13.05,东北_黑龙江,45.75,126.63,NASA POWER API
1023,1023,2022-10-20,7.69,0.01,76.52,2.76,100.12,10.32,东北_黑龙江,45.75,126.63,NASA POWER API
1024,1024,2022-10-21,8.9,3.27,81.43,4.42,99.73,7.81,东北_黑龙江,45.75,126.63,NASA POWER API
1025,1025,2022-10-22,2.75,0.02,68.55,2.32,100.5,11.03,东北_黑龙江,45.75,126.63,NASA POWER API
1026,1026,2022-10-23,1.7,1.66,74.98,1.92,100.44,7.84,东北_黑龙江,45.75,126.63,NASA POWER API
1027,1027,2022-10-24,0.81,0.0,65.98,0.94,100.85,12.55,东北_黑龙江,45.75,126.63,NASA POWER API
1028,1028,2022-10-25,4.84,0.0,68.12,4.66,100.48,11.14,东北_黑龙江,45.75,126.63,NASA POWER API
1029,1029,2022-10-26,6.02,9.84,88.14,4.8,100.27,2.21,东北_黑龙江,45.75,126.63,NASA POWER API
1030,1030,2022-10-27,0.01,0.02,71.81,3.42,101.48,12.55,东北_黑龙江,45.75,126.63,NASA POWER API
1031,1031,2022-10-28,0.25,0.34,64.17,1.24,101.63,12.33,东北_黑龙江,45.75,126.63,NASA POWER API
1032,1032,2022-10-29,1.5,0.0,58.64,0.88,101.45,11.49,东北_黑龙江,45.75,126.63,NASA POWER API
1033,1033,2022-10-30,3.16,0.34,69.69,2.71,100.86,10.2,东北_黑龙江,45.75,126.63,NASA POWER API
1034,1034,2022-10-31,6.11,6.85,78.46,4.95,99.93,3.57,东北_黑龙江,45.75,126.63,NASA POWER API
1035,1035,2022-11-01,-0.17,0.0,65.69,5.19,100.14,11.41,东北_黑龙江,45.75,126.63,NASA POWER API
1036,1036,2022-11-02,-3.04,0.0,61.95,4.28,100.34,11.33,东北_黑龙江,45.75,126.63,NASA POWER API
1037,1037,2022-11-03,-3.73,0.02,66.84,3.82,100.35,11.3,东北_黑龙江,45.75,126.63,NASA POWER API
1038,1038,2022-11-04,-3.59,0.0,70.03,3.01,100.35,10.75,东北_黑龙江,45.75,126.63,NASA POWER API
1039,1039,2022-11-05,-2.43,0.0,77.32,2.52,100.23,9.93,东北_黑龙江,45.75,126.63,NASA POWER API
1040,1040,2022-11-06,0.25,0.0,73.04,2.06,100.3,7.89,东北_黑龙江,45.75,126.63,NASA POWER API
1041,1041,2022-11-07,0.96,0.0,74.25,1.71,100.23,7.83,东北_黑龙江,45.75,126.63,NASA POWER API
1042,1042,2022-11-08,0.65,0.0,79.62,2.9,100.12,9.59,东北_黑龙江,45.75,126.63,NASA POWER API
1043,1043,2022-11-09,1.34,0.02,78.12,3.36,100.03,8.5,东北_黑龙江,45.75,126.63,NASA POWER API
1044,1044,2022-11-10,0.01,0.0,60.0,1.71,101.07,8.04,东北_黑龙江,45.75,126.63,NASA POWER API
1045,1045,2022-11-11,2.28,0.76,89.79,3.65,100.34,1.77,东北_黑龙江,45.75,126.63,NASA POWER API
1046,1046,2022-11-12,-2.38,3.49,81.03,3.87,100.55,3.04,东北_黑龙江,45.75,126.63,NASA POWER API
1047,1047,2022-11-13,-5.47,0.0,70.75,2.55,100.77,9.58,东北_黑龙江,45.75,126.63,NASA POWER API
1048,1048,2022-11-14,-5.26,0.01,79.79,2.45,99.97,5.92,东北_黑龙江,45.75,126.63,NASA POWER API
1049,1049,2022-11-15,-4.58,0.08,84.02,1.68,99.81,5.91,东北_黑龙江,45.75,126.63,NASA POWER API
1050,1050,2022-11-16,-3.02,0.1,88.56,2.57,99.88,7.1,东北_黑龙江,45.75,126.63,NASA POWER API
1051,1051,2022-11-17,-1.68,0.02,91.7,3.18,100.1,5.58,东北_黑龙江,45.75,126.63,NASA POWER API
1052,1052,2022-11-18,-1.03,0.01,81.12,2.89,100.93,8.9,东北_黑龙江,45.75,126.63,NASA POWER API
1053,1053,2022-11-19,0.4,1.29,88.68,5.25,100.05,2.95,东北_黑龙江,45.75,126.63,NASA POWER API
1054,1054,2022-11-20,-3.24,0.0,71.76,4.35,100.19,8.87,东北_黑龙江,45.75,126.63,NASA POWER API
1055,1055,2022-11-21,-7.36,0.0,73.81,2.18,100.66,8.56,东北_黑龙江,45.75,126.63,NASA POWER API
1056,1056,2022-11-22,-5.94,0.0,74.12,1.43,100.8,7.37,东北_黑龙江,45.75,126.63,NASA POWER API
1057,1057,2022-11-23,-5.75,0.0,80.84,2.32,100.42,4.64,东北_黑龙江,45.75,126.63,NASA POWER API
1058,1058,2022-11-24,-4.71,1.99,90.37,3.53,100.01,4.22,东北_黑龙江,45.75,126.63,NASA POWER API
1059,1059,2022-11-25,-1.83,1.58,92.82,2.48,98.77,2.64,东北_黑龙江,45.75,126.63,NASA POWER API
1060,1060,2022-11-26,-8.48,0.32,73.41,4.47,99.67,5.96,东北_黑龙江,45.75,126.63,NASA POWER API
1061,1061,2022-11-27,-10.63,0.22,86.3,2.08,100.37,4.55,东北_黑龙江,45.75,126.63,NASA POWER API
1062,1062,2022-11-28,-9.67,1.05,89.11,2.93,100.36,3.9,东北_黑龙江,45.75,126.63,NASA POWER API
1063,1063,2022-11-29,-12.6,1.36,75.98,5.71,99.99,4.1,东北_黑龙江,45.75,126.63,NASA POWER API
1064,1064,2022-11-30,-18.81,0.0,65.74,5.02,100.65,5.34,东北_黑龙江,45.75,126.63,NASA POWER API
1065,1065,2022-12-01,-20.78,0.0,76.55,3.59,100.74,5.22,东北_黑龙江,45.75,126.63,NASA POWER API
1066,1066,2022-12-02,-15.18,0.0,79.24,4.26,100.24,5.21,东北_黑龙江,45.75,126.63,NASA POWER API
1067,1067,2022-12-03,-14.63,0.03,71.57,3.94,100.35,5.18,东北_黑龙江,45.75,126.63,NASA POWER API
1068,1068,2022-12-04,-17.52,0.0,81.47,3.55,101.04,5.9,东北_黑龙江,45.75,126.63,NASA POWER API
1069,1069,2022-12-05,-15.42,0.01,82.79,3.76,100.57,5.85,东北_黑龙江,45.75,126.63,NASA POWER API
1070,1070,2022-12-06,-13.1,0.05,83.71,4.51,99.44,4.81,东北_黑龙江,45.75,126.63,NASA POWER API
1071,1071,2022-12-07,-11.29,0.0,84.76,2.48,99.76,5.65,东北_黑龙江,45.75,126.63,NASA POWER API
1072,1072,2022-12-08,-11.35,0.0,85.89,2.72,100.31,5.47,东北_黑龙江,45.75,126.63,NASA POWER API
1073,1073,2022-12-09,-11.12,0.0,86.61,2.66,100.11,5.93,东北_黑龙江,45.75,126.63,NASA POWER API
1074,1074,2022-12-10,-13.24,0.0,85.4,2.63,100.45,6.13,东北_黑龙江,45.75,126.63,NASA POWER API
1075,1075,2022-12-11,-12.82,0.0,86.18,2.65,100.66,6.02,东北_黑龙江,45.75,126.63,NASA POWER API
1076,1076,2022-12-12,-7.48,0.31,79.19,5.61,99.11,3.56,东北_黑龙江,45.75,126.63,NASA POWER API
1077,1077,2022-12-13,-15.46,0.08,67.71,5.36,99.28,5.04,东北_黑龙江,45.75,126.63,NASA POWER API
1078,1078,2022-12-14,-18.66,0.1,75.38,4.48,100.1,4.92,东北_黑龙江,45.75,126.63,NASA POWER API
1079,1079,2022-12-15,-23.02,0.0,77.65,3.55,100.49,5.93,东北_黑龙江,45.75,126.63,NASA POWER API
1080,1080,2022-12-16,-22.59,0.0,81.01,2.86,100.96,6.28,东北_黑龙江,45.75,126.63,NASA POWER API
1081,1081,2022-12-17,-22.84,0.0,79.68,2.26,100.39,5.84,东北_黑龙江,45.75,126.63,NASA POWER API
1082,1082,2022-12-18,-23.86,0.0,79.69,2.73,100.12,5.81,东北_黑龙江,45.75,126.63,NASA POWER API
1083,1083,2022-12-19,-23.09,0.0,82.93,2.53,100.36,5.77,东北_黑龙江,45.75,126.63,NASA POWER API
1084,1084,2022-12-20,-18.94,0.04,90.37,1.77,100.44,4.64,东北_黑龙江,45.75,126.63,NASA POWER API
1085,1085,2022-12-21,-15.01,4.8,95.27,4.15,99.39,2.38,东北_黑龙江,45.75,126.63,NASA POWER API
1086,1086,2022-12-22,-19.62,1.04,84.59,4.3,99.64,4.31,东北_黑龙江,45.75,126.63,NASA POWER API
1087,1087,2022-12-23,-16.82,1.96,91.46,4.77,99.82,2.83,东北_黑龙江,45.75,126.63,NASA POWER API
1088,1088,2022-12-24,-16.13,0.22,93.45,2.86,100.64,5.21,东北_黑龙江,45.75,126.63,NASA POWER API
1089,1089,2022-12-25,-16.21,0.02,88.32,2.39,100.87,5.13,东北_黑龙江,45.75,126.63,NASA POWER API
1090,1090,2022-12-26,-14.68,0.07,91.96,0.8,101.19,6.13,东北_黑龙江,45.75,126.63,NASA POWER API
1091,1091,2022-12-27,-14.32,0.36,90.57,0.96,101.08,4.53,东北_黑龙江,45.75,126.63,NASA POWER API
1092,1092,2022-12-28,-15.92,0.45,93.63,2.72,100.82,4.53,东北_黑龙江,45.75,126.63,NASA POWER API
1093,1093,2022-12-29,-18.25,0.05,92.93,2.95,101.0,6.46,东北_黑龙江,45.75,126.63,NASA POWER API
1094,1094,2022-12-30,-17.08,0.01,93.08,3.49,100.92,6.99,东北_黑龙江,45.75,126.63,NASA POWER API
1095,1095,2022-12-31,-16.12,0.01,89.8,3.31,100.58,7.42,东北_黑龙江,45.75,126.63,NASA POWER API
1096,1096,2023-01-01,-19.71,0.01,83.99,3.73,100.99,7.51,东北_黑龙江,45.75,126.63,NASA POWER API
1097,1097,2023-01-02,-20.42,0.0,90.0,3.23,101.09,7.56,东北_黑龙江,45.75,126.63,NASA POWER API
1098,1098,2023-01-03,-19.85,0.0,91.23,2.63,101.05,7.43,东北_黑龙江,45.75,126.63,NASA POWER API
1099,1099,2023-01-04,-18.45,0.0,93.67,2.78,101.04,7.64,东北_黑龙江,45.75,126.63,NASA POWER API
1100,1100,2023-01-05,-17.3,0.01,93.07,2.47,100.81,7.32,东北_黑龙江,45.75,126.63,NASA POWER API
1101,1101,2023-01-06,-17.91,0.01,96.29,1.25,100.4,5.06,东北_黑龙江,45.75,126.63,NASA POWER API
1102,1102,2023-01-07,-19.71,0.01,95.51,1.17,100.35,4.96,东北_黑龙江,45.75,126.63,NASA POWER API
1103,1103,2023-01-08,-15.84,0.98,96.9,2.81,100.24,4.22,东北_黑龙江,45.75,126.63,NASA POWER API
1104,1104,2023-01-09,-19.13,0.01,91.86,2.77,101.16,7.93,东北_黑龙江,45.75,126.63,NASA POWER API
1105,1105,2023-01-10,-12.88,0.01,93.51,4.14,100.3,5.85,东北_黑龙江,45.75,126.63,NASA POWER API
1106,1106,2023-01-11,-8.33,0.02,95.8,3.69,99.87,5.64,东北_黑龙江,45.75,126.63,NASA POWER API
1107,1107,2023-01-12,-3.72,0.09,97.34,4.53,99.78,4.83,东北_黑龙江,45.75,126.63,NASA POWER API
1108,1108,2023-01-13,-10.71,0.03,74.77,6.13,100.68,3.57,东北_黑龙江,45.75,126.63,NASA POWER API
1109,1109,2023-01-14,-22.04,0.0,60.67,2.87,101.71,8.0,东北_黑龙江,45.75,126.63,NASA POWER API
1110,1110,2023-01-15,-22.19,0.0,80.6,2.68,100.79,8.35,东北_黑龙江,45.75,126.63,NASA POWER API
1111,1111,2023-01-16,-21.16,0.0,85.06,2.24,100.61,8.18,东北_黑龙江,45.75,126.63,NASA POWER API
1112,1112,2023-01-17,-18.61,0.01,91.09,2.88,100.35,7.76,东北_黑龙江,45.75,126.63,NASA POWER API
1113,1113,2023-01-18,-15.98,0.24,87.97,3.75,100.14,5.3,东北_黑龙江,45.75,126.63,NASA POWER API
1114,1114,2023-01-19,-17.43,0.3,85.39,2.46,99.98,7.25,东北_黑龙江,45.75,126.63,NASA POWER API
1115,1115,2023-01-20,-23.26,0.24,80.53,3.23,100.92,7.82,东北_黑龙江,45.75,126.63,NASA POWER API
1116,1116,2023-01-21,-22.57,0.56,85.83,4.07,101.03,5.36,东北_黑龙江,45.75,126.63,NASA POWER API
1117,1117,2023-01-22,-24.52,0.02,85.13,2.16,101.59,7.59,东北_黑龙江,45.75,126.63,NASA POWER API
1118,1118,2023-01-23,-30.93,0.01,79.07,3.47,101.53,8.58,东北_黑龙江,45.75,126.63,NASA POWER API
1119,1119,2023-01-24,-28.02,0.68,85.6,3.53,100.87,8.99,东北_黑龙江,45.75,126.63,NASA POWER API
1120,1120,2023-01-25,-24.21,0.29,85.2,2.23,100.49,7.83,东北_黑龙江,45.75,126.63,NASA POWER API
1121,1121,2023-01-26,-24.01,0.0,88.2,1.54,100.78,9.1,东北_黑龙江,45.75,126.63,NASA POWER API
1122,1122,2023-01-27,-24.62,0.0,87.78,2.45,100.57,9.18,东北_黑龙江,45.75,126.63,NASA POWER API
1123,1123,2023-01-28,-21.47,0.0,77.53,1.56,100.0,8.91,东北_黑龙江,45.75,126.63,NASA POWER API
1124,1124,2023-01-29,-18.05,0.12,78.66,2.44,99.93,8.06,东北_黑龙江,45.75,126.63,NASA POWER API
1125,1125,2023-01-30,-15.7,0.01,86.87,1.31,100.24,8.19,东北_黑龙江,45.75,126.63,NASA POWER API
1126,1126,2023-01-31,-14.71,0.01,90.08,1.6,99.88,7.87,东北_黑龙江,45.75,126.63,NASA POWER API
1127,1127,2023-02-01,-14.74,0.17,86.08,2.66,100.37,8.95,东北_黑龙江,45.75,126.63,NASA POWER API
1128,1128,2023-02-02,-17.53,0.04,84.94,2.89,100.9,10.25,东北_黑龙江,45.75,126.63,NASA POWER API
1129,1129,2023-02-03,-15.57,0.03,84.21,1.57,100.49,9.0,东北_黑龙江,45.75,126.63,NASA POWER API
1130,1130,2023-02-04,-13.77,0.02,85.43,2.38,100.22,9.82,东北_黑龙江,45.75,126.63,NASA POWER API
1131,1131,2023-02-05,-13.35,0.02,91.42,2.01,100.24,7.26,东北_黑龙江,45.75,126.63,NASA POWER API
1132,1132,2023-02-06,-14.77,0.01,90.73,1.84,100.63,10.3,东北_黑龙江,45.75,126.63,NASA POWER API
1133,1133,2023-02-07,-14.84,0.01,88.18,2.11,100.69,10.99,东北_黑龙江,45.75,126.63,NASA POWER API
1134,1134,2023-02-08,-12.76,0.03,88.68,1.55,100.92,10.42,东北_黑龙江,45.75,126.63,NASA POWER API
1135,1135,2023-02-09,-11.02,0.14,83.36,2.19,101.18,10.43,东北_黑龙江,45.75,126.63,NASA POWER API
1136,1136,2023-02-10,-8.73,2.18,94.87,2.39,100.12,7.1,东北_黑龙江,45.75,126.63,NASA POWER API
1137,1137,2023-02-11,-8.62,2.39,97.54,2.54,100.16,5.53,东北_黑龙江,45.75,126.63,NASA POWER API
1138,1138,2023-02-12,-15.37,0.01,92.05,2.17,101.19,11.74,东北_黑龙江,45.75,126.63,NASA POWER API
1139,1139,2023-02-13,-15.47,0.01,90.95,2.52,100.9,11.85,东北_黑龙江,45.75,126.63,NASA POWER API
1140,1140,2023-02-14,-16.51,0.02,87.53,3.31,101.44,12.98,东北_黑龙江,45.75,126.63,NASA POWER API
1141,1141,2023-02-15,-17.63,0.0,85.03,1.93,101.72,13.2,东北_黑龙江,45.75,126.63,NASA POWER API
1142,1142,2023-02-16,-12.04,0.0,84.09,2.84,100.67,9.95,东北_黑龙江,45.75,126.63,NASA POWER API
1143,1143,2023-02-17,-11.83,0.03,92.82,2.99,100.33,10.84,东北_黑龙江,45.75,126.63,NASA POWER API
1144,1144,2023-02-18,-13.21,0.0,80.57,2.34,100.37,12.15,东北_黑龙江,45.75,126.63,NASA POWER API
1145,1145,2023-02-19,-10.88,0.05,83.27,2.6,99.76,12.47,东北_黑龙江,45.75,126.63,NASA POWER API
1146,1146,2023-02-20,-13.23,0.03,87.23,3.51,100.9,12.52,东北_黑龙江,45.75,126.63,NASA POWER API
1147,1147,2023-02-21,-14.79,0.0,79.61,2.77,101.62,14.14,东北_黑龙江,45.75,126.63,NASA POWER API
1148,1148,2023-02-22,-10.14,0.0,86.71,3.25,100.62,10.6,东北_黑龙江,45.75,126.63,NASA POWER API
1149,1149,2023-02-23,-11.3,0.07,92.56,2.31,100.48,12.26,东北_黑龙江,45.75,126.63,NASA POWER API
1150,1150,2023-02-24,-12.92,0.01,83.77,3.26,101.05,13.8,东北_黑龙江,45.75,126.63,NASA POWER API
1151,1151,2023-02-25,-11.88,0.0,84.64,3.17,101.32,14.87,东北_黑龙江,45.75,126.63,NASA POWER API
1152,1152,2023-02-26,-7.14,0.0,82.87,3.48,101.15,14.47,东北_黑龙江,45.75,126.63,NASA POWER API
1153,1153,2023-02-27,-1.54,0.0,82.92,6.37,100.13,11.53,东北_黑龙江,45.75,126.63,NASA POWER API
1154,1154,2023-02-28,-3.3,0.37,81.77,4.69,99.98,7.73,东北_黑龙江,45.75,126.63,NASA POWER API
1155,1155,2023-03-01,-6.68,2.39,86.12,2.07,100.38,5.71,东北_黑龙江,45.75,126.63,NASA POWER API
1156,1156,2023-03-02,-7.8,0.02,79.77,3.93,100.21,10.51,东北_黑龙江,45.75,126.63,NASA POWER API
1157,1157,2023-03-03,-6.06,0.01,72.92,1.65,100.63,15.3,东北_黑龙江,45.75,126.63,NASA POWER API
1158,1158,2023-03-04,-1.76,0.0,68.53,3.35,100.99,15.31,东北_黑龙江,45.75,126.63,NASA POWER API
1159,1159,2023-03-05,1.74,0.0,78.65,5.91,99.92,11.91,东北_黑龙江,45.75,126.63,NASA POWER API
1160,1160,2023-03-06,1.62,0.01,69.7,2.24,99.7,13.18,东北_黑龙江,45.75,126.63,NASA POWER API
1161,1161,2023-03-07,0.04,0.39,81.72,2.76,99.43,7.22,东北_黑龙江,45.75,126.63,NASA POWER API
1162,1162,2023-03-08,-0.88,0.09,70.63,2.58,100.26,11.85,东北_黑龙江,45.75,126.63,NASA POWER API
1163,1163,2023-03-09,1.43,0.09,68.39,2.54,99.45,12.77,东北_黑龙江,45.75,126.63,NASA POWER API
1164,1164,2023-03-10,3.38,0.0,69.25,4.89,99.56,7.59,东北_黑龙江,45.75,126.63,NASA POWER API
1165,1165,2023-03-11,-1.39,0.0,43.33,5.64,100.89,17.43,东北_黑龙江,45.75,126.63,NASA POWER API
1166,1166,2023-03-12,-5.09,0.0,49.29,3.2,100.76,16.07,东北_黑龙江,45.75,126.63,NASA POWER API
1167,1167,2023-03-13,-5.2,0.0,56.69,2.26,99.91,18.39,东北_黑龙江,45.75,126.63,NASA POWER API
1168,1168,2023-03-14,-4.18,4.01,67.7,2.81,99.36,9.1,东北_黑龙江,45.75,126.63,NASA POWER API
1169,1169,2023-03-15,-4.44,2.14,85.37,4.02,99.56,8.2,东北_黑龙江,45.75,126.63,NASA POWER API
1170,1170,2023-03-16,-5.49,0.21,74.54,4.06,100.45,11.4,东北_黑龙江,45.75,126.63,NASA POWER API
1171,1171,2023-03-17,-4.21,0.0,70.15,4.03,100.26,18.46,东北_黑龙江,45.75,126.63,NASA POWER API
1172,1172,2023-03-18,-1.05,0.0,64.73,3.12,99.87,16.94,东北_黑龙江,45.75,126.63,NASA POWER API
1173,1173,2023-03-19,2.12,0.0,63.85,4.33,99.48,17.79,东北_黑龙江,45.75,126.63,NASA POWER API
1174,1174,2023-03-20,4.34,0.0,73.67,5.52,99.01,16.38,东北_黑龙江,45.75,126.63,NASA POWER API
1175,1175,2023-03-21,6.68,0.03,73.54,5.11,98.71,13.15,东北_黑龙江,45.75,126.63,NASA POWER API
1176,1176,2023-03-22,5.2,1.11,56.8,7.23,98.74,13.56,东北_黑龙江,45.75,126.63,NASA POWER API
1177,1177,2023-03-23,-2.79,0.01,52.46,5.5,99.7,19.9,东北_黑龙江,45.75,126.63,NASA POWER API
1178,1178,2023-03-24,-2.2,0.04,69.69,2.55,100.56,16.83,东北_黑龙江,45.75,126.63,NASA POWER API
1179,1179,2023-03-25,-1.14,0.03,59.52,1.49,100.53,16.47,东北_黑龙江,45.75,126.63,NASA POWER API
1180,1180,2023-03-26,0.27,0.03,56.4,2.1,100.1,17.51,东北_黑龙江,45.75,126.63,NASA POWER API
1181,1181,2023-03-27,2.71,0.01,53.86,2.88,99.95,19.26,东北_黑龙江,45.75,126.63,NASA POWER API
1182,1182,2023-03-28,3.65,0.0,52.73,2.35,100.16,20.6,东北_黑龙江,45.75,126.63,NASA POWER API
1183,1183,2023-03-29,7.04,0.03,62.58,5.09,99.44,18.09,东北_黑龙江,45.75,126.63,NASA POWER API
1184,1184,2023-03-30,6.61,0.0,49.3,2.39,99.66,20.86,东北_黑龙江,45.75,126.63,NASA POWER API
1185,1185,2023-03-31,9.34,0.0,59.62,2.51,99.71,19.64,东北_黑龙江,45.75,126.63,NASA POWER API
1186,1186,2023-04-01,10.97,0.05,69.91,4.15,99.63,16.41,东北_黑龙江,45.75,126.63,NASA POWER API
1187,1187,2023-04-02,12.18,0.0,62.19,4.19,100.0,18.08,东北_黑龙江,45.75,126.63,NASA POWER API
1188,1188,2023-04-03,8.7,0.02,63.75,4.79,100.42,9.65,东北_黑龙江,45.75,126.63,NASA POWER API
1189,1189,2023-04-04,2.62,0.0,48.07,2.96,100.95,15.11,东北_黑龙江,45.75,126.63,NASA POWER API
1190,1190,2023-04-05,4.99,0.0,46.63,1.55,100.09,17.96,东北_黑龙江,45.75,126.63,NASA POWER API
1191,1191,2023-04-06,5.74,0.0,49.1,1.95,99.05,12.79,东北_黑龙江,45.75,126.63,NASA POWER API
1192,1192,2023-04-07,-0.56,0.02,52.47,4.92,99.06,19.01,东北_黑龙江,45.75,126.63,NASA POWER API
1193,1193,2023-04-08,3.5,0.34,55.6,3.52,99.34,21.64,东北_黑龙江,45.75,126.63,NASA POWER API
1194,1194,2023-04-09,8.8,0.01,51.87,4.94,98.51,19.4,东北_黑龙江,45.75,126.63,NASA POWER API
1195,1195,2023-04-10,10.64,0.62,63.07,6.1,98.04,10.15,东北_黑龙江,45.75,126.63,NASA POWER API
1196,1196,2023-04-11,4.14,4.71,64.75,5.47,97.91,14.98,东北_黑龙江,45.75,126.63,NASA POWER API
1197,1197,2023-04-12,2.69,0.01,52.93,5.0,98.57,21.69,东北_黑龙江,45.75,126.63,NASA POWER API
1198,1198,2023-04-13,4.1,0.03,55.33,3.1,99.37,23.49,东北_黑龙江,45.75,126.63,NASA POWER API
1199,1199,2023-04-14,4.3,0.02,60.11,2.33,99.82,21.94,东北_黑龙江,45.75,126.63,NASA POWER API
1200,1200,2023-04-15,6.21,0.04,60.76,3.13,99.02,22.41,东北_黑龙江,45.75,126.63,NASA POWER API
1201,1201,2023-04-16,5.55,0.06,71.94,3.87,98.87,20.02,东北_黑龙江,45.75,126.63,NASA POWER API
1202,1202,2023-04-17,7.77,0.0,62.57,3.02,99.42,17.43,东北_黑龙江,45.75,126.63,NASA POWER API
1203,1203,2023-04-18,8.02,3.54,64.96,5.19,98.89,13.9,东北_黑龙江,45.75,126.63,NASA POWER API
1204,1204,2023-04-19,8.08,1.67,69.21,3.89,98.73,9.42,东北_黑龙江,45.75,126.63,NASA POWER API
1205,1205,2023-04-20,7.07,0.34,41.2,9.26,98.74,20.92,东北_黑龙江,45.75,126.63,NASA POWER API
1206,1206,2023-04-21,3.47,0.06,44.08,6.2,99.95,25.22,东北_黑龙江,45.75,126.63,NASA POWER API
1207,1207,2023-04-22,3.84,0.0,47.97,4.28,100.68,26.41,东北_黑龙江,45.75,126.63,NASA POWER API
1208,1208,2023-04-23,3.81,0.0,47.02,4.51,100.99,25.18,东北_黑龙江,45.75,126.63,NASA POWER API
1209,1209,2023-04-24,6.9,0.04,42.65,3.68,100.48,23.12,东北_黑龙江,45.75,126.63,NASA POWER API
1210,1210,2023-04-25,4.23,2.62,68.79,3.59,99.24,8.55,东北_黑龙江,45.75,126.63,NASA POWER API
1211,1211,2023-04-26,6.05,0.0,50.29,3.14,99.41,26.15,东北_黑龙江,45.75,126.63,NASA POWER API
1212,1212,2023-04-27,11.29,1.36,61.71,5.86,99.15,21.59,东北_黑龙江,45.75,126.63,NASA POWER API
1213,1213,2023-04-28,8.77,3.92,90.73,3.54,99.43,5.38,东北_黑龙江,45.75,126.63,NASA POWER API
1214,1214,2023-04-29,8.07,5.91,82.68,3.81,98.84,8.4,东北_黑龙江,45.75,126.63,NASA POWER API
1215,1215,2023-04-30,6.35,8.57,77.48,4.86,98.55,8.62,东北_黑龙江,45.75,126.63,NASA POWER API
1216,1216,2023-05-01,10.6,0.02,60.9,3.37,99.45,24.81,东北_黑龙江,45.75,126.63,NASA POWER API
1217,1217,2023-05-02,14.62,1.7,57.01,7.99,99.13,15.65,东北_黑龙江,45.75,126.63,NASA POWER API
1218,1218,2023-05-03,16.75,0.43,56.08,4.44,99.43,19.1,东北_黑龙江,45.75,126.63,NASA POWER API
1219,1219,2023-05-04,11.86,3.5,64.92,2.48,99.88,6.66,东北_黑龙江,45.75,126.63,NASA POWER API
1220,1220,2023-05-05,11.19,0.0,51.14,4.15,99.85,20.02,东北_黑龙江,45.75,126.63,NASA POWER API
1221,1221,2023-05-06,11.95,0.0,49.44,2.24,99.96,28.03,东北_黑龙江,45.75,126.63,NASA POWER API
1222,1222,2023-05-07,13.72,0.0,43.03,1.72,99.82,26.72,东北_黑龙江,45.75,126.63,NASA POWER API
1223,1223,2023-05-08,12.3,0.0,45.68,5.61,99.43,24.66,东北_黑龙江,45.75,126.63,NASA POWER API
1224,1224,2023-05-09,9.64,0.0,41.81,5.49,99.75,25.68,东北_黑龙江,45.75,126.63,NASA POWER API
1225,1225,2023-05-10,10.57,0.22,51.27,2.0,100.31,28.58,东北_黑龙江,45.75,126.63,NASA POWER API
1226,1226,2023-05-11,15.42,0.0,43.26,1.8,100.01,26.92,东北_黑龙江,45.75,126.63,NASA POWER API
1227,1227,2023-05-12,14.84,2.39,61.01,5.3,99.31,13.65,东北_黑龙江,45.75,126.63,NASA POWER API
1228,1228,2023-05-13,14.88,2.73,71.69,4.86,98.91,18.49,东北_黑龙江,45.75,126.63,NASA POWER API
1229,1229,2023-05-14,16.53,0.89,62.07,4.66,98.64,26.97,东北_黑龙江,45.75,126.63,NASA POWER API
1230,1230,2023-05-15,15.6,0.81,50.87,5.41,98.18,16.19,东北_黑龙江,45.75,126.63,NASA POWER API
1231,1231,2023-05-16,11.55,2.17,50.75,1.73,98.55,4.14,东北_黑龙江,45.75,126.63,NASA POWER API
1232,1232,2023-05-17,13.28,0.0,49.51,2.18,99.18,22.06,东北_黑龙江,45.75,126.63,NASA POWER API
1233,1233,2023-05-18,15.86,0.0,45.84,2.88,99.47,27.18,东北_黑龙江,45.75,126.63,NASA POWER API
1234,1234,2023-05-19,18.16,3.75,45.78,3.68,99.2,23.67,东北_黑龙江,45.75,126.63,NASA POWER API
1235,1235,2023-05-20,15.37,6.99,56.95,4.44,98.33,16.62,东北_黑龙江,45.75,126.63,NASA POWER API
1236,1236,2023-05-21,12.24,5.0,68.49,3.78,98.91,18.82,东北_黑龙江,45.75,126.63,NASA POWER API
1237,1237,2023-05-22,16.48,0.0,53.27,2.21,99.25,28.03,东北_黑龙江,45.75,126.63,NASA POWER API
1238,1238,2023-05-23,18.59,0.0,45.36,2.43,99.06,28.56,东北_黑龙江,45.75,126.63,NASA POWER API
1239,1239,2023-05-24,21.51,0.0,48.24,6.26,98.66,25.55,东北_黑龙江,45.75,126.63,NASA POWER API
1240,1240,2023-05-25,18.16,3.68,55.58,7.98,98.83,14.56,东北_黑龙江,45.75,126.63,NASA POWER API
1241,1241,2023-05-26,17.91,8.02,55.16,5.79,99.1,24.43,东北_黑龙江,45.75,126.63,NASA POWER API
1242,1242,2023-05-27,16.93,2.73,55.28,3.46,99.57,18.93,东北_黑龙江,45.75,126.63,NASA POWER API
1243,1243,2023-05-28,16.17,0.02,58.06,3.06,99.62,26.92,东北_黑龙江,45.75,126.63,NASA POWER API
1244,1244,2023-05-29,15.61,1.74,59.28,2.57,99.92,26.95,东北_黑龙江,45.75,126.63,NASA POWER API
1245,1245,2023-05-30,17.24,0.4,54.51,1.84,99.72,27.9,东北_黑龙江,45.75,126.63,NASA POWER API
1246,1246,2023-05-31,18.74,2.49,54.38,3.62,98.91,22.71,东北_黑龙江,45.75,126.63,NASA POWER API
1247,1247,2023-06-01,16.45,12.52,70.33,2.35,98.38,13.92,东北_黑龙江,45.75,126.63,NASA POWER API
1248,1248,2023-06-02,16.55,2.07,62.58,3.09,98.71,20.87,东北_黑龙江,45.75,126.63,NASA POWER API
1249,1249,2023-06-03,15.87,0.27,64.88,3.66,98.72,20.29,东北_黑龙江,45.75,126.63,NASA POWER API
1250,1250,2023-06-04,18.09,0.05,58.15,2.79,98.78,26.13,东北_黑龙江,45.75,126.63,NASA POWER API
1251,1251,2023-06-05,19.86,0.39,51.73,3.39,98.54,18.88,东北_黑龙江,45.75,126.63,NASA POWER API
1252,1252,2023-06-06,17.34,1.75,61.85,2.58,98.23,18.73,东北_黑龙江,45.75,126.63,NASA POWER API
1253,1253,2023-06-07,17.96,2.45,67.56,3.87,98.07,19.77,东北_黑龙江,45.75,126.63,NASA POWER API
1254,1254,2023-06-08,17.87,0.09,58.76,3.62,98.23,22.37,东北_黑龙江,45.75,126.63,NASA POWER API
1255,1255,2023-06-09,16.76,7.94,72.0,2.39,98.41,16.7,东北_黑龙江,45.75,126.63,NASA POWER API
1256,1256,2023-06-10,18.39,3.44,69.95,2.38,98.87,23.94,东北_黑龙江,45.75,126.63,NASA POWER API
1257,1257,2023-06-11,17.87,1.18,77.28,3.52,99.09,9.68,东北_黑龙江,45.75,126.63,NASA POWER API
1258,1258,2023-06-12,18.69,0.19,67.41,1.16,98.99,20.35,东北_黑龙江,45.75,126.63,NASA POWER API
1259,1259,2023-06-13,21.91,0.22,56.05,0.94,98.74,22.16,东北_黑龙江,45.75,126.63,NASA POWER API
1260,1260,2023-06-14,23.58,0.89,56.75,3.22,98.79,24.02,东北_黑龙江,45.75,126.63,NASA POWER API
1261,1261,2023-06-15,23.07,2.19,65.68,2.29,98.96,23.17,东北_黑龙江,45.75,126.63,NASA POWER API
1262,1262,2023-06-16,24.45,0.85,60.73,2.9,98.95,23.08,东北_黑龙江,45.75,126.63,NASA POWER API
1263,1263,2023-06-17,20.8,1.47,61.61,2.17,99.51,18.09,东北_黑龙江,45.75,126.63,NASA POWER API
1264,1264,2023-06-18,22.04,0.09,55.62,1.91,99.44,22.98,东北_黑龙江,45.75,126.63,NASA POWER API
1265,1265,2023-06-19,26.03,0.56,54.38,2.87,98.85,20.74,东北_黑龙江,45.75,126.63,NASA POWER API
1266,1266,2023-06-20,23.46,4.88,71.26,3.48,98.62,7.66,东北_黑龙江,45.75,126.63,NASA POWER API
1267,1267,2023-06-21,20.86,3.2,75.4,1.59,98.8,12.36,东北_黑龙江,45.75,126.63,NASA POWER API
1268,1268,2023-06-22,22.28,1.06,62.56,2.48,99.06,21.84,东北_黑龙江,45.75,126.63,NASA POWER API
1269,1269,2023-06-23,23.6,0.18,58.79,1.19,99.23,24.58,东北_黑龙江,45.75,126.63,NASA POWER API
1270,1270,2023-06-24,25.62,1.07,60.33,4.2,99.11,17.53,东北_黑龙江,45.75,126.63,NASA POWER API
1271,1271,2023-06-25,28.23,0.35,58.09,4.55,98.96,23.66,东北_黑龙江,45.75,126.63,NASA POWER API
1272,1272,2023-06-26,29.06,0.41,56.43,3.42,98.75,24.01,东北_黑龙江,45.75,126.63,NASA POWER API
1273,1273,2023-06-27,24.63,11.1,70.21,1.43,98.43,9.75,东北_黑龙江,45.75,126.63,NASA POWER API
1274,1274,2023-06-28,24.59,4.31,74.59,1.53,98.53,17.71,东北_黑龙江,45.75,126.63,NASA POWER API
1275,1275,2023-06-29,24.98,3.58,67.95,2.28,98.3,15.08,东北_黑龙江,45.75,126.63,NASA POWER API
1276,1276,2023-06-30,24.88,4.01,56.96,1.41,98.32,28.21,东北_黑龙江,45.75,126.63,NASA POWER API
1277,1277,2023-07-01,21.51,27.05,76.7,2.47,98.44,14.64,东北_黑龙江,45.75,126.63,NASA POWER API
1278,1278,2023-07-02,22.33,0.56,72.01,1.04,99.13,18.71,东北_黑龙江,45.75,126.63,NASA POWER API
1279,1279,2023-07-03,23.62,2.76,75.85,2.79,98.87,14.06,东北_黑龙江,45.75,126.63,NASA POWER API
1280,1280,2023-07-04,24.38,0.69,73.01,2.73,98.34,15.22,东北_黑龙江,45.75,126.63,NASA POWER API
1281,1281,2023-07-05,21.13,19.69,86.5,6.06,97.22,8.65,东北_黑龙江,45.75,126.63,NASA POWER API
1282,1282,2023-07-06,21.65,9.69,81.89,3.94,97.77,16.99,东北_黑龙江,45.75,126.63,NASA POWER API
1283,1283,2023-07-07,22.79,0.41,78.78,1.16,98.49,15.61,东北_黑龙江,45.75,126.63,NASA POWER API
1284,1284,2023-07-08,23.59,3.67,77.62,1.68,98.62,20.41,东北_黑龙江,45.75,126.63,NASA POWER API
1285,1285,2023-07-09,23.93,15.1,79.27,1.58,98.4,18.46,东北_黑龙江,45.75,126.63,NASA POWER API
1286,1286,2023-07-10,22.11,16.58,89.06,1.17,98.31,15.85,东北_黑龙江,45.75,126.63,NASA POWER API
1287,1287,2023-07-11,23.68,3.54,76.44,2.09,98.67,22.68,东北_黑龙江,45.75,126.63,NASA POWER API
1288,1288,2023-07-12,24.58,0.11,71.37,1.32,98.91,26.58,东北_黑龙江,45.75,126.63,NASA POWER API
1289,1289,2023-07-13,24.83,0.06,69.21,1.89,98.77,25.97,东北_黑龙江,45.75,126.63,NASA POWER API
1290,1290,2023-07-14,20.91,39.49,82.9,5.55,98.01,4.6,东北_黑龙江,45.75,126.63,NASA POWER API
1291,1291,2023-07-15,19.11,21.43,92.04,4.42,97.81,8.6,东北_黑龙江,45.75,126.63,NASA POWER API
1292,1292,2023-07-16,20.74,12.54,85.98,1.17,98.53,12.64,东北_黑龙江,45.75,126.63,NASA POWER API
1293,1293,2023-07-17,19.64,3.48,87.69,1.19,99.31,8.64,东北_黑龙江,45.75,126.63,NASA POWER API
1294,1294,2023-07-18,20.69,0.52,78.97,0.51,99.48,17.3,东北_黑龙江,45.75,126.63,NASA POWER API
1295,1295,2023-07-19,23.6,0.04,76.64,0.92,99.09,24.35,东北_黑龙江,45.75,126.63,NASA POWER API
1296,1296,2023-07-20,24.78,0.76,80.36,1.73,99.07,19.04,东北_黑龙江,45.75,126.63,NASA POWER API
1297,1297,2023-07-21,24.5,0.29,67.59,1.2,99.58,22.23,东北_黑龙江,45.75,126.63,NASA POWER API
1298,1298,2023-07-22,22.77,18.47,89.9,2.11,99.63,10.15,东北_黑龙江,45.75,126.63,NASA POWER API
1299,1299,2023-07-23,23.57,69.56,90.92,3.09,98.47,12.73,东北_黑龙江,45.75,126.63,NASA POWER API
1300,1300,2023-07-24,21.08,10.56,87.05,4.68,98.62,12.19,东北_黑龙江,45.75,126.63,NASA POWER API
1301,1301,2023-07-25,23.27,0.29,81.33,2.16,99.18,20.27,东北_黑龙江,45.75,126.63,NASA POWER API
1302,1302,2023-07-26,24.69,1.24,82.21,1.87,99.4,23.54,东北_黑龙江,45.75,126.63,NASA POWER API
1303,1303,2023-07-27,25.11,6.18,90.76,3.22,99.18,15.79,东北_黑龙江,45.75,126.63,NASA POWER API
1304,1304,2023-07-28,24.61,7.62,92.02,3.28,99.12,8.19,东北_黑龙江,45.75,126.63,NASA POWER API
1305,1305,2023-07-29,26.26,7.99,86.94,4.4,99.03,19.03,东北_黑龙江,45.75,126.63,NASA POWER API
1306,1306,2023-07-30,25.42,8.69,83.32,2.92,99.18,18.13,东北_黑龙江,45.75,126.63,NASA POWER API
1307,1307,2023-07-31,25.13,5.75,81.03,1.65,99.49,23.4,东北_黑龙江,45.75,126.63,NASA POWER API
1308,1308,2023-08-01,25.98,0.53,85.58,4.12,99.03,17.29,东北_黑龙江,45.75,126.63,NASA POWER API
1309,1309,2023-08-02,24.82,32.54,94.72,2.59,98.43,3.4,东北_黑龙江,45.75,126.63,NASA POWER API
1310,1310,2023-08-03,25.12,38.32,91.75,1.57,98.04,10.69,东北_黑龙江,45.75,126.63,NASA POWER API
1311,1311,2023-08-04,25.62,15.16,88.2,2.53,98.02,8.91,东北_黑龙江,45.75,126.63,NASA POWER API
1312,1312,2023-08-05,20.73,9.73,87.77,2.39,98.46,10.64,东北_黑龙江,45.75,126.63,NASA POWER API
1313,1313,2023-08-06,19.87,0.29,79.43,3.76,99.03,18.02,东北_黑龙江,45.75,126.63,NASA POWER API
1314,1314,2023-08-07,18.44,1.33,87.82,3.86,99.05,10.3,东北_黑龙江,45.75,126.63,NASA POWER API
1315,1315,2023-08-08,20.95,1.74,87.14,0.91,99.1,13.09,东北_黑龙江,45.75,126.63,NASA POWER API
1316,1316,2023-08-09,21.71,1.38,83.08,1.16,99.33,18.09,东北_黑龙江,45.75,126.63,NASA POWER API
1317,1317,2023-08-10,21.66,0.06,82.59,1.44,99.38,20.42,东北_黑龙江,45.75,126.63,NASA POWER API
1318,1318,2023-08-11,22.04,4.73,89.07,4.32,98.9,13.72,东北_黑龙江,45.75,126.63,NASA POWER API
1319,1319,2023-08-12,22.93,16.19,92.78,3.37,98.51,7.88,东北_黑龙江,45.75,126.63,NASA POWER API
1320,1320,2023-08-13,21.99,13.81,94.81,1.45,98.78,6.57,东北_黑龙江,45.75,126.63,NASA POWER API
1321,1321,2023-08-14,24.03,1.47,83.67,1.28,99.06,18.6,东北_黑龙江,45.75,126.63,NASA POWER API
1322,1322,2023-08-15,24.22,0.05,82.87,1.47,99.15,23.28,东北_黑龙江,45.75,126.63,NASA POWER API
1323,1323,2023-08-16,24.75,0.9,83.48,1.67,99.05,21.83,东北_黑龙江,45.75,126.63,NASA POWER API
1324,1324,2023-08-17,25.69,0.76,79.82,0.63,98.91,23.36,东北_黑龙江,45.75,126.63,NASA POWER API
1325,1325,2023-08-18,25.31,6.62,85.55,2.45,98.89,16.31,东北_黑龙江,45.75,126.63,NASA POWER API
1326,1326,2023-08-19,21.95,0.11,73.71,1.59,99.49,22.35,东北_黑龙江,45.75,126.63,NASA POWER API
1327,1327,2023-08-20,22.84,0.01,75.86,1.68,99.45,23.77,东北_黑龙江,45.75,126.63,NASA POWER API
1328,1328,2023-08-21,22.41,28.11,88.9,2.63,98.82,14.49,东北_黑龙江,45.75,126.63,NASA POWER API
1329,1329,2023-08-22,21.12,10.76,84.33,3.35,98.42,16.5,东北_黑龙江,45.75,126.63,NASA POWER API
1330,1330,2023-08-23,20.05,0.53,78.0,2.97,99.09,20.89,东北_黑龙江,45.75,126.63,NASA POWER API
1331,1331,2023-08-24,19.5,0.0,80.31,1.99,99.56,22.52,东北_黑龙江,45.75,126.63,NASA POWER API
1332,1332,2023-08-25,20.41,2.08,79.86,1.06,99.29,17.47,东北_黑龙江,45.75,126.63,NASA POWER API
1333,1333,2023-08-26,19.01,4.53,85.55,1.79,99.28,16.27,东北_黑龙江,45.75,126.63,NASA POWER API
1334,1334,2023-08-27,17.85,1.52,83.61,2.14,99.69,15.83,东北_黑龙江,45.75,126.63,NASA POWER API
1335,1335,2023-08-28,18.81,0.23,83.91,1.64,99.88,19.41,东北_黑龙江,45.75,126.63,NASA POWER API
1336,1336,2023-08-29,17.89,22.59,88.78,5.0,99.38,6.65,东北_黑龙江,45.75,126.63,NASA POWER API
1337,1337,2023-08-30,17.73,9.2,88.47,2.78,98.91,9.25,东北_黑龙江,45.75,126.63,NASA POWER API
1338,1338,2023-08-31,17.24,1.63,84.3,3.48,99.13,15.56,东北_黑龙江,45.75,126.63,NASA POWER API
1339,1339,2023-09-01,17.66,1.9,84.22,2.09,99.19,12.77,东北_黑龙江,45.75,126.63,NASA POWER API
1340,1340,2023-09-02,20.56,0.04,79.21,3.27,99.32,22.88,东北_黑龙江,45.75,126.63,NASA POWER API
1341,1341,2023-09-03,21.14,0.13,77.79,2.89,99.49,21.53,东北_黑龙江,45.75,126.63,NASA POWER API
1342,1342,2023-09-04,19.72,4.07,88.34,1.85,99.73,8.31,东北_黑龙江,45.75,126.63,NASA POWER API
1343,1343,2023-09-05,16.35,0.04,73.85,2.41,100.13,20.84,东北_黑龙江,45.75,126.63,NASA POWER API
1344,1344,2023-09-06,18.52,0.33,78.85,1.91,99.89,15.73,东北_黑龙江,45.75,126.63,NASA POWER API
1345,1345,2023-09-07,21.57,0.03,81.06,3.68,99.53,21.44,东北_黑龙江,45.75,126.63,NASA POWER API
1346,1346,2023-09-08,20.52,0.0,75.68,3.36,99.43,14.45,东北_黑龙江,45.75,126.63,NASA POWER API
1347,1347,2023-09-09,16.65,0.0,72.46,1.89,99.83,16.28,东北_黑龙江,45.75,126.63,NASA POWER API
1348,1348,2023-09-10,18.69,0.0,83.23,1.71,99.39,15.33,东北_黑龙江,45.75,126.63,NASA POWER API
1349,1349,2023-09-11,18.64,9.35,84.04,3.54,98.88,13.35,东北_黑龙江,45.75,126.63,NASA POWER API
1350,1350,2023-09-12,13.2,0.04,74.63,2.0,99.75,21.34,东北_黑龙江,45.75,126.63,NASA POWER API
1351,1351,2023-09-13,14.36,0.23,74.0,1.76,99.86,19.09,东北_黑龙江,45.75,126.63,NASA POWER API
1352,1352,2023-09-14,16.99,0.0,72.6,3.2,99.71,20.68,东北_黑龙江,45.75,126.63,NASA POWER API
1353,1353,2023-09-15,18.89,0.08,75.56,2.97,99.53,19.74,东北_黑龙江,45.75,126.63,NASA POWER API
1354,1354,2023-09-16,18.74,0.85,84.72,2.16,99.74,16.15,东北_黑龙江,45.75,126.63,NASA POWER API
1355,1355,2023-09-17,19.78,0.98,81.26,1.52,99.31,16.16,东北_黑龙江,45.75,126.63,NASA POWER API
1356,1356,2023-09-18,17.96,12.43,86.18,2.66,99.0,7.58,东北_黑龙江,45.75,126.63,NASA POWER API
1357,1357,2023-09-19,12.81,2.45,81.99,3.57,99.42,7.12,东北_黑龙江,45.75,126.63,NASA POWER API
1358,1358,2023-09-20,10.26,0.0,64.78,1.57,100.24,20.37,东北_黑龙江,45.75,126.63,NASA POWER API
1359,1359,2023-09-21,14.24,0.02,75.41,3.0,99.46,18.67,东北_黑龙江,45.75,126.63,NASA POWER API
1360,1360,2023-09-22,12.09,0.02,72.14,2.99,100.01,19.09,东北_黑龙江,45.75,126.63,NASA POWER API
1361,1361,2023-09-23,12.63,0.02,68.21,2.25,100.7,19.19,东北_黑龙江,45.75,126.63,NASA POWER API
1362,1362,2023-09-24,13.84,0.0,76.12,2.8,100.28,14.51,东北_黑龙江,45.75,126.63,NASA POWER API
1363,1363,2023-09-25,17.42,0.32,81.88,3.54,99.73,7.84,东北_黑龙江,45.75,126.63,NASA POWER API
1364,1364,2023-09-26,17.2,0.43,84.87,3.28,99.55,12.81,东北_黑龙江,45.75,126.63,NASA POWER API
1365,1365,2023-09-27,15.2,2.54,72.99,3.98,99.07,11.05,东北_黑龙江,45.75,126.63,NASA POWER API
1366,1366,2023-09-28,12.16,0.17,78.95,3.5,99.26,14.78,东北_黑龙江,45.75,126.63,NASA POWER API
1367,1367,2023-09-29,12.82,8.38,83.51,2.49,99.28,12.48,东北_黑龙江,45.75,126.63,NASA POWER API
1368,1368,2023-09-30,12.24,5.87,84.73,2.63,99.03,9.27,东北_黑龙江,45.75,126.63,NASA POWER API
1369,1369,2023-10-01,11.55,0.63,76.25,1.9,99.44,13.77,东北_黑龙江,45.75,126.63,NASA POWER API
1370,1370,2023-10-02,11.71,0.06,69.82,1.9,99.72,16.65,东北_黑龙江,45.75,126.63,NASA POWER API
1371,1371,2023-10-03,12.38,6.47,81.83,3.84,99.33,6.26,东北_黑龙江,45.75,126.63,NASA POWER API
1372,1372,2023-10-04,8.43,1.55,81.35,5.09,99.37,13.09,东北_黑龙江,45.75,126.63,NASA POWER API
1373,1373,2023-10-05,6.08,0.0,70.16,3.14,100.0,16.71,东北_黑龙江,45.75,126.63,NASA POWER API
1374,1374,2023-10-06,7.03,0.0,72.53,2.41,100.44,15.92,东北_黑龙江,45.75,126.63,NASA POWER API
1375,1375,2023-10-07,7.94,0.0,62.24,1.17,100.9,15.8,东北_黑龙江,45.75,126.63,NASA POWER API
1376,1376,2023-10-08,8.97,0.0,68.06,1.3,100.7,11.67,东北_黑龙江,45.75,126.63,NASA POWER API
1377,1377,2023-10-09,10.44,0.01,73.89,1.47,100.51,12.65,东北_黑龙江,45.75,126.63,NASA POWER API
1378,1378,2023-10-10,9.83,0.0,65.85,1.72,100.8,15.52,东北_黑龙江,45.75,126.63,NASA POWER API
1379,1379,2023-10-11,10.6,0.0,61.75,1.57,100.87,14.73,东北_黑龙江,45.75,126.63,NASA POWER API
1380,1380,2023-10-12,11.34,0.0,73.09,2.1,100.68,14.48,东北_黑龙江,45.75,126.63,NASA POWER API
1381,1381,2023-10-13,11.63,0.02,80.29,2.19,99.92,12.01,东北_黑龙江,45.75,126.63,NASA POWER API
1382,1382,2023-10-14,11.88,0.03,82.37,3.33,99.15,11.42,东北_黑龙江,45.75,126.63,NASA POWER API
1383,1383,2023-10-15,6.4,0.0,68.64,4.37,99.28,15.0,东北_黑龙江,45.75,126.63,NASA POWER API
1384,1384,2023-10-16,2.79,0.0,68.41,3.67,99.91,14.98,东北_黑龙江,45.75,126.63,NASA POWER API
1385,1385,2023-10-17,6.98,0.0,63.71,2.83,99.88,12.93,东北_黑龙江,45.75,126.63,NASA POWER API
1386,1386,2023-10-18,7.36,0.07,73.41,2.78,99.38,6.93,东北_黑龙江,45.75,126.63,NASA POWER API
1387,1387,2023-10-19,3.51,0.09,76.59,3.4,99.68,12.09,东北_黑龙江,45.75,126.63,NASA POWER API
1388,1388,2023-10-20,-0.25,0.01,70.88,3.01,99.76,12.18,东北_黑龙江,45.75,126.63,NASA POWER API
1389,1389,2023-10-21,0.36,0.69,66.89,3.13,99.89,13.44,东北_黑龙江,45.75,126.63,NASA POWER API
1390,1390,2023-10-22,3.98,0.02,77.27,2.47,99.92,12.72,东北_黑龙江,45.75,126.63,NASA POWER API
1391,1391,2023-10-23,8.37,0.0,70.6,4.37,99.75,11.73,东北_黑龙江,45.75,126.63,NASA POWER API
1392,1392,2023-10-24,9.22,0.02,84.45,3.59,99.43,9.62,东北_黑龙江,45.75,126.63,NASA POWER API
1393,1393,2023-10-25,8.36,0.21,78.41,2.57,99.59,8.47,东北_黑龙江,45.75,126.63,NASA POWER API
1394,1394,2023-10-26,2.57,0.0,62.38,3.08,100.15,13.15,东北_黑龙江,45.75,126.63,NASA POWER API
1395,1395,2023-10-27,2.83,0.0,57.74,1.78,100.23,11.99,东北_黑龙江,45.75,126.63,NASA POWER API
1396,1396,2023-10-28,3.95,0.0,58.51,1.11,100.49,11.51,东北_黑龙江,45.75,126.63,NASA POWER API
1397,1397,2023-10-29,6.19,0.0,73.14,3.11,99.93,8.8,东北_黑龙江,45.75,126.63,NASA POWER API
1398,1398,2023-10-30,6.55,0.03,79.78,3.15,100.08,10.22,东北_黑龙江,45.75,126.63,NASA POWER API
1399,1399,2023-10-31,2.49,3.05,89.87,2.84,99.72,3.26,东北_黑龙江,45.75,126.63,NASA POWER API
1400,1400,2023-11-01,-0.29,0.04,80.66,1.47,100.16,7.1,东北_黑龙江,45.75,126.63,NASA POWER API
1401,1401,2023-11-02,1.57,1.58,91.32,4.48,98.93,4.02,东北_黑龙江,45.75,126.63,NASA POWER API
1402,1402,2023-11-03,-4.75,0.0,70.5,3.09,100.58,7.83,东北_黑龙江,45.75,126.63,NASA POWER API
1403,1403,2023-11-04,-3.28,0.0,66.43,2.63,101.09,5.06,东北_黑龙江,45.75,126.63,NASA POWER API
1404,1404,2023-11-05,-1.98,0.64,72.84,3.95,100.84,4.24,东北_黑龙江,45.75,126.63,NASA POWER API
1405,1405,2023-11-06,-4.87,29.21,86.2,7.49,99.08,1.84,东北_黑龙江,45.75,126.63,NASA POWER API
1406,1406,2023-11-07,-11.05,1.19,94.45,3.47,99.95,8.52,东北_黑龙江,45.75,126.63,NASA POWER API
1407,1407,2023-11-08,-10.92,3.42,98.72,2.12,100.45,3.29,东北_黑龙江,45.75,126.63,NASA POWER API
1408,1408,2023-11-09,-11.99,0.74,98.6,1.64,100.49,3.08,东北_黑龙江,45.75,126.63,NASA POWER API
1409,1409,2023-11-10,-11.69,0.21,95.38,2.52,100.92,4.96,东北_黑龙江,45.75,126.63,NASA POWER API
1410,1410,2023-11-11,-13.56,0.15,95.29,2.14,101.32,9.79,东北_黑龙江,45.75,126.63,NASA POWER API
1411,1411,2023-11-12,-14.96,0.08,95.92,2.51,101.27,9.37,东北_黑龙江,45.75,126.63,NASA POWER API
1412,1412,2023-11-13,-12.08,0.04,97.36,3.63,100.69,9.12,东北_黑龙江,45.75,126.63,NASA POWER API
1413,1413,2023-11-14,-10.42,0.12,98.93,1.85,100.71,8.53,东北_黑龙江,45.75,126.63,NASA POWER API
1414,1414,2023-11-15,-9.54,0.09,99.0,1.52,100.6,7.9,东北_黑龙江,45.75,126.63,NASA POWER API
1415,1415,2023-11-16,-3.94,4.91,98.4,1.64,99.72,2.03,东北_黑龙江,45.75,126.63,NASA POWER API
1416,1416,2023-11-17,-8.54,1.11,97.4,3.04,99.86,8.04,东北_黑龙江,45.75,126.63,NASA POWER API
1417,1417,2023-11-18,-9.89,0.03,97.57,3.79,99.44,9.03,东北_黑龙江,45.75,126.63,NASA POWER API
1418,1418,2023-11-19,-8.44,0.23,96.47,2.76,99.44,8.18,东北_黑龙江,45.75,126.63,NASA POWER API
1419,1419,2023-11-20,-6.14,0.04,95.71,4.18,99.7,8.4,东北_黑龙江,45.75,126.63,NASA POWER API
1420,1420,2023-11-21,-2.06,0.03,96.57,3.18,99.55,6.8,东北_黑龙江,45.75,126.63,NASA POWER API
1421,1421,2023-11-22,-5.38,9.7,95.99,4.96,99.56,4.03,东北_黑龙江,45.75,126.63,NASA POWER API
1422,1422,2023-11-23,-12.31,3.21,92.67,4.56,99.97,7.23,东北_黑龙江,45.75,126.63,NASA POWER API
1423,1423,2023-11-24,-17.38,0.11,95.52,2.56,100.97,7.85,东北_黑龙江,45.75,126.63,NASA POWER API
1424,1424,2023-11-25,-20.28,0.16,96.04,1.99,101.42,8.52,东北_黑龙江,45.75,126.63,NASA POWER API
1425,1425,2023-11-26,-18.68,0.12,94.43,1.15,100.8,8.05,东北_黑龙江,45.75,126.63,NASA POWER API
1426,1426,2023-11-27,-18.11,0.48,96.66,1.76,99.95,6.66,东北_黑龙江,45.75,126.63,NASA POWER API
1427,1427,2023-11-28,-17.93,0.18,97.7,2.29,100.01,7.64,东北_黑龙江,45.75,126.63,NASA POWER API
1428,1428,2023-11-29,-18.51,0.17,93.83,2.62,100.32,8.01,东北_黑龙江,45.75,126.63,NASA POWER API
1429,1429,2023-11-30,-16.96,0.06,96.34,3.54,100.62,7.95,东北_黑龙江,45.75,126.63,NASA POWER API
1430,1430,2023-12-01,-18.05,0.02,98.55,2.24,100.45,8.34,东北_黑龙江,45.75,126.63,NASA POWER API
1431,1431,2023-12-02,-15.71,0.03,96.67,1.78,100.31,6.66,东北_黑龙江,45.75,126.63,NASA POWER API
1432,1432,2023-12-03,-12.97,0.08,94.63,4.85,100.15,7.79,东北_黑龙江,45.75,126.63,NASA POWER API
1433,1433,2023-12-04,-8.83,0.06,96.9,3.52,99.48,6.6,东北_黑龙江,45.75,126.63,NASA POWER API
1434,1434,2023-12-05,-6.91,0.02,95.92,4.89,99.21,4.58,东北_黑龙江,45.75,126.63,NASA POWER API
1435,1435,2023-12-06,-9.8,0.01,95.15,3.64,98.8,7.06,东北_黑龙江,45.75,126.63,NASA POWER API
1436,1436,2023-12-07,-18.36,0.12,96.2,2.61,99.14,7.77,东北_黑龙江,45.75,126.63,NASA POWER API
1437,1437,2023-12-08,-9.17,0.74,94.92,4.99,98.66,4.22,东北_黑龙江,45.75,126.63,NASA POWER API
1438,1438,2023-12-09,-20.88,0.05,93.45,2.63,100.68,7.73,东北_黑龙江,45.75,126.63,NASA POWER API
1439,1439,2023-12-10,-26.16,0.0,90.86,2.54,101.94,7.83,东北_黑龙江,45.75,126.63,NASA POWER API
1440,1440,2023-12-11,-25.87,0.05,94.4,1.37,102.07,6.75,东北_黑龙江,45.75,126.63,NASA POWER API
1441,1441,2023-12-12,-22.88,0.01,90.1,1.16,101.59,7.37,东北_黑龙江,45.75,126.63,NASA POWER API
1442,1442,2023-12-13,-27.42,0.06,95.39,1.15,102.17,7.0,东北_黑龙江,45.75,126.63,NASA POWER API
1443,1443,2023-12-14,-26.13,0.04,93.4,1.83,102.39,6.08,东北_黑龙江,45.75,126.63,NASA POWER API
1444,1444,2023-12-15,-21.75,0.01,90.35,3.55,101.56,6.52,东北_黑龙江,45.75,126.63,NASA POWER API
1445,1445,2023-12-16,-25.09,0.21,93.31,2.88,100.68,5.35,东北_黑龙江,45.75,126.63,NASA POWER API
1446,1446,2023-12-17,-29.55,0.01,95.94,2.57,101.04,7.56,东北_黑龙江,45.75,126.63,NASA POWER API
1447,1447,2023-12-18,-28.09,0.0,96.29,1.37,101.66,7.53,东北_黑龙江,45.75,126.63,NASA POWER API
1448,1448,2023-12-19,-28.18,0.01,97.45,1.69,101.66,7.15,东北_黑龙江,45.75,126.63,NASA POWER API
1449,1449,2023-12-20,-29.48,0.06,97.03,1.89,101.27,7.02,东北_黑龙江,45.75,126.63,NASA POWER API
1450,1450,2023-12-21,-29.68,0.01,97.63,1.68,101.22,7.27,东北_黑龙江,45.75,126.63,NASA POWER API
1451,1451,2023-12-22,-24.0,0.16,97.17,2.9,101.26,6.83,东北_黑龙江,45.75,126.63,NASA POWER API
1452,1452,2023-12-23,-21.4,0.06,96.98,2.21,101.46,7.34,东北_黑龙江,45.75,126.63,NASA POWER API
1453,1453,2023-12-24,-21.27,0.01,96.8,2.32,100.88,6.81,东北_黑龙江,45.75,126.63,NASA POWER API
1454,1454,2023-12-25,-18.95,2.38,96.99,2.45,100.34,6.13,东北_黑龙江,45.75,126.63,NASA POWER API
1455,1455,2023-12-26,-18.29,0.36,97.2,3.24,100.91,6.73,东北_黑龙江,45.75,126.63,NASA POWER API
1456,1456,2023-12-27,-18.97,0.16,98.7,2.16,101.31,7.31,东北_黑龙江,45.75,126.63,NASA POWER API
1457,1457,2023-12-28,-13.64,0.02,97.68,1.51,100.84,6.68,东北_黑龙江,45.75,126.63,NASA POWER API
1458,1458,2023-12-29,-13.39,0.18,96.64,2.03,100.46,5.09,东北_黑龙江,45.75,126.63,NASA POWER API
1459,1459,2023-12-30,-13.46,1.59,95.09,4.07,100.49,3.37,东北_黑龙江,45.75,126.63,NASA POWER API
1460,1460,2023-12-31,-20.84,0.04,96.3,2.45,101.31,7.3,东北_黑龙江,45.75,126.63,NASA POWER API
1461,1461,2024-01-01,-19.18,0.08,97.81,3.24,100.54,4.43,东北_黑龙江,45.75,126.63,NASA POWER API
1462,1462,2024-01-02,-19.4,0.02,96.7,0.92,100.47,7.28,东北_黑龙江,45.75,126.63,NASA POWER API
1463,1463,2024-01-03,-17.28,0.08,99.4,2.28,100.09,6.24,东北_黑龙江,45.75,126.63,NASA POWER API
1464,1464,2024-01-04,-8.87,0.45,95.02,4.54,99.12,5.24,东北_黑龙江,45.75,126.63,NASA POWER API
1465,1465,2024-01-05,-16.92,0.44,95.28,3.63,100.09,6.24,东北_黑龙江,45.75,126.63,NASA POWER API
1466,1466,2024-01-06,-19.48,0.11,93.43,0.93,100.48,6.35,东北_黑龙江,45.75,126.63,NASA POWER API
1467,1467,2024-01-07,-22.2,0.06,95.03,2.64,100.86,7.67,东北_黑龙江,45.75,126.63,NASA POWER API
1468,1468,2024-01-08,-18.13,0.02,94.78,3.81,100.16,6.13,东北_黑龙江,45.75,126.63,NASA POWER API
1469,1469,2024-01-09,-24.99,0.08,95.05,1.78,100.54,7.95,东北_黑龙江,45.75,126.63,NASA POWER API
1470,1470,2024-01-10,-17.39,0.09,95.64,4.92,99.63,7.67,东北_黑龙江,45.75,126.63,NASA POWER API
1471,1471,2024-01-11,-15.31,1.11,95.96,3.43,99.17,6.11,东北_黑龙江,45.75,126.63,NASA POWER API
1472,1472,2024-01-12,-22.73,0.2,96.38,1.98,100.29,6.92,东北_黑龙江,45.75,126.63,NASA POWER API
1473,1473,2024-01-13,-22.46,0.69,96.06,1.98,100.72,7.08,东北_黑龙江,45.75,126.63,NASA POWER API
1474,1474,2024-01-14,-17.65,0.35,91.83,4.57,100.44,7.98,东北_黑龙江,45.75,126.63,NASA POWER API
1475,1475,2024-01-15,-24.12,0.03,96.59,2.01,101.17,8.66,东北_黑龙江,45.75,126.63,NASA POWER API
1476,1476,2024-01-16,-17.06,0.0,95.39,4.11,100.78,8.49,东北_黑龙江,45.75,126.63,NASA POWER API
1477,1477,2024-01-17,-15.42,0.01,95.62,3.05,100.47,6.59,东北_黑龙江,45.75,126.63,NASA POWER API
1478,1478,2024-01-18,-21.92,0.01,93.58,1.28,101.83,9.18,东北_黑龙江,45.75,126.63,NASA POWER API
1479,1479,2024-01-19,-23.77,0.01,96.25,1.7,102.32,9.08,东北_黑龙江,45.75,126.63,NASA POWER API
1480,1480,2024-01-20,-21.54,0.12,90.21,3.1,102.43,8.21,东北_黑龙江,45.75,126.63,NASA POWER API
1481,1481,2024-01-21,-20.26,0.44,91.55,2.93,101.95,8.34,东北_黑龙江,45.75,126.63,NASA POWER API
1482,1482,2024-01-22,-25.47,0.15,95.64,3.1,101.86,9.24,东北_黑龙江,45.75,126.63,NASA POWER API
1483,1483,2024-01-23,-26.36,0.56,97.84,1.86,101.05,8.85,东北_黑龙江,45.75,126.63,NASA POWER API
1484,1484,2024-01-24,-23.66,0.0,95.87,2.61,101.09,9.55,东北_黑龙江,45.75,126.63,NASA POWER API
1485,1485,2024-01-25,-19.48,0.03,98.51,1.66,100.99,8.7,东北_黑龙江,45.75,126.63,NASA POWER API
1486,1486,2024-01-26,-15.42,0.03,95.46,1.13,101.05,8.65,东北_黑龙江,45.75,126.63,NASA POWER API
1487,1487,2024-01-27,-17.33,0.01,96.91,1.21,101.24,8.2,东北_黑龙江,45.75,126.63,NASA POWER API
1488,1488,2024-01-28,-15.09,0.05,97.31,2.13,101.0,8.29,东北_黑龙江,45.75,126.63,NASA POWER API
1489,1489,2024-01-29,-20.89,0.33,94.37,1.9,101.59,10.23,东北_黑龙江,45.75,126.63,NASA POWER API
1490,1490,2024-01-30,-19.99,0.37,92.92,2.62,101.41,5.84,东北_黑龙江,45.75,126.63,NASA POWER API
1491,1491,2024-01-31,-24.28,0.11,93.74,3.14,101.41,10.27,东北_黑龙江,45.75,126.63,NASA POWER API
1492,1492,2024-02-01,-26.75,0.02,96.39,2.6,101.81,11.26,东北_黑龙江,45.75,126.63,NASA POWER API
1493,1493,2024-02-02,-23.64,0.01,96.14,1.63,101.79,10.96,东北_黑龙江,45.75,126.63,NASA POWER API
1494,1494,2024-02-03,-21.76,0.01,96.51,1.52,101.9,11.16,东北_黑龙江,45.75,126.63,NASA POWER API
1495,1495,2024-02-04,-21.54,0.01,94.08,2.04,101.7,11.2,东北_黑龙江,45.75,126.63,NASA POWER API
1496,1496,2024-02-05,-22.22,0.01,97.93,1.52,101.72,11.71,东北_黑龙江,45.75,126.63,NASA POWER API
1497,1497,2024-02-06,-19.01,0.0,97.7,1.72,101.32,9.94,东北_黑龙江,45.75,126.63,NASA POWER API
1498,1498,2024-02-07,-17.15,0.02,96.0,2.0,100.9,10.33,东北_黑龙江,45.75,126.63,NASA POWER API
1499,1499,2024-02-08,-16.13,0.02,97.9,1.57,100.63,11.76,东北_黑龙江,45.75,126.63,NASA POWER API
1500,1500,2024-02-09,-12.69,0.05,95.36,1.18,100.46,9.87,东北_黑龙江,45.75,126.63,NASA POWER API
1501,1501,2024-02-10,-12.53,0.03,97.96,1.58,100.46,10.95,东北_黑龙江,45.75,126.63,NASA POWER API
1502,1502,2024-02-11,-10.51,0.02,94.51,1.81,100.25,11.21,东北_黑龙江,45.75,126.63,NASA POWER API
1503,1503,2024-02-12,-5.19,0.01,91.31,7.58,99.42,9.63,东北_黑龙江,45.75,126.63,NASA POWER API
1504,1504,2024-02-13,-2.55,0.01,92.1,5.58,99.25,9.11,东北_黑龙江,45.75,126.63,NASA POWER API
1505,1505,2024-02-14,-10.98,0.12,94.97,2.6,100.72,11.02,东北_黑龙江,45.75,126.63,NASA POWER API
1506,1506,2024-02-15,-16.81,0.04,93.7,2.03,100.94,13.3,东北_黑龙江,45.75,126.63,NASA POWER API
1507,1507,2024-02-16,-9.63,0.0,91.0,4.96,99.65,9.51,东北_黑龙江,45.75,126.63,NASA POWER API
1508,1508,2024-02-17,-0.83,0.0,90.38,6.88,98.89,9.35,东北_黑龙江,45.75,126.63,NASA POWER API
1509,1509,2024-02-18,-2.69,2.02,93.42,5.7,99.51,4.77,东北_黑龙江,45.75,126.63,NASA POWER API
1510,1510,2024-02-19,-16.69,0.12,85.6,3.57,100.84,12.71,东北_黑龙江,45.75,126.63,NASA POWER API
1511,1511,2024-02-20,-21.14,0.49,88.39,2.74,101.85,13.64,东北_黑龙江,45.75,126.63,NASA POWER API
1512,1512,2024-02-21,-21.09,0.0,89.9,2.68,101.98,14.14,东北_黑龙江,45.75,126.63,NASA POWER API
1513,1513,2024-02-22,-18.83,0.0,92.06,2.28,102.12,13.78,东北_黑龙江,45.75,126.63,NASA POWER API
1514,1514,2024-02-23,-16.4,0.0,85.2,1.44,102.13,14.75,东北_黑龙江,45.75,126.63,NASA POWER API
1515,1515,2024-02-24,-11.75,0.0,84.77,1.35,101.53,13.74,东北_黑龙江,45.75,126.63,NASA POWER API
1516,1516,2024-02-25,-10.62,0.01,91.31,2.06,101.22,14.59,东北_黑龙江,45.75,126.63,NASA POWER API
1517,1517,2024-02-26,-15.62,0.0,86.82,2.11,101.88,15.1,东北_黑龙江,45.75,126.63,NASA POWER API
1518,1518,2024-02-27,-12.5,0.14,94.11,2.25,101.36,10.83,东北_黑龙江,45.75,126.63,NASA POWER API
1519,1519,2024-02-28,-9.82,0.32,94.58,2.61,101.24,13.33,东北_黑龙江,45.75,126.63,NASA POWER API
1520,1520,2024-02-29,-13.02,1.1,92.08,1.38,100.94,13.86,东北_黑龙江,45.75,126.63,NASA POWER API
1521,1521,2024-03-01,-14.45,0.33,88.78,3.99,100.1,12.44,东北_黑龙江,45.75,126.63,NASA POWER API
1522,1522,2024-03-02,-17.26,0.03,85.56,2.58,99.49,12.52,东北_黑龙江,45.75,126.63,NASA POWER API
1523,1523,2024-03-03,-14.79,0.0,84.29,2.0,99.64,12.9,东北_黑龙江,45.75,126.63,NASA POWER API
1524,1524,2024-03-04,-13.59,0.0,84.48,2.79,100.29,15.45,东北_黑龙江,45.75,126.63,NASA POWER API
1525,1525,2024-03-05,-11.88,0.0,88.62,2.47,100.55,16.24,东北_黑龙江,45.75,126.63,NASA POWER API
1526,1526,2024-03-06,-10.65,0.01,84.12,2.08,100.53,16.62,东北_黑龙江,45.75,126.63,NASA POWER API
1527,1527,2024-03-07,-7.73,0.65,83.34,1.92,100.03,11.37,东北_黑龙江,45.75,126.63,NASA POWER API
1528,1528,2024-03-08,-10.31,0.11,83.19,3.7,100.26,15.71,东北_黑龙江,45.75,126.63,NASA POWER API
1529,1529,2024-03-09,-8.85,0.3,76.05,1.82,100.56,16.55,东北_黑龙江,45.75,126.63,NASA POWER API
1530,1530,2024-03-10,-4.62,0.0,75.8,1.63,100.33,12.97,东北_黑龙江,45.75,126.63,NASA POWER API
1531,1531,2024-03-11,-4.52,0.0,86.03,2.2,100.18,13.94,东北_黑龙江,45.75,126.63,NASA POWER API
1532,1532,2024-03-12,-2.37,0.01,75.14,1.81,99.95,14.57,东北_黑龙江,45.75,126.63,NASA POWER API
1533,1533,2024-03-13,-0.46,0.0,76.66,2.03,99.44,13.91,东北_黑龙江,45.75,126.63,NASA POWER API
1534,1534,2024-03-14,1.65,0.04,72.34,3.09,99.32,15.87,东北_黑龙江,45.75,126.63,NASA POWER API
1535,1535,2024-03-15,0.28,0.0,76.21,5.29,100.0,14.27,东北_黑龙江,45.75,126.63,NASA POWER API
1536,1536,2024-03-16,-0.89,5.11,77.5,4.62,99.85,8.27,东北_黑龙江,45.75,126.63,NASA POWER API
1537,1537,2024-03-17,-2.7,0.58,63.05,5.06,100.22,17.85,东北_黑龙江,45.75,126.63,NASA POWER API
1538,1538,2024-03-18,-2.23,0.09,69.32,1.56,100.15,12.08,东北_黑龙江,45.75,126.63,NASA POWER API
1539,1539,2024-03-19,-1.64,0.01,65.75,1.61,100.08,15.76,东北_黑龙江,45.75,126.63,NASA POWER API
1540,1540,2024-03-20,-2.51,0.02,69.73,2.33,100.26,14.91,东北_黑龙江,45.75,126.63,NASA POWER API
1541,1541,2024-03-21,-1.82,0.0,65.88,2.16,100.06,19.48,东北_黑龙江,45.75,126.63,NASA POWER API
1542,1542,2024-03-22,0.98,0.05,72.89,3.65,99.37,14.28,东北_黑龙江,45.75,126.63,NASA POWER API
1543,1543,2024-03-23,2.28,0.76,78.42,3.78,99.62,6.17,东北_黑龙江,45.75,126.63,NASA POWER API
1544,1544,2024-03-24,-0.73,0.0,54.73,3.59,100.85,21.13,东北_黑龙江,45.75,126.63,NASA POWER API
1545,1545,2024-03-25,2.43,0.0,59.14,1.78,100.64,20.14,东北_黑龙江,45.75,126.63,NASA POWER API
1546,1546,2024-03-26,3.16,0.0,59.82,1.29,100.41,20.06,东北_黑龙江,45.75,126.63,NASA POWER API
1547,1547,2024-03-27,5.84,6.01,70.61,5.4,99.41,13.77,东北_黑龙江,45.75,126.63,NASA POWER API
1548,1548,2024-03-28,5.05,0.38,65.15,7.69,97.99,14.85,东北_黑龙江,45.75,126.63,NASA POWER API
1549,1549,2024-03-29,-1.04,0.33,66.76,4.63,97.83,14.31,东北_黑龙江,45.75,126.63,NASA POWER API
1550,1550,2024-03-30,-0.92,0.72,70.5,4.25,98.64,15.85,东北_黑龙江,45.75,126.63,NASA POWER API
1551,1551,2024-03-31,-1.76,0.06,71.43,3.47,99.22,13.64,东北_黑龙江,45.75,126.63,NASA POWER API
1552,1552,2024-04-01,-0.57,0.0,64.97,3.45,99.64,21.58,东北_黑龙江,45.75,126.63,NASA POWER API
1553,1553,2024-04-02,1.77,0.02,67.21,2.28,99.79,16.83,东北_黑龙江,45.75,126.63,NASA POWER API
1554,1554,2024-04-03,2.06,0.01,70.58,2.38,99.79,19.59,东北_黑龙江,45.75,126.63,NASA POWER API
1555,1555,2024-04-04,2.9,0.0,63.98,3.48,100.31,22.63,东北_黑龙江,45.75,126.63,NASA POWER API
1556,1556,2024-04-05,5.89,0.0,55.84,5.32,99.61,20.99,东北_黑龙江,45.75,126.63,NASA POWER API
1557,1557,2024-04-06,6.81,0.17,63.29,5.78,98.95,14.19,东北_黑龙江,45.75,126.63,NASA POWER API
1558,1558,2024-04-07,2.7,0.85,61.1,4.45,99.63,18.3,东北_黑龙江,45.75,126.63,NASA POWER API
1559,1559,2024-04-08,-1.99,0.0,55.55,3.94,100.92,24.72,东北_黑龙江,45.75,126.63,NASA POWER API
1560,1560,2024-04-09,2.27,0.0,50.66,2.82,100.88,24.24,东北_黑龙江,45.75,126.63,NASA POWER API
1561,1561,2024-04-10,6.32,0.0,55.88,3.56,99.99,19.33,东北_黑龙江,45.75,126.63,NASA POWER API
1562,1562,2024-04-11,10.71,0.01,75.82,4.57,99.52,17.43,东北_黑龙江,45.75,126.63,NASA POWER API
1563,1563,2024-04-12,13.35,2.79,76.28,5.77,99.01,14.93,东北_黑龙江,45.75,126.63,NASA POWER API
1564,1564,2024-04-13,14.52,0.36,76.24,3.94,99.37,17.96,东北_黑龙江,45.75,126.63,NASA POWER API
1565,1565,2024-04-14,16.48,0.0,70.32,6.06,99.47,18.04,东北_黑龙江,45.75,126.63,NASA POWER API
1566,1566,2024-04-15,13.54,6.54,81.2,2.48,98.88,9.17,东北_黑龙江,45.75,126.63,NASA POWER API
1567,1567,2024-04-16,10.97,0.78,73.35,3.6,99.02,10.82,东北_黑龙江,45.75,126.63,NASA POWER API
1568,1568,2024-04-17,11.97,0.0,55.11,1.88,99.38,23.85,东北_黑龙江,45.75,126.63,NASA POWER API
1569,1569,2024-04-18,12.18,0.05,60.04,3.64,99.15,17.7,东北_黑龙江,45.75,126.63,NASA POWER API
1570,1570,2024-04-19,6.31,0.0,52.47,3.33,99.88,26.35,东北_黑龙江,45.75,126.63,NASA POWER API
1571,1571,2024-04-20,7.3,0.04,61.64,2.92,99.7,13.38,东北_黑龙江,45.75,126.63,NASA POWER API
1572,1572,2024-04-21,10.75,0.07,73.7,3.08,99.62,22.05,东北_黑龙江,45.75,126.63,NASA POWER API
1573,1573,2024-04-22,14.19,1.12,73.22,4.15,99.4,16.51,东北_黑龙江,45.75,126.63,NASA POWER API
1574,1574,2024-04-23,11.62,1.05,78.49,1.92,99.54,14.25,东北_黑龙江,45.75,126.63,NASA POWER API
1575,1575,2024-04-24,13.51,0.23,76.87,2.89,98.68,14.88,东北_黑龙江,45.75,126.63,NASA POWER API
1576,1576,2024-04-25,12.51,0.1,62.27,5.11,98.36,20.11,东北_黑龙江,45.75,126.63,NASA POWER API
1577,1577,2024-04-26,10.78,0.21,54.22,3.66,99.07,21.18,东北_黑龙江,45.75,126.63,NASA POWER API
1578,1578,2024-04-27,10.48,0.31,60.3,2.93,99.58,17.79,东北_黑龙江,45.75,126.63,NASA POWER API
1579,1579,2024-04-28,6.98,0.03,59.43,2.76,100.33,19.67,东北_黑龙江,45.75,126.63,NASA POWER API
1580,1580,2024-04-29,8.19,0.02,54.82,1.45,99.93,16.0,东北_黑龙江,45.75,126.63,NASA POWER API
1581,1581,2024-04-30,11.1,0.0,55.41,2.93,99.1,21.51,东北_黑龙江,45.75,126.63,NASA POWER API
1582,1582,2024-05-01,14.64,0.0,48.34,4.12,98.99,26.2,东北_黑龙江,45.75,126.63,NASA POWER API
1583,1583,2024-05-02,13.73,0.31,54.71,4.32,99.24,23.84,东北_黑龙江,45.75,126.63,NASA POWER API
1584,1584,2024-05-03,16.01,0.0,51.62,2.19,99.59,25.27,东北_黑龙江,45.75,126.63,NASA POWER API
1585,1585,2024-05-04,17.92,0.0,52.79,5.42,99.12,21.12,东北_黑龙江,45.75,126.63,NASA POWER API
1586,1586,2024-05-05,14.47,0.0,65.72,3.68,99.34,17.35,东北_黑龙江,45.75,126.63,NASA POWER API
1587,1587,2024-05-06,12.97,0.0,62.65,4.51,99.69,18.94,东北_黑龙江,45.75,126.63,NASA POWER API
1588,1588,2024-05-07,13.21,0.0,54.59,2.35,100.24,28.17,东北_黑龙江,45.75,126.63,NASA POWER API
1589,1589,2024-05-08,16.77,0.01,45.51,4.34,99.57,26.8,东北_黑龙江,45.75,126.63,NASA POWER API
1590,1590,2024-05-09,14.47,0.0,48.09,3.6,99.61,27.44,东北_黑龙江,45.75,126.63,NASA POWER API
1591,1591,2024-05-10,13.62,14.4,72.6,5.48,98.8,3.47,东北_黑龙江,45.75,126.63,NASA POWER API
1592,1592,2024-05-11,12.43,7.12,63.91,6.94,97.99,15.32,东北_黑龙江,45.75,126.63,NASA POWER API
1593,1593,2024-05-12,10.5,0.59,69.47,3.98,98.93,14.49,东北_黑龙江,45.75,126.63,NASA POWER API
1594,1594,2024-05-13,14.42,1.04,62.31,3.21,98.78,19.86,东北_黑龙江,45.75,126.63,NASA POWER API
1595,1595,2024-05-14,12.49,0.91,67.43,4.14,99.15,12.82,东北_黑龙江,45.75,126.63,NASA POWER API
1596,1596,2024-05-15,10.0,0.1,57.59,2.18,99.94,25.61,东北_黑龙江,45.75,126.63,NASA POWER API
1597,1597,2024-05-16,13.63,0.0,48.02,1.09,99.37,28.98,东北_黑龙江,45.75,126.63,NASA POWER API
1598,1598,2024-05-17,17.91,0.0,48.69,4.01,98.79,27.62,东北_黑龙江,45.75,126.63,NASA POWER API
1599,1599,2024-05-18,15.33,1.2,53.91,4.41,99.5,18.95,东北_黑龙江,45.75,126.63,NASA POWER API
1600,1600,2024-05-19,11.82,1.74,68.01,1.88,100.14,9.54,东北_黑龙江,45.75,126.63,NASA POWER API
1601,1601,2024-05-20,13.11,0.21,61.76,1.42,100.08,26.96,东北_黑龙江,45.75,126.63,NASA POWER API
1602,1602,2024-05-21,17.32,0.54,55.76,4.89,99.47,21.95,东北_黑龙江,45.75,126.63,NASA POWER API
1603,1603,2024-05-22,17.94,0.46,59.65,5.26,98.73,15.68,东北_黑龙江,45.75,126.63,NASA POWER API
1604,1604,2024-05-23,13.04,0.07,59.15,4.16,99.43,26.52,东北_黑龙江,45.75,126.63,NASA POWER API
1605,1605,2024-05-24,13.47,0.2,64.28,2.31,99.98,23.43,东北_黑龙江,45.75,126.63,NASA POWER API
1606,1606,2024-05-25,16.32,0.64,57.81,1.22,99.82,21.23,东北_黑龙江,45.75,126.63,NASA POWER API
1607,1607,2024-05-26,12.29,35.76,85.93,5.41,98.31,4.55,东北_黑龙江,45.75,126.63,NASA POWER API
1608,1608,2024-05-27,14.05,7.29,75.07,4.39,98.41,16.09,东北_黑龙江,45.75,126.63,NASA POWER API
1609,1609,2024-05-28,12.93,5.69,80.65,2.25,98.91,16.21,东北_黑龙江,45.75,126.63,NASA POWER API
1610,1610,2024-05-29,13.2,0.76,74.32,2.31,99.23,18.78,东北_黑龙江,45.75,126.63,NASA POWER API
1611,1611,2024-05-30,10.52,9.9,86.54,5.25,99.12,3.87,东北_黑龙江,45.75,126.63,NASA POWER API
1612,1612,2024-05-31,10.65,9.18,85.15,3.75,99.25,7.67,东北_黑龙江,45.75,126.63,NASA POWER API
1613,1613,2024-06-01,12.93,2.96,83.55,1.67,99.48,10.32,东北_黑龙江,45.75,126.63,NASA POWER API
1614,1614,2024-06-02,16.98,0.12,73.88,0.63,99.57,20.47,东北_黑龙江,45.75,126.63,NASA POWER API
1615,1615,2024-06-03,18.71,1.31,73.49,1.97,99.56,24.6,东北_黑龙江,45.75,126.63,NASA POWER API
1616,1616,2024-06-04,15.95,1.58,77.92,2.66,99.82,20.96,东北_黑龙江,45.75,126.63,NASA POWER API
1617,1617,2024-06-05,18.38,6.74,82.37,3.84,99.45,15.63,东北_黑龙江,45.75,126.63,NASA POWER API
1618,1618,2024-06-06,19.56,2.14,80.69,3.7,99.32,13.17,东北_黑龙江,45.75,126.63,NASA POWER API
1619,1619,2024-06-07,21.39,7.8,72.26,4.71,98.82,20.73,东北_黑龙江,45.75,126.63,NASA POWER API
1620,1620,2024-06-08,18.48,10.87,80.29,3.09,98.67,15.33,东北_黑龙江,45.75,126.63,NASA POWER API
1621,1621,2024-06-09,17.46,4.04,76.26,1.74,98.7,22.14,东北_黑龙江,45.75,126.63,NASA POWER API
1622,1622,2024-06-10,20.3,0.93,66.22,2.55,98.63,24.88,东北_黑龙江,45.75,126.63,NASA POWER API
1623,1623,2024-06-11,20.75,10.69,79.29,2.63,98.27,17.24,东北_黑龙江,45.75,126.63,NASA POWER API
1624,1624,2024-06-12,19.83,1.4,75.59,2.47,98.63,22.07,东北_黑龙江,45.75,126.63,NASA POWER API
1625,1625,2024-06-13,18.49,34.81,86.92,3.82,98.45,12.06,东北_黑龙江,45.75,126.63,NASA POWER API
1626,1626,2024-06-14,19.68,15.05,83.57,2.66,98.26,16.87,东北_黑龙江,45.75,126.63,NASA POWER API
1627,1627,2024-06-15,15.67,5.13,83.67,2.55,98.44,10.99,东北_黑龙江,45.75,126.63,NASA POWER API
1628,1628,2024-06-16,18.68,2.99,73.51,2.27,98.29,25.76,东北_黑龙江,45.75,126.63,NASA POWER API
1629,1629,2024-06-17,18.05,0.88,70.54,4.05,98.31,26.14,东北_黑龙江,45.75,126.63,NASA POWER API
1630,1630,2024-06-18,19.59,0.04,70.56,0.97,98.83,28.92,东北_黑龙江,45.75,126.63,NASA POWER API
1631,1631,2024-06-19,22.74,0.91,76.35,3.14,98.4,20.59,东北_黑龙江,45.75,126.63,NASA POWER API
1632,1632,2024-06-20,20.97,8.4,85.84,2.76,98.53,9.49,东北_黑龙江,45.75,126.63,NASA POWER API
1633,1633,2024-06-21,17.19,21.54,87.0,5.04,98.65,8.68,东北_黑龙江,45.75,126.63,NASA POWER API
1634,1634,2024-06-22,15.46,37.25,92.19,5.1,98.26,6.38,东北_黑龙江,45.75,126.63,NASA POWER API
1635,1635,2024-06-23,14.96,7.58,86.6,4.14,98.53,4.63,东北_黑龙江,45.75,126.63,NASA POWER API
1636,1636,2024-06-24,14.86,11.41,88.33,2.67,98.79,10.16,东北_黑龙江,45.75,126.63,NASA POWER API
1637,1637,2024-06-25,19.7,1.09,75.02,1.5,99.08,25.87,东北_黑龙江,45.75,126.63,NASA POWER API
1638,1638,2024-06-26,20.98,4.07,81.7,1.81,99.31,21.15,东北_黑龙江,45.75,126.63,NASA POWER API
1639,1639,2024-06-27,21.03,3.64,85.81,1.99,99.01,26.09,东北_黑龙江,45.75,126.63,NASA POWER API
1640,1640,2024-06-28,23.6,0.2,75.88,4.1,98.53,24.02,东北_黑龙江,45.75,126.63,NASA POWER API
1641,1641,2024-06-29,23.45,8.14,79.25,3.57,98.22,19.44,东北_黑龙江,45.75,126.63,NASA POWER API
1642,1642,2024-06-30,19.83,9.63,83.37,2.92,98.35,11.97,东北_黑龙江,45.75,126.63,NASA POWER API
1643,1643,2024-07-01,20.19,0.0,60.9,1.98,99.06,28.41,东北_黑龙江,45.75,126.63,NASA POWER API
1644,1644,2024-07-02,21.86,0.0,66.54,1.31,99.23,27.26,东北_黑龙江,45.75,126.63,NASA POWER API
1645,1645,2024-07-03,20.91,8.95,81.11,4.17,98.51,7.5,东北_黑龙江,45.75,126.63,NASA POWER API
1646,1646,2024-07-04,21.95,0.75,83.01,1.45,98.41,12.85,东北_黑龙江,45.75,126.63,NASA POWER API
1647,1647,2024-07-05,21.47,6.45,90.95,1.76,98.23,10.67,东北_黑龙江,45.75,126.63,NASA POWER API
1648,1648,2024-07-06,23.97,0.39,84.17,0.99,98.35,15.0,东北_黑龙江,45.75,126.63,NASA POWER API
1649,1649,2024-07-07,24.76,4.77,85.2,1.51,98.34,10.16,东北_黑龙江,45.75,126.63,NASA POWER API
1650,1650,2024-07-08,21.35,0.47,73.91,3.92,98.88,24.57,东北_黑龙江,45.75,126.63,NASA POWER API
1651,1651,2024-07-09,20.78,0.37,72.73,1.84,98.95,25.96,东北_黑龙江,45.75,126.63,NASA POWER API
1652,1652,2024-07-10,21.19,0.02,77.25,1.74,98.65,18.29,东北_黑龙江,45.75,126.63,NASA POWER API
1653,1653,2024-07-11,21.11,0.0,76.96,1.91,98.51,15.83,东北_黑龙江,45.75,126.63,NASA POWER API
1654,1654,2024-07-12,21.39,0.01,78.74,1.58,98.7,12.3,东北_黑龙江,45.75,126.63,NASA POWER API
1655,1655,2024-07-13,22.61,0.01,78.23,1.46,99.13,19.16,东北_黑龙江,45.75,126.63,NASA POWER API
1656,1656,2024-07-14,23.8,0.03,80.43,1.32,99.49,17.44,东北_黑龙江,45.75,126.63,NASA POWER API
1657,1657,2024-07-15,25.6,0.03,81.57,2.26,99.41,20.1,东北_黑龙江,45.75,126.63,NASA POWER API
1658,1658,2024-07-16,25.99,0.1,80.27,3.39,99.05,25.29,东北_黑龙江,45.75,126.63,NASA POWER API
1659,1659,2024-07-17,24.2,19.11,88.64,4.05,98.31,13.75,东北_黑龙江,45.75,126.63,NASA POWER API
1660,1660,2024-07-18,23.74,0.48,81.51,3.41,97.99,19.75,东北_黑龙江,45.75,126.63,NASA POWER API
1661,1661,2024-07-19,24.22,3.29,79.31,3.79,97.93,24.36,东北_黑龙江,45.75,126.63,NASA POWER API
1662,1662,2024-07-20,24.23,4.42,88.85,3.36,98.33,18.52,东北_黑龙江,45.75,126.63,NASA POWER API
1663,1663,2024-07-21,24.9,5.09,84.07,1.94,98.31,17.9,东北_黑龙江,45.75,126.63,NASA POWER API
1664,1664,2024-07-22,24.78,0.54,78.07,1.0,98.46,16.77,东北_黑龙江,45.75,126.63,NASA POWER API
1665,1665,2024-07-23,23.78,10.58,80.46,0.82,98.42,9.68,东北_黑龙江,45.75,126.63,NASA POWER API
1666,1666,2024-07-24,22.95,2.66,86.55,1.74,98.72,16.79,东北_黑龙江,45.75,126.63,NASA POWER API
1667,1667,2024-07-25,24.46,0.22,82.38,2.7,98.86,25.42,东北_黑龙江,45.75,126.63,NASA POWER API
1668,1668,2024-07-26,23.18,23.35,93.33,3.46,99.03,5.72,东北_黑龙江,45.75,126.63,NASA POWER API
1669,1669,2024-07-27,25.8,4.97,87.94,2.99,99.12,12.78,东北_黑龙江,45.75,126.63,NASA POWER API
1670,1670,2024-07-28,25.8,5.16,84.83,1.58,98.69,14.86,东北_黑龙江,45.75,126.63,NASA POWER API
1671,1671,2024-07-29,24.04,1.91,80.98,2.08,98.55,21.99,东北_黑龙江,45.75,126.63,NASA POWER API
1672,1672,2024-07-30,24.92,1.47,79.21,1.1,98.68,24.01,东北_黑龙江,45.75,126.63,NASA POWER API
1673,1673,2024-07-31,22.82,59.28,92.39,2.62,98.16,5.03,东北_黑龙江,45.75,126.63,NASA POWER API
1674,1674,2024-08-01,24.03,4.83,89.96,1.88,98.03,9.99,东北_黑龙江,45.75,126.63,NASA POWER API
1675,1675,2024-08-02,22.69,3.35,91.73,2.91,98.63,9.75,东北_黑龙江,45.75,126.63,NASA POWER API
1676,1676,2024-08-03,23.14,0.04,81.82,1.9,99.15,16.33,东北_黑龙江,45.75,126.63,NASA POWER API
1677,1677,2024-08-04,25.45,20.39,87.15,3.45,98.95,15.82,东北_黑龙江,45.75,126.63,NASA POWER API
1678,1678,2024-08-05,26.39,6.24,87.22,3.5,98.64,8.41,东北_黑龙江,45.75,126.63,NASA POWER API
1679,1679,2024-08-06,26.04,1.54,84.5,2.49,98.78,21.03,东北_黑龙江,45.75,126.63,NASA POWER API
1680,1680,2024-08-07,25.86,2.06,76.94,1.34,98.83,23.89,东北_黑龙江,45.75,126.63,NASA POWER API
1681,1681,2024-08-08,24.41,7.8,81.51,1.58,98.7,20.79,东北_黑龙江,45.75,126.63,NASA POWER API
1682,1682,2024-08-09,24.88,0.65,76.46,1.83,98.79,22.25,东北_黑龙江,45.75,126.63,NASA POWER API
1683,1683,2024-08-10,23.84,18.74,89.72,2.78,98.75,8.49,东北_黑龙江,45.75,126.63,NASA POWER API
1684,1684,2024-08-11,25.27,12.82,87.68,3.24,98.22,9.26,东北_黑龙江,45.75,126.63,NASA POWER API
1685,1685,2024-08-12,22.92,1.43,88.59,2.06,98.84,11.65,东北_黑龙江,45.75,126.63,NASA POWER API
1686,1686,2024-08-13,23.09,0.01,80.9,1.82,99.51,23.18,东北_黑龙江,45.75,126.63,NASA POWER API
1687,1687,2024-08-14,23.86,0.0,78.92,1.34,99.56,21.96,东北_黑龙江,45.75,126.63,NASA POWER API
1688,1688,2024-08-15,25.37,0.2,78.15,0.83,99.34,20.38,东北_黑龙江,45.75,126.63,NASA POWER API
1689,1689,2024-08-16,25.28,0.55,77.82,0.86,99.42,21.26,东北_黑龙江,45.75,126.63,NASA POWER API
1690,1690,2024-08-17,24.85,0.04,79.07,0.95,99.58,18.66,东北_黑龙江,45.75,126.63,NASA POWER API
1691,1691,2024-08-18,23.37,3.24,82.76,1.24,99.41,16.76,东北_黑龙江,45.75,126.63,NASA POWER API
1692,1692,2024-08-19,20.51,7.0,90.72,4.36,99.58,4.9,东北_黑龙江,45.75,126.63,NASA POWER API
1693,1693,2024-08-20,20.55,1.33,87.11,3.95,99.85,15.11,东北_黑龙江,45.75,126.63,NASA POWER API
1694,1694,2024-08-21,23.95,6.81,89.65,2.38,99.1,9.95,东北_黑龙江,45.75,126.63,NASA POWER API
1695,1695,2024-08-22,22.48,2.32,89.24,2.41,98.6,7.24,东北_黑龙江,45.75,126.63,NASA POWER API
1696,1696,2024-08-23,20.3,0.03,79.81,2.38,99.13,20.7,东北_黑龙江,45.75,126.63,NASA POWER API
1697,1697,2024-08-24,21.36,0.23,80.68,1.41,99.45,16.4,东北_黑龙江,45.75,126.63,NASA POWER API
1698,1698,2024-08-25,21.04,8.31,84.09,2.93,99.08,16.6,东北_黑龙江,45.75,126.63,NASA POWER API
1699,1699,2024-08-26,19.88,1.12,83.22,2.94,98.99,20.54,东北_黑龙江,45.75,126.63,NASA POWER API
1700,1700,2024-08-27,20.1,0.02,78.33,1.59,99.44,21.02,东北_黑龙江,45.75,126.63,NASA POWER API
1701,1701,2024-08-28,21.48,0.02,81.13,2.64,99.44,18.72,东北_黑龙江,45.75,126.63,NASA POWER API
1702,1702,2024-08-29,22.71,1.66,83.33,2.58,99.15,20.08,东北_黑龙江,45.75,126.63,NASA POWER API
1703,1703,2024-08-30,20.27,16.62,89.07,2.62,98.79,9.22,东北_黑龙江,45.75,126.63,NASA POWER API
1704,1704,2024-08-31,18.62,0.44,76.48,2.01,99.07,20.92,东北_黑龙江,45.75,126.63,NASA POWER API
1705,1705,2024-09-01,16.21,14.4,85.98,2.98,98.89,5.07,东北_黑龙江,45.75,126.63,NASA POWER API
1706,1706,2024-09-02,17.41,0.09,79.76,2.61,99.7,22.92,东北_黑龙江,45.75,126.63,NASA POWER API
1707,1707,2024-09-03,18.65,0.0,78.28,2.72,99.59,22.63,东北_黑龙江,45.75,126.63,NASA POWER API
1708,1708,2024-09-04,18.59,8.95,90.52,3.0,98.82,3.42,东北_黑龙江,45.75,126.63,NASA POWER API
1709,1709,2024-09-05,16.56,0.33,75.88,3.16,99.17,20.34,东北_黑龙江,45.75,126.63,NASA POWER API
1710,1710,2024-09-06,17.39,0.5,77.37,3.88,99.43,20.14,东北_黑龙江,45.75,126.63,NASA POWER API
1711,1711,2024-09-07,19.64,0.08,78.49,3.3,99.5,20.98,东北_黑龙江,45.75,126.63,NASA POWER API
1712,1712,2024-09-08,20.28,0.01,79.24,3.13,99.64,21.37,东北_黑龙江,45.75,126.63,NASA POWER API
1713,1713,2024-09-09,20.64,5.94,84.99,4.26,99.25,14.06,东北_黑龙江,45.75,126.63,NASA POWER API
1714,1714,2024-09-10,17.33,0.04,68.24,3.93,99.62,20.72,东北_黑龙江,45.75,126.63,NASA POWER API
1715,1715,2024-09-11,16.9,0.03,71.38,2.6,100.2,17.43,东北_黑龙江,45.75,126.63,NASA POWER API
1716,1716,2024-09-12,17.77,0.01,78.37,2.83,99.92,18.89,东北_黑龙江,45.75,126.63,NASA POWER API
1717,1717,2024-09-13,12.75,0.46,67.6,3.34,100.06,15.29,东北_黑龙江,45.75,126.63,NASA POWER API
1718,1718,2024-09-14,12.3,0.18,66.24,1.5,99.66,11.67,东北_黑龙江,45.75,126.63,NASA POWER API
1719,1719,2024-09-15,13.17,0.11,69.7,2.71,99.96,20.75,东北_黑龙江,45.75,126.63,NASA POWER API
1720,1720,2024-09-16,15.31,0.0,76.96,3.53,99.61,11.97,东北_黑龙江,45.75,126.63,NASA POWER API
1721,1721,2024-09-17,15.71,0.01,74.06,1.76,99.98,15.79,东北_黑龙江,45.75,126.63,NASA POWER API
1722,1722,2024-09-18,16.13,0.0,70.5,2.45,99.84,19.65,东北_黑龙江,45.75,126.63,NASA POWER API
1723,1723,2024-09-19,13.51,1.05,78.37,4.4,99.82,15.36,东北_黑龙江,45.75,126.63,NASA POWER API
1724,1724,2024-09-20,8.54,0.0,79.32,1.31,100.61,9.77,东北_黑龙江,45.75,126.63,NASA POWER API
1725,1725,2024-09-21,10.58,0.0,63.68,1.59,100.43,19.0,东北_黑龙江,45.75,126.63,NASA POWER API
1726,1726,2024-09-22,11.54,0.0,60.76,1.4,100.36,19.46,东北_黑龙江,45.75,126.63,NASA POWER API
1727,1727,2024-09-23,11.56,0.0,73.83,2.55,100.21,14.75,东北_黑龙江,45.75,126.63,NASA POWER API
1728,1728,2024-09-24,13.51,3.44,82.2,3.08,99.69,15.0,东北_黑龙江,45.75,126.63,NASA POWER API
1729,1729,2024-09-25,13.79,5.57,86.1,2.91,99.56,6.11,东北_黑龙江,45.75,126.63,NASA POWER API
1730,1730,2024-09-26,12.65,0.15,76.97,1.48,100.14,17.17,东北_黑龙江,45.75,126.63,NASA POWER API
1731,1731,2024-09-27,13.0,0.0,72.2,1.36,100.3,18.13,东北_黑龙江,45.75,126.63,NASA POWER API
1732,1732,2024-09-28,13.76,0.01,78.67,2.25,100.29,17.6,东北_黑龙江,45.75,126.63,NASA POWER API
1733,1733,2024-09-29,18.27,0.01,78.84,4.84,99.86,10.96,东北_黑龙江,45.75,126.63,NASA POWER API
1734,1734,2024-09-30,10.04,0.29,74.23,3.93,99.8,5.17,东北_黑龙江,45.75,126.63,NASA POWER API
1735,1735,2024-10-01,7.79,0.01,64.5,1.81,99.61,12.46,东北_黑龙江,45.75,126.63,NASA POWER API
1736,1736,2024-10-02,7.02,0.0,69.85,2.69,99.86,16.74,东北_黑龙江,45.75,126.63,NASA POWER API
1737,1737,2024-10-03,10.89,0.0,71.69,4.2,100.31,16.74,东北_黑龙江,45.75,126.63,NASA POWER API
1738,1738,2024-10-04,12.1,0.0,74.26,4.31,100.29,16.1,东北_黑龙江,45.75,126.63,NASA POWER API
1739,1739,2024-10-05,12.1,0.01,81.89,3.63,100.35,11.84,东北_黑龙江,45.75,126.63,NASA POWER API
1740,1740,2024-10-06,7.63,0.01,72.26,2.31,100.83,7.47,东北_黑龙江,45.75,126.63,NASA POWER API
1741,1741,2024-10-07,7.64,0.0,59.98,1.79,100.43,14.76,东北_黑龙江,45.75,126.63,NASA POWER API
1742,1742,2024-10-08,8.84,0.0,67.76,2.15,100.14,15.33,东北_黑龙江,45.75,126.63,NASA POWER API
1743,1743,2024-10-09,9.83,0.01,71.77,3.06,99.88,14.91,东北_黑龙江,45.75,126.63,NASA POWER API
1744,1744,2024-10-10,7.73,8.88,75.72,3.9,99.46,4.79,东北_黑龙江,45.75,126.63,NASA POWER API
1745,1745,2024-10-11,7.66,0.0,69.21,3.72,99.62,14.34,东北_黑龙江,45.75,126.63,NASA POWER API
1746,1746,2024-10-12,6.77,0.0,63.63,1.97,100.66,15.06,东北_黑龙江,45.75,126.63,NASA POWER API
1747,1747,2024-10-13,10.93,0.0,73.05,3.52,100.41,12.71,东北_黑龙江,45.75,126.63,NASA POWER API
1748,1748,2024-10-14,15.19,7.09,79.5,6.22,99.47,5.8,东北_黑龙江,45.75,126.63,NASA POWER API
1749,1749,2024-10-15,3.19,0.76,63.8,3.36,100.39,10.47,东北_黑龙江,45.75,126.63,NASA POWER API
1750,1750,2024-10-16,3.9,0.01,66.79,2.84,100.65,11.19,东北_黑龙江,45.75,126.63,NASA POWER API
1751,1751,2024-10-17,7.84,0.44,77.3,1.13,100.46,11.24,东北_黑龙江,45.75,126.63,NASA POWER API
1752,1752,2024-10-18,4.89,1.44,59.28,4.69,100.41,10.85,东北_黑龙江,45.75,126.63,NASA POWER API
1753,1753,2024-10-19,-2.46,0.25,60.26,4.21,101.65,14.73,东北_黑龙江,45.75,126.63,NASA POWER API
1754,1754,2024-10-20,0.76,0.0,62.84,3.66,101.38,13.85,东北_黑龙江,45.75,126.63,NASA POWER API
1755,1755,2024-10-21,7.89,1.92,73.19,6.72,99.82,6.22,东北_黑龙江,45.75,126.63,NASA POWER API
1756,1756,2024-10-22,2.53,0.25,83.79,1.9,100.54,8.4,东北_黑龙江,45.75,126.63,NASA POWER API
1757,1757,2024-10-23,1.71,0.06,78.55,2.11,100.0,7.36,东北_黑龙江,45.75,126.63,NASA POWER API
1758,1758,2024-10-24,3.91,0.0,79.97,1.89,100.31,10.97,东北_黑龙江,45.75,126.63,NASA POWER API
1759,1759,2024-10-25,4.84,0.0,72.79,3.7,100.78,9.05,东北_黑龙江,45.75,126.63,NASA POWER API
1760,1760,2024-10-26,2.52,4.39,76.76,2.83,101.04,5.37,东北_黑龙江,45.75,126.63,NASA POWER API
1761,1761,2024-10-27,2.39,1.24,80.84,2.85,100.23,6.84,东北_黑龙江,45.75,126.63,NASA POWER API
1762,1762,2024-10-28,2.51,0.34,83.16,2.35,100.16,11.98,东北_黑龙江,45.75,126.63,NASA POWER API
1763,1763,2024-10-29,5.27,1.22,84.57,2.29,100.03,10.14,东北_黑龙江,45.75,126.63,NASA POWER API
1764,1764,2024-10-30,3.86,0.17,93.64,2.17,100.5,5.28,东北_黑龙江,45.75,126.63,NASA POWER API
1765,1765,2024-10-31,6.91,0.07,87.07,3.34,100.24,6.86,东北_黑龙江,45.75,126.63,NASA POWER API
1766,1766,2024-11-01,4.14,0.05,87.02,2.31,100.56,7.74,东北_黑龙江,45.75,126.63,NASA POWER API
1767,1767,2024-11-02,2.28,0.06,79.81,1.39,100.87,10.13,东北_黑龙江,45.75,126.63,NASA POWER API
1768,1768,2024-11-03,1.67,1.25,87.54,2.49,100.2,3.8,东北_黑龙江,45.75,126.63,NASA POWER API
1769,1769,2024-11-04,-1.13,0.05,73.18,3.56,100.6,9.53,东北_黑龙江,45.75,126.63,NASA POWER API
1770,1770,2024-11-05,-2.68,0.25,77.93,3.15,100.73,5.88,东北_黑龙江,45.75,126.63,NASA POWER API
1771,1771,2024-11-06,-3.9,0.03,72.87,1.92,101.27,6.89,东北_黑龙江,45.75,126.63,NASA POWER API
1772,1772,2024-11-07,-3.68,0.0,68.05,1.67,101.54,9.01,东北_黑龙江,45.75,126.63,NASA POWER API
1773,1773,2024-11-08,-1.42,0.0,77.82,1.59,101.16,6.44,东北_黑龙江,45.75,126.63,NASA POWER API
1774,1774,2024-11-09,3.78,0.15,97.78,3.75,100.37,3.63,东北_黑龙江,45.75,126.63,NASA POWER API
1775,1775,2024-11-10,3.18,1.06,80.89,4.56,100.11,8.26,东北_黑龙江,45.75,126.63,NASA POWER API
1776,1776,2024-11-11,-0.47,0.81,75.96,3.21,100.18,7.6,东北_黑龙江,45.75,126.63,NASA POWER API
1777,1777,2024-11-12,-1.52,0.04,81.58,2.55,100.52,8.07,东北_黑龙江,45.75,126.63,NASA POWER API
1778,1778,2024-11-13,0.56,0.0,78.4,3.23,100.38,8.42,东北_黑龙江,45.75,126.63,NASA POWER API
1779,1779,2024-11-14,2.1,0.07,98.8,1.91,99.98,2.46,东北_黑龙江,45.75,126.63,NASA POWER API
1780,1780,2024-11-15,1.13,0.09,90.87,2.62,100.27,4.8,东北_黑龙江,45.75,126.63,NASA POWER API
1781,1781,2024-11-16,-1.47,0.7,74.86,4.07,100.07,4.01,东北_黑龙江,45.75,126.63,NASA POWER API
1782,1782,2024-11-17,-7.48,0.19,58.9,4.85,100.89,9.03,东北_黑龙江,45.75,126.63,NASA POWER API
1783,1783,2024-11-18,-11.25,0.0,67.36,3.29,101.93,9.54,东北_黑龙江,45.75,126.63,NASA POWER API
1784,1784,2024-11-19,-6.9,0.0,72.1,3.23,100.85,7.41,东北_黑龙江,45.75,126.63,NASA POWER API
1785,1785,2024-11-20,-3.83,0.0,83.66,2.79,100.15,7.71,东北_黑龙江,45.75,126.63,NASA POWER API
1786,1786,2024-11-21,-2.66,0.49,87.57,3.2,100.03,4.28,东北_黑龙江,45.75,126.63,NASA POWER API
1787,1787,2024-11-22,-7.38,0.0,79.01,3.04,101.34,7.68,东北_黑龙江,45.75,126.63,NASA POWER API
1788,1788,2024-11-23,-6.61,0.08,71.98,1.26,101.58,8.01,东北_黑龙江,45.75,126.63,NASA POWER API
1789,1789,2024-11-24,-5.1,0.0,72.56,2.05,101.21,6.51,东北_黑龙江,45.75,126.63,NASA POWER API
1790,1790,2024-11-25,0.8,5.79,96.22,3.87,100.42,2.52,东北_黑龙江,45.75,126.63,NASA POWER API
1791,1791,2024-11-26,-2.13,12.9,89.09,4.19,98.61,1.73,东北_黑龙江,45.75,126.63,NASA POWER API
1792,1792,2024-11-27,-10.88,0.93,83.66,4.18,98.42,3.88,东北_黑龙江,45.75,126.63,NASA POWER API
1793,1793,2024-11-28,-9.55,3.65,86.19,3.7,98.48,4.4,东北_黑龙江,45.75,126.63,NASA POWER API
1794,1794,2024-11-29,-10.53,0.58,89.86,3.46,98.71,2.93,东北_黑龙江,45.75,126.63,NASA POWER API
1795,1795,2024-11-30,-13.09,0.01,93.33,2.5,99.25,6.79,东北_黑龙江,45.75,126.63,NASA POWER API
1796,1796,2024-12-01,-9.23,1.73,92.92,4.09,99.24,1.38,东北_黑龙江,45.75,126.63,NASA POWER API
1797,1797,2024-12-02,-15.75,0.09,79.99,4.17,99.88,6.74,东北_黑龙江,45.75,126.63,NASA POWER API
1798,1798,2024-12-03,-18.76,0.06,85.81,3.36,99.93,5.73,东北_黑龙江,45.75,126.63,NASA POWER API
1799,1799,2024-12-04,-14.81,0.71,89.34,3.83,99.39,5.05,东北_黑龙江,45.75,126.63,NASA POWER API
1800,1800,2024-12-05,-14.44,0.24,90.8,2.64,99.24,4.22,东北_黑龙江,45.75,126.63,NASA POWER API
1801,1801,2024-12-06,-16.92,0.1,91.62,2.98,100.33,4.44,东北_黑龙江,45.75,126.63,NASA POWER API
1802,1802,2024-12-07,-17.11,0.01,91.2,2.91,100.4,4.02,东北_黑龙江,45.75,126.63,NASA POWER API
1803,1803,2024-12-08,-15.9,0.0,89.77,1.93,100.71,7.61,东北_黑龙江,45.75,126.63,NASA POWER API
1804,1804,2024-12-09,-12.59,0.01,94.32,1.78,100.57,5.39,东北_黑龙江,45.75,126.63,NASA POWER API
1805,1805,2024-12-10,-13.85,0.03,94.25,2.79,100.69,6.36,东北_黑龙江,45.75,126.63,NASA POWER API
1806,1806,2024-12-11,-17.16,0.0,92.04,1.93,101.02,7.42,东北_黑龙江,45.75,126.63,NASA POWER API
1807,1807,2024-12-12,-17.55,0.01,92.23,2.33,100.77,7.33,东北_黑龙江,45.75,126.63,NASA POWER API
1808,1808,2024-12-13,-20.38,0.0,94.07,1.98,100.74,7.42,东北_黑龙江,45.75,126.63,NASA POWER API
1809,1809,2024-12-14,-15.35,0.16,90.98,3.31,99.94,5.44,东北_黑龙江,45.75,126.63,NASA POWER API
1810,1810,2024-12-15,-17.49,0.03,93.14,3.05,99.75,6.33,东北_黑龙江,45.75,126.63,NASA POWER API
1811,1811,2024-12-16,-19.62,0.01,88.58,2.21,100.17,7.27,东北_黑龙江,45.75,126.63,NASA POWER API
1812,1812,2024-12-17,-19.99,0.0,89.93,2.21,101.05,6.63,东北_黑龙江,45.75,126.63,NASA POWER API
1813,1813,2024-12-18,-21.03,0.0,92.9,2.15,101.51,7.31,东北_黑龙江,45.75,126.63,NASA POWER API
1814,1814,2024-12-19,-16.26,0.0,94.24,2.02,101.17,4.11,东北_黑龙江,45.75,126.63,NASA POWER API
1815,1815,2024-12-20,-21.21,0.0,91.16,1.88,100.76,6.27,东北_黑龙江,45.75,126.63,NASA POWER API
1816,1816,2024-12-21,-18.85,0.02,90.65,2.32,100.49,5.98,东北_黑龙江,45.75,126.63,NASA POWER API
1817,1817,2024-12-22,-16.1,0.01,93.63,2.22,100.44,6.53,东北_黑龙江,45.75,126.63,NASA POWER API
1818,1818,2024-12-23,-20.53,0.0,92.7,1.93,100.86,6.7,东北_黑龙江,45.75,126.63,NASA POWER API
1819,1819,2024-12-24,-15.43,0.0,94.87,3.08,100.61,7.09,东北_黑龙江,45.75,126.63,NASA POWER API
1820,1820,2024-12-25,-12.57,0.17,92.48,4.25,99.87,5.55,东北_黑龙江,45.75,126.63,NASA POWER API
1821,1821,2024-12-26,-21.53,0.01,91.76,2.99,100.49,5.7,东北_黑龙江,45.75,126.63,NASA POWER API
1822,1822,2024-12-27,-19.7,0.0,93.17,2.47,100.33,7.06,东北_黑龙江,45.75,126.63,NASA POWER API
1823,1823,2024-12-28,-18.5,0.06,94.23,2.46,100.12,5.66,东北_黑龙江,45.75,126.63,NASA POWER API
1824,1824,2024-12-29,-15.87,0.04,91.54,2.71,100.26,7.0,东北_黑龙江,45.75,126.63,NASA POWER API
1825,1825,2024-12-30,-10.2,0.78,97.46,2.42,99.56,4.98,东北_黑龙江,45.75,126.63,NASA POWER API
1826,1826,2024-12-31,-14.7,0.04,94.24,2.14,99.9,5.91,东北_黑龙江,45.75,126.63,NASA POWER API
1827,1827,2025-01-01,-15.94,0.02,96.71,1.69,100.14,6.4,东北_黑龙江,45.75,126.63,NASA POWER API
1828,1828,2025-01-02,-19.97,0.01,95.39,1.31,100.53,7.17,东北_黑龙江,45.75,126.63,NASA POWER API
1829,1829,2025-01-03,-19.05,0.01,95.56,1.69,100.47,7.61,东北_黑龙江,45.75,126.63,NASA POWER API
1830,1830,2025-01-04,-19.7,0.0,94.34,1.35,100.62,7.3,东北_黑龙江,45.75,126.63,NASA POWER API
1831,1831,2025-01-05,-22.41,0.01,90.06,2.08,100.46,6.26,东北_黑龙江,45.75,126.63,NASA POWER API
1832,1832,2025-01-06,-22.36,0.01,90.08,2.2,100.18,7.66,东北_黑龙江,45.75,126.63,NASA POWER API
1833,1833,2025-01-07,-19.63,0.34,91.06,2.73,99.91,5.73,东北_黑龙江,45.75,126.63,NASA POWER API
1834,1834,2025-01-08,-30.99,0.02,93.59,2.07,100.73,7.96,东北_黑龙江,45.75,126.63,NASA POWER API
1835,1835,2025-01-09,-20.84,0.87,96.35,2.85,100.93,5.99,东北_黑龙江,45.75,126.63,NASA POWER API
1836,1836,2025-01-10,-21.41,0.01,94.89,1.54,101.49,7.85,东北_黑龙江,45.75,126.63,NASA POWER API
1837,1837,2025-01-11,-19.39,0.01,91.97,1.2,101.26,8.08,东北_黑龙江,45.75,126.63,NASA POWER API
1838,1838,2025-01-12,-18.61,0.01,96.26,1.62,100.7,7.92,东北_黑龙江,45.75,126.63,NASA POWER API
1839,1839,2025-01-13,-15.51,0.3,96.2,2.91,100.13,6.03,东北_黑龙江,45.75,126.63,NASA POWER API
1840,1840,2025-01-14,-20.0,0.04,92.09,2.45,100.56,7.77,东北_黑龙江,45.75,126.63,NASA POWER API
1841,1841,2025-01-15,-17.78,0.31,89.62,3.28,100.33,8.32,东北_黑龙江,45.75,126.63,NASA POWER API
1842,1842,2025-01-16,-17.96,0.06,92.89,2.97,100.38,8.46,东北_黑龙江,45.75,126.63,NASA POWER API
1843,1843,2025-01-17,-14.14,0.04,96.25,2.44,100.29,7.37,东北_黑龙江,45.75,126.63,NASA POWER API
1844,1844,2025-01-18,-9.64,0.01,96.25,3.2,99.75,6.78,东北_黑龙江,45.75,126.63,NASA POWER API
1845,1845,2025-01-19,-15.29,0.01,94.66,2.18,99.94,7.86,东北_黑龙江,45.75,126.63,NASA POWER API
1846,1846,2025-01-20,-17.29,0.01,96.18,1.62,100.35,7.89,东北_黑龙江,45.75,126.63,NASA POWER API
1847,1847,2025-01-21,-12.0,0.6,95.17,2.57,100.37,6.51,东北_黑龙江,45.75,126.63,NASA POWER API
1848,1848,2025-01-22,-12.43,0.66,94.83,1.16,100.91,7.48,东北_黑龙江,45.75,126.63,NASA POWER API
1849,1849,2025-01-23,-15.71,0.09,95.16,1.19,101.22,7.84,东北_黑龙江,45.75,126.63,NASA POWER API
1850,1850,2025-01-24,-18.58,0.01,96.5,1.26,101.75,7.53,东北_黑龙江,45.75,126.63,NASA POWER API
1851,1851,2025-01-25,-17.07,0.01,93.78,1.15,101.98,8.53,东北_黑龙江,45.75,126.63,NASA POWER API
1852,1852,2025-01-26,-12.97,0.01,96.31,2.65,100.98,7.42,东北_黑龙江,45.75,126.63,NASA POWER API
1853,1853,2025-01-27,-11.21,0.33,94.54,4.44,100.0,7.36,东北_黑龙江,45.75,126.63,NASA POWER API
1854,1854,2025-01-28,-13.72,0.3,92.56,2.52,100.02,8.85,东北_黑龙江,45.75,126.63,NASA POWER API
1855,1855,2025-01-29,-14.96,0.37,94.93,2.68,100.24,6.94,东北_黑龙江,45.75,126.63,NASA POWER API
1856,1856,2025-01-30,-15.99,0.53,91.36,3.05,100.71,8.5,东北_黑龙江,45.75,126.63,NASA POWER API
1857,1857,2025-01-31,-16.23,0.18,91.06,2.08,101.15,10.26,东北_黑龙江,45.75,126.63,NASA POWER API
1858,1858,2025-02-01,-16.65,0.06,88.58,1.35,101.07,10.79,东北_黑龙江,45.75,126.63,NASA POWER API
1859,1859,2025-02-02,-15.19,0.22,92.53,1.35,100.53,9.95,东北_黑龙江,45.75,126.63,NASA POWER API
1860,1860,2025-02-03,-19.73,0.13,90.58,2.32,100.44,10.73,东北_黑龙江,45.75,126.63,NASA POWER API
1861,1861,2025-02-04,-21.72,0.1,91.25,2.37,100.18,11.08,东北_黑龙江,45.75,126.63,NASA POWER API
1862,1862,2025-02-05,-21.94,0.04,86.13,2.05,99.96,11.33,东北_黑龙江,45.75,126.63,NASA POWER API
1863,1863,2025-02-06,-20.66,0.46,87.6,3.3,100.17,11.37,东北_黑龙江,45.75,126.63,NASA POWER API
1864,1864,2025-02-07,-14.93,1.44,95.26,3.05,100.13,10.29,东北_黑龙江,45.75,126.63,NASA POWER API
1865,1865,2025-02-08,-13.75,0.25,92.61,2.8,100.85,11.5,东北_黑龙江,45.75,126.63,NASA POWER API
1866,1866,2025-02-09,-17.16,0.06,91.67,2.23,100.81,12.21,东北_黑龙江,45.75,126.63,NASA POWER API
1867,1867,2025-02-10,-17.0,0.0,86.34,1.66,100.59,12.55,东北_黑龙江,45.75,126.63,NASA POWER API
1868,1868,2025-02-11,-13.43,0.29,95.05,3.95,100.12,7.83,东北_黑龙江,45.75,126.63,NASA POWER API
1869,1869,2025-02-12,-15.91,0.05,90.47,3.4,99.78,12.89,东北_黑龙江,45.75,126.63,NASA POWER API
1870,1870,2025-02-13,-13.17,0.01,92.15,3.34,99.45,12.4,东北_黑龙江,45.75,126.63,NASA POWER API
1871,1871,2025-02-14,-11.0,0.01,92.86,2.57,99.7,12.88,东北_黑龙江,45.75,126.63,NASA POWER API
1872,1872,2025-02-15,-6.6,0.02,92.45,3.11,99.21,9.7,东北_黑龙江,45.75,126.63,NASA POWER API
1873,1873,2025-02-16,-9.11,0.77,93.53,1.88,99.83,11.05,东北_黑龙江,45.75,126.63,NASA POWER API
1874,1874,2025-02-17,-16.07,0.21,86.78,3.64,100.41,13.12,东北_黑龙江,45.75,126.63,NASA POWER API
1875,1875,2025-02-18,-15.63,0.07,91.68,2.95,100.89,13.4,东北_黑龙江,45.75,126.63,NASA POWER API
1876,1876,2025-02-19,-15.9,0.01,88.72,2.62,101.19,13.91,东北_黑龙江,45.75,126.63,NASA POWER API
1877,1877,2025-02-20,-16.79,0.01,88.71,2.3,101.42,14.09,东北_黑龙江,45.75,126.63,NASA POWER API
1878,1878,2025-02-21,-17.06,0.01,88.41,2.35,101.53,14.27,东北_黑龙江,45.75,126.63,NASA POWER API
1879,1879,2025-02-22,-17.91,0.0,89.6,2.53,101.65,14.88,东北_黑龙江,45.75,126.63,NASA POWER API
1880,1880,2025-02-23,-15.38,0.0,89.79,2.79,101.26,15.06,东北_黑龙江,45.75,126.63,NASA POWER API
1881,1881,2025-02-24,-10.75,0.0,89.52,3.86,100.29,14.87,东北_黑龙江,45.75,126.63,NASA POWER API
1882,1882,2025-02-25,-7.51,0.17,86.31,6.66,99.37,11.98,东北_黑龙江,45.75,126.63,NASA POWER API
1883,1883,2025-02-26,-11.35,0.01,87.71,3.45,99.65,13.49,东北_黑龙江,45.75,126.63,NASA POWER API
1884,1884,2025-02-27,-4.06,0.0,85.64,4.35,98.93,13.61,东北_黑龙江,45.75,126.63,NASA POWER API
1885,1885,2025-02-28,-3.54,0.02,79.62,4.7,99.41,14.28,东北_黑龙江,45.75,126.63,NASA POWER API
1886,1886,2025-03-01,-11.63,0.03,79.07,3.67,100.67,8.07,东北_黑龙江,45.75,126.63,NASA POWER API
1887,1887,2025-03-02,-14.06,0.0,79.73,2.2,101.58,16.27,东北_黑龙江,45.75,126.63,NASA POWER API
1888,1888,2025-03-03,-12.28,0.0,78.59,1.42,101.68,16.04,东北_黑龙江,45.75,126.63,NASA POWER API
1889,1889,2025-03-04,-8.13,0.0,77.87,2.55,101.16,11.92,东北_黑龙江,45.75,126.63,NASA POWER API
1890,1890,2025-03-05,-4.9,0.04,83.9,1.88,100.9,13.85,东北_黑龙江,45.75,126.63,NASA POWER API
1891,1891,2025-03-06,-6.9,0.01,85.77,2.17,101.24,14.01,东北_黑龙江,45.75,126.63,NASA POWER API
1892,1892,2025-03-07,-5.33,0.82,82.89,2.85,100.89,11.8,东北_黑龙江,45.75,126.63,NASA POWER API
1893,1893,2025-03-08,-3.76,0.54,89.98,2.52,100.52,9.26,东北_黑龙江,45.75,126.63,NASA POWER API
1894,1894,2025-03-09,-1.33,0.01,80.67,3.7,100.6,13.48,东北_黑龙江,45.75,126.63,NASA POWER API
1895,1895,2025-03-10,3.44,0.0,70.89,7.95,99.29,9.7,东北_黑龙江,45.75,126.63,NASA POWER API
1896,1896,2025-03-11,3.63,5.44,79.64,4.07,99.4,11.5,东北_黑龙江,45.75,126.63,NASA POWER API
1897,1897,2025-03-12,1.34,1.16,76.64,6.23,98.7,10.59,东北_黑龙江,45.75,126.63,NASA POWER API
1898,1898,2025-03-13,-3.61,0.53,65.42,5.58,100.37,12.1,东北_黑龙江,45.75,126.63,NASA POWER API
1899,1899,2025-03-14,-2.93,0.0,61.35,3.59,101.45,18.41,东北_黑龙江,45.75,126.63,NASA POWER API
1900,1900,2025-03-15,-4.64,0.0,60.76,3.03,101.34,16.41,东北_黑龙江,45.75,126.63,NASA POWER API
1901,1901,2025-03-16,-5.78,0.0,61.35,1.88,100.53,18.56,东北_黑龙江,45.75,126.63,NASA POWER API
1902,1902,2025-03-17,-6.13,0.01,65.95,2.92,100.18,14.6,东北_黑龙江,45.75,126.63,NASA POWER API
1903,1903,2025-03-18,-5.12,0.11,67.64,2.15,100.28,16.85,东北_黑龙江,45.75,126.63,NASA POWER API
1904,1904,2025-03-19,0.52,0.01,64.84,4.25,99.69,16.21,东北_黑龙江,45.75,126.63,NASA POWER API
1905,1905,2025-03-20,2.73,0.03,74.32,3.4,98.63,13.6,东北_黑龙江,45.75,126.63,NASA POWER API
1906,1906,2025-03-21,2.55,1.02,72.7,3.86,98.28,11.57,东北_黑龙江,45.75,126.63,NASA POWER API
1907,1907,2025-03-22,-0.53,0.01,57.62,3.73,99.15,14.66,东北_黑龙江,45.75,126.63,NASA POWER API
1908,1908,2025-03-23,2.56,0.0,63.27,3.6,98.88,17.52,东北_黑龙江,45.75,126.63,NASA POWER API
1909,1909,2025-03-24,2.33,0.0,56.06,5.13,98.42,19.9,东北_黑龙江,45.75,126.63,NASA POWER API
1910,1910,2025-03-25,-0.79,0.24,66.71,2.93,98.56,6.19,东北_黑龙江,45.75,126.63,NASA POWER API
1911,1911,2025-03-26,-0.38,3.27,81.54,3.65,98.51,7.6,东北_黑龙江,45.75,126.63,NASA POWER API
1912,1912,2025-03-27,-0.48,1.02,74.29,4.35,98.89,7.03,东北_黑龙江,45.75,126.63,NASA POWER API
1913,1913,2025-03-28,-2.26,0.86,60.97,3.74,99.58,15.26,东北_黑龙江,45.75,126.63,NASA POWER API
1914,1914,2025-03-29,-3.93,1.12,58.93,4.7,99.81,13.88,东北_黑龙江,45.75,126.63,NASA POWER API
1915,1915,2025-03-30,-4.23,0.02,53.98,3.91,100.26,18.59,东北_黑龙江,45.75,126.63,NASA POWER API
1916,1916,2025-03-31,0.61,0.01,60.66,3.29,99.82,18.86,东北_黑龙江,45.75,126.63,NASA POWER API
1917,1917,2025-04-01,3.35,8.02,82.73,3.38,99.6,10.03,东北_黑龙江,45.75,126.63,NASA POWER API
1918,1918,2025-04-02,3.42,0.75,79.32,1.59,100.26,8.65,东北_黑龙江,45.75,126.63,NASA POWER API
1919,1919,2025-04-03,4.65,0.0,71.66,2.33,100.22,19.57,东北_黑龙江,45.75,126.63,NASA POWER API
1920,1920,2025-04-04,7.05,0.06,65.21,4.22,99.6,15.34,东北_黑龙江,45.75,126.63,NASA POWER API
1921,1921,2025-04-05,4.42,1.81,91.68,2.69,99.25,6.38,东北_黑龙江,45.75,126.63,NASA POWER API
1922,1922,2025-04-06,5.39,0.49,83.31,1.33,99.5,10.41,东北_黑龙江,45.75,126.63,NASA POWER API
1923,1923,2025-04-07,7.04,0.06,76.3,2.72,99.41,17.14,东北_黑龙江,45.75,126.63,NASA POWER API
1924,1924,2025-04-08,8.63,0.01,70.18,3.02,99.5,19.03,东北_黑龙江,45.75,126.63,NASA POWER API
1925,1925,2025-04-09,10.34,0.0,56.81,4.24,98.86,20.67,东北_黑龙江,45.75,126.63,NASA POWER API
1926,1926,2025-04-10,7.6,0.73,84.94,3.64,98.38,16.93,东北_黑龙江,45.75,126.63,NASA POWER API
1927,1927,2025-04-11,11.04,0.54,76.59,5.67,98.59,13.62,东北_黑龙江,45.75,126.63,NASA POWER API
1928,1928,2025-04-12,11.69,1.14,69.45,4.91,98.33,6.53,东北_黑龙江,45.75,126.63,NASA POWER API
1929,1929,2025-04-13,8.87,3.79,79.76,7.87,98.08,6.38,东北_黑龙江,45.75,126.63,NASA POWER API
1930,1930,2025-04-14,6.51,2.18,69.14,1.91,98.49,17.62,东北_黑龙江,45.75,126.63,NASA POWER API
1931,1931,2025-04-15,6.16,3.2,65.48,4.19,98.55,18.56,东北_黑龙江,45.75,126.63,NASA POWER API
1932,1932,2025-04-16,6.13,0.23,53.28,2.45,98.95,23.76,东北_黑龙江,45.75,126.63,NASA POWER API
1933,1933,2025-04-17,8.56,1.28,59.19,3.19,98.68,16.9,东北_黑龙江,45.75,126.63,NASA POWER API
1934,1934,2025-04-18,6.9,5.6,73.51,4.43,98.76,12.47,东北_黑龙江,45.75,126.63,NASA POWER API
1935,1935,2025-04-19,7.16,0.59,73.17,2.74,98.95,22.03,东北_黑龙江,45.75,126.63,NASA POWER API
1936,1936,2025-04-20,10.25,0.04,68.17,2.25,99.36,24.08,东北_黑龙江,45.75,126.63,NASA POWER API
1937,1937,2025-04-21,11.35,13.77,75.8,6.07,99.04,8.39,东北_黑龙江,45.75,126.63,NASA POWER API
1938,1938,2025-04-22,7.1,0.66,57.25,3.14,99.36,25.21,东北_黑龙江,45.75,126.63,NASA POWER API
1939,1939,2025-04-23,9.5,2.13,61.06,5.13,98.51,22.27,东北_黑龙江,45.75,126.63,NASA POWER API
1940,1940,2025-04-24,4.49,0.54,70.53,4.36,98.38,14.4,东北_黑龙江,45.75,126.63,NASA POWER API
1941,1941,2025-04-25,3.33,1.25,82.14,4.42,98.94,11.88,东北_黑龙江,45.75,126.63,NASA POWER API
1942,1942,2025-04-26,8.32,0.04,67.71,4.43,99.39,23.7,东北_黑龙江,45.75,126.63,NASA POWER API
1943,1943,2025-04-27,6.63,0.02,61.55,3.47,99.19,20.02,东北_黑龙江,45.75,126.63,NASA POWER API
1944,1944,2025-04-28,5.8,0.13,65.38,2.08,99.41,16.94,东北_黑龙江,45.75,126.63,NASA POWER API
1945,1945,2025-04-29,11.0,0.13,64.56,5.55,98.6,22.01,东北_黑龙江,45.75,126.63,NASA POWER API
1946,1946,2025-04-30,10.26,1.41,52.78,1.82,98.92,19.33,东北_黑龙江,45.75,126.63,NASA POWER API
1947,1947,2025-05-01,9.77,1.63,55.16,1.36,98.89,13.28,东北_黑龙江,45.75,126.63,NASA POWER API
1948,1948,2025-05-02,10.78,0.02,56.82,2.42,98.79,20.11,东北_黑龙江,45.75,126.63,NASA POWER API
1949,1949,2025-05-03,8.9,1.64,71.6,2.12,98.56,14.53,东北_黑龙江,45.75,126.63,NASA POWER API
1950,1950,2025-05-04,8.24,0.4,68.36,3.18,98.85,17.51,东北_黑龙江,45.75,126.63,NASA POWER API
1951,1951,2025-05-05,9.23,0.01,55.4,1.97,99.07,20.67,东北_黑龙江,45.75,126.63,NASA POWER API
1952,1952,2025-05-06,9.01,0.8,64.93,2.29,99.09,18.51,东北_黑龙江,45.75,126.63,NASA POWER API
1953,1953,2025-05-07,8.06,1.04,82.37,2.26,99.22,13.84,东北_黑龙江,45.75,126.63,NASA POWER API
1954,1954,2025-05-08,10.16,11.57,85.93,3.23,99.43,7.06,东北_黑龙江,45.75,126.63,NASA POWER API
1955,1955,2025-05-09,10.3,3.51,91.89,1.91,99.25,9.89,东北_黑龙江,45.75,126.63,NASA POWER API
1956,1956,2025-05-10,12.74,0.05,65.19,2.67,98.75,25.74,东北_黑龙江,45.75,126.63,NASA POWER API
1957,1957,2025-05-11,16.45,0.0,52.58,5.18,98.11,24.84,东北_黑龙江,45.75,126.63,NASA POWER API
1958,1958,2025-05-12,16.85,0.49,68.58,4.65,98.17,14.8,东北_黑龙江,45.75,126.63,NASA POWER API
1959,1959,2025-05-13,17.94,0.59,77.36,4.07,98.53,7.83,东北_黑龙江,45.75,126.63,NASA POWER API
1960,1960,2025-05-14,14.78,3.57,75.21,3.22,99.12,4.68,东北_黑龙江,45.75,126.63,NASA POWER API
1961,1961,2025-05-15,14.47,0.19,60.99,4.38,99.12,23.04,东北_黑龙江,45.75,126.63,NASA POWER API
1962,1962,2025-05-16,11.61,6.54,64.2,2.03,99.17,8.56,东北_黑龙江,45.75,126.63,NASA POWER API
1963,1963,2025-05-17,9.54,9.48,75.69,3.76,98.25,8.85,东北_黑龙江,45.75,126.63,NASA POWER API
1964,1964,2025-05-18,10.69,0.26,59.47,5.06,98.31,23.25,东北_黑龙江,45.75,126.63,NASA POWER API
1965,1965,2025-05-19,10.09,2.51,67.39,3.74,97.89,19.15,东北_黑龙江,45.75,126.63,NASA POWER API
1966,1966,2025-05-20,12.81,0.0,58.41,3.59,98.61,26.63,东北_黑龙江,45.75,126.63,NASA POWER API
1967,1967,2025-05-21,13.06,0.03,66.65,2.12,99.48,23.45,东北_黑龙江,45.75,126.63,NASA POWER API
1968,1968,2025-05-22,13.61,0.1,61.35,2.78,99.61,25.04,东北_黑龙江,45.75,126.63,NASA POWER API
1969,1969,2025-05-23,17.15,0.05,49.16,0.85,99.66,23.57,东北_黑龙江,45.75,126.63,NASA POWER API
1970,1970,2025-05-24,14.23,1.36,67.16,1.74,99.54,18.33,东北_黑龙江,45.75,126.63,NASA POWER API
1971,1971,2025-05-25,14.95,0.18,67.88,1.72,99.66,25.22,东北_黑龙江,45.75,126.63,NASA POWER API
1972,1972,2025-05-26,16.31,3.47,72.8,2.46,99.57,21.68,东北_黑龙江,45.75,126.63,NASA POWER API
1973,1973,2025-05-27,19.35,0.96,61.68,1.86,99.85,25.37,东北_黑龙江,45.75,126.63,NASA POWER API
1974,1974,2025-05-28,20.67,0.0,63.45,2.97,99.84,26.8,东北_黑龙江,45.75,126.63,NASA POWER API
1975,1975,2025-05-29,21.52,0.0,63.18,4.18,99.53,24.38,东北_黑龙江,45.75,126.63,NASA POWER API
1976,1976,2025-05-30,22.7,0.0,64.47,4.66,99.3,22.96,东北_黑龙江,45.75,126.63,NASA POWER API
1977,1977,2025-05-31,20.9,0.13,70.53,4.48,99.16,12.96,东北_黑龙江,45.75,126.63,NASA POWER API
1978,1978,2025-06-01,16.99,0.06,57.58,2.27,99.43,16.96,东北_黑龙江,45.75,126.63,NASA POWER API
1979,1979,2025-06-02,14.68,14.18,79.28,2.9,98.45,8.15,东北_黑龙江,45.75,126.63,NASA POWER API
1980,1980,2025-06-03,16.12,3.91,68.53,2.95,97.87,20.32,东北_黑龙江,45.75,126.63,NASA POWER API
1981,1981,2025-06-04,16.86,0.12,68.01,2.09,98.26,22.52,东北_黑龙江,45.75,126.63,NASA POWER API
1982,1982,2025-06-05,15.8,5.76,69.19,3.99,98.16,12.46,东北_黑龙江,45.75,126.63,NASA POWER API
1983,1983,2025-06-06,14.94,0.18,65.67,3.97,98.35,25.24,东北_黑龙江,45.75,126.63,NASA POWER API
1984,1984,2025-06-07,15.59,0.72,72.8,1.94,98.87,20.25,东北_黑龙江,45.75,126.63,NASA POWER API
1985,1985,2025-06-08,19.49,0.69,65.41,3.53,98.52,21.77,东北_黑龙江,45.75,126.63,NASA POWER API
1986,1986,2025-06-09,16.07,0.18,64.72,1.77,98.87,17.72,东北_黑龙江,45.75,126.63,NASA POWER API
1987,1987,2025-06-10,14.14,35.54,91.99,3.7,98.38,4.2,东北_黑龙江,45.75,126.63,NASA POWER API
1988,1988,2025-06-11,19.13,0.15,68.01,2.81,99.17,25.87,东北_黑龙江,45.75,126.63,NASA POWER API
1989,1989,2025-06-12,20.54,1.84,72.65,4.36,99.3,16.5,东北_黑龙江,45.75,126.63,NASA POWER API
1990,1990,2025-06-13,19.23,10.9,85.09,3.81,98.87,13.13,东北_黑龙江,45.75,126.63,NASA POWER API
1991,1991,2025-06-14,21.03,2.11,73.96,3.85,98.35,18.85,东北_黑龙江,45.75,126.63,NASA POWER API
1992,1992,2025-06-15,21.17,0.96,75.9,1.71,98.23,13.85,东北_黑龙江,45.75,126.63,NASA POWER API
1993,1993,2025-06-16,20.47,8.82,82.04,2.43,97.62,16.8,东北_黑龙江,45.75,126.63,NASA POWER API
1994,1994,2025-06-17,19.05,2.64,69.41,3.32,98.3,26.38,东北_黑龙江,45.75,126.63,NASA POWER API
1995,1995,2025-06-18,21.75,0.19,66.31,3.4,98.84,23.69,东北_黑龙江,45.75,126.63,NASA POWER API
1996,1996,2025-06-19,21.28,16.2,76.8,3.46,98.88,12.61,东北_黑龙江,45.75,126.63,NASA POWER API
1997,1997,2025-06-20,20.1,8.82,76.16,2.2,98.45,13.1,东北_黑龙江,45.75,126.63,NASA POWER API
1998,1998,2025-06-21,16.14,8.86,85.7,3.74,98.03,12.3,东北_黑龙江,45.75,126.63,NASA POWER API
1999,1999,2025-06-22,21.73,0.57,72.6,2.85,98.45,28.71,东北_黑龙江,45.75,126.63,NASA POWER API
2000,2000,2025-06-23,24.67,0.01,63.88,2.98,98.73,28.38,东北_黑龙江,45.75,126.63,NASA POWER API
2001,2001,2025-06-24,25.53,0.0,69.86,3.4,99.1,26.64,东北_黑龙江,45.75,126.63,NASA POWER API
2002,2002,2025-06-25,27.25,0.02,68.38,2.07,99.18,25.29,东北_黑龙江,45.75,126.63,NASA POWER API
2003,2003,2025-06-26,26.42,0.49,73.44,1.24,99.07,18.8,东北_黑龙江,45.75,126.63,NASA POWER API
2004,2004,2025-06-27,26.76,0.35,77.11,1.25,99.04,20.28,东北_黑龙江,45.75,126.63,NASA POWER API
2005,2005,2025-06-28,25.35,3.19,79.3,1.21,98.81,14.71,东北_黑龙江,45.75,126.63,NASA POWER API
2006,2006,2025-06-29,24.57,3.08,82.67,2.05,98.67,16.65,东北_黑龙江,45.75,126.63,NASA POWER API
2007,2007,2025-06-30,24.62,6.95,83.67,1.46,99.0,10.66,东北_黑龙江,45.75,126.63,NASA POWER API
2008,2008,2025-07-01,24.53,15.46,86.71,2.07,98.92,15.38,东北_黑龙江,45.75,126.63,NASA POWER API
2009,2009,2025-07-02,26.8,4.62,76.21,5.69,98.56,26.8,东北_黑龙江,45.75,126.63,NASA POWER API
2010,2010,2025-07-03,25.79,0.99,76.23,3.35,98.55,17.45,东北_黑龙江,45.75,126.63,NASA POWER API
2011,2011,2025-07-04,26.47,0.49,78.98,2.13,98.54,26.15,东北_黑龙江,45.75,126.63,NASA POWER API
2012,2012,2025-07-05,23.73,33.28,88.8,3.52,98.03,10.02,东北_黑龙江,45.75,126.63,NASA POWER API
2013,2013,2025-07-06,22.81,0.08,68.5,3.9,98.44,29.69,东北_黑龙江,45.75,126.63,NASA POWER API
2014,2014,2025-07-07,22.59,0.01,68.04,1.72,99.13,27.92,东北_黑龙江,45.75,126.63,NASA POWER API
2015,2015,2025-07-08,21.99,0.0,68.84,2.74,99.47,24.91,东北_黑龙江,45.75,126.63,NASA POWER API
2016,2016,2025-07-09,24.13,0.01,74.97,2.9,99.53,25.31,东北_黑龙江,45.75,126.63,NASA POWER API
2017,2017,2025-07-10,25.34,0.01,79.92,2.93,99.52,25.02,东北_黑龙江,45.75,126.63,NASA POWER API
2018,2018,2025-07-11,27.64,2.42,80.04,3.68,99.34,22.45,东北_黑龙江,45.75,126.63,NASA POWER API
2019,2019,2025-07-12,26.62,4.74,79.91,3.37,98.85,15.45,东北_黑龙江,45.75,126.63,NASA POWER API
2020,2020,2025-07-13,23.69,2.72,75.37,2.95,98.67,20.81,东北_黑龙江,45.75,126.63,NASA POWER API
2021,2021,2025-07-14,23.06,0.16,69.76,2.38,98.7,29.15,东北_黑龙江,45.75,126.63,NASA POWER API
2022,2022,2025-07-15,23.94,0.08,76.24,3.38,98.52,24.79,东北_黑龙江,45.75,126.63,NASA POWER API
2023,2023,2025-07-16,23.88,0.37,77.55,3.1,98.42,18.77,东北_黑龙江,45.75,126.63,NASA POWER API
2024,2024,2025-07-17,24.4,8.98,77.87,0.9,98.68,19.2,东北_黑龙江,45.75,126.63,NASA POWER API
2025,2025,2025-07-18,24.82,7.42,75.05,0.73,98.85,13.68,东北_黑龙江,45.75,126.63,NASA POWER API
2026,2026,2025-07-19,24.88,2.3,82.81,1.69,98.87,21.49,东北_黑龙江,45.75,126.63,NASA POWER API
2027,2027,2025-07-20,24.09,4.14,82.42,4.8,98.61,7.51,东北_黑龙江,45.75,126.63,NASA POWER API
2028,2028,2025-07-21,24.39,0.01,70.28,3.72,98.87,24.4,东北_黑龙江,45.75,126.63,NASA POWER API
2029,2029,2025-07-22,26.84,0.0,70.16,4.12,98.93,27.53,东北_黑龙江,45.75,126.63,NASA POWER API
2030,2030,2025-07-23,27.21,0.0,71.75,4.62,99.07,26.37,东北_黑龙江,45.75,126.63,NASA POWER API
2031,2031,2025-07-24,26.82,5.42,79.93,4.05,98.99,13.51,东北_黑龙江,45.75,126.63,NASA POWER API
2032,2032,2025-07-25,25.47,4.11,88.18,2.68,98.98,9.9,东北_黑龙江,45.75,126.63,NASA POWER API
2033,2033,2025-07-26,24.2,5.93,90.59,2.2,98.91,7.14,东北_黑龙江,45.75,126.63,NASA POWER API
2034,2034,2025-07-27,24.72,0.51,78.81,0.84,98.86,13.29,东北_黑龙江,45.75,126.63,NASA POWER API
2035,2035,2025-07-28,25.12,0.0,65.05,1.15,98.75,25.96,东北_黑龙江,45.75,126.63,NASA POWER API
2036,2036,2025-07-29,22.81,16.21,85.2,2.64,98.09,9.68,东北_黑龙江,45.75,126.63,NASA POWER API
2037,2037,2025-07-30,21.47,0.03,73.8,3.68,98.29,24.81,东北_黑龙江,45.75,126.63,NASA POWER API
2038,2038,2025-07-31,23.38,0.03,72.85,2.64,98.63,22.54,东北_黑龙江,45.75,126.63,NASA POWER API
2039,2039,2025-08-01,24.53,0.62,73.83,1.08,98.68,20.64,东北_黑龙江,45.75,126.63,NASA POWER API
2040,2040,2025-08-02,24.78,46.6,80.36,3.03,98.37,19.37,东北_黑龙江,45.75,126.63,NASA POWER API
2041,2041,2025-08-03,22.31,10.52,84.26,3.24,98.2,12.26,东北_黑龙江,45.75,126.63,NASA POWER API
2042,2042,2025-08-04,22.93,0.14,74.13,2.05,98.69,25.1,东北_黑龙江,45.75,126.63,NASA POWER API
2043,2043,2025-08-05,23.45,18.46,79.71,2.46,98.63,17.75,东北_黑龙江,45.75,126.63,NASA POWER API
2044,2044,2025-08-06,22.11,10.38,81.07,1.94,98.56,19.28,东北_黑龙江,45.75,126.63,NASA POWER API
2045,2045,2025-08-07,20.51,11.17,82.32,2.43,98.78,22.4,东北_黑龙江,45.75,126.63,NASA POWER API
2046,2046,2025-08-08,22.13,0.08,77.96,1.14,98.88,23.42,东北_黑龙江,45.75,126.63,NASA POWER API
2047,2047,2025-08-09,21.3,8.2,80.72,1.53,98.58,10.8,东北_黑龙江,45.75,126.63,NASA POWER API
2048,2048,2025-08-10,18.84,0.55,76.73,2.62,98.76,23.46,东北_黑龙江,45.75,126.63,NASA POWER API
2049,2049,2025-08-11,19.38,0.24,79.12,1.15,99.0,17.09,东北_黑龙江,45.75,126.63,NASA POWER API
2050,2050,2025-08-12,21.65,6.5,85.51,2.95,99.15,15.46,东北_黑龙江,45.75,126.63,NASA POWER API
2051,2051,2025-08-13,22.93,23.24,89.71,2.49,99.27,13.61,东北_黑龙江,45.75,126.63,NASA POWER API
2052,2052,2025-08-14,22.02,0.51,76.81,3.21,99.34,25.08,东北_黑龙江,45.75,126.63,NASA POWER API
2053,2053,2025-08-15,23.09,6.51,87.08,3.85,99.16,19.45,东北_黑龙江,45.75,126.63,NASA POWER API
2054,2054,2025-08-16,21.47,6.0,85.04,2.45,99.07,13.45,东北_黑龙江,45.75,126.63,NASA POWER API
2055,2055,2025-08-17,18.48,0.06,73.53,2.47,99.82,25.41,东北_黑龙江,45.75,126.63,NASA POWER API
2056,2056,2025-08-18,19.06,9.81,72.54,1.36,99.43,13.89,东北_黑龙江,45.75,126.63,NASA POWER API
2057,2057,2025-08-19,21.65,2.58,80.5,2.64,98.74,16.9,东北_黑龙江,45.75,126.63,NASA POWER API
2058,2058,2025-08-20,20.51,0.29,79.1,1.39,99.22,20.84,东北_黑龙江,45.75,126.63,NASA POWER API
2059,2059,2025-08-21,20.04,6.93,79.69,2.22,99.37,16.86,东北_黑龙江,45.75,126.63,NASA POWER API
2060,2060,2025-08-22,21.49,17.38,86.37,3.6,98.46,5.92,东北_黑龙江,45.75,126.63,NASA POWER API
2061,2061,2025-08-23,22.69,0.54,83.16,1.82,99.03,15.81,东北_黑龙江,45.75,126.63,NASA POWER API
2062,2062,2025-08-24,23.45,0.01,73.97,1.42,99.44,19.95,东北_黑龙江,45.75,126.63,NASA POWER API
2063,2063,2025-08-25,22.48,0.58,78.29,1.19,99.46,15.19,东北_黑龙江,45.75,126.63,NASA POWER API
2064,2064,2025-08-26,20.18,4.76,85.61,1.8,99.35,14.58,东北_黑龙江,45.75,126.63,NASA POWER API
2065,2065,2025-08-27,20.9,0.13,77.82,1.2,99.71,19.13,东北_黑龙江,45.75,126.63,NASA POWER API
2066,2066,2025-08-28,20.68,10.09,83.26,1.25,99.47,9.11,东北_黑龙江,45.75,126.63,NASA POWER API
2067,2067,2025-08-29,20.46,3.29,82.06,1.36,99.39,12.09,东北_黑龙江,45.75,126.63,NASA POWER API
2068,2068,2025-08-30,21.88,0.26,79.55,2.39,99.49,16.2,东北_黑龙江,45.75,126.63,NASA POWER API
2069,2069,2025-08-31,20.81,9.33,88.97,2.25,99.36,13.82,东北_黑龙江,45.75,126.63,NASA POWER API
2070,2070,2025-09-01,20.91,2.12,82.6,2.14,98.92,19.9,东北_黑龙江,45.75,126.63,NASA POWER API
2071,2071,2025-09-02,20.96,0.03,69.19,1.72,99.18,20.06,东北_黑龙江,45.75,126.63,NASA POWER API
2072,2072,2025-09-03,21.46,0.34,85.92,3.16,99.24,15.27,东北_黑龙江,45.75,126.63,NASA POWER API
2073,2073,2025-09-04,22.54,0.26,84.09,2.71,99.44,20.61,东北_黑龙江,45.75,126.63,NASA POWER API
2074,2074,2025-09-05,22.14,0.29,80.55,3.08,99.18,17.56,东北_黑龙江,45.75,126.63,NASA POWER API
2075,2075,2025-09-06,20.01,2.11,70.56,3.55,98.68,20.57,东北_黑龙江,45.75,126.63,NASA POWER API
2076,2076,2025-09-07,17.02,0.98,70.5,3.94,98.49,19.68,东北_黑龙江,45.75,126.63,NASA POWER API
2077,2077,2025-09-08,15.94,0.0,64.14,3.47,98.86,21.01,东北_黑龙江,45.75,126.63,NASA POWER API
2078,2078,2025-09-09,15.6,0.09,71.0,2.88,99.27,19.96,东北_黑龙江,45.75,126.63,NASA POWER API
2079,2079,2025-09-10,16.55,0.1,69.2,1.51,99.78,19.36,东北_黑龙江,45.75,126.63,NASA POWER API
2080,2080,2025-09-11,17.68,0.5,72.71,2.68,99.9,18.68,东北_黑龙江,45.75,126.63,NASA POWER API
2081,2081,2025-09-12,19.59,2.24,82.18,3.52,99.34,10.82,东北_黑龙江,45.75,126.63,NASA POWER API
2082,2082,2025-09-13,19.72,0.19,70.78,1.84,99.24,18.03,东北_黑龙江,45.75,126.63,NASA POWER API
2083,2083,2025-09-14,20.3,4.53,70.32,5.36,98.48,11.51,东北_黑龙江,45.75,126.63,NASA POWER API
2084,2084,2025-09-15,15.96,0.0,62.27,4.29,99.34,19.53,东北_黑龙江,45.75,126.63,NASA POWER API
2085,2085,2025-09-16,14.46,5.37,80.08,4.26,99.11,6.94,东北_黑龙江,45.75,126.63,NASA POWER API
2086,2086,2025-09-17,12.01,0.0,69.23,2.45,99.83,18.97,东北_黑龙江,45.75,126.63,NASA POWER API
2087,2087,2025-09-18,14.36,0.0,64.08,1.83,100.22,18.59,东北_黑龙江,45.75,126.63,NASA POWER API
2088,2088,2025-09-19,15.35,0.0,69.27,3.38,99.97,18.57,东北_黑龙江,45.75,126.63,NASA POWER API
2089,2089,2025-09-20,15.18,0.01,74.6,1.94,99.93,16.65,东北_黑龙江,45.75,126.63,NASA POWER API
2090,2090,2025-09-21,14.45,0.01,70.09,1.31,100.38,18.5,东北_黑龙江,45.75,126.63,NASA POWER API
2091,2091,2025-09-22,15.54,0.0,72.69,2.35,100.44,16.41,东北_黑龙江,45.75,126.63,NASA POWER API
2092,2092,2025-09-23,16.91,0.0,70.46,2.77,100.19,16.69,东北_黑龙江,45.75,126.63,NASA POWER API
2093,2093,2025-09-24,14.87,9.98,86.23,3.48,99.26,3.9,东北_黑龙江,45.75,126.63,NASA POWER API
2094,2094,2025-09-25,14.74,0.31,80.75,3.68,99.45,12.39,东北_黑龙江,45.75,126.63,NASA POWER API
2095,2095,2025-09-26,15.37,0.09,73.95,2.21,100.21,16.43,东北_黑龙江,45.75,126.63,NASA POWER API
2096,2096,2025-09-27,16.48,0.0,69.62,3.19,99.88,17.12,东北_黑龙江,45.75,126.63,NASA POWER API
2097,2097,2025-09-28,15.94,0.56,80.7,2.07,99.43,12.19,东北_黑龙江,45.75,126.63,NASA POWER API
2098,2098,2025-09-29,15.26,0.0,67.11,1.75,99.55,14.35,东北_黑龙江,45.75,126.63,NASA POWER API
2099,2099,2025-09-30,18.08,0.26,80.75,3.56,98.98,14.04,东北_黑龙江,45.75,126.63,NASA POWER API
2100,2100,2025-10-01,16.14,0.15,78.51,2.36,99.37,13.68,东北_黑龙江,45.75,126.63,NASA POWER API
2101,2101,2025-10-02,14.73,0.01,78.88,2.35,99.93,14.2,东北_黑龙江,45.75,126.63,NASA POWER API
2102,2102,2025-10-03,18.63,0.04,77.89,3.84,99.93,14.85,东北_黑龙江,45.75,126.63,NASA POWER API
2103,2103,2025-10-04,14.97,0.33,72.19,3.5,99.85,9.45,东北_黑龙江,45.75,126.63,NASA POWER API
2104,2104,2025-10-05,7.39,0.0,60.28,2.43,100.67,12.66,东北_黑龙江,45.75,126.63,NASA POWER API
2105,2105,2025-10-06,6.95,0.0,58.57,2.36,100.76,14.49,东北_黑龙江,45.75,126.63,NASA POWER API
2106,2106,2025-10-07,9.68,0.0,59.9,4.03,99.93,10.38,东北_黑龙江,45.75,126.63,NASA POWER API
2107,2107,2025-10-08,5.53,0.0,62.99,3.35,100.73,15.82,东北_黑龙江,45.75,126.63,NASA POWER API
2108,2108,2025-10-09,6.47,0.0,55.77,1.01,101.07,14.98,东北_黑龙江,45.75,126.63,NASA POWER API
2109,2109,2025-10-10,8.71,0.0,58.19,1.86,100.7,14.73,东北_黑龙江,45.75,126.63,NASA POWER API
2110,2110,2025-10-11,7.88,0.0,75.2,2.5,99.85,7.73,东北_黑龙江,45.75,126.63,NASA POWER API
2111,2111,2025-10-12,4.5,0.0,65.58,2.41,100.61,11.84,东北_黑龙江,45.75,126.63,NASA POWER API
2112,2112,2025-10-13,4.9,0.0,61.02,3.22,100.43,8.52,东北_黑龙江,45.75,126.63,NASA POWER API
2113,2113,2025-10-14,4.15,0.83,66.03,2.54,100.9,6.23,东北_黑龙江,45.75,126.63,NASA POWER API
2114,2114,2025-10-15,0.74,11.16,88.14,3.88,100.94,2.88,东北_黑龙江,45.75,126.63,NASA POWER API
2115,2115,2025-10-16,0.12,0.02,73.69,2.21,101.36,9.56,东北_黑龙江,45.75,126.63,NASA POWER API
2116,2116,2025-10-17,-0.68,4.52,85.85,2.16,101.02,2.26,东北_黑龙江,45.75,126.63,NASA POWER API
2117,2117,2025-10-18,-2.34,0.14,77.31,2.39,101.25,8.2,东北_黑龙江,45.75,126.63,NASA POWER API
2118,2118,2025-10-19,-2.36,1.29,77.78,1.73,101.16,7.7,东北_黑龙江,45.75,126.63,NASA POWER API
2119,2119,2025-10-20,-2.03,0.01,74.45,2.57,101.35,7.62,东北_黑龙江,45.75,126.63,NASA POWER API
2120,2120,2025-10-21,-0.46,0.11,72.05,2.47,101.49,12.55,东北_黑龙江,45.75,126.63,NASA POWER API
2121,2121,2025-10-22,0.19,0.01,70.34,1.33,101.65,12.0,东北_黑龙江,45.75,126.63,NASA POWER API
2122,2122,2025-10-23,-0.1,0.0,67.22,1.62,101.86,12.03,东北_黑龙江,45.75,126.63,NASA POWER API
2123,2123,2025-10-24,-0.03,0.0,69.46,2.12,101.26,11.21,东北_黑龙江,45.75,126.63,NASA POWER API
2124,2124,2025-10-25,1.44,0.0,68.88,3.24,100.23,11.36,东北_黑龙江,45.75,126.63,NASA POWER API
2125,2125,2025-10-26,-0.29,0.0,68.75,3.84,99.87,12.49,东北_黑龙江,45.75,126.63,NASA POWER API
2126,2126,2025-10-27,-2.19,0.17,73.86,4.18,99.76,7.04,东北_黑龙江,45.75,126.63,NASA POWER API
2127,2127,2025-10-28,-1.41,0.0,70.06,2.59,100.6,10.77,东北_黑龙江,45.75,126.63,NASA POWER API
2128,2128,2025-10-29,-0.16,1.25,84.78,3.92,100.18,4.22,东北_黑龙江,45.75,126.63,NASA POWER API
2129,2129,2025-10-30,0.33,0.01,74.7,2.84,100.41,11.15,东北_黑龙江,45.75,126.63,NASA POWER API
2130,2130,2025-10-31,0.34,0.0,70.82,1.86,100.18,9.54,东北_黑龙江,45.75,126.63,NASA POWER API
2131,2131,2025-11-01,0.31,3.72,86.78,2.15,99.26,5.67,东北_黑龙江,45.75,126.63,NASA POWER API
2132,2132,2025-11-02,-1.44,1.29,87.48,3.25,100.3,1.95,东北_黑龙江,45.75,126.63,NASA POWER API
2133,2133,2025-11-03,-1.05,0.0,71.85,4.63,100.49,10.21,东北_黑龙江,45.75,126.63,NASA POWER API
2134,2134,2025-11-04,1.22,0.0,72.97,3.49,100.2,9.78,东北_黑龙江,45.75,126.63,NASA POWER API
2135,2135,2025-11-05,2.46,0.69,87.5,2.42,100.38,4.56,东北_黑龙江,45.75,126.63,NASA POWER API
2136,2136,2025-11-06,1.69,0.16,80.6,3.29,100.86,9.38,东北_黑龙江,45.75,126.63,NASA POWER API
2137,2137,2025-11-07,-4.14,0.0,65.24,3.29,101.81,9.76,东北_黑龙江,45.75,126.63,NASA POWER API
2138,2138,2025-11-08,-0.61,1.74,81.63,3.96,100.1,3.03,东北_黑龙江,45.75,126.63,NASA POWER API
2139,2139,2025-11-09,-1.26,0.14,72.43,4.17,99.28,8.24,东北_黑龙江,45.75,126.63,NASA POWER API
2140,2140,2025-11-10,-4.54,0.0,65.05,2.87,100.02,8.14,东北_黑龙江,45.75,126.63,NASA POWER API
2141,2141,2025-11-11,-3.47,0.0,71.62,2.05,100.45,9.77,东北_黑龙江,45.75,126.63,NASA POWER API
2142,2142,2025-11-12,-0.38,0.0,77.55,4.41,99.48,7.27,东北_黑龙江,45.75,126.63,NASA POWER API
2143,2143,2025-11-13,-3.29,0.0,63.11,4.58,100.04,9.64,东北_黑龙江,45.75,126.63,NASA POWER API
2144,2144,2025-11-14,-4.89,0.0,73.56,1.11,100.65,9.13,东北_黑龙江,45.75,126.63,NASA POWER API
2145,2145,2025-11-15,-2.2,0.09,80.77,3.22,100.3,5.02,东北_黑龙江,45.75,126.63,NASA POWER API
2146,2146,2025-11-16,-1.34,0.4,63.47,4.38,100.11,8.14,东北_黑龙江,45.75,126.63,NASA POWER API
2147,2147,2025-11-17,-8.3,0.49,56.94,4.98,100.68,7.48,东北_黑龙江,45.75,126.63,NASA POWER API
2148,2148,2025-11-18,-8.02,0.02,70.68,2.39,100.72,8.79,东北_黑龙江,45.75,126.63,NASA POWER API
2149,2149,2025-11-19,-2.74,0.0,74.37,5.3,99.86,7.82,东北_黑龙江,45.75,126.63,NASA POWER API
2150,2150,2025-11-20,-4.75,0.2,75.52,3.52,99.71,5.22,东北_黑龙江,45.75,126.63,NASA POWER API
2151,2151,2025-11-21,-4.39,0.15,74.74,3.05,99.99,8.34,东北_黑龙江,45.75,126.63,NASA POWER API
2152,2152,2025-11-22,-1.05,0.0,77.2,4.75,99.52,6.71,东北_黑龙江,45.75,126.63,NASA POWER API
2153,2153,2025-11-23,-0.79,0.01,84.92,2.89,99.53,6.47,东北_黑龙江,45.75,126.63,NASA POWER API
2154,2154,2025-11-24,-4.62,0.01,81.99,3.26,100.31,3.6,东北_黑龙江,45.75,126.63,NASA POWER API
2155,2155,2025-11-25,-6.89,0.0,76.17,1.15,100.31,7.58,东北_黑龙江,45.75,126.63,NASA POWER API
2156,2156,2025-11-26,-5.39,1.46,82.92,2.08,100.1,3.94,东北_黑龙江,45.75,126.63,NASA POWER API
2157,2157,2025-11-27,-8.34,1.79,74.36,2.91,99.93,6.33,东北_黑龙江,45.75,126.63,NASA POWER API
2158,2158,2025-11-28,-10.51,0.32,75.99,2.62,99.86,7.63,东北_黑龙江,45.75,126.63,NASA POWER API
2159,2159,2025-11-29,-3.17,2.11,86.38,5.13,98.7,2.09,东北_黑龙江,45.75,126.63,NASA POWER API
2160,2160,2025-11-30,-10.88,0.06,75.67,3.7,99.86,7.42,东北_黑龙江,45.75,126.63,NASA POWER API
2161,2161,2025-12-01,-12.16,0.57,76.29,2.05,100.12,5.41,东北_黑龙江,45.75,126.63,NASA POWER API
2162,2162,2025-12-02,-14.53,0.45,66.86,3.27,100.37,3.88,东北_黑龙江,45.75,126.63,NASA POWER API
2163,2163,2025-12-03,-18.84,0.05,67.39,3.61,100.43,5.63,东北_黑龙江,45.75,126.63,NASA POWER API
2164,2164,2025-12-04,-17.55,0.0,77.91,3.28,100.34,6.44,东北_黑龙江,45.75,126.63,NASA POWER API
2165,2165,2025-12-05,-12.24,0.0,83.19,4.64,99.73,6.57,东北_黑龙江,45.75,126.63,NASA POWER API
2166,2166,2025-12-06,-6.57,0.0,84.99,3.85,98.99,5.0,东北_黑龙江,45.75,126.63,NASA POWER API
2167,2167,2025-12-07,-8.26,0.32,87.97,1.5,99.72,4.14,东北_黑龙江,45.75,126.63,NASA POWER API
2168,2168,2025-12-08,-12.25,0.03,78.95,3.18,100.45,6.18,东北_黑龙江,45.75,126.63,NASA POWER API
2169,2169,2025-12-09,-14.26,0.03,86.46,1.8,100.75,5.92,东北_黑龙江,45.75,126.63,NASA POWER API
2170,2170,2025-12-10,-14.21,0.0,68.93,2.99,100.6,6.11,东北_黑龙江,45.75,126.63,NASA POWER API
2171,2171,2025-12-11,-19.73,0.0,72.6,3.79,101.23,6.15,东北_黑龙江,45.75,126.63,NASA POWER API
2172,2172,2025-12-12,-17.17,0.0,75.97,3.32,101.56,6.15,东北_黑龙江,45.75,126.63,NASA POWER API
2173,2173,2025-12-13,-15.24,0.0,83.77,2.24,100.74,5.44,东北_黑龙江,45.75,126.63,NASA POWER API
2174,2174,2025-12-14,-13.17,0.0,78.65,2.4,100.11,5.76,东北_黑龙江,45.75,126.63,NASA POWER API
2175,2175,2025-12-15,-14.04,0.05,86.36,3.42,100.25,4.77,东北_黑龙江,45.75,126.63,NASA POWER API
2176,2176,2025-12-16,-21.02,0.0,79.01,2.29,101.31,5.76,东北_黑龙江,45.75,126.63,NASA POWER API
2177,2177,2025-12-17,-17.59,0.0,78.37,1.87,100.95,5.42,东北_黑龙江,45.75,126.63,NASA POWER API
2178,2178,2025-12-18,-11.88,0.07,91.85,2.84,100.37,3.74,东北_黑龙江,45.75,126.63,NASA POWER API
2179,2179,2025-12-19,-3.57,1.99,89.64,6.48,99.06,1.83,东北_黑龙江,45.75,126.63,NASA POWER API
2180,2180,2025-12-20,-13.23,0.03,78.33,3.69,100.11,6.17,东北_黑龙江,45.75,126.63,NASA POWER API
2181,2181,2025-12-21,-16.66,0.0,73.16,1.91,101.12,5.49,东北_黑龙江,45.75,126.63,NASA POWER API
2182,2182,2025-12-22,-13.93,0.05,80.29,3.76,100.91,5.25,东北_黑龙江,45.75,126.63,NASA POWER API
2183,2183,2025-12-23,-9.71,7.92,95.68,4.81,99.81,1.61,东北_黑龙江,45.75,126.63,NASA POWER API
2184,2184,2025-12-24,-18.93,0.03,85.65,2.81,100.63,6.39,东北_黑龙江,45.75,126.63,NASA POWER API
2185,2185,2025-12-25,-23.75,0.03,80.98,2.79,100.69,6.01,东北_黑龙江,45.75,126.63,NASA POWER API
2186,2186,2025-12-26,-26.38,0.0,83.34,3.23,100.66,6.73,东北_黑龙江,45.75,126.63,NASA POWER API
2187,2187,2025-12-27,-21.2,0.0,85.9,2.64,100.18,6.8,东北_黑龙江,45.75,126.63,NASA POWER API
2188,2188,2025-12-28,-12.41,0.1,93.24,4.88,99.24,3.24,东北_黑龙江,45.75,126.63,NASA POWER API
2189,2189,2025-12-29,-17.26,0.0,86.33,3.62,99.67,6.73,东北_黑龙江,45.75,126.63,NASA POWER API
2190,2190,2025-12-30,-19.12,0.12,87.43,3.15,100.39,6.64,东北_黑龙江,45.75,126.63,NASA POWER API
2191,2191,2025-12-31,-23.52,0.02,85.94,3.37,101.04,5.65,东北_黑龙江,45.75,126.63,NASA POWER API
