,Unnamed: 0,date,temperature,precipitation,humidity,wind_speed,surface_pressure,solar_radiation,region,latitude,longitude,data_source
0,0,2020-01-01,4.13,0.27,73.14,1.84,102.65,3.18,华中_湖北,30.59,114.3,NASA POWER API
1,1,2020-01-02,6.92,0.21,81.93,1.47,102.53,2.27,华中_湖北,30.59,114.3,NASA POWER API
2,2,2020-01-03,6.85,1.68,87.99,1.69,102.46,2.68,华中_湖北,30.59,114.3,NASA POWER API
3,3,2020-01-04,7.54,0.6,88.53,0.88,102.23,2.45,华中_湖北,30.59,114.3,NASA POWER API
4,4,2020-01-05,9.56,3.25,91.31,1.78,101.76,2.22,华中_湖北,30.59,114.3,NASA POWER API
5,5,2020-01-06,7.33,12.11,87.31,4.07,101.57,2.41,华中_湖北,30.59,114.3,NASA POWER API
6,6,2020-01-07,3.9,13.37,83.15,4.7,101.92,6.0,华中_湖北,30.59,114.3,NASA POWER API
7,7,2020-01-08,2.67,4.29,86.2,3.08,102.42,6.24,华中_湖北,30.59,114.3,NASA POWER API
8,8,2020-01-09,1.85,23.2,92.28,2.17,102.13,2.05,华中_湖北,30.59,114.3,NASA POWER API
9,9,2020-01-10,1.23,12.51,94.11,2.41,102.01,1.96,华中_湖北,30.59,114.3,NASA POWER API
10,10,2020-01-11,3.0,0.27,87.62,2.56,102.14,3.2,华中_湖北,30.59,114.3,NASA POWER API
11,11,2020-01-12,2.73,0.02,83.57,1.09,102.16,8.89,华中_湖北,30.59,114.3,NASA POWER API
12,12,2020-01-13,3.95,0.0,83.64,1.95,102.03,8.74,华中_湖北,30.59,114.3,NASA POWER API
13,13,2020-01-14,4.48,0.0,76.14,2.92,102.34,9.97,华中_湖北,30.59,114.3,NASA POWER API
14,14,2020-01-15,2.96,9.72,87.8,3.34,102.16,1.28,华中_湖北,30.59,114.3,NASA POWER API
15,15,2020-01-16,1.89,0.09,85.2,4.74,102.45,3.37,华中_湖北,30.59,114.3,NASA POWER API
16,16,2020-01-17,2.38,0.0,80.81,1.82,102.57,3.49,华中_湖北,30.59,114.3,NASA POWER API
17,17,2020-01-18,3.65,0.0,79.17,1.4,102.31,7.61,华中_湖北,30.59,114.3,NASA POWER API
18,18,2020-01-19,4.86,0.0,71.46,1.69,102.25,11.57,华中_湖北,30.59,114.3,NASA POWER API
19,19,2020-01-20,6.64,0.0,65.39,0.96,102.21,12.26,华中_湖北,30.59,114.3,NASA POWER API
20,20,2020-01-21,6.6,1.39,83.31,1.99,101.95,2.07,华中_湖北,30.59,114.3,NASA POWER API
21,21,2020-01-22,5.95,16.48,90.32,2.88,101.78,2.17,华中_湖北,30.59,114.3,NASA POWER API
22,22,2020-01-23,6.67,6.41,90.83,2.37,101.95,3.0,华中_湖北,30.59,114.3,NASA POWER API
23,23,2020-01-24,6.66,4.74,88.84,4.05,102.36,2.36,华中_湖北,30.59,114.3,NASA POWER API
24,24,2020-01-25,4.62,5.5,87.45,3.96,102.44,2.69,华中_湖北,30.59,114.3,NASA POWER API
25,25,2020-01-26,2.85,4.05,86.7,4.94,102.23,3.4,华中_湖北,30.59,114.3,NASA POWER API
26,26,2020-01-27,2.9,0.29,82.94,3.18,102.13,4.89,华中_湖北,30.59,114.3,NASA POWER API
27,27,2020-01-28,4.01,0.01,73.63,1.58,102.19,8.18,华中_湖北,30.59,114.3,NASA POWER API
28,28,2020-01-29,5.33,0.0,73.25,1.97,102.28,12.35,华中_湖北,30.59,114.3,NASA POWER API
29,29,2020-01-30,5.89,0.0,70.8,1.75,102.23,12.38,华中_湖北,30.59,114.3,NASA POWER API
30,30,2020-01-31,6.5,0.0,70.68,1.97,102.18,14.42,华中_湖北,30.59,114.3,NASA POWER API
31,31,2020-02-01,7.57,0.02,70.24,2.59,102.08,10.22,华中_湖北,30.59,114.3,NASA POWER API
32,32,2020-02-02,8.71,0.44,71.9,1.29,102.17,4.42,华中_湖北,30.59,114.3,NASA POWER API
33,33,2020-02-03,8.45,0.0,70.78,1.38,102.27,11.61,华中_湖北,30.59,114.3,NASA POWER API
34,34,2020-02-04,9.47,0.0,66.51,1.07,102.11,13.71,华中_湖北,30.59,114.3,NASA POWER API
35,35,2020-02-05,8.97,0.26,73.62,2.83,102.17,13.84,华中_湖北,30.59,114.3,NASA POWER API
36,36,2020-02-06,4.91,21.32,91.4,4.2,102.16,2.48,华中_湖北,30.59,114.3,NASA POWER API
37,37,2020-02-07,5.43,0.05,84.65,2.61,102.61,3.8,华中_湖北,30.59,114.3,NASA POWER API
38,38,2020-02-08,6.3,0.0,81.18,1.91,102.88,6.6,华中_湖北,30.59,114.3,NASA POWER API
39,39,2020-02-09,7.84,0.0,76.55,1.16,102.72,15.6,华中_湖北,30.59,114.3,NASA POWER API
40,40,2020-02-10,9.19,2.49,80.2,1.89,102.01,4.51,华中_湖北,30.59,114.3,NASA POWER API
41,41,2020-02-11,10.21,4.06,89.74,1.42,101.64,5.52,华中_湖北,30.59,114.3,NASA POWER API
42,42,2020-02-12,11.86,0.16,87.72,1.13,101.47,8.23,华中_湖北,30.59,114.3,NASA POWER API
43,43,2020-02-13,13.69,0.14,90.21,2.36,100.94,8.8,华中_湖北,30.59,114.3,NASA POWER API
44,44,2020-02-14,13.26,11.72,89.9,4.09,101.0,4.37,华中_湖北,30.59,114.3,NASA POWER API
45,45,2020-02-15,2.27,20.23,82.51,8.81,102.42,2.2,华中_湖北,30.59,114.3,NASA POWER API
46,46,2020-02-16,2.92,0.0,62.61,2.64,102.86,18.49,华中_湖北,30.59,114.3,NASA POWER API
47,47,2020-02-17,5.3,1.21,61.72,2.39,102.97,18.97,华中_湖北,30.59,114.3,NASA POWER API
48,48,2020-02-18,6.97,0.0,62.91,1.85,102.66,18.69,华中_湖北,30.59,114.3,NASA POWER API
49,49,2020-02-19,9.23,0.0,67.43,2.02,102.18,8.8,华中_湖北,30.59,114.3,NASA POWER API
50,50,2020-02-20,10.05,0.0,73.4,2.48,102.42,18.49,华中_湖北,30.59,114.3,NASA POWER API
51,51,2020-02-21,10.92,1.69,76.27,2.15,102.66,7.81,华中_湖北,30.59,114.3,NASA POWER API
52,52,2020-02-22,11.09,0.01,74.87,1.37,102.8,15.75,华中_湖北,30.59,114.3,NASA POWER API
53,53,2020-02-23,13.46,0.0,72.15,2.11,102.09,13.63,华中_湖北,30.59,114.3,NASA POWER API
54,54,2020-02-24,17.69,0.1,79.57,3.8,101.2,9.71,华中_湖北,30.59,114.3,NASA POWER API
55,55,2020-02-25,17.16,10.07,85.06,2.9,101.32,12.98,华中_湖北,30.59,114.3,NASA POWER API
56,56,2020-02-26,13.65,27.57,87.23,2.98,101.91,3.99,华中_湖北,30.59,114.3,NASA POWER API
57,57,2020-02-27,11.54,11.13,85.82,3.1,101.97,3.65,华中_湖北,30.59,114.3,NASA POWER API
58,58,2020-02-28,8.56,8.42,87.51,3.34,101.62,3.19,华中_湖北,30.59,114.3,NASA POWER API
59,59,2020-02-29,10.11,2.96,80.02,1.58,101.42,10.07,华中_湖北,30.59,114.3,NASA POWER API
60,60,2020-03-01,10.1,1.81,83.64,4.03,101.82,9.71,华中_湖北,30.59,114.3,NASA POWER API
61,61,2020-03-02,8.16,5.39,86.27,3.3,102.08,4.72,华中_湖北,30.59,114.3,NASA POWER API
62,62,2020-03-03,7.93,1.79,81.68,2.05,102.09,5.88,华中_湖北,30.59,114.3,NASA POWER API
63,63,2020-03-04,9.75,0.19,71.95,1.88,102.22,14.11,华中_湖北,30.59,114.3,NASA POWER API
64,64,2020-03-05,10.41,0.09,72.98,3.13,101.98,16.57,华中_湖北,30.59,114.3,NASA POWER API
65,65,2020-03-06,11.48,2.68,85.46,1.51,101.28,4.91,华中_湖北,30.59,114.3,NASA POWER API
66,66,2020-03-07,13.63,0.19,83.33,1.55,101.13,16.8,华中_湖北,30.59,114.3,NASA POWER API
67,67,2020-03-08,15.24,14.7,89.14,3.19,100.54,8.33,华中_湖北,30.59,114.3,NASA POWER API
68,68,2020-03-09,12.68,15.26,86.04,6.04,100.91,3.04,华中_湖北,30.59,114.3,NASA POWER API
69,69,2020-03-10,10.8,0.1,75.83,2.63,101.82,16.61,华中_湖北,30.59,114.3,NASA POWER API
70,70,2020-03-11,12.39,0.0,77.42,2.2,101.59,14.65,华中_湖北,30.59,114.3,NASA POWER API
71,71,2020-03-12,12.89,0.22,83.05,1.45,101.32,8.2,华中_湖北,30.59,114.3,NASA POWER API
72,72,2020-03-13,12.63,0.15,80.56,4.28,101.95,14.35,华中_湖北,30.59,114.3,NASA POWER API
73,73,2020-03-14,12.16,0.06,69.63,1.92,102.12,21.29,华中_湖北,30.59,114.3,NASA POWER API
74,74,2020-03-15,14.16,0.0,67.06,1.79,101.78,21.02,华中_湖北,30.59,114.3,NASA POWER API
75,75,2020-03-16,15.81,0.0,63.22,1.9,101.72,5.62,华中_湖北,30.59,114.3,NASA POWER API
76,76,2020-03-17,16.41,0.0,62.83,1.62,101.58,19.63,华中_湖北,30.59,114.3,NASA POWER API
77,77,2020-03-18,15.63,0.0,75.13,2.42,101.19,22.66,华中_湖北,30.59,114.3,NASA POWER API
78,78,2020-03-19,15.97,0.0,68.87,2.57,101.18,20.94,华中_湖北,30.59,114.3,NASA POWER API
79,79,2020-03-20,18.23,0.0,70.93,2.72,100.94,20.79,华中_湖北,30.59,114.3,NASA POWER API
80,80,2020-03-21,20.87,5.16,83.26,2.2,100.44,8.56,华中_湖北,30.59,114.3,NASA POWER API
81,81,2020-03-22,18.82,2.54,81.7,3.51,101.01,9.17,华中_湖北,30.59,114.3,NASA POWER API
82,82,2020-03-23,18.54,0.8,81.43,2.02,101.33,15.47,华中_湖北,30.59,114.3,NASA POWER API
83,83,2020-03-24,18.05,0.06,83.53,2.74,101.1,11.92,华中_湖北,30.59,114.3,NASA POWER API
84,84,2020-03-25,20.2,5.16,91.85,3.06,100.52,4.67,华中_湖北,30.59,114.3,NASA POWER API
85,85,2020-03-26,19.71,12.21,91.33,3.19,100.63,10.14,华中_湖北,30.59,114.3,NASA POWER API
86,86,2020-03-27,9.24,22.68,81.27,7.61,101.74,2.48,华中_湖北,30.59,114.3,NASA POWER API
87,87,2020-03-28,8.29,5.5,76.79,4.31,102.14,11.82,华中_湖北,30.59,114.3,NASA POWER API
88,88,2020-03-29,6.31,24.42,87.48,2.54,101.71,4.59,华中_湖北,30.59,114.3,NASA POWER API
89,89,2020-03-30,9.32,0.52,79.44,1.46,101.6,8.5,华中_湖北,30.59,114.3,NASA POWER API
90,90,2020-03-31,10.84,0.21,77.34,1.26,101.51,5.48,华中_湖北,30.59,114.3,NASA POWER API
91,91,2020-04-01,13.02,0.01,77.83,1.95,101.75,16.53,华中_湖北,30.59,114.3,NASA POWER API
92,92,2020-04-02,13.97,0.01,80.82,2.73,101.83,9.68,华中_湖北,30.59,114.3,NASA POWER API
93,93,2020-04-03,13.31,0.08,75.4,2.42,101.9,12.99,华中_湖北,30.59,114.3,NASA POWER API
94,94,2020-04-04,15.11,0.01,71.34,1.81,102.03,18.41,华中_湖北,30.59,114.3,NASA POWER API
95,95,2020-04-05,15.18,0.0,74.33,2.98,102.0,13.98,华中_湖北,30.59,114.3,NASA POWER API
96,96,2020-04-06,16.02,0.0,65.91,1.61,101.65,18.91,华中_湖北,30.59,114.3,NASA POWER API
97,97,2020-04-07,17.59,0.0,61.72,0.96,101.48,20.39,华中_湖北,30.59,114.3,NASA POWER API
98,98,2020-04-08,18.09,0.0,66.43,1.43,101.38,19.68,华中_湖北,30.59,114.3,NASA POWER API
99,99,2020-04-09,19.47,0.0,66.42,1.7,101.37,23.46,华中_湖北,30.59,114.3,NASA POWER API
100,100,2020-04-10,16.34,7.77,82.49,4.14,101.47,8.09,华中_湖北,30.59,114.3,NASA POWER API
101,101,2020-04-11,9.57,9.15,81.18,6.19,102.03,5.99,华中_湖北,30.59,114.3,NASA POWER API
102,102,2020-04-12,12.67,0.16,68.11,3.03,101.99,25.77,华中_湖北,30.59,114.3,NASA POWER API
103,103,2020-04-13,15.7,0.03,56.67,1.25,101.73,25.43,华中_湖北,30.59,114.3,NASA POWER API
104,104,2020-04-14,16.36,0.0,66.69,3.17,101.21,16.07,华中_湖北,30.59,114.3,NASA POWER API
105,105,2020-04-15,19.09,0.01,72.36,2.63,100.8,25.31,华中_湖北,30.59,114.3,NASA POWER API
106,106,2020-04-16,22.11,0.0,75.01,3.31,100.52,21.43,华中_湖北,30.59,114.3,NASA POWER API
107,107,2020-04-17,19.54,0.5,65.92,3.87,101.05,11.59,华中_湖北,30.59,114.3,NASA POWER API
108,108,2020-04-18,16.08,17.46,81.86,3.65,101.05,2.67,华中_湖北,30.59,114.3,NASA POWER API
109,109,2020-04-19,15.83,8.96,73.88,3.44,101.13,18.01,华中_湖北,30.59,114.3,NASA POWER API
110,110,2020-04-20,15.42,18.27,83.3,2.42,101.26,3.7,华中_湖北,30.59,114.3,NASA POWER API
111,111,2020-04-21,15.42,1.47,81.85,2.71,101.53,6.02,华中_湖北,30.59,114.3,NASA POWER API
112,112,2020-04-22,17.36,0.02,64.65,1.74,101.76,14.93,华中_湖北,30.59,114.3,NASA POWER API
113,113,2020-04-23,17.51,0.02,60.11,1.91,101.88,14.05,华中_湖北,30.59,114.3,NASA POWER API
114,114,2020-04-24,17.24,0.0,70.36,2.85,101.73,24.23,华中_湖北,30.59,114.3,NASA POWER API
115,115,2020-04-25,18.72,0.0,70.33,3.62,101.35,23.81,华中_湖北,30.59,114.3,NASA POWER API
116,116,2020-04-26,20.64,0.0,70.58,2.82,101.3,26.86,华中_湖北,30.59,114.3,NASA POWER API
117,117,2020-04-27,20.72,0.07,71.19,3.25,101.49,23.78,华中_湖北,30.59,114.3,NASA POWER API
118,118,2020-04-28,19.09,0.0,63.8,1.68,101.55,26.09,华中_湖北,30.59,114.3,NASA POWER API
119,119,2020-04-29,23.44,0.0,69.84,2.83,100.96,26.2,华中_湖北,30.59,114.3,NASA POWER API
120,120,2020-04-30,23.66,0.47,75.15,3.66,100.77,12.57,华中_湖北,30.59,114.3,NASA POWER API
121,121,2020-05-01,23.98,2.46,83.73,2.12,100.4,18.69,华中_湖北,30.59,114.3,NASA POWER API
122,122,2020-05-02,25.36,0.04,79.82,3.32,100.1,24.32,华中_湖北,30.59,114.3,NASA POWER API
123,123,2020-05-03,26.94,0.0,75.53,2.66,100.12,26.42,华中_湖北,30.59,114.3,NASA POWER API
124,124,2020-05-04,27.79,14.04,75.96,1.94,100.24,20.37,华中_湖北,30.59,114.3,NASA POWER API
125,125,2020-05-05,23.19,13.57,84.68,3.67,100.26,11.57,华中_湖北,30.59,114.3,NASA POWER API
126,126,2020-05-06,22.35,3.58,82.91,3.41,100.44,10.25,华中_湖北,30.59,114.3,NASA POWER API
127,127,2020-05-07,23.94,11.37,89.52,3.36,100.04,11.16,华中_湖北,30.59,114.3,NASA POWER API
128,128,2020-05-08,23.88,55.29,86.96,4.34,100.02,7.52,华中_湖北,30.59,114.3,NASA POWER API
129,129,2020-05-09,20.51,1.73,79.37,3.9,100.61,14.35,华中_湖北,30.59,114.3,NASA POWER API
130,130,2020-05-10,21.05,0.01,70.27,2.03,100.96,25.82,华中_湖北,30.59,114.3,NASA POWER API
131,131,2020-05-11,21.6,0.03,63.94,2.9,101.04,22.08,华中_湖北,30.59,114.3,NASA POWER API
132,132,2020-05-12,20.98,0.0,61.45,2.24,101.0,28.25,华中_湖北,30.59,114.3,NASA POWER API
133,133,2020-05-13,21.45,5.44,71.34,2.5,100.84,18.24,华中_湖北,30.59,114.3,NASA POWER API
134,134,2020-05-14,20.39,50.2,91.0,2.44,100.28,2.5,华中_湖北,30.59,114.3,NASA POWER API
135,135,2020-05-15,21.85,1.97,79.05,1.23,100.22,11.52,华中_湖北,30.59,114.3,NASA POWER API
136,136,2020-05-16,23.58,0.15,75.49,1.24,100.24,16.97,华中_湖北,30.59,114.3,NASA POWER API
137,137,2020-05-17,24.22,0.0,84.44,2.51,99.98,21.3,华中_湖北,30.59,114.3,NASA POWER API
138,138,2020-05-18,22.78,0.0,65.49,3.82,100.17,28.11,华中_湖北,30.59,114.3,NASA POWER API
139,139,2020-05-19,23.05,0.0,61.18,2.38,100.37,27.61,华中_湖北,30.59,114.3,NASA POWER API
140,140,2020-05-20,22.99,1.13,71.98,2.85,100.32,9.85,华中_湖北,30.59,114.3,NASA POWER API
141,141,2020-05-21,23.32,1.31,73.78,2.14,100.31,10.64,华中_湖北,30.59,114.3,NASA POWER API
142,142,2020-05-22,25.35,0.17,74.51,1.36,100.28,22.21,华中_湖北,30.59,114.3,NASA POWER API
143,143,2020-05-23,26.87,0.0,74.24,1.63,100.34,26.57,华中_湖北,30.59,114.3,NASA POWER API
144,144,2020-05-24,26.0,1.52,70.23,3.06,100.6,17.61,华中_湖北,30.59,114.3,NASA POWER API
145,145,2020-05-25,22.14,11.2,74.36,3.08,100.76,5.17,华中_湖北,30.59,114.3,NASA POWER API
146,146,2020-05-26,23.72,0.33,70.11,1.46,100.68,21.5,华中_湖北,30.59,114.3,NASA POWER API
147,147,2020-05-27,25.75,0.54,68.13,1.7,100.68,21.26,华中_湖北,30.59,114.3,NASA POWER API
148,148,2020-05-28,25.63,0.21,71.19,1.83,100.65,12.23,华中_湖北,30.59,114.3,NASA POWER API
149,149,2020-05-29,23.9,6.55,81.52,2.09,100.53,4.23,华中_湖北,30.59,114.3,NASA POWER API
150,150,2020-05-30,24.87,1.2,73.55,1.46,100.53,19.59,华中_湖北,30.59,114.3,NASA POWER API
151,151,2020-05-31,26.2,0.01,74.14,1.62,100.63,14.02,华中_湖北,30.59,114.3,NASA POWER API
152,152,2020-06-01,26.72,0.0,74.24,2.25,100.51,26.25,华中_湖北,30.59,114.3,NASA POWER API
153,153,2020-06-02,26.78,6.57,77.71,1.51,100.19,14.47,华中_湖北,30.59,114.3,NASA POWER API
154,154,2020-06-03,26.54,18.63,77.12,2.07,99.97,19.93,华中_湖北,30.59,114.3,NASA POWER API
155,155,2020-06-04,27.12,16.08,81.47,2.5,99.96,21.53,华中_湖北,30.59,114.3,NASA POWER API
156,156,2020-06-05,27.9,0.44,77.91,2.01,99.93,21.07,华中_湖北,30.59,114.3,NASA POWER API
157,157,2020-06-06,27.86,0.09,74.53,2.57,100.12,22.62,华中_湖北,30.59,114.3,NASA POWER API
158,158,2020-06-07,27.1,0.55,82.37,3.44,100.09,18.02,华中_湖北,30.59,114.3,NASA POWER API
159,159,2020-06-08,28.19,2.41,80.09,3.37,100.06,24.83,华中_湖北,30.59,114.3,NASA POWER API
160,160,2020-06-09,27.49,34.76,87.14,2.34,100.13,10.99,华中_湖北,30.59,114.3,NASA POWER API
161,161,2020-06-10,27.88,32.04,84.12,2.59,100.1,9.72,华中_湖北,30.59,114.3,NASA POWER API
162,162,2020-06-11,28.15,8.78,82.88,1.66,99.95,16.02,华中_湖北,30.59,114.3,NASA POWER API
163,163,2020-06-12,29.1,29.27,85.99,3.14,99.68,15.72,华中_湖北,30.59,114.3,NASA POWER API
164,164,2020-06-13,28.08,78.06,91.14,2.77,99.93,9.49,华中_湖北,30.59,114.3,NASA POWER API
165,165,2020-06-14,28.13,16.55,85.2,1.34,100.36,7.03,华中_湖北,30.59,114.3,NASA POWER API
166,166,2020-06-15,29.19,7.88,84.88,2.99,100.26,19.98,华中_湖北,30.59,114.3,NASA POWER API
167,167,2020-06-16,29.15,4.21,84.56,3.93,99.89,19.37,华中_湖北,30.59,114.3,NASA POWER API
168,168,2020-06-17,29.66,2.63,82.34,4.63,99.64,21.0,华中_湖北,30.59,114.3,NASA POWER API
169,169,2020-06-18,23.77,16.4,82.85,2.85,100.1,7.37,华中_湖北,30.59,114.3,NASA POWER API
170,170,2020-06-19,25.39,2.18,78.12,1.34,100.41,11.55,华中_湖北,30.59,114.3,NASA POWER API
171,171,2020-06-20,24.92,23.57,87.89,2.21,100.21,4.93,华中_湖北,30.59,114.3,NASA POWER API
172,172,2020-06-21,26.93,27.89,92.82,2.49,99.7,6.7,华中_湖北,30.59,114.3,NASA POWER API
173,173,2020-06-22,27.39,21.71,89.86,3.12,99.78,6.04,华中_湖北,30.59,114.3,NASA POWER API
174,174,2020-06-23,24.71,32.03,87.59,2.28,99.94,7.52,华中_湖北,30.59,114.3,NASA POWER API
175,175,2020-06-24,26.9,0.66,77.78,1.27,99.94,17.4,华中_湖北,30.59,114.3,NASA POWER API
176,176,2020-06-25,27.31,0.13,78.02,1.69,99.95,24.43,华中_湖北,30.59,114.3,NASA POWER API
177,177,2020-06-26,28.57,8.93,83.97,2.04,99.88,16.82,华中_湖北,30.59,114.3,NASA POWER API
178,178,2020-06-27,28.5,20.22,89.76,2.64,99.85,11.91,华中_湖北,30.59,114.3,NASA POWER API
179,179,2020-06-28,29.05,20.48,85.88,5.3,99.62,3.44,华中_湖北,30.59,114.3,NASA POWER API
180,180,2020-06-29,26.52,48.94,84.98,2.4,99.72,8.26,华中_湖北,30.59,114.3,NASA POWER API
181,181,2020-06-30,28.58,0.02,77.78,1.18,99.83,22.54,华中_湖北,30.59,114.3,NASA POWER API
182,182,2020-07-01,29.01,0.5,79.1,1.84,100.0,20.21,华中_湖北,30.59,114.3,NASA POWER API
183,183,2020-07-02,26.72,53.77,91.46,2.89,99.91,3.51,华中_湖北,30.59,114.3,NASA POWER API
184,184,2020-07-03,27.15,0.75,82.72,2.34,100.18,17.22,华中_湖北,30.59,114.3,NASA POWER API
185,185,2020-07-04,26.63,49.62,91.82,2.19,100.16,5.99,华中_湖北,30.59,114.3,NASA POWER API
186,186,2020-07-05,27.89,43.7,92.0,3.02,99.71,6.6,华中_湖北,30.59,114.3,NASA POWER API
187,187,2020-07-06,27.13,77.72,91.26,3.59,99.55,9.76,华中_湖北,30.59,114.3,NASA POWER API
188,188,2020-07-07,27.09,74.1,93.92,2.57,99.92,2.62,华中_湖北,30.59,114.3,NASA POWER API
189,189,2020-07-08,28.4,27.83,85.65,1.36,99.77,11.45,华中_湖北,30.59,114.3,NASA POWER API
190,190,2020-07-09,28.41,3.25,80.23,1.61,99.54,17.17,华中_湖北,30.59,114.3,NASA POWER API
191,191,2020-07-10,27.56,9.39,84.2,2.59,99.71,16.53,华中_湖北,30.59,114.3,NASA POWER API
192,192,2020-07-11,28.02,21.58,91.55,4.52,99.62,9.04,华中_湖北,30.59,114.3,NASA POWER API
193,193,2020-07-12,27.69,2.35,89.21,4.4,99.86,10.62,华中_湖北,30.59,114.3,NASA POWER API
194,194,2020-07-13,24.51,3.83,87.53,2.26,100.34,11.04,华中_湖北,30.59,114.3,NASA POWER API
195,195,2020-07-14,26.45,2.39,84.3,1.13,100.26,14.19,华中_湖北,30.59,114.3,NASA POWER API
196,196,2020-07-15,26.68,6.64,89.34,1.61,100.0,6.22,华中_湖北,30.59,114.3,NASA POWER API
197,197,2020-07-16,26.67,11.27,90.68,2.33,99.94,6.77,华中_湖北,30.59,114.3,NASA POWER API
198,198,2020-07-17,28.49,4.26,88.38,2.65,99.86,14.05,华中_湖北,30.59,114.3,NASA POWER API
199,199,2020-07-18,29.02,58.96,87.17,3.6,99.69,8.93,华中_湖北,30.59,114.3,NASA POWER API
200,200,2020-07-19,24.99,46.83,88.24,3.32,99.89,6.7,华中_湖北,30.59,114.3,NASA POWER API
201,201,2020-07-20,26.58,0.19,77.74,0.89,100.45,18.32,华中_湖北,30.59,114.3,NASA POWER API
202,202,2020-07-21,27.43,6.75,88.16,2.62,100.42,11.31,华中_湖北,30.59,114.3,NASA POWER API
203,203,2020-07-22,28.91,0.74,90.35,3.73,100.06,22.02,华中_湖北,30.59,114.3,NASA POWER API
204,204,2020-07-23,29.62,0.01,83.67,2.68,100.14,22.63,华中_湖北,30.59,114.3,NASA POWER API
205,205,2020-07-24,28.96,0.95,85.17,1.31,100.25,17.39,华中_湖北,30.59,114.3,NASA POWER API
206,206,2020-07-25,27.68,1.41,87.98,1.73,100.17,14.16,华中_湖北,30.59,114.3,NASA POWER API
207,207,2020-07-26,26.94,8.32,90.39,1.92,100.01,5.13,华中_湖北,30.59,114.3,NASA POWER API
208,208,2020-07-27,26.33,40.95,90.13,2.01,100.03,7.99,华中_湖北,30.59,114.3,NASA POWER API
209,209,2020-07-28,28.01,1.98,81.95,0.9,100.23,13.01,华中_湖北,30.59,114.3,NASA POWER API
210,210,2020-07-29,27.93,4.36,87.63,1.95,100.35,19.75,华中_湖北,30.59,114.3,NASA POWER API
211,211,2020-07-30,27.99,1.36,91.81,2.18,100.44,15.9,华中_湖北,30.59,114.3,NASA POWER API
212,212,2020-07-31,29.6,0.35,84.58,1.66,100.33,22.86,华中_湖北,30.59,114.3,NASA POWER API
213,213,2020-08-01,30.18,0.04,82.46,1.65,100.24,24.85,华中_湖北,30.59,114.3,NASA POWER API
214,214,2020-08-02,30.21,0.0,81.26,2.56,100.09,23.49,华中_湖北,30.59,114.3,NASA POWER API
215,215,2020-08-03,30.61,0.16,80.57,2.35,99.98,25.79,华中_湖北,30.59,114.3,NASA POWER API
216,216,2020-08-04,31.86,8.97,77.0,1.28,99.81,25.21,华中_湖北,30.59,114.3,NASA POWER API
217,217,2020-08-05,31.35,0.92,81.64,2.35,100.02,22.29,华中_湖北,30.59,114.3,NASA POWER API
218,218,2020-08-06,29.9,0.02,85.69,3.84,100.15,20.07,华中_湖北,30.59,114.3,NASA POWER API
219,219,2020-08-07,29.65,0.01,85.21,4.71,99.91,21.38,华中_湖北,30.59,114.3,NASA POWER API
220,220,2020-08-08,29.2,11.6,86.62,4.35,99.63,14.46,华中_湖北,30.59,114.3,NASA POWER API
221,221,2020-08-09,28.95,27.63,90.01,2.72,99.5,16.89,华中_湖北,30.59,114.3,NASA POWER API
222,222,2020-08-10,29.14,42.44,87.81,1.94,99.65,15.93,华中_湖北,30.59,114.3,NASA POWER API
223,223,2020-08-11,29.14,11.0,87.89,2.48,99.93,18.06,华中_湖北,30.59,114.3,NASA POWER API
224,224,2020-08-12,28.36,4.29,88.78,4.04,100.22,13.68,华中_湖北,30.59,114.3,NASA POWER API
225,225,2020-08-13,29.28,0.04,85.18,3.94,100.25,23.86,华中_湖北,30.59,114.3,NASA POWER API
226,226,2020-08-14,28.3,0.0,86.36,3.98,100.19,24.29,华中_湖北,30.59,114.3,NASA POWER API
227,227,2020-08-15,29.43,0.0,82.47,3.41,100.1,24.27,华中_湖北,30.59,114.3,NASA POWER API
228,228,2020-08-16,30.11,0.42,80.8,2.62,100.21,24.22,华中_湖北,30.59,114.3,NASA POWER API
229,229,2020-08-17,29.9,1.16,81.61,1.99,100.43,21.98,华中_湖北,30.59,114.3,NASA POWER API
230,230,2020-08-18,30.36,0.11,77.76,1.46,100.43,24.49,华中_湖北,30.59,114.3,NASA POWER API
231,231,2020-08-19,29.33,0.25,84.0,1.67,100.44,18.49,华中_湖北,30.59,114.3,NASA POWER API
232,232,2020-08-20,28.17,20.92,88.93,1.99,100.59,14.53,华中_湖北,30.59,114.3,NASA POWER API
233,233,2020-08-21,27.5,3.34,88.45,1.95,100.65,17.76,华中_湖北,30.59,114.3,NASA POWER API
234,234,2020-08-22,28.36,1.47,82.37,0.98,100.53,16.61,华中_湖北,30.59,114.3,NASA POWER API
235,235,2020-08-23,29.6,0.47,78.42,1.69,100.15,22.66,华中_湖北,30.59,114.3,NASA POWER API
236,236,2020-08-24,30.15,1.01,81.07,2.6,99.81,22.98,华中_湖北,30.59,114.3,NASA POWER API
237,237,2020-08-25,26.26,2.94,86.15,3.49,99.89,12.89,华中_湖北,30.59,114.3,NASA POWER API
238,238,2020-08-26,26.72,0.11,80.6,2.6,99.78,23.55,华中_湖北,30.59,114.3,NASA POWER API
239,239,2020-08-27,27.24,0.03,74.02,1.47,99.79,24.75,华中_湖北,30.59,114.3,NASA POWER API
240,240,2020-08-28,27.6,0.0,72.5,1.62,99.98,24.7,华中_湖北,30.59,114.3,NASA POWER API
241,241,2020-08-29,27.41,0.0,77.08,1.77,100.25,24.09,华中_湖北,30.59,114.3,NASA POWER API
242,242,2020-08-30,28.05,0.0,74.03,1.42,100.4,21.76,华中_湖北,30.59,114.3,NASA POWER API
243,243,2020-08-31,28.09,0.0,79.51,2.36,100.53,21.82,华中_湖北,30.59,114.3,NASA POWER API
244,244,2020-09-01,27.42,0.0,78.8,3.19,100.43,22.02,华中_湖北,30.59,114.3,NASA POWER API
245,245,2020-09-02,27.02,0.0,77.64,2.79,100.47,18.27,华中_湖北,30.59,114.3,NASA POWER API
246,246,2020-09-03,26.97,0.0,66.81,1.39,100.69,23.86,华中_湖北,30.59,114.3,NASA POWER API
247,247,2020-09-04,27.08,0.01,64.07,1.61,100.64,22.01,华中_湖北,30.59,114.3,NASA POWER API
248,248,2020-09-05,26.19,0.0,73.49,1.45,100.55,22.56,华中_湖北,30.59,114.3,NASA POWER API
249,249,2020-09-06,28.23,0.0,62.46,1.02,100.38,18.72,华中_湖北,30.59,114.3,NASA POWER API
250,250,2020-09-07,26.82,0.0,73.88,1.62,100.42,22.0,华中_湖北,30.59,114.3,NASA POWER API
251,251,2020-09-08,27.71,0.0,72.44,1.31,100.71,21.48,华中_湖北,30.59,114.3,NASA POWER API
252,252,2020-09-09,28.65,0.57,70.44,1.25,100.59,12.18,华中_湖北,30.59,114.3,NASA POWER API
253,253,2020-09-10,24.12,21.67,87.84,3.56,100.35,3.69,华中_湖北,30.59,114.3,NASA POWER API
254,254,2020-09-11,24.16,0.1,81.27,2.78,100.71,17.55,华中_湖北,30.59,114.3,NASA POWER API
255,255,2020-09-12,24.79,0.0,77.28,2.56,101.11,15.7,华中_湖北,30.59,114.3,NASA POWER API
256,256,2020-09-13,25.06,2.73,71.76,1.23,101.19,13.87,华中_湖北,30.59,114.3,NASA POWER API
257,257,2020-09-14,23.53,12.92,80.78,1.23,100.96,7.25,华中_湖北,30.59,114.3,NASA POWER API
258,258,2020-09-15,23.17,20.25,87.75,0.99,100.64,4.92,华中_湖北,30.59,114.3,NASA POWER API
259,259,2020-09-16,22.74,23.62,88.05,2.76,100.65,5.69,华中_湖北,30.59,114.3,NASA POWER API
260,260,2020-09-17,19.6,28.22,85.95,2.78,101.04,6.56,华中_湖北,30.59,114.3,NASA POWER API
261,261,2020-09-18,21.12,1.67,72.81,1.17,101.37,19.65,华中_湖北,30.59,114.3,NASA POWER API
262,262,2020-09-19,21.7,7.47,75.04,1.19,101.34,6.05,华中_湖北,30.59,114.3,NASA POWER API
263,263,2020-09-20,19.89,16.69,87.62,2.57,101.27,5.7,华中_湖北,30.59,114.3,NASA POWER API
264,264,2020-09-21,19.96,20.76,90.07,3.56,101.04,5.74,华中_湖北,30.59,114.3,NASA POWER API
265,265,2020-09-22,19.61,14.37,89.53,2.92,101.03,4.57,华中_湖北,30.59,114.3,NASA POWER API
266,266,2020-09-23,20.51,2.23,85.41,1.82,101.13,7.08,华中_湖北,30.59,114.3,NASA POWER API
267,267,2020-09-24,22.17,0.05,73.24,0.71,101.13,17.25,华中_湖北,30.59,114.3,NASA POWER API
268,268,2020-09-25,22.96,0.43,73.58,0.72,101.04,6.96,华中_湖北,30.59,114.3,NASA POWER API
269,269,2020-09-26,22.38,3.34,78.73,1.54,101.11,11.0,华中_湖北,30.59,114.3,NASA POWER API
270,270,2020-09-27,22.27,2.45,79.73,1.65,101.17,13.77,华中_湖北,30.59,114.3,NASA POWER API
271,271,2020-09-28,23.33,7.57,76.61,1.27,100.98,14.3,华中_湖北,30.59,114.3,NASA POWER API
272,272,2020-09-29,22.42,5.24,83.98,1.37,100.78,3.39,华中_湖北,30.59,114.3,NASA POWER API
273,273,2020-09-30,22.45,0.08,78.57,2.27,100.88,16.56,华中_湖北,30.59,114.3,NASA POWER API
274,274,2020-10-01,22.99,0.04,79.19,1.75,100.79,17.47,华中_湖北,30.59,114.3,NASA POWER API
275,275,2020-10-02,23.12,16.55,88.56,2.32,100.77,5.21,华中_湖北,30.59,114.3,NASA POWER API
276,276,2020-10-03,20.4,93.91,93.29,4.05,100.81,2.53,华中_湖北,30.59,114.3,NASA POWER API
277,277,2020-10-04,15.13,24.09,87.28,4.86,101.42,3.18,华中_湖北,30.59,114.3,NASA POWER API
278,278,2020-10-05,13.64,2.5,77.8,3.67,101.91,6.04,华中_湖北,30.59,114.3,NASA POWER API
279,279,2020-10-06,13.52,4.06,85.51,2.72,102.01,3.51,华中_湖北,30.59,114.3,NASA POWER API
280,280,2020-10-07,14.69,1.23,85.26,2.14,102.05,3.97,华中_湖北,30.59,114.3,NASA POWER API
281,281,2020-10-08,16.81,0.1,83.61,2.38,101.98,18.19,华中_湖北,30.59,114.3,NASA POWER API
282,282,2020-10-09,18.6,0.0,78.44,1.55,101.76,15.24,华中_湖北,30.59,114.3,NASA POWER API
283,283,2020-10-10,19.94,0.0,75.97,1.14,101.43,18.07,华中_湖北,30.59,114.3,NASA POWER API
284,284,2020-10-11,20.83,0.0,76.02,1.25,101.17,18.34,华中_湖北,30.59,114.3,NASA POWER API
285,285,2020-10-12,19.97,0.0,82.9,2.96,101.33,13.95,华中_湖北,30.59,114.3,NASA POWER API
286,286,2020-10-13,20.22,0.0,79.14,1.99,101.5,15.7,华中_湖北,30.59,114.3,NASA POWER API
287,287,2020-10-14,18.71,9.68,88.89,2.74,101.79,4.76,华中_湖北,30.59,114.3,NASA POWER API
288,288,2020-10-15,16.6,27.4,90.51,3.69,101.93,3.59,华中_湖北,30.59,114.3,NASA POWER API
289,289,2020-10-16,16.38,13.79,89.57,3.85,102.0,4.58,华中_湖北,30.59,114.3,NASA POWER API
290,290,2020-10-17,15.22,0.68,84.28,2.22,102.11,6.47,华中_湖北,30.59,114.3,NASA POWER API
291,291,2020-10-18,14.97,2.59,83.68,1.17,102.05,6.84,华中_湖北,30.59,114.3,NASA POWER API
292,292,2020-10-19,16.38,0.7,74.92,1.11,102.04,13.15,华中_湖北,30.59,114.3,NASA POWER API
293,293,2020-10-20,15.91,1.98,78.64,1.25,101.98,7.69,华中_湖北,30.59,114.3,NASA POWER API
294,294,2020-10-21,16.65,1.37,80.05,2.1,101.67,13.74,华中_湖北,30.59,114.3,NASA POWER API
295,295,2020-10-22,16.87,0.0,72.46,1.84,101.53,15.88,华中_湖北,30.59,114.3,NASA POWER API
296,296,2020-10-23,16.0,0.0,66.42,1.75,101.77,16.36,华中_湖北,30.59,114.3,NASA POWER API
297,297,2020-10-24,14.61,0.0,71.82,2.65,101.82,10.31,华中_湖北,30.59,114.3,NASA POWER API
298,298,2020-10-25,16.32,0.0,72.31,1.51,101.54,10.78,华中_湖北,30.59,114.3,NASA POWER API
299,299,2020-10-26,18.97,0.01,66.56,0.83,101.48,13.15,华中_湖北,30.59,114.3,NASA POWER API
300,300,2020-10-27,18.51,0.0,75.52,1.91,101.52,11.26,华中_湖北,30.59,114.3,NASA POWER API
301,301,2020-10-28,16.38,0.21,88.53,3.52,101.98,4.26,华中_湖北,30.59,114.3,NASA POWER API
302,302,2020-10-29,16.28,0.11,82.81,1.88,102.1,11.35,华中_湖北,30.59,114.3,NASA POWER API
303,303,2020-10-30,17.23,1.14,82.36,1.85,102.03,11.23,华中_湖北,30.59,114.3,NASA POWER API
304,304,2020-10-31,17.2,4.22,85.73,1.32,101.84,5.41,华中_湖北,30.59,114.3,NASA POWER API
305,305,2020-11-01,17.47,2.18,79.5,2.13,101.76,5.2,华中_湖北,30.59,114.3,NASA POWER API
306,306,2020-11-02,16.01,0.68,73.54,2.95,102.02,13.58,华中_湖北,30.59,114.3,NASA POWER API
307,307,2020-11-03,13.83,0.13,69.33,2.83,102.19,12.0,华中_湖北,30.59,114.3,NASA POWER API
308,308,2020-11-04,14.05,0.0,68.68,2.3,101.95,13.66,华中_湖北,30.59,114.3,NASA POWER API
309,309,2020-11-05,16.6,0.0,70.18,1.35,101.69,8.88,华中_湖北,30.59,114.3,NASA POWER API
310,310,2020-11-06,17.02,0.0,71.93,1.75,101.84,9.94,华中_湖北,30.59,114.3,NASA POWER API
311,311,2020-11-07,16.28,0.0,72.49,1.93,102.01,15.42,华中_湖北,30.59,114.3,NASA POWER API
312,312,2020-11-08,14.81,0.0,68.14,2.68,102.27,15.14,华中_湖北,30.59,114.3,NASA POWER API
313,313,2020-11-09,15.16,0.0,62.87,1.57,102.21,13.84,华中_湖北,30.59,114.3,NASA POWER API
314,314,2020-11-10,14.42,0.0,76.64,2.26,102.24,15.1,华中_湖北,30.59,114.3,NASA POWER API
315,315,2020-11-11,14.43,0.0,79.65,2.55,102.3,15.28,华中_湖北,30.59,114.3,NASA POWER API
316,316,2020-11-12,15.31,0.0,78.45,1.8,102.19,15.57,华中_湖北,30.59,114.3,NASA POWER API
317,317,2020-11-13,16.06,0.0,76.8,1.82,102.16,14.36,华中_湖北,30.59,114.3,NASA POWER API
318,318,2020-11-14,14.88,0.0,80.39,2.22,102.04,14.75,华中_湖北,30.59,114.3,NASA POWER API
319,319,2020-11-15,15.4,0.09,81.18,1.63,101.88,14.52,华中_湖北,30.59,114.3,NASA POWER API
320,320,2020-11-16,16.64,2.71,87.36,2.12,101.63,8.58,华中_湖北,30.59,114.3,NASA POWER API
321,321,2020-11-17,19.74,5.11,90.05,4.11,100.88,6.86,华中_湖北,30.59,114.3,NASA POWER API
322,322,2020-11-18,20.14,13.54,88.58,4.97,100.43,5.6,华中_湖北,30.59,114.3,NASA POWER API
323,323,2020-11-19,14.11,4.65,81.09,2.78,101.17,3.19,华中_湖北,30.59,114.3,NASA POWER API
324,324,2020-11-20,13.33,0.44,83.21,3.52,101.53,6.91,华中_湖北,30.59,114.3,NASA POWER API
325,325,2020-11-21,11.06,11.51,89.98,4.86,101.62,1.49,华中_湖北,30.59,114.3,NASA POWER API
326,326,2020-11-22,7.43,2.27,84.42,5.91,102.6,1.66,华中_湖北,30.59,114.3,NASA POWER API
327,327,2020-11-23,6.38,4.31,87.22,4.03,102.71,1.06,华中_湖北,30.59,114.3,NASA POWER API
328,328,2020-11-24,5.74,6.7,87.52,2.2,102.54,1.69,华中_湖北,30.59,114.3,NASA POWER API
329,329,2020-11-25,6.53,20.69,91.55,2.44,102.33,2.44,华中_湖北,30.59,114.3,NASA POWER API
330,330,2020-11-26,6.92,0.6,86.67,3.17,102.63,3.01,华中_湖北,30.59,114.3,NASA POWER API
331,331,2020-11-27,7.47,0.03,83.92,3.89,102.92,4.2,华中_湖北,30.59,114.3,NASA POWER API
332,332,2020-11-28,7.01,0.76,86.24,2.91,102.94,1.42,华中_湖北,30.59,114.3,NASA POWER API
333,333,2020-11-29,7.34,0.02,81.23,1.33,102.84,7.81,华中_湖北,30.59,114.3,NASA POWER API
334,334,2020-11-30,6.93,0.05,82.8,2.0,102.96,9.91,华中_湖北,30.59,114.3,NASA POWER API
335,335,2020-12-01,5.91,0.12,88.46,2.26,102.86,1.75,华中_湖北,30.59,114.3,NASA POWER API
336,336,2020-12-02,6.25,0.01,86.24,4.27,102.84,3.07,华中_湖北,30.59,114.3,NASA POWER API
337,337,2020-12-03,4.62,0.17,84.23,4.44,103.1,3.46,华中_湖北,30.59,114.3,NASA POWER API
338,338,2020-12-04,4.24,0.01,74.89,2.86,102.97,10.95,华中_湖北,30.59,114.3,NASA POWER API
339,339,2020-12-05,5.76,0.0,68.02,0.98,102.65,10.72,华中_湖北,30.59,114.3,NASA POWER API
340,340,2020-12-06,6.28,2.23,79.11,1.74,102.44,3.81,华中_湖北,30.59,114.3,NASA POWER API
341,341,2020-12-07,6.55,0.53,87.92,3.47,102.72,2.14,华中_湖北,30.59,114.3,NASA POWER API
342,342,2020-12-08,6.74,0.31,87.26,1.53,102.51,2.42,华中_湖北,30.59,114.3,NASA POWER API
343,343,2020-12-09,7.64,0.25,90.69,0.91,102.12,2.51,华中_湖北,30.59,114.3,NASA POWER API
344,344,2020-12-10,7.69,0.0,83.39,1.42,102.04,2.75,华中_湖北,30.59,114.3,NASA POWER API
345,345,2020-12-11,7.27,0.0,78.75,1.36,101.91,4.79,华中_湖北,30.59,114.3,NASA POWER API
346,346,2020-12-12,8.07,0.0,64.39,0.88,101.76,10.67,华中_湖北,30.59,114.3,NASA POWER API
347,347,2020-12-13,5.2,2.39,67.38,5.57,102.12,2.48,华中_湖北,30.59,114.3,NASA POWER API
348,348,2020-12-14,0.78,0.32,67.42,3.91,103.04,3.76,华中_湖北,30.59,114.3,NASA POWER API
349,349,2020-12-15,1.36,0.0,60.29,1.84,103.06,6.86,华中_湖北,30.59,114.3,NASA POWER API
350,350,2020-12-16,2.65,0.0,65.23,2.01,103.03,6.55,华中_湖北,30.59,114.3,NASA POWER API
351,351,2020-12-17,3.41,0.0,67.45,1.85,102.73,4.31,华中_湖北,30.59,114.3,NASA POWER API
352,352,2020-12-18,3.95,0.0,71.43,2.69,102.85,3.9,华中_湖北,30.59,114.3,NASA POWER API
353,353,2020-12-19,2.37,0.0,76.93,2.84,103.21,7.45,华中_湖北,30.59,114.3,NASA POWER API
354,354,2020-12-20,3.44,0.0,71.15,1.8,103.11,9.47,华中_湖北,30.59,114.3,NASA POWER API
355,355,2020-12-21,4.48,0.0,61.3,1.03,102.72,11.73,华中_湖北,30.59,114.3,NASA POWER API
356,356,2020-12-22,5.46,0.0,69.03,1.31,102.17,11.11,华中_湖北,30.59,114.3,NASA POWER API
357,357,2020-12-23,7.25,0.04,75.54,1.38,101.9,6.52,华中_湖北,30.59,114.3,NASA POWER API
358,358,2020-12-24,5.14,0.03,75.39,3.21,102.06,10.25,华中_湖北,30.59,114.3,NASA POWER API
359,359,2020-12-25,6.01,0.0,76.08,1.91,102.01,9.28,华中_湖北,30.59,114.3,NASA POWER API
360,360,2020-12-26,7.55,0.0,81.12,1.14,101.68,2.94,华中_湖北,30.59,114.3,NASA POWER API
361,361,2020-12-27,8.93,0.0,77.75,1.12,101.63,9.51,华中_湖北,30.59,114.3,NASA POWER API
362,362,2020-12-28,9.49,4.41,88.61,2.04,101.47,10.2,华中_湖北,30.59,114.3,NASA POWER API
363,363,2020-12-29,2.83,10.36,84.05,8.41,102.46,1.73,华中_湖北,30.59,114.3,NASA POWER API
364,364,2020-12-30,-1.84,0.0,67.27,4.12,103.65,13.86,华中_湖北,30.59,114.3,NASA POWER API
365,365,2020-12-31,-0.87,0.04,53.1,1.57,103.32,13.98,华中_湖北,30.59,114.3,NASA POWER API
366,366,2021-01-01,1.65,0.0,58.85,1.37,102.71,13.0,华中_湖北,30.59,114.3,NASA POWER API
367,367,2021-01-02,3.01,0.0,71.36,1.79,102.45,12.73,华中_湖北,30.59,114.3,NASA POWER API
368,368,2021-01-03,3.93,0.0,75.19,1.62,102.48,6.34,华中_湖北,30.59,114.3,NASA POWER API
369,369,2021-01-04,3.83,0.01,82.49,1.53,102.44,10.0,华中_湖北,30.59,114.3,NASA POWER API
370,370,2021-01-05,3.05,0.02,88.55,4.87,102.72,4.56,华中_湖北,30.59,114.3,NASA POWER API
371,371,2021-01-06,1.82,0.04,80.05,3.65,102.73,1.72,华中_湖北,30.59,114.3,NASA POWER API
372,372,2021-01-07,-2.29,0.34,58.25,5.45,103.41,10.89,华中_湖北,30.59,114.3,NASA POWER API
373,373,2021-01-08,-0.86,0.03,50.4,1.98,103.28,14.71,华中_湖北,30.59,114.3,NASA POWER API
374,374,2021-01-09,1.09,0.0,55.94,1.37,102.87,12.98,华中_湖北,30.59,114.3,NASA POWER API
375,375,2021-01-10,1.46,0.0,64.28,2.21,102.78,11.01,华中_湖北,30.59,114.3,NASA POWER API
376,376,2021-01-11,1.81,0.0,61.98,3.1,102.97,13.9,华中_湖北,30.59,114.3,NASA POWER API
377,377,2021-01-12,2.98,0.0,68.77,3.84,102.04,14.47,华中_湖北,30.59,114.3,NASA POWER API
378,378,2021-01-13,6.35,0.0,72.47,2.7,101.51,14.59,华中_湖北,30.59,114.3,NASA POWER API
379,379,2021-01-14,8.63,0.0,70.29,2.08,101.31,12.77,华中_湖北,30.59,114.3,NASA POWER API
380,380,2021-01-15,8.67,0.0,75.81,2.86,101.46,11.4,华中_湖北,30.59,114.3,NASA POWER API
381,381,2021-01-16,3.99,0.0,75.04,4.22,102.5,7.84,华中_湖北,30.59,114.3,NASA POWER API
382,382,2021-01-17,2.88,0.0,64.63,3.16,103.1,12.07,华中_湖北,30.59,114.3,NASA POWER API
383,383,2021-01-18,4.79,0.0,67.61,2.4,102.26,14.77,华中_湖北,30.59,114.3,NASA POWER API
384,384,2021-01-19,5.73,0.0,70.68,3.02,101.86,14.92,华中_湖北,30.59,114.3,NASA POWER API
385,385,2021-01-20,7.03,0.29,83.25,1.83,101.71,4.0,华中_湖北,30.59,114.3,NASA POWER API
386,386,2021-01-21,8.18,6.72,93.73,1.59,101.67,2.98,华中_湖北,30.59,114.3,NASA POWER API
387,387,2021-01-22,7.4,10.99,91.41,2.56,101.6,2.72,华中_湖北,30.59,114.3,NASA POWER API
388,388,2021-01-23,6.67,0.56,89.91,2.22,101.72,4.02,华中_湖北,30.59,114.3,NASA POWER API
389,389,2021-01-24,7.34,2.18,88.93,2.95,101.74,5.51,华中_湖北,30.59,114.3,NASA POWER API
390,390,2021-01-25,6.5,8.8,91.57,3.93,101.96,1.83,华中_湖北,30.59,114.3,NASA POWER API
391,391,2021-01-26,5.73,0.97,86.68,2.45,102.19,7.85,华中_湖北,30.59,114.3,NASA POWER API
392,392,2021-01-27,6.27,2.65,91.37,1.87,102.04,2.08,华中_湖北,30.59,114.3,NASA POWER API
393,393,2021-01-28,5.98,0.06,71.64,3.29,102.65,13.67,华中_湖北,30.59,114.3,NASA POWER API
394,394,2021-01-29,6.05,0.0,70.46,2.5,102.35,15.34,华中_湖北,30.59,114.3,NASA POWER API
395,395,2021-01-30,8.71,0.01,67.05,1.42,102.09,3.94,华中_湖北,30.59,114.3,NASA POWER API
396,396,2021-01-31,7.9,4.22,82.76,1.38,102.0,2.29,华中_湖北,30.59,114.3,NASA POWER API
397,397,2021-02-01,8.89,6.48,85.85,1.49,101.9,4.62,华中_湖北,30.59,114.3,NASA POWER API
398,398,2021-02-02,8.72,0.57,81.64,1.16,102.27,9.89,华中_湖北,30.59,114.3,NASA POWER API
399,399,2021-02-03,10.04,1.08,83.44,1.81,102.09,12.34,华中_湖北,30.59,114.3,NASA POWER API
400,400,2021-02-04,9.83,4.96,85.53,2.92,102.18,6.07,华中_湖北,30.59,114.3,NASA POWER API
401,401,2021-02-05,8.84,4.34,86.32,2.92,101.88,4.79,华中_湖北,30.59,114.3,NASA POWER API
402,402,2021-02-06,9.56,1.1,81.99,1.82,101.71,12.61,华中_湖北,30.59,114.3,NASA POWER API
403,403,2021-02-07,11.11,2.54,83.05,2.02,101.82,3.02,华中_湖北,30.59,114.3,NASA POWER API
404,404,2021-02-08,9.38,1.17,81.87,3.44,102.44,8.33,华中_湖北,30.59,114.3,NASA POWER API
405,405,2021-02-09,8.58,0.02,72.93,1.9,102.19,13.25,华中_湖北,30.59,114.3,NASA POWER API
406,406,2021-02-10,10.02,1.7,81.84,1.25,101.82,4.77,华中_湖北,30.59,114.3,NASA POWER API
407,407,2021-02-11,12.23,2.32,80.35,1.06,101.65,13.74,华中_湖北,30.59,114.3,NASA POWER API
408,408,2021-02-12,12.17,0.12,86.52,1.26,101.64,11.47,华中_湖北,30.59,114.3,NASA POWER API
409,409,2021-02-13,13.33,0.0,81.16,1.33,101.63,14.79,华中_湖北,30.59,114.3,NASA POWER API
410,410,2021-02-14,14.04,0.0,77.79,2.1,101.32,15.35,华中_湖北,30.59,114.3,NASA POWER API
411,411,2021-02-15,12.3,0.84,80.29,4.03,101.55,13.01,华中_湖北,30.59,114.3,NASA POWER API
412,412,2021-02-16,10.98,0.57,69.03,2.31,101.76,16.5,华中_湖北,30.59,114.3,NASA POWER API
413,413,2021-02-17,10.59,0.5,65.65,2.53,102.31,16.75,华中_湖北,30.59,114.3,NASA POWER API
414,414,2021-02-18,10.57,0.0,66.03,1.97,102.54,15.9,华中_湖北,30.59,114.3,NASA POWER API
415,415,2021-02-19,11.95,0.0,72.49,3.39,101.92,17.51,华中_湖北,30.59,114.3,NASA POWER API
416,416,2021-02-20,14.05,0.0,75.11,3.44,101.38,19.19,华中_湖北,30.59,114.3,NASA POWER API
417,417,2021-02-21,16.41,0.0,74.25,3.19,100.96,18.86,华中_湖北,30.59,114.3,NASA POWER API
418,418,2021-02-22,18.9,0.0,76.34,2.26,101.14,18.05,华中_湖北,30.59,114.3,NASA POWER API
419,419,2021-02-23,14.58,0.12,77.88,3.86,101.44,14.25,华中_湖北,30.59,114.3,NASA POWER API
420,420,2021-02-24,14.31,7.27,83.18,4.27,101.13,9.28,华中_湖北,30.59,114.3,NASA POWER API
421,421,2021-02-25,8.64,15.13,86.13,6.33,101.21,2.45,华中_湖北,30.59,114.3,NASA POWER API
422,422,2021-02-26,6.51,5.32,85.03,4.4,101.68,4.51,华中_湖北,30.59,114.3,NASA POWER API
423,423,2021-02-27,8.82,0.56,84.14,1.47,101.77,8.7,华中_湖北,30.59,114.3,NASA POWER API
424,424,2021-02-28,10.75,9.18,91.08,1.86,101.42,3.26,华中_湖北,30.59,114.3,NASA POWER API
425,425,2021-03-01,9.23,20.77,85.63,5.57,101.96,3.71,华中_湖北,30.59,114.3,NASA POWER API
426,426,2021-03-02,7.47,0.0,75.34,2.41,102.49,16.99,华中_湖北,30.59,114.3,NASA POWER API
427,427,2021-03-03,9.82,0.03,75.94,1.93,102.01,6.06,华中_湖北,30.59,114.3,NASA POWER API
428,428,2021-03-04,10.91,0.01,83.94,2.03,101.68,19.94,华中_湖北,30.59,114.3,NASA POWER API
429,429,2021-03-05,11.63,9.35,90.51,2.26,101.37,3.34,华中_湖北,30.59,114.3,NASA POWER API
430,430,2021-03-06,10.39,2.22,89.12,4.87,101.96,3.3,华中_湖北,30.59,114.3,NASA POWER API
431,431,2021-03-07,8.35,0.18,80.62,2.44,102.42,7.99,华中_湖北,30.59,114.3,NASA POWER API
432,432,2021-03-08,7.73,4.46,86.63,1.65,102.19,3.69,华中_湖北,30.59,114.3,NASA POWER API
433,433,2021-03-09,9.17,0.02,82.6,1.78,102.27,10.67,华中_湖北,30.59,114.3,NASA POWER API
434,434,2021-03-10,10.71,6.09,87.77,1.92,102.08,7.39,华中_湖北,30.59,114.3,NASA POWER API
435,435,2021-03-11,11.69,3.37,88.62,2.08,101.92,5.46,华中_湖北,30.59,114.3,NASA POWER API
436,436,2021-03-12,12.21,0.25,84.28,1.67,102.06,12.99,华中_湖北,30.59,114.3,NASA POWER API
437,437,2021-03-13,13.18,0.03,83.33,1.45,101.82,13.45,华中_湖北,30.59,114.3,NASA POWER API
438,438,2021-03-14,15.7,0.34,84.96,2.72,101.22,19.16,华中_湖北,30.59,114.3,NASA POWER API
439,439,2021-03-15,18.0,12.73,92.86,3.06,100.68,2.78,华中_湖北,30.59,114.3,NASA POWER API
440,440,2021-03-16,16.63,6.61,87.52,3.55,101.11,4.13,华中_湖北,30.59,114.3,NASA POWER API
441,441,2021-03-17,15.38,4.13,87.54,2.49,101.14,6.07,华中_湖北,30.59,114.3,NASA POWER API
442,442,2021-03-18,13.26,13.04,89.6,2.95,101.12,3.14,华中_湖北,30.59,114.3,NASA POWER API
443,443,2021-03-19,10.53,4.34,87.32,4.13,101.25,5.26,华中_湖北,30.59,114.3,NASA POWER API
444,444,2021-03-20,10.72,0.68,79.14,4.15,101.64,12.03,华中_湖北,30.59,114.3,NASA POWER API
445,445,2021-03-21,11.5,1.2,68.96,4.18,102.35,12.15,华中_湖北,30.59,114.3,NASA POWER API
446,446,2021-03-22,11.65,0.23,52.35,1.38,102.53,23.69,华中_湖北,30.59,114.3,NASA POWER API
447,447,2021-03-23,11.9,0.0,68.56,2.69,101.77,11.44,华中_湖北,30.59,114.3,NASA POWER API
448,448,2021-03-24,14.58,0.0,73.12,1.96,101.37,23.28,华中_湖北,30.59,114.3,NASA POWER API
449,449,2021-03-25,15.98,0.0,72.09,3.32,101.45,24.4,华中_湖北,30.59,114.3,NASA POWER API
450,450,2021-03-26,16.65,12.44,84.77,2.65,100.86,5.86,华中_湖北,30.59,114.3,NASA POWER API
451,451,2021-03-27,17.0,4.94,81.0,2.81,100.72,12.7,华中_湖北,30.59,114.3,NASA POWER API
452,452,2021-03-28,17.44,0.69,79.72,2.38,100.59,21.78,华中_湖北,30.59,114.3,NASA POWER API
453,453,2021-03-29,18.79,0.71,88.42,3.04,100.12,11.77,华中_湖北,30.59,114.3,NASA POWER API
454,454,2021-03-30,18.8,9.67,88.48,4.56,100.09,3.97,华中_湖北,30.59,114.3,NASA POWER API
455,455,2021-03-31,17.17,34.31,87.02,3.92,100.04,7.0,华中_湖北,30.59,114.3,NASA POWER API
456,456,2021-04-01,15.13,6.06,90.08,2.94,100.51,4.09,华中_湖北,30.59,114.3,NASA POWER API
457,457,2021-04-02,14.49,7.87,89.67,3.82,100.99,3.47,华中_湖北,30.59,114.3,NASA POWER API
458,458,2021-04-03,12.93,3.89,85.66,5.04,101.57,4.48,华中_湖北,30.59,114.3,NASA POWER API
459,459,2021-04-04,13.08,0.11,77.38,3.82,102.01,12.94,华中_湖北,30.59,114.3,NASA POWER API
460,460,2021-04-05,13.39,0.29,68.93,2.42,101.9,7.48,华中_湖北,30.59,114.3,NASA POWER API
461,461,2021-04-06,14.73,0.22,67.61,1.15,101.81,14.19,华中_湖北,30.59,114.3,NASA POWER API
462,462,2021-04-07,13.52,33.6,91.49,3.23,101.59,4.12,华中_湖北,30.59,114.3,NASA POWER API
463,463,2021-04-08,13.85,0.12,80.49,2.86,101.74,14.32,华中_湖北,30.59,114.3,NASA POWER API
464,464,2021-04-09,15.01,0.0,74.43,2.76,101.84,22.36,华中_湖北,30.59,114.3,NASA POWER API
465,465,2021-04-10,14.82,0.17,72.58,2.61,101.85,11.62,华中_湖北,30.59,114.3,NASA POWER API
466,466,2021-04-11,15.21,4.45,85.18,1.65,101.65,4.13,华中_湖北,30.59,114.3,NASA POWER API
467,467,2021-04-12,16.48,3.3,82.35,1.63,101.39,14.15,华中_湖北,30.59,114.3,NASA POWER API
468,468,2021-04-13,18.4,1.77,80.09,1.48,101.42,12.63,华中_湖北,30.59,114.3,NASA POWER API
469,469,2021-04-14,16.05,2.11,86.75,3.18,101.45,10.96,华中_湖北,30.59,114.3,NASA POWER API
470,470,2021-04-15,17.67,0.01,78.99,1.34,101.16,16.12,华中_湖北,30.59,114.3,NASA POWER API
471,471,2021-04-16,18.84,0.01,77.91,1.43,101.34,14.85,华中_湖北,30.59,114.3,NASA POWER API
472,472,2021-04-17,17.66,0.0,64.42,3.27,101.78,22.07,华中_湖北,30.59,114.3,NASA POWER API
473,473,2021-04-18,15.92,0.16,65.56,2.69,101.63,9.27,华中_湖北,30.59,114.3,NASA POWER API
474,474,2021-04-19,17.65,0.01,71.24,2.12,101.14,13.66,华中_湖北,30.59,114.3,NASA POWER API
475,475,2021-04-20,19.98,13.17,86.89,3.09,100.8,13.34,华中_湖北,30.59,114.3,NASA POWER API
476,476,2021-04-21,21.17,12.16,87.63,1.65,100.74,5.29,华中_湖北,30.59,114.3,NASA POWER API
477,477,2021-04-22,19.63,7.1,84.27,3.23,100.8,9.17,华中_湖北,30.59,114.3,NASA POWER API
478,478,2021-04-23,19.73,0.39,83.54,2.65,100.87,14.35,华中_湖北,30.59,114.3,NASA POWER API
479,479,2021-04-24,17.04,16.58,87.69,5.56,101.03,3.39,华中_湖北,30.59,114.3,NASA POWER API
480,480,2021-04-25,17.23,1.04,81.83,3.81,101.49,12.64,华中_湖北,30.59,114.3,NASA POWER API
481,481,2021-04-26,16.79,2.18,85.62,2.41,101.43,6.33,华中_湖北,30.59,114.3,NASA POWER API
482,482,2021-04-27,19.39,1.01,75.06,1.5,101.41,15.14,华中_湖北,30.59,114.3,NASA POWER API
483,483,2021-04-28,18.73,0.09,71.95,2.37,101.5,17.8,华中_湖北,30.59,114.3,NASA POWER API
484,484,2021-04-29,20.33,0.0,77.35,5.32,100.81,26.86,华中_湖北,30.59,114.3,NASA POWER API
485,485,2021-04-30,23.12,0.0,81.16,5.03,100.27,25.4,华中_湖北,30.59,114.3,NASA POWER API
486,486,2021-05-01,22.58,0.0,78.13,2.91,100.66,25.27,华中_湖北,30.59,114.3,NASA POWER API
487,487,2021-05-02,22.5,0.0,73.12,4.48,100.89,23.77,华中_湖北,30.59,114.3,NASA POWER API
488,488,2021-05-03,21.42,21.71,91.3,3.83,100.35,8.96,华中_湖北,30.59,114.3,NASA POWER API
489,489,2021-05-04,19.93,1.99,74.42,4.43,100.81,17.87,华中_湖北,30.59,114.3,NASA POWER API
490,490,2021-05-05,20.91,0.38,61.2,1.34,101.33,24.21,华中_湖北,30.59,114.3,NASA POWER API
491,491,2021-05-06,20.02,0.89,77.75,2.68,101.04,6.54,华中_湖北,30.59,114.3,NASA POWER API
492,492,2021-05-07,21.37,0.04,77.87,2.28,100.9,19.38,华中_湖北,30.59,114.3,NASA POWER API
493,493,2021-05-08,23.75,0.0,71.75,2.82,100.43,25.6,华中_湖北,30.59,114.3,NASA POWER API
494,494,2021-05-09,25.6,0.0,78.65,2.36,100.24,27.46,华中_湖北,30.59,114.3,NASA POWER API
495,495,2021-05-10,25.57,19.64,86.58,2.55,99.98,13.29,华中_湖北,30.59,114.3,NASA POWER API
496,496,2021-05-11,23.02,31.96,84.24,4.37,100.12,3.8,华中_湖北,30.59,114.3,NASA POWER API
497,497,2021-05-12,23.05,0.39,78.37,1.1,100.39,12.14,华中_湖北,30.59,114.3,NASA POWER API
498,498,2021-05-13,23.27,12.94,89.61,2.49,100.2,9.08,华中_湖北,30.59,114.3,NASA POWER API
499,499,2021-05-14,26.65,30.56,88.4,3.5,99.92,13.38,华中_湖北,30.59,114.3,NASA POWER API
500,500,2021-05-15,27.87,55.51,87.32,5.1,99.67,10.11,华中_湖北,30.59,114.3,NASA POWER API
501,501,2021-05-16,19.41,33.36,82.03,5.86,100.53,9.32,华中_湖北,30.59,114.3,NASA POWER API
502,502,2021-05-17,18.04,0.53,74.69,2.91,101.12,16.32,华中_湖北,30.59,114.3,NASA POWER API
503,503,2021-05-18,18.21,0.51,78.92,1.4,100.9,10.63,华中_湖北,30.59,114.3,NASA POWER API
504,504,2021-05-19,19.15,3.57,79.06,0.97,100.51,4.82,华中_湖北,30.59,114.3,NASA POWER API
505,505,2021-05-20,20.65,0.02,80.5,1.69,100.52,12.23,华中_湖北,30.59,114.3,NASA POWER API
506,506,2021-05-21,21.55,2.11,79.71,1.55,100.51,13.95,华中_湖北,30.59,114.3,NASA POWER API
507,507,2021-05-22,22.31,11.37,84.92,2.06,100.35,10.72,华中_湖北,30.59,114.3,NASA POWER API
508,508,2021-05-23,20.68,13.48,88.76,4.09,100.59,4.58,华中_湖北,30.59,114.3,NASA POWER API
509,509,2021-05-24,22.03,0.01,70.01,1.78,101.03,21.0,华中_湖北,30.59,114.3,NASA POWER API
510,510,2021-05-25,22.74,0.45,75.64,1.72,100.75,16.72,华中_湖北,30.59,114.3,NASA POWER API
511,511,2021-05-26,21.27,31.63,91.0,2.74,100.2,3.99,华中_湖北,30.59,114.3,NASA POWER API
512,512,2021-05-27,22.36,0.25,87.47,3.3,100.42,12.6,华中_湖北,30.59,114.3,NASA POWER API
513,513,2021-05-28,22.05,0.05,89.21,3.36,100.5,9.73,华中_湖北,30.59,114.3,NASA POWER API
514,514,2021-05-29,22.52,0.01,85.23,3.0,100.36,18.31,华中_湖北,30.59,114.3,NASA POWER API
515,515,2021-05-30,23.76,0.03,82.75,1.81,100.22,25.61,华中_湖北,30.59,114.3,NASA POWER API
516,516,2021-05-31,25.52,0.0,81.97,1.73,100.15,22.32,华中_湖北,30.59,114.3,NASA POWER API
517,517,2021-06-01,26.67,0.01,80.56,1.21,100.15,23.4,华中_湖北,30.59,114.3,NASA POWER API
518,518,2021-06-02,27.57,0.12,77.76,1.76,100.08,19.46,华中_湖北,30.59,114.3,NASA POWER API
519,519,2021-06-03,23.03,24.5,83.94,3.97,100.32,4.98,华中_湖北,30.59,114.3,NASA POWER API
520,520,2021-06-04,22.18,0.08,72.89,2.39,100.49,23.07,华中_湖北,30.59,114.3,NASA POWER API
521,521,2021-06-05,23.83,0.01,74.29,2.94,100.1,29.59,华中_湖北,30.59,114.3,NASA POWER API
522,522,2021-06-06,25.56,0.0,70.37,2.65,100.1,29.44,华中_湖北,30.59,114.3,NASA POWER API
523,523,2021-06-07,26.62,0.0,72.56,2.35,100.4,28.0,华中_湖北,30.59,114.3,NASA POWER API
524,524,2021-06-08,28.21,0.0,78.46,1.7,100.43,23.12,华中_湖北,30.59,114.3,NASA POWER API
525,525,2021-06-09,28.54,1.11,78.79,1.86,100.3,19.01,华中_湖北,30.59,114.3,NASA POWER API
526,526,2021-06-10,26.62,2.79,74.82,1.34,100.31,7.95,华中_湖北,30.59,114.3,NASA POWER API
527,527,2021-06-11,26.97,0.42,77.82,1.2,100.46,14.38,华中_湖北,30.59,114.3,NASA POWER API
528,528,2021-06-12,27.31,3.26,81.0,1.59,100.53,10.92,华中_湖北,30.59,114.3,NASA POWER API
529,529,2021-06-13,28.72,0.93,84.13,2.92,100.18,20.06,华中_湖北,30.59,114.3,NASA POWER API
530,530,2021-06-14,29.34,0.23,82.97,4.05,99.69,20.95,华中_湖北,30.59,114.3,NASA POWER API
531,531,2021-06-15,30.14,1.56,79.96,4.2,99.43,20.31,华中_湖北,30.59,114.3,NASA POWER API
532,532,2021-06-16,30.17,0.51,81.33,2.91,99.74,18.2,华中_湖北,30.59,114.3,NASA POWER API
533,533,2021-06-17,29.03,2.22,81.7,2.46,100.02,11.21,华中_湖北,30.59,114.3,NASA POWER API
534,534,2021-06-18,24.06,4.91,82.78,3.06,100.13,7.4,华中_湖北,30.59,114.3,NASA POWER API
535,535,2021-06-19,23.37,43.02,85.99,1.86,100.01,6.93,华中_湖北,30.59,114.3,NASA POWER API
536,536,2021-06-20,25.3,1.81,75.52,1.01,99.92,13.57,华中_湖北,30.59,114.3,NASA POWER API
537,537,2021-06-21,27.52,1.37,69.89,0.89,99.97,14.69,华中_湖北,30.59,114.3,NASA POWER API
538,538,2021-06-22,28.06,0.01,65.88,1.59,100.21,26.4,华中_湖北,30.59,114.3,NASA POWER API
539,539,2021-06-23,26.83,0.0,73.75,3.05,100.4,27.63,华中_湖北,30.59,114.3,NASA POWER API
540,540,2021-06-24,27.63,0.0,77.46,3.0,100.22,21.26,华中_湖北,30.59,114.3,NASA POWER API
541,541,2021-06-25,27.66,0.13,81.08,1.85,100.04,21.38,华中_湖北,30.59,114.3,NASA POWER API
542,542,2021-06-26,29.32,2.61,81.12,1.75,99.93,12.72,华中_湖北,30.59,114.3,NASA POWER API
543,543,2021-06-27,29.2,38.88,81.38,1.37,99.82,7.24,华中_湖北,30.59,114.3,NASA POWER API
544,544,2021-06-28,28.86,5.67,80.33,2.26,99.83,22.4,华中_湖北,30.59,114.3,NASA POWER API
545,545,2021-06-29,29.63,0.79,74.47,1.78,99.87,21.94,华中_湖北,30.59,114.3,NASA POWER API
546,546,2021-06-30,29.72,7.11,76.83,1.35,99.86,11.84,华中_湖北,30.59,114.3,NASA POWER API
547,547,2021-07-01,27.88,9.17,82.7,2.5,99.82,5.79,华中_湖北,30.59,114.3,NASA POWER API
548,548,2021-07-02,27.89,30.68,86.53,2.74,99.75,5.58,华中_湖北,30.59,114.3,NASA POWER API
549,549,2021-07-03,27.3,4.19,88.08,2.42,99.87,10.87,华中_湖北,30.59,114.3,NASA POWER API
550,550,2021-07-04,28.2,6.27,87.36,1.46,100.08,6.74,华中_湖北,30.59,114.3,NASA POWER API
551,551,2021-07-05,28.85,17.92,83.82,1.31,100.22,7.17,华中_湖北,30.59,114.3,NASA POWER API
552,552,2021-07-06,30.06,2.46,78.42,1.57,100.13,18.54,华中_湖北,30.59,114.3,NASA POWER API
553,553,2021-07-07,29.69,4.89,82.96,1.97,100.26,18.59,华中_湖北,30.59,114.3,NASA POWER API
554,554,2021-07-08,28.95,5.88,88.98,3.03,100.3,9.73,华中_湖北,30.59,114.3,NASA POWER API
555,555,2021-07-09,28.99,0.58,86.34,4.24,100.18,14.78,华中_湖北,30.59,114.3,NASA POWER API
556,556,2021-07-10,29.54,0.0,84.15,3.38,100.2,14.78,华中_湖北,30.59,114.3,NASA POWER API
557,557,2021-07-11,30.4,0.03,78.2,4.84,100.14,14.24,华中_湖北,30.59,114.3,NASA POWER API
558,558,2021-07-12,29.16,4.55,83.71,4.89,99.97,13.49,华中_湖北,30.59,114.3,NASA POWER API
559,559,2021-07-13,28.69,6.59,86.23,5.01,99.8,15.15,华中_湖北,30.59,114.3,NASA POWER API
560,560,2021-07-14,29.38,0.2,84.73,3.71,99.96,24.9,华中_湖北,30.59,114.3,NASA POWER API
561,561,2021-07-15,29.55,2.61,84.64,2.78,100.22,22.73,华中_湖北,30.59,114.3,NASA POWER API
562,562,2021-07-16,29.01,4.06,80.75,1.64,100.31,9.65,华中_湖北,30.59,114.3,NASA POWER API
563,563,2021-07-17,28.25,14.26,85.76,2.09,100.09,6.97,华中_湖北,30.59,114.3,NASA POWER API
564,564,2021-07-18,28.33,20.33,81.59,1.13,99.97,14.49,华中_湖北,30.59,114.3,NASA POWER API
565,565,2021-07-19,27.88,9.55,85.05,2.07,100.1,11.14,华中_湖北,30.59,114.3,NASA POWER API
566,566,2021-07-20,28.25,1.94,87.09,2.17,100.18,20.51,华中_湖北,30.59,114.3,NASA POWER API
567,567,2021-07-21,29.12,2.87,84.84,2.04,100.13,23.34,华中_湖北,30.59,114.3,NASA POWER API
568,568,2021-07-22,28.94,1.06,79.58,2.9,100.03,25.42,华中_湖北,30.59,114.3,NASA POWER API
569,569,2021-07-23,28.18,1.38,82.58,3.07,99.99,19.79,华中_湖北,30.59,114.3,NASA POWER API
570,570,2021-07-24,28.2,0.88,83.12,3.22,99.94,23.62,华中_湖北,30.59,114.3,NASA POWER API
571,571,2021-07-25,28.46,0.05,81.31,3.14,99.8,25.97,华中_湖北,30.59,114.3,NASA POWER API
572,572,2021-07-26,28.37,0.3,79.92,3.24,99.5,20.92,华中_湖北,30.59,114.3,NASA POWER API
573,573,2021-07-27,28.61,3.77,83.27,4.38,99.31,17.15,华中_湖北,30.59,114.3,NASA POWER API
574,574,2021-07-28,27.49,1.19,84.25,4.52,99.26,11.78,华中_湖北,30.59,114.3,NASA POWER API
575,575,2021-07-29,28.5,0.02,74.81,2.2,99.56,23.79,华中_湖北,30.59,114.3,NASA POWER API
576,576,2021-07-30,30.18,0.01,70.71,1.18,99.55,23.96,华中_湖北,30.59,114.3,NASA POWER API
577,577,2021-07-31,31.58,0.01,66.35,0.81,99.44,24.17,华中_湖北,30.59,114.3,NASA POWER API
578,578,2021-08-01,32.4,0.0,67.24,0.89,99.39,25.45,华中_湖北,30.59,114.3,NASA POWER API
579,579,2021-08-02,31.79,0.01,73.96,2.06,99.57,19.03,华中_湖北,30.59,114.3,NASA POWER API
580,580,2021-08-03,30.69,0.0,76.35,2.98,99.84,21.75,华中_湖北,30.59,114.3,NASA POWER API
581,581,2021-08-04,30.56,0.02,75.98,2.89,99.82,22.09,华中_湖北,30.59,114.3,NASA POWER API
582,582,2021-08-05,30.76,0.36,74.54,2.69,99.65,21.17,华中_湖北,30.59,114.3,NASA POWER API
583,583,2021-08-06,30.79,0.12,76.2,2.76,99.61,21.77,华中_湖北,30.59,114.3,NASA POWER API
584,584,2021-08-07,30.95,0.0,72.96,2.24,99.83,21.42,华中_湖北,30.59,114.3,NASA POWER API
585,585,2021-08-08,30.85,0.14,71.57,2.21,100.05,19.74,华中_湖北,30.59,114.3,NASA POWER API
586,586,2021-08-09,29.98,30.07,75.65,1.59,100.03,8.92,华中_湖北,30.59,114.3,NASA POWER API
587,587,2021-08-10,27.59,16.8,81.23,2.19,100.13,5.88,华中_湖北,30.59,114.3,NASA POWER API
588,588,2021-08-11,28.53,13.99,85.46,2.24,100.26,10.58,华中_湖北,30.59,114.3,NASA POWER API
589,589,2021-08-12,29.0,5.68,86.26,1.82,100.17,2.99,华中_湖北,30.59,114.3,NASA POWER API
590,590,2021-08-13,26.06,24.04,89.5,2.75,100.02,4.33,华中_湖北,30.59,114.3,NASA POWER API
591,591,2021-08-14,24.03,11.13,87.1,2.77,100.33,7.56,华中_湖北,30.59,114.3,NASA POWER API
592,592,2021-08-15,26.93,7.92,79.33,0.75,100.58,9.18,华中_湖北,30.59,114.3,NASA POWER API
593,593,2021-08-16,27.19,4.56,81.85,0.71,100.75,7.65,华中_湖北,30.59,114.3,NASA POWER API
594,594,2021-08-17,28.16,2.11,80.09,0.72,100.62,15.72,华中_湖北,30.59,114.3,NASA POWER API
595,595,2021-08-18,28.38,0.76,78.6,2.13,100.47,19.22,华中_湖北,30.59,114.3,NASA POWER API
596,596,2021-08-19,28.23,10.88,85.97,2.76,100.31,19.9,华中_湖北,30.59,114.3,NASA POWER API
597,597,2021-08-20,29.15,16.75,85.99,2.78,100.18,12.95,华中_湖北,30.59,114.3,NASA POWER API
598,598,2021-08-21,29.46,1.05,78.66,0.81,100.22,18.13,华中_湖北,30.59,114.3,NASA POWER API
599,599,2021-08-22,30.44,2.96,78.88,2.44,99.98,16.05,华中_湖北,30.59,114.3,NASA POWER API
600,600,2021-08-23,28.88,11.79,86.11,2.24,99.87,13.8,华中_湖北,30.59,114.3,NASA POWER API
601,601,2021-08-24,26.52,75.46,81.14,2.03,100.1,7.07,华中_湖北,30.59,114.3,NASA POWER API
602,602,2021-08-25,26.79,1.1,77.68,1.28,100.45,14.4,华中_湖北,30.59,114.3,NASA POWER API
603,603,2021-08-26,26.6,6.01,77.4,1.72,100.72,10.27,华中_湖北,30.59,114.3,NASA POWER API
604,604,2021-08-27,24.18,2.99,81.24,1.87,100.92,6.63,华中_湖北,30.59,114.3,NASA POWER API
605,605,2021-08-28,26.45,2.61,78.76,1.42,100.84,12.64,华中_湖北,30.59,114.3,NASA POWER API
606,606,2021-08-29,28.75,0.07,82.49,2.09,100.67,18.36,华中_湖北,30.59,114.3,NASA POWER API
607,607,2021-08-30,29.83,0.02,79.05,2.24,100.66,20.81,华中_湖北,30.59,114.3,NASA POWER API
608,608,2021-08-31,30.66,0.13,73.69,1.49,100.67,22.43,华中_湖北,30.59,114.3,NASA POWER API
609,609,2021-09-01,30.01,0.07,78.61,1.23,100.63,19.41,华中_湖北,30.59,114.3,NASA POWER API
610,610,2021-09-02,27.9,0.59,80.81,2.09,100.58,14.86,华中_湖北,30.59,114.3,NASA POWER API
611,611,2021-09-03,29.39,0.07,77.1,1.38,100.29,20.18,华中_湖北,30.59,114.3,NASA POWER API
612,612,2021-09-04,29.9,0.6,81.46,2.9,100.23,17.37,华中_湖北,30.59,114.3,NASA POWER API
613,613,2021-09-05,27.54,0.38,83.0,2.86,100.65,17.07,华中_湖北,30.59,114.3,NASA POWER API
614,614,2021-09-06,26.07,0.04,82.48,3.41,101.01,11.28,华中_湖北,30.59,114.3,NASA POWER API
615,615,2021-09-07,24.83,0.01,76.58,3.06,101.12,12.43,华中_湖北,30.59,114.3,NASA POWER API
616,616,2021-09-08,26.31,0.0,70.66,1.17,100.8,20.02,华中_湖北,30.59,114.3,NASA POWER API
617,617,2021-09-09,28.36,0.01,61.89,1.13,100.69,22.0,华中_湖北,30.59,114.3,NASA POWER API
618,618,2021-09-10,29.33,0.01,57.71,0.91,100.62,24.04,华中_湖北,30.59,114.3,NASA POWER API
619,619,2021-09-11,28.78,0.0,65.26,1.89,100.41,23.14,华中_湖北,30.59,114.3,NASA POWER API
620,620,2021-09-12,28.08,0.0,71.62,3.45,100.28,22.9,华中_湖北,30.59,114.3,NASA POWER API
621,621,2021-09-13,26.95,0.0,74.01,2.96,100.66,22.24,华中_湖北,30.59,114.3,NASA POWER API
622,622,2021-09-14,26.86,0.0,68.65,2.8,101.08,22.48,华中_湖北,30.59,114.3,NASA POWER API
623,623,2021-09-15,26.97,0.0,66.34,2.01,101.03,21.28,华中_湖北,30.59,114.3,NASA POWER API
624,624,2021-09-16,27.44,0.0,61.32,1.34,100.75,21.11,华中_湖北,30.59,114.3,NASA POWER API
625,625,2021-09-17,27.24,0.0,66.54,2.29,100.75,21.01,华中_湖北,30.59,114.3,NASA POWER API
626,626,2021-09-18,27.36,0.0,67.57,2.85,100.7,20.64,华中_湖北,30.59,114.3,NASA POWER API
627,627,2021-09-19,28.24,26.76,78.6,4.15,100.37,14.71,华中_湖北,30.59,114.3,NASA POWER API
628,628,2021-09-20,23.48,34.79,74.89,2.56,100.69,14.18,华中_湖北,30.59,114.3,NASA POWER API
629,629,2021-09-21,25.69,6.48,77.81,3.18,100.53,22.63,华中_湖北,30.59,114.3,NASA POWER API
630,630,2021-09-22,26.76,0.0,72.12,2.34,100.68,22.51,华中_湖北,30.59,114.3,NASA POWER API
631,631,2021-09-23,27.37,0.06,71.6,2.6,100.9,20.24,华中_湖北,30.59,114.3,NASA POWER API
632,632,2021-09-24,27.91,1.83,83.82,2.74,100.93,16.69,华中_湖北,30.59,114.3,NASA POWER API
633,633,2021-09-25,29.36,0.15,77.72,2.54,100.81,18.7,华中_湖北,30.59,114.3,NASA POWER API
634,634,2021-09-26,30.4,0.0,71.85,1.56,100.83,19.32,华中_湖北,30.59,114.3,NASA POWER API
635,635,2021-09-27,26.7,0.07,77.72,3.52,100.88,15.47,华中_湖北,30.59,114.3,NASA POWER API
636,636,2021-09-28,28.13,8.36,77.12,2.02,100.57,16.1,华中_湖北,30.59,114.3,NASA POWER API
637,637,2021-09-29,22.87,9.6,76.51,3.55,100.69,14.57,华中_湖北,30.59,114.3,NASA POWER API
638,638,2021-09-30,24.6,0.51,73.76,1.41,100.7,20.07,华中_湖北,30.59,114.3,NASA POWER API
639,639,2021-10-01,25.6,0.0,70.26,1.5,100.65,20.97,华中_湖北,30.59,114.3,NASA POWER API
640,640,2021-10-02,27.24,0.0,75.51,2.21,100.63,20.18,华中_湖北,30.59,114.3,NASA POWER API
641,641,2021-10-03,29.27,0.0,73.1,4.39,100.56,18.61,华中_湖北,30.59,114.3,NASA POWER API
642,642,2021-10-04,29.86,0.0,73.3,3.31,100.84,19.45,华中_湖北,30.59,114.3,NASA POWER API
643,643,2021-10-05,26.99,0.0,75.26,3.73,101.17,19.3,华中_湖北,30.59,114.3,NASA POWER API
644,644,2021-10-06,23.99,0.02,76.69,3.3,101.16,13.81,华中_湖北,30.59,114.3,NASA POWER API
645,645,2021-10-07,20.67,0.03,76.65,4.98,101.26,8.2,华中_湖北,30.59,114.3,NASA POWER API
646,646,2021-10-08,20.89,0.01,77.59,3.43,101.25,6.74,华中_湖北,30.59,114.3,NASA POWER API
647,647,2021-10-09,22.1,2.42,82.56,3.57,101.27,11.38,华中_湖北,30.59,114.3,NASA POWER API
648,648,2021-10-10,18.23,3.28,83.73,7.05,101.65,3.58,华中_湖北,30.59,114.3,NASA POWER API
649,649,2021-10-11,16.87,0.42,66.86,5.45,101.88,10.29,华中_湖北,30.59,114.3,NASA POWER API
650,650,2021-10-12,18.36,0.0,68.85,4.57,101.73,17.97,华中_湖北,30.59,114.3,NASA POWER API
651,651,2021-10-13,20.39,0.04,72.94,4.46,101.58,9.29,华中_湖北,30.59,114.3,NASA POWER API
652,652,2021-10-14,21.14,2.52,77.1,4.96,101.5,3.81,华中_湖北,30.59,114.3,NASA POWER API
653,653,2021-10-15,18.2,8.87,80.34,5.73,101.74,3.46,华中_湖北,30.59,114.3,NASA POWER API
654,654,2021-10-16,15.53,18.8,84.84,5.59,102.5,4.18,华中_湖北,30.59,114.3,NASA POWER API
655,655,2021-10-17,13.17,0.02,66.6,2.59,102.68,11.26,华中_湖北,30.59,114.3,NASA POWER API
656,656,2021-10-18,14.82,1.37,62.7,1.16,102.02,9.18,华中_湖北,30.59,114.3,NASA POWER API
657,657,2021-10-19,15.76,0.71,69.71,2.46,101.99,4.24,华中_湖北,30.59,114.3,NASA POWER API
658,658,2021-10-20,13.06,8.9,85.57,4.22,101.95,2.59,华中_湖北,30.59,114.3,NASA POWER API
659,659,2021-10-21,13.15,0.28,77.48,2.11,102.13,10.47,华中_湖北,30.59,114.3,NASA POWER API
660,660,2021-10-22,14.66,0.06,73.72,2.32,102.39,8.87,华中_湖北,30.59,114.3,NASA POWER API
661,661,2021-10-23,14.35,0.0,68.25,2.13,102.35,15.67,华中_湖北,30.59,114.3,NASA POWER API
662,662,2021-10-24,15.65,0.0,60.94,1.3,102.16,15.12,华中_湖北,30.59,114.3,NASA POWER API
663,663,2021-10-25,15.74,0.0,69.06,1.25,101.87,15.39,华中_湖北,30.59,114.3,NASA POWER API
664,664,2021-10-26,16.94,0.02,73.43,1.24,101.71,10.99,华中_湖北,30.59,114.3,NASA POWER API
665,665,2021-10-27,18.13,0.0,68.9,1.67,101.85,12.38,华中_湖北,30.59,114.3,NASA POWER API
666,666,2021-10-28,18.75,0.0,68.07,0.94,101.91,12.38,华中_湖北,30.59,114.3,NASA POWER API
667,667,2021-10-29,18.42,0.0,70.29,1.25,101.91,9.87,华中_湖北,30.59,114.3,NASA POWER API
668,668,2021-10-30,18.45,0.0,68.58,1.2,101.92,14.72,华中_湖北,30.59,114.3,NASA POWER API
669,669,2021-10-31,19.12,0.02,65.32,1.25,101.96,10.67,华中_湖北,30.59,114.3,NASA POWER API
670,670,2021-11-01,18.75,0.03,66.3,1.81,101.97,9.64,华中_湖北,30.59,114.3,NASA POWER API
671,671,2021-11-02,18.96,0.19,68.91,1.06,101.87,10.31,华中_湖北,30.59,114.3,NASA POWER API
672,672,2021-11-03,18.66,0.19,70.09,0.94,101.65,11.54,华中_湖北,30.59,114.3,NASA POWER API
673,673,2021-11-04,17.59,1.08,83.42,2.42,101.25,5.67,华中_湖北,30.59,114.3,NASA POWER API
674,674,2021-11-05,18.79,4.3,83.48,1.69,100.83,4.41,华中_湖北,30.59,114.3,NASA POWER API
675,675,2021-11-06,19.31,1.79,81.19,2.14,101.03,7.13,华中_湖北,30.59,114.3,NASA POWER API
676,676,2021-11-07,7.99,21.52,74.87,8.53,102.17,3.04,华中_湖北,30.59,114.3,NASA POWER API
677,677,2021-11-08,7.32,0.0,50.74,3.29,102.58,17.01,华中_湖北,30.59,114.3,NASA POWER API
678,678,2021-11-09,8.63,0.0,59.79,2.26,102.22,11.21,华中_湖北,30.59,114.3,NASA POWER API
679,679,2021-11-10,10.83,0.0,62.7,2.72,101.85,16.31,华中_湖北,30.59,114.3,NASA POWER API
680,680,2021-11-11,11.65,0.0,66.91,1.74,101.95,13.53,华中_湖北,30.59,114.3,NASA POWER API
681,681,2021-11-12,12.77,0.0,63.53,1.53,102.06,13.57,华中_湖北,30.59,114.3,NASA POWER API
682,682,2021-11-13,12.4,0.0,58.67,2.01,101.85,15.67,华中_湖北,30.59,114.3,NASA POWER API
683,683,2021-11-14,13.57,0.0,63.77,1.46,101.79,15.52,华中_湖北,30.59,114.3,NASA POWER API
684,684,2021-11-15,14.61,0.0,63.58,1.55,101.64,14.89,华中_湖北,30.59,114.3,NASA POWER API
685,685,2021-11-16,15.56,0.0,63.49,1.77,101.79,12.23,华中_湖北,30.59,114.3,NASA POWER API
686,686,2021-11-17,14.16,0.0,73.08,1.64,101.91,7.06,华中_湖北,30.59,114.3,NASA POWER API
687,687,2021-11-18,13.7,0.02,74.88,1.6,101.41,12.75,华中_湖北,30.59,114.3,NASA POWER API
688,688,2021-11-19,13.53,0.05,81.59,2.33,101.21,10.34,华中_湖北,30.59,114.3,NASA POWER API
689,689,2021-11-20,14.14,1.34,83.86,2.37,101.26,2.56,华中_湖北,30.59,114.3,NASA POWER API
690,690,2021-11-21,11.53,3.07,77.38,5.71,101.94,2.4,华中_湖北,30.59,114.3,NASA POWER API
691,691,2021-11-22,7.5,0.0,47.65,4.71,102.61,13.88,华中_湖北,30.59,114.3,NASA POWER API
692,692,2021-11-23,8.88,0.3,40.94,1.27,102.41,14.62,华中_湖北,30.59,114.3,NASA POWER API
693,693,2021-11-24,9.76,0.0,64.03,2.37,101.95,14.7,华中_湖北,30.59,114.3,NASA POWER API
694,694,2021-11-25,11.97,0.0,63.01,1.37,101.85,14.08,华中_湖北,30.59,114.3,NASA POWER API
695,695,2021-11-26,12.4,0.0,57.05,1.67,102.19,12.95,华中_湖北,30.59,114.3,NASA POWER API
696,696,2021-11-27,10.59,0.0,68.73,2.41,102.46,12.17,华中_湖北,30.59,114.3,NASA POWER API
697,697,2021-11-28,11.91,0.0,77.32,1.66,102.26,12.22,华中_湖北,30.59,114.3,NASA POWER API
698,698,2021-11-29,12.13,0.09,73.48,3.46,102.22,11.36,华中_湖北,30.59,114.3,NASA POWER API
699,699,2021-11-30,8.35,0.0,58.94,4.53,102.64,14.52,华中_湖北,30.59,114.3,NASA POWER API
700,700,2021-12-01,6.84,0.06,57.98,2.2,102.72,13.34,华中_湖北,30.59,114.3,NASA POWER API
701,701,2021-12-02,8.16,0.0,64.55,1.97,102.33,13.29,华中_湖北,30.59,114.3,NASA POWER API
702,702,2021-12-03,8.91,0.0,58.35,1.83,102.26,13.63,华中_湖北,30.59,114.3,NASA POWER API
703,703,2021-12-04,10.33,0.0,53.36,1.35,102.35,12.48,华中_湖北,30.59,114.3,NASA POWER API
704,704,2021-12-05,11.78,0.0,49.56,0.82,102.22,12.8,华中_湖北,30.59,114.3,NASA POWER API
705,705,2021-12-06,11.17,0.0,56.34,1.66,102.26,12.13,华中_湖北,30.59,114.3,NASA POWER API
706,706,2021-12-07,8.8,0.0,76.53,2.51,102.48,7.95,华中_湖北,30.59,114.3,NASA POWER API
707,707,2021-12-08,10.04,0.0,75.7,1.9,102.47,8.36,华中_湖北,30.59,114.3,NASA POWER API
708,708,2021-12-09,10.2,0.0,75.88,1.19,102.4,8.99,华中_湖北,30.59,114.3,NASA POWER API
709,709,2021-12-10,11.37,0.0,78.78,1.8,102.16,10.42,华中_湖北,30.59,114.3,NASA POWER API
710,710,2021-12-11,10.75,2.23,83.16,3.51,102.29,2.12,华中_湖北,30.59,114.3,NASA POWER API
711,711,2021-12-12,9.13,3.73,83.95,4.28,102.84,4.29,华中_湖北,30.59,114.3,NASA POWER API
712,712,2021-12-13,7.65,0.03,80.62,2.18,102.51,7.64,华中_湖北,30.59,114.3,NASA POWER API
713,713,2021-12-14,9.94,0.0,80.53,1.5,101.82,8.79,华中_湖北,30.59,114.3,NASA POWER API
714,714,2021-12-15,11.33,2.15,87.64,1.29,101.56,2.04,华中_湖北,30.59,114.3,NASA POWER API
715,715,2021-12-16,10.32,1.74,69.27,4.3,102.05,2.02,华中_湖北,30.59,114.3,NASA POWER API
716,716,2021-12-17,5.59,0.0,57.96,5.26,102.93,13.05,华中_湖北,30.59,114.3,NASA POWER API
717,717,2021-12-18,4.51,0.0,51.1,1.97,102.96,12.6,华中_湖北,30.59,114.3,NASA POWER API
718,718,2021-12-19,7.6,0.04,55.09,1.64,102.38,12.77,华中_湖北,30.59,114.3,NASA POWER API
719,719,2021-12-20,9.45,0.0,59.21,1.87,101.81,11.48,华中_湖北,30.59,114.3,NASA POWER API
720,720,2021-12-21,10.29,0.0,64.75,1.56,101.65,12.45,华中_湖北,30.59,114.3,NASA POWER API
721,721,2021-12-22,11.66,0.0,57.26,0.83,101.76,13.08,华中_湖北,30.59,114.3,NASA POWER API
722,722,2021-12-23,10.33,0.0,69.17,1.86,101.56,11.57,华中_湖北,30.59,114.3,NASA POWER API
723,723,2021-12-24,5.94,0.41,83.61,5.95,102.2,3.53,华中_湖北,30.59,114.3,NASA POWER API
724,724,2021-12-25,1.63,0.61,65.87,5.76,103.33,1.33,华中_湖北,30.59,114.3,NASA POWER API
725,725,2021-12-26,-1.26,0.99,54.69,4.67,103.87,6.33,华中_湖北,30.59,114.3,NASA POWER API
726,726,2021-12-27,0.47,0.0,50.99,1.67,103.36,8.65,华中_湖北,30.59,114.3,NASA POWER API
727,727,2021-12-28,2.87,0.01,71.63,1.72,102.66,8.94,华中_湖北,30.59,114.3,NASA POWER API
728,728,2021-12-29,4.89,0.0,71.12,2.64,102.71,12.07,华中_湖北,30.59,114.3,NASA POWER API
729,729,2021-12-30,4.86,0.0,53.41,1.91,102.87,11.65,华中_湖北,30.59,114.3,NASA POWER API
730,730,2021-12-31,5.68,0.0,55.57,1.97,102.72,9.11,华中_湖北,30.59,114.3,NASA POWER API
731,731,2022-01-01,6.82,0.0,53.17,1.4,102.49,11.26,华中_湖北,30.59,114.3,NASA POWER API
732,732,2022-01-02,6.48,0.0,61.96,1.19,102.41,10.69,华中_湖北,30.59,114.3,NASA POWER API
733,733,2022-01-03,8.13,0.27,64.63,1.31,102.11,10.84,华中_湖北,30.59,114.3,NASA POWER API
734,734,2022-01-04,8.98,7.62,80.33,2.2,101.9,2.16,华中_湖北,30.59,114.3,NASA POWER API
735,735,2022-01-05,5.05,10.1,83.72,4.71,102.12,3.36,华中_湖北,30.59,114.3,NASA POWER API
736,736,2022-01-06,4.77,6.62,85.34,3.0,102.67,3.83,华中_湖北,30.59,114.3,NASA POWER API
737,737,2022-01-07,5.14,0.11,87.12,1.58,102.68,5.86,华中_湖北,30.59,114.3,NASA POWER API
738,738,2022-01-08,6.4,0.7,83.52,0.85,102.35,3.27,华中_湖北,30.59,114.3,NASA POWER API
739,739,2022-01-09,6.58,0.06,79.13,1.42,102.06,5.43,华中_湖北,30.59,114.3,NASA POWER API
740,740,2022-01-10,5.71,0.2,85.61,1.84,102.12,2.63,华中_湖北,30.59,114.3,NASA POWER API
741,741,2022-01-11,5.28,0.02,73.67,1.72,102.43,10.54,华中_湖北,30.59,114.3,NASA POWER API
742,742,2022-01-12,5.34,0.0,80.53,1.93,102.18,10.68,华中_湖北,30.59,114.3,NASA POWER API
743,743,2022-01-13,3.67,0.01,61.62,3.81,102.62,12.76,华中_湖北,30.59,114.3,NASA POWER API
744,744,2022-01-14,4.22,0.2,73.75,2.16,102.09,2.45,华中_湖北,30.59,114.3,NASA POWER API
745,745,2022-01-15,6.3,0.02,82.7,0.96,102.11,11.25,华中_湖北,30.59,114.3,NASA POWER API
746,746,2022-01-16,8.6,0.31,77.82,1.35,102.31,7.57,华中_湖北,30.59,114.3,NASA POWER API
747,747,2022-01-17,8.17,0.28,78.43,1.86,102.4,8.28,华中_湖北,30.59,114.3,NASA POWER API
748,748,2022-01-18,7.87,0.63,75.82,1.4,102.23,9.81,华中_湖北,30.59,114.3,NASA POWER API
749,749,2022-01-19,8.18,0.0,77.74,1.37,102.04,10.23,华中_湖北,30.59,114.3,NASA POWER API
750,750,2022-01-20,7.04,0.18,84.81,3.55,102.06,7.39,华中_湖北,30.59,114.3,NASA POWER API
751,751,2022-01-21,6.47,4.17,88.21,3.56,101.92,3.45,华中_湖北,30.59,114.3,NASA POWER API
752,752,2022-01-22,5.52,14.29,91.82,3.25,101.51,1.89,华中_湖北,30.59,114.3,NASA POWER API
753,753,2022-01-23,4.92,7.77,88.23,4.86,101.65,2.36,华中_湖北,30.59,114.3,NASA POWER API
754,754,2022-01-24,5.39,0.71,82.58,3.36,101.99,3.79,华中_湖北,30.59,114.3,NASA POWER API
755,755,2022-01-25,4.7,4.23,88.36,2.08,102.03,4.57,华中_湖北,30.59,114.3,NASA POWER API
756,756,2022-01-26,4.71,11.13,90.74,2.45,101.94,2.35,华中_湖北,30.59,114.3,NASA POWER API
757,757,2022-01-27,4.54,4.04,85.55,3.72,102.26,1.87,华中_湖北,30.59,114.3,NASA POWER API
758,758,2022-01-28,2.28,5.06,89.71,4.15,102.37,3.32,华中_湖北,30.59,114.3,NASA POWER API
759,759,2022-01-29,2.21,2.37,85.49,2.86,102.13,3.35,华中_湖北,30.59,114.3,NASA POWER API
760,760,2022-01-30,3.6,0.07,77.77,1.23,102.32,5.63,华中_湖北,30.59,114.3,NASA POWER API
761,761,2022-01-31,4.01,0.32,76.96,1.06,102.44,6.34,华中_湖北,30.59,114.3,NASA POWER API
762,762,2022-02-01,5.23,0.59,65.14,2.87,102.48,7.19,华中_湖北,30.59,114.3,NASA POWER API
763,763,2022-02-02,2.66,2.26,82.04,3.2,102.6,4.45,华中_湖北,30.59,114.3,NASA POWER API
764,764,2022-02-03,3.69,0.03,78.7,1.38,102.4,6.18,华中_湖北,30.59,114.3,NASA POWER API
765,765,2022-02-04,5.23,0.0,72.15,1.24,102.57,13.94,华中_湖北,30.59,114.3,NASA POWER API
766,766,2022-02-05,5.3,0.0,71.58,2.04,102.72,8.89,华中_湖北,30.59,114.3,NASA POWER API
767,767,2022-02-06,4.93,3.83,68.72,3.05,102.52,3.87,华中_湖北,30.59,114.3,NASA POWER API
768,768,2022-02-07,1.19,20.89,88.93,3.79,102.24,4.07,华中_湖北,30.59,114.3,NASA POWER API
769,769,2022-02-08,1.5,0.38,81.93,1.91,102.57,8.34,华中_湖北,30.59,114.3,NASA POWER API
770,770,2022-02-09,2.72,2.38,85.01,1.26,102.28,4.74,华中_湖北,30.59,114.3,NASA POWER API
771,771,2022-02-10,3.6,0.44,84.42,1.32,102.08,6.14,华中_湖北,30.59,114.3,NASA POWER API
772,772,2022-02-11,4.86,0.46,88.28,1.31,101.96,2.64,华中_湖北,30.59,114.3,NASA POWER API
773,773,2022-02-12,5.14,0.23,87.82,2.12,101.99,4.79,华中_湖北,30.59,114.3,NASA POWER API
774,774,2022-02-13,5.47,0.39,86.75,1.52,101.91,5.4,华中_湖北,30.59,114.3,NASA POWER API
775,775,2022-02-14,6.2,0.01,83.3,1.18,102.08,7.59,华中_湖北,30.59,114.3,NASA POWER API
776,776,2022-02-15,7.32,0.0,82.34,1.2,102.04,6.94,华中_湖北,30.59,114.3,NASA POWER API
777,777,2022-02-16,7.01,0.84,82.1,2.59,101.88,5.21,华中_湖北,30.59,114.3,NASA POWER API
778,778,2022-02-17,3.51,9.86,85.02,4.78,101.93,3.22,华中_湖北,30.59,114.3,NASA POWER API
779,779,2022-02-18,2.46,2.96,84.41,3.61,102.23,3.38,华中_湖北,30.59,114.3,NASA POWER API
780,780,2022-02-19,2.76,0.11,78.76,4.96,102.83,7.16,华中_湖北,30.59,114.3,NASA POWER API
781,781,2022-02-20,2.29,0.0,64.54,2.17,102.97,14.0,华中_湖北,30.59,114.3,NASA POWER API
782,782,2022-02-21,4.9,0.06,58.78,1.12,102.8,8.34,华中_湖北,30.59,114.3,NASA POWER API
783,783,2022-02-22,5.0,2.96,77.31,1.76,102.91,5.94,华中_湖北,30.59,114.3,NASA POWER API
784,784,2022-02-23,5.29,0.96,79.05,1.33,103.04,11.7,华中_湖北,30.59,114.3,NASA POWER API
785,785,2022-02-24,6.31,0.02,74.24,1.31,102.84,15.8,华中_湖北,30.59,114.3,NASA POWER API
786,786,2022-02-25,8.13,0.0,68.99,1.61,102.33,17.74,华中_湖北,30.59,114.3,NASA POWER API
787,787,2022-02-26,9.82,0.0,72.82,2.09,102.08,17.45,华中_湖北,30.59,114.3,NASA POWER API
788,788,2022-02-27,11.44,0.0,72.1,2.77,101.68,16.84,华中_湖北,30.59,114.3,NASA POWER API
789,789,2022-02-28,13.18,0.08,82.22,1.6,101.35,3.89,华中_湖北,30.59,114.3,NASA POWER API
790,790,2022-03-01,11.58,0.31,60.98,4.05,101.91,8.3,华中_湖北,30.59,114.3,NASA POWER API
791,791,2022-03-02,12.41,0.0,61.48,1.43,101.79,17.37,华中_湖北,30.59,114.3,NASA POWER API
792,792,2022-03-03,14.97,3.24,71.02,1.21,101.34,14.08,华中_湖北,30.59,114.3,NASA POWER API
793,793,2022-03-04,15.93,0.56,63.85,1.65,101.29,17.79,华中_湖北,30.59,114.3,NASA POWER API
794,794,2022-03-05,16.53,0.16,57.3,2.21,101.33,17.91,华中_湖北,30.59,114.3,NASA POWER API
795,795,2022-03-06,12.62,6.34,73.41,4.08,101.62,2.99,华中_湖北,30.59,114.3,NASA POWER API
796,796,2022-03-07,11.76,0.01,71.57,1.73,101.87,18.26,华中_湖北,30.59,114.3,NASA POWER API
797,797,2022-03-08,14.1,0.02,73.03,3.16,101.34,20.63,华中_湖北,30.59,114.3,NASA POWER API
798,798,2022-03-09,16.12,0.0,69.9,3.03,101.24,19.69,华中_湖北,30.59,114.3,NASA POWER API
799,799,2022-03-10,19.13,0.03,64.79,2.14,100.98,18.49,华中_湖北,30.59,114.3,NASA POWER API
800,800,2022-03-11,20.85,0.0,70.28,1.88,100.86,19.21,华中_湖北,30.59,114.3,NASA POWER API
801,801,2022-03-12,21.5,0.36,76.59,2.97,100.62,14.39,华中_湖北,30.59,114.3,NASA POWER API
802,802,2022-03-13,22.75,0.34,81.2,1.61,100.57,17.02,华中_湖北,30.59,114.3,NASA POWER API
803,803,2022-03-14,21.93,1.51,79.36,3.02,100.85,14.17,华中_湖北,30.59,114.3,NASA POWER API
804,804,2022-03-15,21.27,0.0,77.23,2.17,100.78,18.2,华中_湖北,30.59,114.3,NASA POWER API
805,805,2022-03-16,22.58,34.4,84.49,3.03,100.39,6.95,华中_湖北,30.59,114.3,NASA POWER API
806,806,2022-03-17,11.84,30.03,85.39,6.4,100.79,3.79,华中_湖北,30.59,114.3,NASA POWER API
807,807,2022-03-18,10.11,0.27,79.37,1.78,101.15,7.24,华中_湖北,30.59,114.3,NASA POWER API
808,808,2022-03-19,12.12,0.55,82.82,3.51,100.99,4.13,华中_湖北,30.59,114.3,NASA POWER API
809,809,2022-03-20,8.99,10.08,83.58,4.46,101.24,2.68,华中_湖北,30.59,114.3,NASA POWER API
810,810,2022-03-21,7.11,45.29,88.31,4.48,101.42,1.75,华中_湖北,30.59,114.3,NASA POWER API
811,811,2022-03-22,7.66,20.56,86.95,3.7,101.9,5.38,华中_湖北,30.59,114.3,NASA POWER API
812,812,2022-03-23,9.12,0.06,83.46,1.57,101.74,9.94,华中_湖北,30.59,114.3,NASA POWER API
813,813,2022-03-24,12.81,24.55,86.48,2.79,100.84,15.68,华中_湖北,30.59,114.3,NASA POWER API
814,814,2022-03-25,15.37,40.51,89.8,4.15,100.31,2.96,华中_湖北,30.59,114.3,NASA POWER API
815,815,2022-03-26,12.34,0.4,72.69,2.96,101.45,7.98,华中_湖北,30.59,114.3,NASA POWER API
816,816,2022-03-27,14.18,0.08,71.28,2.5,101.73,13.72,华中_湖北,30.59,114.3,NASA POWER API
817,817,2022-03-28,15.03,0.01,76.89,2.9,101.68,20.51,华中_湖北,30.59,114.3,NASA POWER API
818,818,2022-03-29,16.12,0.02,79.68,2.69,101.37,21.25,华中_湖北,30.59,114.3,NASA POWER API
819,819,2022-03-30,17.39,6.75,88.86,1.71,101.5,8.1,华中_湖北,30.59,114.3,NASA POWER API
820,820,2022-03-31,14.37,12.43,87.22,5.09,102.29,4.7,华中_湖北,30.59,114.3,NASA POWER API
821,821,2022-04-01,12.38,1.33,71.69,2.8,102.85,16.1,华中_湖北,30.59,114.3,NASA POWER API
822,822,2022-04-02,15.3,0.0,64.71,1.15,102.46,20.85,华中_湖北,30.59,114.3,NASA POWER API
823,823,2022-04-03,15.94,0.0,65.0,1.7,102.23,23.92,华中_湖北,30.59,114.3,NASA POWER API
824,824,2022-04-04,16.52,0.0,71.42,2.45,102.03,14.7,华中_湖北,30.59,114.3,NASA POWER API
825,825,2022-04-05,17.96,0.0,66.14,2.26,101.76,21.02,华中_湖北,30.59,114.3,NASA POWER API
826,826,2022-04-06,20.18,0.0,67.38,0.9,101.61,20.11,华中_湖北,30.59,114.3,NASA POWER API
827,827,2022-04-07,21.81,0.0,60.29,0.9,101.47,23.23,华中_湖北,30.59,114.3,NASA POWER API
828,828,2022-04-08,21.6,0.0,63.43,2.59,101.13,24.96,华中_湖北,30.59,114.3,NASA POWER API
829,829,2022-04-09,21.94,0.0,67.84,3.18,100.66,23.7,华中_湖北,30.59,114.3,NASA POWER API
830,830,2022-04-10,23.31,0.0,69.54,3.32,100.49,24.03,华中_湖北,30.59,114.3,NASA POWER API
831,831,2022-04-11,24.59,0.0,74.31,3.15,100.4,23.59,华中_湖北,30.59,114.3,NASA POWER API
832,832,2022-04-12,22.47,13.35,76.27,4.73,100.37,17.65,华中_湖北,30.59,114.3,NASA POWER API
833,833,2022-04-13,15.85,38.85,82.83,5.81,100.73,11.15,华中_湖北,30.59,114.3,NASA POWER API
834,834,2022-04-14,13.93,1.06,74.7,2.97,101.32,9.77,华中_湖北,30.59,114.3,NASA POWER API
835,835,2022-04-15,13.65,3.33,77.75,4.36,101.78,6.48,华中_湖北,30.59,114.3,NASA POWER API
836,836,2022-04-16,14.75,3.27,71.53,2.66,101.74,10.52,华中_湖北,30.59,114.3,NASA POWER API
837,837,2022-04-17,14.52,0.45,76.84,0.78,101.62,9.38,华中_湖北,30.59,114.3,NASA POWER API
838,838,2022-04-18,16.65,0.0,73.69,2.08,101.66,22.41,华中_湖北,30.59,114.3,NASA POWER API
839,839,2022-04-19,18.9,0.0,63.83,1.06,101.62,22.51,华中_湖北,30.59,114.3,NASA POWER API
840,840,2022-04-20,18.01,1.36,74.61,2.74,101.04,11.99,华中_湖北,30.59,114.3,NASA POWER API
841,841,2022-04-21,20.07,0.06,77.92,3.91,100.55,25.94,华中_湖北,30.59,114.3,NASA POWER API
842,842,2022-04-22,21.59,21.01,86.54,2.26,100.5,11.76,华中_湖北,30.59,114.3,NASA POWER API
843,843,2022-04-23,21.72,1.71,82.7,2.35,100.53,17.72,华中_湖北,30.59,114.3,NASA POWER API
844,844,2022-04-24,24.29,22.02,84.88,2.59,100.22,24.44,华中_湖北,30.59,114.3,NASA POWER API
845,845,2022-04-25,24.98,40.34,85.65,4.91,99.73,8.89,华中_湖北,30.59,114.3,NASA POWER API
846,846,2022-04-26,23.3,21.11,82.62,2.47,100.26,19.04,华中_湖北,30.59,114.3,NASA POWER API
847,847,2022-04-27,21.52,3.35,82.68,4.11,100.72,15.76,华中_湖北,30.59,114.3,NASA POWER API
848,848,2022-04-28,17.96,20.97,87.48,6.04,100.77,4.44,华中_湖北,30.59,114.3,NASA POWER API
849,849,2022-04-29,13.88,0.08,81.23,3.05,101.58,13.83,华中_湖北,30.59,114.3,NASA POWER API
850,850,2022-04-30,14.88,2.95,84.59,3.08,101.67,5.52,华中_湖北,30.59,114.3,NASA POWER API
851,851,2022-05-01,15.34,0.01,76.58,2.58,101.75,17.03,华中_湖北,30.59,114.3,NASA POWER API
852,852,2022-05-02,18.05,0.0,71.63,1.78,101.52,26.12,华中_湖北,30.59,114.3,NASA POWER API
853,853,2022-05-03,20.6,0.0,64.41,1.79,101.49,26.19,华中_湖北,30.59,114.3,NASA POWER API
854,854,2022-05-04,21.38,0.0,65.45,2.22,101.15,27.66,华中_湖北,30.59,114.3,NASA POWER API
855,855,2022-05-05,22.58,0.0,68.11,2.75,100.76,27.92,华中_湖北,30.59,114.3,NASA POWER API
856,856,2022-05-06,24.26,0.0,65.69,2.49,100.64,27.65,华中_湖北,30.59,114.3,NASA POWER API
857,857,2022-05-07,24.25,0.15,74.54,2.25,100.99,21.7,华中_湖北,30.59,114.3,NASA POWER API
858,858,2022-05-08,22.46,0.57,83.35,2.86,101.01,17.52,华中_湖北,30.59,114.3,NASA POWER API
859,859,2022-05-09,21.56,2.17,82.67,3.26,100.96,5.04,华中_湖北,30.59,114.3,NASA POWER API
860,860,2022-05-10,18.92,1.11,81.48,3.18,100.8,7.81,华中_湖北,30.59,114.3,NASA POWER API
861,861,2022-05-11,19.85,0.67,81.43,1.75,100.87,8.75,华中_湖北,30.59,114.3,NASA POWER API
862,862,2022-05-12,21.24,0.48,76.9,1.37,100.66,10.85,华中_湖北,30.59,114.3,NASA POWER API
863,863,2022-05-13,20.61,0.7,78.34,4.39,100.77,15.38,华中_湖北,30.59,114.3,NASA POWER API
864,864,2022-05-14,18.27,3.28,77.1,3.98,101.27,9.28,华中_湖北,30.59,114.3,NASA POWER API
865,865,2022-05-15,17.62,0.46,69.41,2.72,101.48,13.05,华中_湖北,30.59,114.3,NASA POWER API
866,866,2022-05-16,18.91,0.07,61.99,1.96,101.25,24.58,华中_湖北,30.59,114.3,NASA POWER API
867,867,2022-05-17,20.04,0.0,62.35,2.24,101.13,22.78,华中_湖北,30.59,114.3,NASA POWER API
868,868,2022-05-18,21.48,0.33,68.33,1.66,101.2,11.02,华中_湖北,30.59,114.3,NASA POWER API
869,869,2022-05-19,19.6,9.44,83.19,1.82,101.11,3.4,华中_湖北,30.59,114.3,NASA POWER API
870,870,2022-05-20,19.63,0.67,79.28,1.19,100.86,11.53,华中_湖北,30.59,114.3,NASA POWER API
871,871,2022-05-21,21.59,0.0,75.34,1.35,100.72,21.32,华中_湖北,30.59,114.3,NASA POWER API
872,872,2022-05-22,22.31,0.13,76.5,1.47,100.48,13.29,华中_湖北,30.59,114.3,NASA POWER API
873,873,2022-05-23,22.63,0.07,78.99,1.56,100.55,21.25,华中_湖北,30.59,114.3,NASA POWER API
874,874,2022-05-24,24.57,0.0,76.31,1.75,100.67,23.92,华中_湖北,30.59,114.3,NASA POWER API
875,875,2022-05-25,25.77,1.06,73.6,1.52,100.53,19.99,华中_湖北,30.59,114.3,NASA POWER API
876,876,2022-05-26,24.57,7.79,74.69,1.95,100.34,15.87,华中_湖北,30.59,114.3,NASA POWER API
877,877,2022-05-27,23.72,4.21,79.2,0.96,100.27,12.25,华中_湖北,30.59,114.3,NASA POWER API
878,878,2022-05-28,22.4,5.22,86.43,1.97,100.0,7.49,华中_湖北,30.59,114.3,NASA POWER API
879,879,2022-05-29,24.35,7.98,83.69,3.17,99.82,19.75,华中_湖北,30.59,114.3,NASA POWER API
880,880,2022-05-30,25.22,0.51,81.99,2.13,100.18,17.49,华中_湖北,30.59,114.3,NASA POWER API
881,881,2022-05-31,26.7,4.22,81.17,2.27,100.24,20.97,华中_湖北,30.59,114.3,NASA POWER API
882,882,2022-06-01,25.2,2.64,86.44,2.01,100.12,8.04,华中_湖北,30.59,114.3,NASA POWER API
883,883,2022-06-02,25.86,2.51,89.63,3.51,99.83,14.39,华中_湖北,30.59,114.3,NASA POWER API
884,884,2022-06-03,27.6,7.25,85.56,2.32,99.75,15.05,华中_湖北,30.59,114.3,NASA POWER API
885,885,2022-06-04,27.76,50.11,84.99,1.88,99.7,8.62,华中_湖北,30.59,114.3,NASA POWER API
886,886,2022-06-05,26.88,26.58,81.59,3.83,99.76,17.73,华中_湖北,30.59,114.3,NASA POWER API
887,887,2022-06-06,27.79,0.11,69.74,1.84,99.98,24.63,华中_湖北,30.59,114.3,NASA POWER API
888,888,2022-06-07,28.2,0.0,68.92,2.54,100.17,24.67,华中_湖北,30.59,114.3,NASA POWER API
889,889,2022-06-08,27.58,0.0,79.01,3.05,100.2,24.35,华中_湖北,30.59,114.3,NASA POWER API
890,890,2022-06-09,26.83,0.0,80.44,3.06,100.17,16.54,华中_湖北,30.59,114.3,NASA POWER API
891,891,2022-06-10,26.54,0.41,69.77,3.13,100.17,21.38,华中_湖北,30.59,114.3,NASA POWER API
892,892,2022-06-11,25.07,0.37,78.12,3.19,100.44,18.94,华中_湖北,30.59,114.3,NASA POWER API
893,893,2022-06-12,22.9,11.04,86.25,1.57,100.36,10.99,华中_湖北,30.59,114.3,NASA POWER API
894,894,2022-06-13,23.59,0.41,79.87,2.08,100.24,22.45,华中_湖北,30.59,114.3,NASA POWER API
895,895,2022-06-14,25.84,0.03,78.8,2.45,100.21,25.71,华中_湖北,30.59,114.3,NASA POWER API
896,896,2022-06-15,27.71,0.0,77.24,2.37,100.28,27.93,华中_湖北,30.59,114.3,NASA POWER API
897,897,2022-06-16,28.34,0.0,78.88,3.33,100.15,27.49,华中_湖北,30.59,114.3,NASA POWER API
898,898,2022-06-17,27.77,0.07,76.34,3.01,100.02,26.68,华中_湖北,30.59,114.3,NASA POWER API
899,899,2022-06-18,26.36,9.13,86.39,1.64,99.87,13.21,华中_湖北,30.59,114.3,NASA POWER API
900,900,2022-06-19,26.17,22.91,89.17,3.15,99.85,6.41,华中_湖北,30.59,114.3,NASA POWER API
901,901,2022-06-20,27.25,3.98,84.88,2.22,99.72,20.85,华中_湖北,30.59,114.3,NASA POWER API
902,902,2022-06-21,28.46,2.85,83.8,2.61,99.67,18.41,华中_湖北,30.59,114.3,NASA POWER API
903,903,2022-06-22,28.7,2.15,84.52,3.99,99.92,16.67,华中_湖北,30.59,114.3,NASA POWER API
904,904,2022-06-23,28.75,18.72,86.75,4.71,99.99,12.79,华中_湖北,30.59,114.3,NASA POWER API
905,905,2022-06-24,29.3,22.32,85.97,3.87,99.92,10.1,华中_湖北,30.59,114.3,NASA POWER API
906,906,2022-06-25,29.08,0.79,84.3,3.91,99.82,24.76,华中_湖北,30.59,114.3,NASA POWER API
907,907,2022-06-26,29.83,0.0,80.04,5.25,99.84,21.27,华中_湖北,30.59,114.3,NASA POWER API
908,908,2022-06-27,29.36,26.8,81.52,5.69,99.65,18.62,华中_湖北,30.59,114.3,NASA POWER API
909,909,2022-06-28,28.84,59.61,84.36,2.56,99.58,18.93,华中_湖北,30.59,114.3,NASA POWER API
910,910,2022-06-29,29.52,3.69,82.51,2.36,99.8,25.56,华中_湖北,30.59,114.3,NASA POWER API
911,911,2022-06-30,29.1,2.7,79.5,1.87,100.08,26.78,华中_湖北,30.59,114.3,NASA POWER API
912,912,2022-07-01,29.31,2.41,83.52,2.39,100.2,25.99,华中_湖北,30.59,114.3,NASA POWER API
913,913,2022-07-02,29.02,1.81,83.8,2.72,100.13,21.98,华中_湖北,30.59,114.3,NASA POWER API
914,914,2022-07-03,29.05,1.55,82.47,2.31,99.92,15.69,华中_湖北,30.59,114.3,NASA POWER API
915,915,2022-07-04,28.12,11.88,90.37,2.9,99.67,14.81,华中_湖北,30.59,114.3,NASA POWER API
916,916,2022-07-05,27.41,44.73,91.24,3.53,99.37,6.92,华中_湖北,30.59,114.3,NASA POWER API
917,917,2022-07-06,28.18,4.07,79.75,2.33,99.8,17.35,华中_湖北,30.59,114.3,NASA POWER API
918,918,2022-07-07,29.4,1.58,77.17,1.24,100.09,19.8,华中_湖北,30.59,114.3,NASA POWER API
919,919,2022-07-08,29.33,1.1,83.42,2.6,100.05,18.25,华中_湖北,30.59,114.3,NASA POWER API
920,920,2022-07-09,30.23,0.07,83.9,3.57,99.83,24.93,华中_湖北,30.59,114.3,NASA POWER API
921,921,2022-07-10,30.26,0.0,82.95,3.75,99.85,27.48,华中_湖北,30.59,114.3,NASA POWER API
922,922,2022-07-11,30.4,0.0,82.52,3.39,99.93,24.71,华中_湖北,30.59,114.3,NASA POWER API
923,923,2022-07-12,31.31,0.0,80.06,3.97,99.89,26.04,华中_湖北,30.59,114.3,NASA POWER API
924,924,2022-07-13,31.42,0.0,78.81,3.43,99.86,25.73,华中_湖北,30.59,114.3,NASA POWER API
925,925,2022-07-14,31.06,0.0,80.75,2.51,99.86,25.08,华中_湖北,30.59,114.3,NASA POWER API
926,926,2022-07-15,31.35,0.0,77.59,3.31,99.79,24.93,华中_湖北,30.59,114.3,NASA POWER API
927,927,2022-07-16,30.99,5.73,80.55,3.82,99.57,20.67,华中_湖北,30.59,114.3,NASA POWER API
928,928,2022-07-17,28.41,34.89,89.0,3.17,99.63,9.0,华中_湖北,30.59,114.3,NASA POWER API
929,929,2022-07-18,29.95,0.37,75.5,1.59,99.77,22.76,华中_湖北,30.59,114.3,NASA POWER API
930,930,2022-07-19,29.92,29.23,80.15,2.05,99.89,13.84,华中_湖北,30.59,114.3,NASA POWER API
931,931,2022-07-20,28.68,24.1,91.87,3.16,100.11,6.84,华中_湖北,30.59,114.3,NASA POWER API
932,932,2022-07-21,28.35,3.16,89.19,2.13,100.48,16.99,华中_湖北,30.59,114.3,NASA POWER API
933,933,2022-07-22,29.67,0.66,85.73,3.35,100.33,25.52,华中_湖北,30.59,114.3,NASA POWER API
934,934,2022-07-23,28.42,2.02,80.99,2.35,100.26,11.34,华中_湖北,30.59,114.3,NASA POWER API
935,935,2022-07-24,29.36,0.02,69.94,1.1,100.19,26.7,华中_湖北,30.59,114.3,NASA POWER API
936,936,2022-07-25,30.28,7.77,82.72,1.87,100.15,25.38,华中_湖北,30.59,114.3,NASA POWER API
937,937,2022-07-26,30.1,12.04,83.0,2.22,100.01,18.75,华中_湖北,30.59,114.3,NASA POWER API
938,938,2022-07-27,30.38,3.29,83.56,2.0,100.06,24.04,华中_湖北,30.59,114.3,NASA POWER API
939,939,2022-07-28,30.44,2.85,78.61,0.8,100.09,12.99,华中_湖北,30.59,114.3,NASA POWER API
940,940,2022-07-29,29.26,0.75,79.66,1.74,100.18,22.3,华中_湖北,30.59,114.3,NASA POWER API
941,941,2022-07-30,29.1,0.08,72.22,1.62,100.13,25.13,华中_湖北,30.59,114.3,NASA POWER API
942,942,2022-07-31,29.52,0.04,69.88,1.48,100.0,25.31,华中_湖北,30.59,114.3,NASA POWER API
943,943,2022-08-01,31.27,0.03,66.65,0.96,100.11,25.42,华中_湖北,30.59,114.3,NASA POWER API
944,944,2022-08-02,32.19,0.9,69.21,1.26,100.23,23.11,华中_湖北,30.59,114.3,NASA POWER API
945,945,2022-08-03,31.35,1.01,79.22,1.63,100.24,22.14,华中_湖北,30.59,114.3,NASA POWER API
946,946,2022-08-04,31.0,1.68,79.35,2.15,100.24,23.89,华中_湖北,30.59,114.3,NASA POWER API
947,947,2022-08-05,30.9,0.04,77.7,2.44,100.18,25.8,华中_湖北,30.59,114.3,NASA POWER API
948,948,2022-08-06,30.0,0.0,78.74,3.25,100.14,25.05,华中_湖北,30.59,114.3,NASA POWER API
949,949,2022-08-07,30.74,0.0,78.62,3.76,100.02,25.63,华中_湖北,30.59,114.3,NASA POWER API
950,950,2022-08-08,31.45,0.0,77.38,3.05,100.02,24.78,华中_湖北,30.59,114.3,NASA POWER API
951,951,2022-08-09,32.26,0.0,72.12,2.58,100.06,24.03,华中_湖北,30.59,114.3,NASA POWER API
952,952,2022-08-10,31.89,0.0,72.19,2.05,100.19,22.82,华中_湖北,30.59,114.3,NASA POWER API
953,953,2022-08-11,31.77,0.0,73.91,2.79,100.2,23.87,华中_湖北,30.59,114.3,NASA POWER API
954,954,2022-08-12,31.84,0.0,72.66,3.46,100.13,25.71,华中_湖北,30.59,114.3,NASA POWER API
955,955,2022-08-13,32.34,0.0,70.11,3.65,100.02,24.22,华中_湖北,30.59,114.3,NASA POWER API
956,956,2022-08-14,32.95,0.0,69.77,3.44,99.99,25.26,华中_湖北,30.59,114.3,NASA POWER API
957,957,2022-08-15,32.5,0.15,70.55,3.43,99.89,24.2,华中_湖北,30.59,114.3,NASA POWER API
958,958,2022-08-16,32.06,0.31,70.71,2.06,99.97,18.6,华中_湖北,30.59,114.3,NASA POWER API
959,959,2022-08-17,32.17,0.26,67.89,1.71,100.05,17.78,华中_湖北,30.59,114.3,NASA POWER API
960,960,2022-08-18,33.69,0.16,70.84,2.91,99.9,23.73,华中_湖北,30.59,114.3,NASA POWER API
961,961,2022-08-19,33.49,0.0,66.84,2.67,99.88,23.53,华中_湖北,30.59,114.3,NASA POWER API
962,962,2022-08-20,32.56,0.03,69.7,2.19,100.1,17.98,华中_湖北,30.59,114.3,NASA POWER API
963,963,2022-08-21,32.88,0.07,63.22,3.93,100.02,22.48,华中_湖北,30.59,114.3,NASA POWER API
964,964,2022-08-22,32.97,0.0,63.32,4.13,99.87,21.93,华中_湖北,30.59,114.3,NASA POWER API
965,965,2022-08-23,32.14,0.28,70.15,2.26,100.22,20.27,华中_湖北,30.59,114.3,NASA POWER API
966,966,2022-08-24,31.0,0.02,65.79,2.19,100.38,16.72,华中_湖北,30.59,114.3,NASA POWER API
967,967,2022-08-25,32.12,0.47,63.59,1.34,100.33,19.67,华中_湖北,30.59,114.3,NASA POWER API
968,968,2022-08-26,31.6,0.93,67.51,1.9,100.38,17.85,华中_湖北,30.59,114.3,NASA POWER API
969,969,2022-08-27,29.55,1.61,76.58,2.06,100.44,15.72,华中_湖北,30.59,114.3,NASA POWER API
970,970,2022-08-28,29.77,0.22,75.3,2.69,100.39,17.04,华中_湖北,30.59,114.3,NASA POWER API
971,971,2022-08-29,27.57,13.47,80.14,2.75,100.63,6.54,华中_湖北,30.59,114.3,NASA POWER API
972,972,2022-08-30,22.66,8.63,81.09,4.03,100.89,6.59,华中_湖北,30.59,114.3,NASA POWER API
973,973,2022-08-31,23.61,0.12,72.64,3.11,100.92,8.5,华中_湖北,30.59,114.3,NASA POWER API
974,974,2022-09-01,25.13,0.01,66.81,2.47,101.02,12.43,华中_湖北,30.59,114.3,NASA POWER API
975,975,2022-09-02,26.45,0.0,60.07,3.65,100.85,22.08,华中_湖北,30.59,114.3,NASA POWER API
976,976,2022-09-03,26.22,0.0,56.23,3.9,100.61,18.78,华中_湖北,30.59,114.3,NASA POWER API
977,977,2022-09-04,26.0,0.0,57.47,3.32,100.47,18.27,华中_湖北,30.59,114.3,NASA POWER API
978,978,2022-09-05,27.81,0.0,56.34,2.46,100.35,23.76,华中_湖北,30.59,114.3,NASA POWER API
979,979,2022-09-06,29.24,0.0,49.09,1.42,100.73,23.39,华中_湖北,30.59,114.3,NASA POWER API
980,980,2022-09-07,28.74,0.0,56.95,1.88,101.15,18.48,华中_湖北,30.59,114.3,NASA POWER API
981,981,2022-09-08,29.77,0.0,49.63,1.82,101.28,15.98,华中_湖北,30.59,114.3,NASA POWER API
982,982,2022-09-09,28.04,0.0,50.57,2.64,101.16,16.32,华中_湖北,30.59,114.3,NASA POWER API
983,983,2022-09-10,28.52,0.02,55.2,1.72,100.94,21.1,华中_湖北,30.59,114.3,NASA POWER API
984,984,2022-09-11,27.59,0.0,60.21,2.03,100.82,21.39,华中_湖北,30.59,114.3,NASA POWER API
985,985,2022-09-12,28.12,0.0,54.06,2.73,100.72,21.24,华中_湖北,30.59,114.3,NASA POWER API
986,986,2022-09-13,27.53,0.0,53.72,3.43,100.81,19.87,华中_湖北,30.59,114.3,NASA POWER API
987,987,2022-09-14,26.86,0.05,58.09,3.99,100.73,19.86,华中_湖北,30.59,114.3,NASA POWER API
988,988,2022-09-15,26.41,0.0,60.54,2.77,100.41,16.49,华中_湖北,30.59,114.3,NASA POWER API
989,989,2022-09-16,27.3,0.0,57.2,1.72,100.31,21.42,华中_湖北,30.59,114.3,NASA POWER API
990,990,2022-09-17,28.37,0.0,53.75,1.73,100.35,21.97,华中_湖北,30.59,114.3,NASA POWER API
991,991,2022-09-18,28.63,0.0,51.34,3.13,100.38,21.3,华中_湖北,30.59,114.3,NASA POWER API
992,992,2022-09-19,28.37,0.0,50.27,2.77,100.67,21.16,华中_湖北,30.59,114.3,NASA POWER API
993,993,2022-09-20,25.82,0.0,41.88,3.76,101.07,10.48,华中_湖北,30.59,114.3,NASA POWER API
994,994,2022-09-21,23.11,0.15,53.08,2.0,101.19,6.7,华中_湖北,30.59,114.3,NASA POWER API
995,995,2022-09-22,23.47,0.31,61.27,1.76,101.05,11.48,华中_湖北,30.59,114.3,NASA POWER API
996,996,2022-09-23,23.93,0.0,51.05,3.18,101.26,13.32,华中_湖北,30.59,114.3,NASA POWER API
997,997,2022-09-24,22.46,0.04,47.48,2.04,101.34,9.82,华中_湖北,30.59,114.3,NASA POWER API
998,998,2022-09-25,22.0,0.01,54.26,0.94,101.21,8.18,华中_湖北,30.59,114.3,NASA POWER API
999,999,2022-09-26,23.68,0.0,52.36,1.11,101.06,18.58,华中_湖北,30.59,114.3,NASA POWER API
1000,1000,2022-09-27,25.39,0.0,56.09,2.13,100.93,16.53,华中_湖北,30.59,114.3,NASA POWER API
1001,1001,2022-09-28,25.62,0.0,53.67,1.88,100.87,7.57,华中_湖北,30.59,114.3,NASA POWER API
1002,1002,2022-09-29,27.78,0.0,48.48,0.63,100.84,17.99,华中_湖北,30.59,114.3,NASA POWER API
1003,1003,2022-09-30,29.16,0.0,56.32,1.97,100.79,18.72,华中_湖北,30.59,114.3,NASA POWER API
1004,1004,2022-10-01,31.27,0.0,61.07,3.53,100.61,18.15,华中_湖北,30.59,114.3,NASA POWER API
1005,1005,2022-10-02,32.22,0.0,56.87,4.29,100.55,19.97,华中_湖北,30.59,114.3,NASA POWER API
1006,1006,2022-10-03,32.75,0.01,55.15,3.51,100.67,20.23,华中_湖北,30.59,114.3,NASA POWER API
1007,1007,2022-10-04,21.94,0.82,63.47,7.19,101.55,3.24,华中_湖北,30.59,114.3,NASA POWER API
1008,1008,2022-10-05,16.75,2.45,71.15,3.57,101.91,2.51,华中_湖北,30.59,114.3,NASA POWER API
1009,1009,2022-10-06,14.27,17.26,82.81,3.84,101.97,2.0,华中_湖北,30.59,114.3,NASA POWER API
1010,1010,2022-10-07,14.62,1.67,79.11,2.29,102.07,3.56,华中_湖北,30.59,114.3,NASA POWER API
1011,1011,2022-10-08,15.36,15.34,84.8,1.06,101.9,3.37,华中_湖北,30.59,114.3,NASA POWER API
1012,1012,2022-10-09,16.52,1.55,62.29,4.62,102.32,10.47,华中_湖北,30.59,114.3,NASA POWER API
1013,1013,2022-10-10,13.88,0.0,54.02,2.83,102.42,20.08,华中_湖北,30.59,114.3,NASA POWER API
1014,1014,2022-10-11,16.18,0.0,48.07,1.64,102.08,20.58,华中_湖北,30.59,114.3,NASA POWER API
1015,1015,2022-10-12,17.01,0.0,52.67,1.89,101.93,20.06,华中_湖北,30.59,114.3,NASA POWER API
1016,1016,2022-10-13,18.3,0.0,58.94,1.78,101.71,19.6,华中_湖北,30.59,114.3,NASA POWER API
1017,1017,2022-10-14,18.64,0.0,60.34,2.47,101.54,18.59,华中_湖北,30.59,114.3,NASA POWER API
1018,1018,2022-10-15,19.85,0.0,62.21,2.74,101.49,17.26,华中_湖北,30.59,114.3,NASA POWER API
1019,1019,2022-10-16,20.86,0.0,59.31,3.27,101.59,15.81,华中_湖北,30.59,114.3,NASA POWER API
1020,1020,2022-10-17,18.75,0.0,60.56,4.87,102.05,14.22,华中_湖北,30.59,114.3,NASA POWER API
1021,1021,2022-10-18,15.87,0.0,47.64,3.18,102.19,19.08,华中_湖北,30.59,114.3,NASA POWER API
1022,1022,2022-10-19,15.58,0.0,49.06,2.84,102.03,19.35,华中_湖北,30.59,114.3,NASA POWER API
1023,1023,2022-10-20,16.65,0.0,65.15,2.64,101.82,14.71,华中_湖北,30.59,114.3,NASA POWER API
1024,1024,2022-10-21,20.27,0.15,57.47,1.09,101.78,8.95,华中_湖北,30.59,114.3,NASA POWER API
1025,1025,2022-10-22,20.5,0.0,54.97,2.5,101.78,15.39,华中_湖北,30.59,114.3,NASA POWER API
1026,1026,2022-10-23,20.06,0.0,57.14,2.43,101.82,14.78,华中_湖北,30.59,114.3,NASA POWER API
1027,1027,2022-10-24,19.43,0.0,54.96,2.79,101.86,11.41,华中_湖北,30.59,114.3,NASA POWER API
1028,1028,2022-10-25,19.1,0.04,57.49,2.54,101.77,6.14,华中_湖北,30.59,114.3,NASA POWER API
1029,1029,2022-10-26,16.6,1.87,78.68,2.64,101.7,3.03,华中_湖北,30.59,114.3,NASA POWER API
1030,1030,2022-10-27,16.63,2.02,81.45,2.75,101.95,4.19,华中_湖北,30.59,114.3,NASA POWER API
1031,1031,2022-10-28,16.98,1.25,85.62,2.53,102.01,2.59,华中_湖北,30.59,114.3,NASA POWER API
1032,1032,2022-10-29,18.05,0.24,67.05,2.27,101.97,9.93,华中_湖北,30.59,114.3,NASA POWER API
1033,1033,2022-10-30,17.92,0.12,61.11,2.67,101.81,14.65,华中_湖北,30.59,114.3,NASA POWER API
1034,1034,2022-10-31,17.33,0.07,59.93,3.56,101.86,14.48,华中_湖北,30.59,114.3,NASA POWER API
1035,1035,2022-11-01,17.62,0.0,62.03,2.54,101.77,14.79,华中_湖北,30.59,114.3,NASA POWER API
1036,1036,2022-11-02,18.35,0.0,60.03,1.96,101.47,15.93,华中_湖北,30.59,114.3,NASA POWER API
1037,1037,2022-11-03,18.15,0.0,59.92,3.0,101.59,14.51,华中_湖北,30.59,114.3,NASA POWER API
1038,1038,2022-11-04,16.06,0.0,67.13,3.57,102.15,12.71,华中_湖北,30.59,114.3,NASA POWER API
1039,1039,2022-11-05,16.03,0.0,60.34,2.18,102.21,12.3,华中_湖北,30.59,114.3,NASA POWER API
1040,1040,2022-11-06,17.13,0.0,60.68,2.04,101.75,14.99,华中_湖北,30.59,114.3,NASA POWER API
1041,1041,2022-11-07,18.49,0.0,62.92,1.17,101.67,14.23,华中_湖北,30.59,114.3,NASA POWER API
1042,1042,2022-11-08,19.39,0.0,66.56,2.07,101.68,13.57,华中_湖北,30.59,114.3,NASA POWER API
1043,1043,2022-11-09,20.85,0.0,65.05,1.64,101.49,13.29,华中_湖北,30.59,114.3,NASA POWER API
1044,1044,2022-11-10,22.05,0.0,65.26,1.87,101.37,13.75,华中_湖北,30.59,114.3,NASA POWER API
1045,1045,2022-11-11,21.64,0.22,76.81,3.07,101.21,5.48,华中_湖北,30.59,114.3,NASA POWER API
1046,1046,2022-11-12,18.35,0.56,72.83,5.03,101.39,6.88,华中_湖北,30.59,114.3,NASA POWER API
1047,1047,2022-11-13,12.57,0.84,68.71,5.52,102.14,1.59,华中_湖北,30.59,114.3,NASA POWER API
1048,1048,2022-11-14,11.18,2.09,75.37,2.2,102.06,2.15,华中_湖北,30.59,114.3,NASA POWER API
1049,1049,2022-11-15,12.74,0.16,67.85,1.19,101.77,14.08,华中_湖北,30.59,114.3,NASA POWER API
1050,1050,2022-11-16,13.24,3.27,78.28,1.81,101.55,5.1,华中_湖北,30.59,114.3,NASA POWER API
1051,1051,2022-11-17,14.49,0.03,72.67,1.36,101.5,11.89,华中_湖北,30.59,114.3,NASA POWER API
1052,1052,2022-11-18,14.57,2.99,84.46,2.08,101.72,3.79,华中_湖北,30.59,114.3,NASA POWER API
1053,1053,2022-11-19,14.84,0.79,79.64,2.15,101.74,5.82,华中_湖北,30.59,114.3,NASA POWER API
1054,1054,2022-11-20,15.61,0.02,78.21,1.15,101.46,12.6,华中_湖北,30.59,114.3,NASA POWER API
1055,1055,2022-11-21,15.8,7.67,88.27,2.68,101.36,4.29,华中_湖北,30.59,114.3,NASA POWER API
1056,1056,2022-11-22,14.91,7.7,82.66,4.59,101.6,4.65,华中_湖北,30.59,114.3,NASA POWER API
1057,1057,2022-11-23,14.45,1.34,77.43,2.2,101.77,5.01,华中_湖北,30.59,114.3,NASA POWER API
1058,1058,2022-11-24,14.99,0.31,78.11,0.91,101.62,9.93,华中_湖北,30.59,114.3,NASA POWER API
1059,1059,2022-11-25,17.09,0.09,78.09,1.45,101.39,7.63,华中_湖北,30.59,114.3,NASA POWER API
1060,1060,2022-11-26,16.88,0.07,79.91,1.57,101.28,10.76,华中_湖北,30.59,114.3,NASA POWER API
1061,1061,2022-11-27,17.72,1.61,84.23,3.49,100.55,4.1,华中_湖北,30.59,114.3,NASA POWER API
1062,1062,2022-11-28,15.85,26.07,83.32,5.32,100.71,2.2,华中_湖北,30.59,114.3,NASA POWER API
1063,1063,2022-11-29,7.22,10.62,72.58,8.31,102.18,1.93,华中_湖北,30.59,114.3,NASA POWER API
1064,1064,2022-11-30,1.86,1.35,51.4,6.78,103.38,3.01,华中_湖北,30.59,114.3,NASA POWER API
1065,1065,2022-12-01,1.7,0.5,67.13,4.19,103.21,3.82,华中_湖北,30.59,114.3,NASA POWER API
1066,1066,2022-12-02,3.67,0.0,68.86,1.34,102.54,8.98,华中_湖北,30.59,114.3,NASA POWER API
1067,1067,2022-12-03,6.45,0.03,80.02,2.04,102.24,3.07,华中_湖北,30.59,114.3,NASA POWER API
1068,1068,2022-12-04,5.65,3.35,79.83,3.82,102.7,1.45,华中_湖北,30.59,114.3,NASA POWER API
1069,1069,2022-12-05,4.99,0.41,77.05,2.64,102.8,5.28,华中_湖北,30.59,114.3,NASA POWER API
1070,1070,2022-12-06,6.51,0.0,75.97,1.05,102.38,4.79,华中_湖北,30.59,114.3,NASA POWER API
1071,1071,2022-12-07,7.1,0.0,78.7,0.97,102.21,5.9,华中_湖北,30.59,114.3,NASA POWER API
1072,1072,2022-12-08,8.49,0.0,75.19,1.11,102.1,5.14,华中_湖北,30.59,114.3,NASA POWER API
1073,1073,2022-12-09,8.26,0.0,81.28,2.02,101.92,9.18,华中_湖北,30.59,114.3,NASA POWER API
1074,1074,2022-12-10,7.24,0.0,74.84,4.32,102.08,8.27,华中_湖北,30.59,114.3,NASA POWER API
1075,1075,2022-12-11,3.23,0.0,65.65,3.83,102.46,7.4,华中_湖北,30.59,114.3,NASA POWER API
1076,1076,2022-12-12,3.71,0.0,60.31,2.48,102.46,11.64,华中_湖北,30.59,114.3,NASA POWER API
1077,1077,2022-12-13,6.25,0.0,48.96,2.38,102.49,12.44,华中_湖北,30.59,114.3,NASA POWER API
1078,1078,2022-12-14,5.12,0.0,55.24,2.19,102.62,12.83,华中_湖北,30.59,114.3,NASA POWER API
1079,1079,2022-12-15,7.07,0.0,60.79,2.39,101.89,7.15,华中_湖北,30.59,114.3,NASA POWER API
1080,1080,2022-12-16,4.72,0.36,70.17,5.61,102.69,2.75,华中_湖北,30.59,114.3,NASA POWER API
1081,1081,2022-12-17,1.66,0.0,45.29,5.14,103.67,13.77,华中_湖北,30.59,114.3,NASA POWER API
1082,1082,2022-12-18,1.42,0.0,50.81,2.32,102.88,13.96,华中_湖北,30.59,114.3,NASA POWER API
1083,1083,2022-12-19,4.92,0.0,53.95,2.18,102.07,12.83,华中_湖北,30.59,114.3,NASA POWER API
1084,1084,2022-12-20,5.04,0.0,66.88,2.5,101.97,4.85,华中_湖北,30.59,114.3,NASA POWER API
1085,1085,2022-12-21,5.59,0.0,73.01,2.99,101.73,12.17,华中_湖北,30.59,114.3,NASA POWER API
1086,1086,2022-12-22,3.8,0.0,49.04,3.97,102.07,13.77,华中_湖北,30.59,114.3,NASA POWER API
1087,1087,2022-12-23,4.65,0.0,49.95,1.8,102.17,12.89,华中_湖北,30.59,114.3,NASA POWER API
1088,1088,2022-12-24,5.23,0.0,55.81,2.12,102.42,12.12,华中_湖北,30.59,114.3,NASA POWER API
1089,1089,2022-12-25,4.61,0.0,60.57,2.86,102.48,10.86,华中_湖北,30.59,114.3,NASA POWER API
1090,1090,2022-12-26,4.11,0.0,71.54,2.76,102.6,5.05,华中_湖北,30.59,114.3,NASA POWER API
1091,1091,2022-12-27,3.82,0.85,79.5,2.72,102.76,3.28,华中_湖北,30.59,114.3,NASA POWER API
1092,1092,2022-12-28,2.91,1.22,80.23,2.42,102.99,4.1,华中_湖北,30.59,114.3,NASA POWER API
1093,1093,2022-12-29,4.59,0.11,66.31,1.19,103.02,7.37,华中_湖北,30.59,114.3,NASA POWER API
1094,1094,2022-12-30,5.22,0.23,62.09,1.06,102.97,10.49,华中_湖北,30.59,114.3,NASA POWER API
1095,1095,2022-12-31,5.57,0.01,63.74,1.22,102.91,5.17,华中_湖北,30.59,114.3,NASA POWER API
1096,1096,2023-01-01,6.81,0.29,69.1,1.22,102.75,3.06,华中_湖北,30.59,114.3,NASA POWER API
1097,1097,2023-01-02,6.42,0.11,76.61,2.63,102.95,3.65,华中_湖北,30.59,114.3,NASA POWER API
1098,1098,2023-01-03,6.24,0.0,75.55,1.37,102.82,9.33,华中_湖北,30.59,114.3,NASA POWER API
1099,1099,2023-01-04,7.08,0.0,74.33,1.54,102.56,10.04,华中_湖北,30.59,114.3,NASA POWER API
1100,1100,2023-01-05,9.1,0.0,67.73,0.99,102.58,3.61,华中_湖北,30.59,114.3,NASA POWER API
1101,1101,2023-01-06,9.26,0.0,62.78,1.95,102.54,12.01,华中_湖北,30.59,114.3,NASA POWER API
1102,1102,2023-01-07,9.74,0.0,63.8,1.94,101.96,13.3,华中_湖北,30.59,114.3,NASA POWER API
1103,1103,2023-01-08,11.66,0.0,61.29,1.69,101.74,13.0,华中_湖北,30.59,114.3,NASA POWER API
1104,1104,2023-01-09,10.69,0.0,68.25,2.49,102.04,10.01,华中_湖北,30.59,114.3,NASA POWER API
1105,1105,2023-01-10,8.0,0.0,82.57,1.75,102.19,9.69,华中_湖北,30.59,114.3,NASA POWER API
1106,1106,2023-01-11,9.48,0.01,83.37,2.54,101.63,11.83,华中_湖北,30.59,114.3,NASA POWER API
1107,1107,2023-01-12,13.16,4.1,90.85,2.8,100.84,4.52,华中_湖北,30.59,114.3,NASA POWER API
1108,1108,2023-01-13,13.33,8.39,87.9,3.41,100.69,5.31,华中_湖北,30.59,114.3,NASA POWER API
1109,1109,2023-01-14,3.94,11.6,75.92,9.47,101.84,2.02,华中_湖北,30.59,114.3,NASA POWER API
1110,1110,2023-01-15,-0.39,2.65,64.22,6.16,102.93,3.27,华中_湖北,30.59,114.3,NASA POWER API
1111,1111,2023-01-16,0.34,0.0,56.02,2.05,102.84,9.25,华中_湖北,30.59,114.3,NASA POWER API
1112,1112,2023-01-17,2.28,0.01,56.58,1.83,102.77,12.06,华中_湖北,30.59,114.3,NASA POWER API
1113,1113,2023-01-18,3.97,0.0,49.49,0.91,102.72,13.71,华中_湖北,30.59,114.3,NASA POWER API
1114,1114,2023-01-19,6.48,0.0,47.25,1.4,102.41,13.11,华中_湖北,30.59,114.3,NASA POWER API
1115,1115,2023-01-20,5.96,0.0,56.65,2.24,102.56,13.23,华中_湖北,30.59,114.3,NASA POWER API
1116,1116,2023-01-21,6.5,1.48,72.09,2.28,102.0,4.03,华中_湖北,30.59,114.3,NASA POWER API
1117,1117,2023-01-22,6.62,0.43,74.11,2.42,101.94,3.27,华中_湖北,30.59,114.3,NASA POWER API
1118,1118,2023-01-23,5.99,0.55,69.5,4.56,102.39,2.77,华中_湖北,30.59,114.3,NASA POWER API
1119,1119,2023-01-24,0.45,0.01,57.1,5.2,103.57,15.54,华中_湖北,30.59,114.3,NASA POWER API
1120,1120,2023-01-25,0.32,0.0,55.19,3.11,102.54,14.31,华中_湖北,30.59,114.3,NASA POWER API
1121,1121,2023-01-26,3.35,0.0,63.64,2.68,102.23,3.33,华中_湖北,30.59,114.3,NASA POWER API
1122,1122,2023-01-27,1.82,0.0,54.79,3.95,103.17,14.26,华中_湖北,30.59,114.3,NASA POWER API
1123,1123,2023-01-28,3.6,0.0,41.27,1.48,102.75,15.76,华中_湖北,30.59,114.3,NASA POWER API
1124,1124,2023-01-29,5.24,0.0,46.83,2.03,102.37,15.83,华中_湖北,30.59,114.3,NASA POWER API
1125,1125,2023-01-30,7.2,0.0,48.58,2.1,101.92,15.33,华中_湖北,30.59,114.3,NASA POWER API
1126,1126,2023-01-31,10.46,0.0,55.92,2.47,101.17,15.84,华中_湖北,30.59,114.3,NASA POWER API
1127,1127,2023-02-01,11.24,0.0,56.69,3.7,101.51,6.38,华中_湖北,30.59,114.3,NASA POWER API
1128,1128,2023-02-02,5.75,0.44,64.34,3.52,102.35,2.15,华中_湖北,30.59,114.3,NASA POWER API
1129,1129,2023-02-03,5.93,0.55,80.2,1.05,102.19,10.94,华中_湖北,30.59,114.3,NASA POWER API
1130,1130,2023-02-04,7.22,1.65,80.53,1.68,102.01,9.15,华中_湖北,30.59,114.3,NASA POWER API
1131,1131,2023-02-05,8.55,0.46,77.62,0.96,101.72,5.39,华中_湖北,30.59,114.3,NASA POWER API
1132,1132,2023-02-06,9.53,1.49,79.34,1.13,101.51,4.21,华中_湖北,30.59,114.3,NASA POWER API
1133,1133,2023-02-07,10.39,0.32,80.51,1.83,101.8,6.99,华中_湖北,30.59,114.3,NASA POWER API
1134,1134,2023-02-08,9.4,9.01,86.53,3.08,101.85,3.0,华中_湖北,30.59,114.3,NASA POWER API
1135,1135,2023-02-09,6.21,8.96,86.8,3.79,101.81,2.47,华中_湖北,30.59,114.3,NASA POWER API
1136,1136,2023-02-10,5.79,3.18,86.87,1.94,101.8,5.08,华中_湖北,30.59,114.3,NASA POWER API
1137,1137,2023-02-11,8.97,4.45,85.93,1.8,101.33,4.46,华中_湖北,30.59,114.3,NASA POWER API
1138,1138,2023-02-12,9.54,13.58,87.75,3.9,101.25,3.46,华中_湖北,30.59,114.3,NASA POWER API
1139,1139,2023-02-13,5.41,3.31,81.25,6.53,102.28,1.92,华中_湖北,30.59,114.3,NASA POWER API
1140,1140,2023-02-14,4.54,0.02,70.58,3.36,102.67,11.36,华中_湖北,30.59,114.3,NASA POWER API
1141,1141,2023-02-15,4.83,0.0,57.62,1.86,102.84,15.26,华中_湖北,30.59,114.3,NASA POWER API
1142,1142,2023-02-16,7.58,0.36,66.2,1.76,102.53,5.18,华中_湖北,30.59,114.3,NASA POWER API
1143,1143,2023-02-17,10.32,0.03,71.44,1.77,101.83,6.2,华中_湖北,30.59,114.3,NASA POWER API
1144,1144,2023-02-18,11.09,0.65,85.5,1.45,101.81,2.72,华中_湖北,30.59,114.3,NASA POWER API
1145,1145,2023-02-19,9.74,0.0,56.14,4.04,102.44,16.38,华中_湖北,30.59,114.3,NASA POWER API
1146,1146,2023-02-20,9.79,0.0,56.02,2.86,102.41,18.06,华中_湖北,30.59,114.3,NASA POWER API
1147,1147,2023-02-21,9.06,0.0,61.74,4.33,102.76,7.04,华中_湖北,30.59,114.3,NASA POWER API
1148,1148,2023-02-22,5.53,0.5,81.53,1.89,102.49,3.97,华中_湖北,30.59,114.3,NASA POWER API
1149,1149,2023-02-23,5.76,6.07,83.63,1.43,102.1,2.59,华中_湖北,30.59,114.3,NASA POWER API
1150,1150,2023-02-24,6.7,0.01,79.25,3.27,102.54,10.8,华中_湖北,30.59,114.3,NASA POWER API
1151,1151,2023-02-25,7.89,0.0,76.16,2.99,103.27,10.01,华中_湖北,30.59,114.3,NASA POWER API
1152,1152,2023-02-26,7.88,0.0,59.36,2.76,103.28,19.44,华中_湖北,30.59,114.3,NASA POWER API
1153,1153,2023-02-27,8.41,0.0,60.85,2.71,102.62,20.23,华中_湖北,30.59,114.3,NASA POWER API
1154,1154,2023-02-28,11.89,0.39,63.7,1.88,102.15,8.79,华中_湖北,30.59,114.3,NASA POWER API
1155,1155,2023-03-01,12.56,0.0,63.78,2.9,102.33,9.56,华中_湖北,30.59,114.3,NASA POWER API
1156,1156,2023-03-02,12.06,0.0,58.13,2.09,102.61,12.3,华中_湖北,30.59,114.3,NASA POWER API
1157,1157,2023-03-03,12.48,0.0,60.56,1.61,102.29,11.69,华中_湖北,30.59,114.3,NASA POWER API
1158,1158,2023-03-04,13.46,0.0,69.51,2.43,102.23,18.36,华中_湖北,30.59,114.3,NASA POWER API
1159,1159,2023-03-05,15.7,0.0,57.42,2.19,101.97,19.61,华中_湖北,30.59,114.3,NASA POWER API
1160,1160,2023-03-06,17.31,0.0,55.47,2.14,101.63,18.82,华中_湖北,30.59,114.3,NASA POWER API
1161,1161,2023-03-07,18.88,0.15,61.75,1.37,101.44,7.82,华中_湖北,30.59,114.3,NASA POWER API
1162,1162,2023-03-08,17.83,1.36,83.52,1.78,101.52,9.38,华中_湖北,30.59,114.3,NASA POWER API
1163,1163,2023-03-09,17.96,0.12,73.52,1.96,101.59,16.67,华中_湖北,30.59,114.3,NASA POWER API
1164,1164,2023-03-10,17.53,0.18,68.97,1.86,101.31,13.02,华中_湖北,30.59,114.3,NASA POWER API
1165,1165,2023-03-11,18.75,2.61,72.61,2.02,101.45,9.94,华中_湖北,30.59,114.3,NASA POWER API
1166,1166,2023-03-12,12.88,0.0,46.48,6.68,102.67,18.57,华中_湖北,30.59,114.3,NASA POWER API
1167,1167,2023-03-13,12.89,0.0,44.22,2.55,102.0,23.07,华中_湖北,30.59,114.3,NASA POWER API
1168,1168,2023-03-14,16.18,0.0,56.88,4.53,100.86,22.23,华中_湖北,30.59,114.3,NASA POWER API
1169,1169,2023-03-15,18.19,0.03,58.69,3.37,101.3,19.23,华中_湖北,30.59,114.3,NASA POWER API
1170,1170,2023-03-16,14.0,26.76,67.82,5.64,101.6,5.79,华中_湖北,30.59,114.3,NASA POWER API
1171,1171,2023-03-17,7.56,12.56,81.39,5.16,101.91,4.57,华中_湖北,30.59,114.3,NASA POWER API
1172,1172,2023-03-18,7.71,5.56,86.17,1.93,102.0,5.17,华中_湖北,30.59,114.3,NASA POWER API
1173,1173,2023-03-19,9.96,4.1,83.35,0.82,101.53,4.85,华中_湖北,30.59,114.3,NASA POWER API
1174,1174,2023-03-20,11.15,1.77,86.36,0.8,100.86,4.27,华中_湖北,30.59,114.3,NASA POWER API
1175,1175,2023-03-21,12.14,2.17,88.53,1.13,100.47,3.28,华中_湖北,30.59,114.3,NASA POWER API
1176,1176,2023-03-22,13.52,11.15,87.82,3.0,100.49,4.66,华中_湖北,30.59,114.3,NASA POWER API
1177,1177,2023-03-23,13.7,4.23,89.32,2.93,100.92,7.84,华中_湖北,30.59,114.3,NASA POWER API
1178,1178,2023-03-24,11.28,1.74,66.15,4.04,101.57,7.89,华中_湖北,30.59,114.3,NASA POWER API
1179,1179,2023-03-25,10.78,0.38,66.28,1.83,101.76,9.98,华中_湖北,30.59,114.3,NASA POWER API
1180,1180,2023-03-26,12.72,0.0,59.37,1.87,101.78,19.64,华中_湖北,30.59,114.3,NASA POWER API
1181,1181,2023-03-27,13.24,0.0,67.28,1.64,101.78,14.44,华中_湖北,30.59,114.3,NASA POWER API
1182,1182,2023-03-28,13.94,0.0,73.81,1.84,101.75,10.44,华中_湖北,30.59,114.3,NASA POWER API
1183,1183,2023-03-29,15.42,0.67,68.11,1.2,101.43,8.24,华中_湖北,30.59,114.3,NASA POWER API
1184,1184,2023-03-30,16.26,0.03,65.03,1.18,101.21,18.21,华中_湖北,30.59,114.3,NASA POWER API
1185,1185,2023-03-31,16.95,0.06,75.41,1.68,101.16,16.05,华中_湖北,30.59,114.3,NASA POWER API
1186,1186,2023-04-01,18.94,0.0,72.91,2.2,100.9,21.71,华中_湖北,30.59,114.3,NASA POWER API
1187,1187,2023-04-02,19.9,16.37,78.44,5.23,100.53,15.88,华中_湖北,30.59,114.3,NASA POWER API
1188,1188,2023-04-03,23.01,64.54,84.1,6.34,99.83,6.08,华中_湖北,30.59,114.3,NASA POWER API
1189,1189,2023-04-04,14.28,23.44,83.58,5.13,100.44,4.63,华中_湖北,30.59,114.3,NASA POWER API
1190,1190,2023-04-05,12.61,0.21,69.89,4.67,101.29,18.61,华中_湖北,30.59,114.3,NASA POWER API
1191,1191,2023-04-06,14.33,7.68,67.87,3.25,101.55,9.47,华中_湖北,30.59,114.3,NASA POWER API
1192,1192,2023-04-07,15.58,0.0,58.46,1.46,101.93,23.94,华中_湖北,30.59,114.3,NASA POWER API
1193,1193,2023-04-08,16.15,0.0,63.11,2.39,102.06,22.1,华中_湖北,30.59,114.3,NASA POWER API
1194,1194,2023-04-09,17.8,0.0,65.53,2.4,101.35,23.96,华中_湖北,30.59,114.3,NASA POWER API
1195,1195,2023-04-10,20.24,0.0,74.05,3.26,100.68,22.22,华中_湖北,30.59,114.3,NASA POWER API
1196,1196,2023-04-11,20.87,0.01,80.0,2.48,100.81,18.44,华中_湖北,30.59,114.3,NASA POWER API
1197,1197,2023-04-12,21.09,0.18,68.32,3.09,100.98,18.22,华中_湖北,30.59,114.3,NASA POWER API
1198,1198,2023-04-13,20.82,12.51,87.83,2.31,100.58,7.47,华中_湖北,30.59,114.3,NASA POWER API
1199,1199,2023-04-14,19.81,15.85,80.64,3.53,100.73,10.57,华中_湖北,30.59,114.3,NASA POWER API
1200,1200,2023-04-15,19.57,0.0,64.21,3.14,100.83,22.22,华中_湖北,30.59,114.3,NASA POWER API
1201,1201,2023-04-16,22.12,0.02,73.3,3.58,100.18,24.07,华中_湖北,30.59,114.3,NASA POWER API
1202,1202,2023-04-17,25.04,0.0,71.6,4.17,100.17,24.77,华中_湖北,30.59,114.3,NASA POWER API
1203,1203,2023-04-18,22.99,9.7,89.05,2.98,100.34,6.6,华中_湖北,30.59,114.3,NASA POWER API
1204,1204,2023-04-19,23.84,0.03,76.4,2.64,100.12,18.06,华中_湖北,30.59,114.3,NASA POWER API
1205,1205,2023-04-20,25.38,0.0,73.36,1.52,100.16,23.54,华中_湖北,30.59,114.3,NASA POWER API
1206,1206,2023-04-21,23.08,0.04,71.56,4.47,100.64,21.15,华中_湖北,30.59,114.3,NASA POWER API
1207,1207,2023-04-22,13.81,45.7,75.28,5.19,101.11,2.54,华中_湖北,30.59,114.3,NASA POWER API
1208,1208,2023-04-23,12.03,32.96,85.69,4.23,101.53,2.08,华中_湖北,30.59,114.3,NASA POWER API
1209,1209,2023-04-24,12.97,2.56,86.92,3.58,101.76,4.94,华中_湖北,30.59,114.3,NASA POWER API
1210,1210,2023-04-25,14.21,0.74,76.26,3.09,101.58,14.6,华中_湖北,30.59,114.3,NASA POWER API
1211,1211,2023-04-26,16.44,0.02,76.06,2.04,101.38,25.98,华中_湖北,30.59,114.3,NASA POWER API
1212,1212,2023-04-27,16.83,0.05,77.3,3.0,101.01,12.83,华中_湖北,30.59,114.3,NASA POWER API
1213,1213,2023-04-28,19.17,2.84,80.27,2.8,100.97,8.27,华中_湖北,30.59,114.3,NASA POWER API
1214,1214,2023-04-29,16.01,0.0,53.4,3.45,101.41,21.82,华中_湖北,30.59,114.3,NASA POWER API
1215,1215,2023-04-30,17.51,0.02,59.17,2.06,101.14,25.52,华中_湖北,30.59,114.3,NASA POWER API
1216,1216,2023-05-01,19.94,0.0,61.19,3.15,101.03,26.82,华中_湖北,30.59,114.3,NASA POWER API
1217,1217,2023-05-02,21.36,1.85,78.45,4.25,100.7,10.96,华中_湖北,30.59,114.3,NASA POWER API
1218,1218,2023-05-03,24.7,10.92,80.99,5.85,100.14,8.77,华中_湖北,30.59,114.3,NASA POWER API
1219,1219,2023-05-04,25.85,24.24,82.87,4.2,99.82,9.94,华中_湖北,30.59,114.3,NASA POWER API
1220,1220,2023-05-05,22.93,9.62,78.51,4.26,99.93,19.2,华中_湖北,30.59,114.3,NASA POWER API
1221,1221,2023-05-06,18.68,10.94,84.81,5.14,100.37,4.78,华中_湖北,30.59,114.3,NASA POWER API
1222,1222,2023-05-07,18.1,0.23,74.01,4.44,101.04,22.3,华中_湖北,30.59,114.3,NASA POWER API
1223,1223,2023-05-08,19.85,0.02,66.48,2.85,101.36,22.08,华中_湖北,30.59,114.3,NASA POWER API
1224,1224,2023-05-09,20.05,0.43,65.14,2.14,101.25,24.49,华中_湖北,30.59,114.3,NASA POWER API
1225,1225,2023-05-10,18.65,5.39,79.25,1.91,101.28,5.4,华中_湖北,30.59,114.3,NASA POWER API
1226,1226,2023-05-11,18.82,0.18,73.9,1.72,101.49,12.93,华中_湖北,30.59,114.3,NASA POWER API
1227,1227,2023-05-12,20.68,0.01,72.61,2.02,101.26,24.02,华中_湖北,30.59,114.3,NASA POWER API
1228,1228,2023-05-13,21.97,0.0,78.17,2.91,100.95,19.18,华中_湖北,30.59,114.3,NASA POWER API
1229,1229,2023-05-14,23.32,0.0,74.85,2.98,100.6,20.37,华中_湖北,30.59,114.3,NASA POWER API
1230,1230,2023-05-15,24.74,0.0,72.55,3.22,100.33,23.25,华中_湖北,30.59,114.3,NASA POWER API
1231,1231,2023-05-16,22.09,41.65,82.75,4.3,100.08,7.57,华中_湖北,30.59,114.3,NASA POWER API
1232,1232,2023-05-17,22.91,9.17,79.77,2.12,100.01,8.79,华中_湖北,30.59,114.3,NASA POWER API
1233,1233,2023-05-18,24.87,0.19,78.26,1.75,100.48,20.56,华中_湖北,30.59,114.3,NASA POWER API
1234,1234,2023-05-19,25.46,1.37,77.95,2.22,100.5,21.42,华中_湖北,30.59,114.3,NASA POWER API
1235,1235,2023-05-20,26.24,2.81,80.41,2.29,100.34,14.68,华中_湖北,30.59,114.3,NASA POWER API
1236,1236,2023-05-21,24.63,16.84,84.81,3.56,100.37,7.15,华中_湖北,30.59,114.3,NASA POWER API
1237,1237,2023-05-22,17.56,1.37,77.25,4.91,101.12,11.18,华中_湖北,30.59,114.3,NASA POWER API
1238,1238,2023-05-23,19.85,3.83,74.24,1.68,101.02,15.12,华中_湖北,30.59,114.3,NASA POWER API
1239,1239,2023-05-24,20.56,2.8,77.92,2.21,100.73,16.21,华中_湖北,30.59,114.3,NASA POWER API
1240,1240,2023-05-25,22.94,14.48,80.11,1.9,100.76,16.45,华中_湖北,30.59,114.3,NASA POWER API
1241,1241,2023-05-26,25.31,79.54,91.37,2.62,100.55,4.95,华中_湖北,30.59,114.3,NASA POWER API
1242,1242,2023-05-27,28.06,19.81,85.04,2.91,100.3,20.74,华中_湖北,30.59,114.3,NASA POWER API
1243,1243,2023-05-28,29.33,3.29,77.72,2.79,100.38,20.88,华中_湖北,30.59,114.3,NASA POWER API
1244,1244,2023-05-29,28.17,0.98,83.18,2.38,100.54,21.8,华中_湖北,30.59,114.3,NASA POWER API
1245,1245,2023-05-30,26.35,0.71,84.15,3.47,100.53,11.52,华中_湖北,30.59,114.3,NASA POWER API
1246,1246,2023-05-31,25.18,0.05,79.92,2.75,100.37,15.27,华中_湖北,30.59,114.3,NASA POWER API
1247,1247,2023-06-01,26.69,0.01,74.29,2.09,100.15,21.43,华中_湖北,30.59,114.3,NASA POWER API
1248,1248,2023-06-02,27.56,0.02,66.73,2.71,100.31,11.82,华中_湖北,30.59,114.3,NASA POWER API
1249,1249,2023-06-03,23.1,0.42,75.53,3.24,100.74,10.98,华中_湖北,30.59,114.3,NASA POWER API
1250,1250,2023-06-04,23.96,1.26,79.24,2.65,100.66,17.06,华中_湖北,30.59,114.3,NASA POWER API
1251,1251,2023-06-05,22.22,5.71,84.68,3.44,100.69,6.55,华中_湖北,30.59,114.3,NASA POWER API
1252,1252,2023-06-06,22.63,0.13,72.93,1.75,100.65,20.74,华中_湖北,30.59,114.3,NASA POWER API
1253,1253,2023-06-07,25.26,0.01,66.0,1.63,100.48,15.51,华中_湖北,30.59,114.3,NASA POWER API
1254,1254,2023-06-08,25.75,0.12,75.01,2.29,100.28,24.1,华中_湖北,30.59,114.3,NASA POWER API
1255,1255,2023-06-09,27.27,0.15,75.84,2.84,100.04,26.34,华中_湖北,30.59,114.3,NASA POWER API
1256,1256,2023-06-10,28.88,0.0,73.48,2.81,99.76,26.72,华中_湖北,30.59,114.3,NASA POWER API
1257,1257,2023-06-11,28.37,0.57,71.15,1.5,99.93,14.74,华中_湖北,30.59,114.3,NASA POWER API
1258,1258,2023-06-12,27.31,1.94,76.11,1.49,99.98,17.38,华中_湖北,30.59,114.3,NASA POWER API
1259,1259,2023-06-13,27.17,8.17,70.96,1.06,100.08,16.86,华中_湖北,30.59,114.3,NASA POWER API
1260,1260,2023-06-14,28.11,0.08,65.7,1.36,100.32,24.06,华中_湖北,30.59,114.3,NASA POWER API
1261,1261,2023-06-15,27.86,0.03,69.66,2.09,100.41,15.6,华中_湖北,30.59,114.3,NASA POWER API
1262,1262,2023-06-16,26.94,6.58,78.23,2.91,100.37,10.13,华中_湖北,30.59,114.3,NASA POWER API
1263,1263,2023-06-17,26.55,6.07,86.14,3.43,100.22,5.05,华中_湖北,30.59,114.3,NASA POWER API
1264,1264,2023-06-18,27.6,14.37,88.02,3.7,99.96,10.17,华中_湖北,30.59,114.3,NASA POWER API
1265,1265,2023-06-19,26.39,12.75,83.85,2.06,99.94,11.04,华中_湖北,30.59,114.3,NASA POWER API
1266,1266,2023-06-20,28.67,1.89,73.49,1.22,100.0,21.61,华中_湖北,30.59,114.3,NASA POWER API
1267,1267,2023-06-21,29.5,2.19,71.2,1.45,100.22,17.25,华中_湖北,30.59,114.3,NASA POWER API
1268,1268,2023-06-22,26.97,5.04,76.73,1.98,100.42,8.55,华中_湖北,30.59,114.3,NASA POWER API
1269,1269,2023-06-23,24.87,4.09,80.18,2.2,100.28,9.88,华中_湖北,30.59,114.3,NASA POWER API
1270,1270,2023-06-24,25.51,3.64,80.16,2.24,100.21,9.62,华中_湖北,30.59,114.3,NASA POWER API
1271,1271,2023-06-25,25.17,6.14,83.94,2.69,100.28,9.93,华中_湖北,30.59,114.3,NASA POWER API
1272,1272,2023-06-26,27.11,0.56,76.22,2.18,100.33,25.72,华中_湖北,30.59,114.3,NASA POWER API
1273,1273,2023-06-27,28.8,0.39,78.5,3.58,100.26,27.07,华中_湖北,30.59,114.3,NASA POWER API
1274,1274,2023-06-28,29.97,0.01,77.54,4.74,100.14,20.82,华中_湖北,30.59,114.3,NASA POWER API
1275,1275,2023-06-29,29.72,6.15,78.81,3.69,99.82,14.94,华中_湖北,30.59,114.3,NASA POWER API
1276,1276,2023-06-30,27.91,29.03,83.71,2.61,99.77,12.9,华中_湖北,30.59,114.3,NASA POWER API
1277,1277,2023-07-01,29.4,1.01,82.75,1.69,99.97,15.28,华中_湖北,30.59,114.3,NASA POWER API
1278,1278,2023-07-02,29.78,1.89,88.32,2.73,99.98,18.53,华中_湖北,30.59,114.3,NASA POWER API
1279,1279,2023-07-03,29.51,1.12,85.66,3.47,99.93,18.19,华中_湖北,30.59,114.3,NASA POWER API
1280,1280,2023-07-04,28.38,3.62,78.69,3.02,99.92,14.43,华中_湖北,30.59,114.3,NASA POWER API
1281,1281,2023-07-05,27.76,2.56,75.2,2.19,99.85,26.47,华中_湖北,30.59,114.3,NASA POWER API
1282,1282,2023-07-06,30.8,0.48,77.36,5.22,99.63,20.49,华中_湖北,30.59,114.3,NASA POWER API
1283,1283,2023-07-07,30.64,1.13,80.55,5.5,99.63,12.2,华中_湖北,30.59,114.3,NASA POWER API
1284,1284,2023-07-08,30.31,3.53,83.97,3.93,99.91,9.97,华中_湖北,30.59,114.3,NASA POWER API
1285,1285,2023-07-09,29.29,2.61,88.03,3.63,99.99,15.07,华中_湖北,30.59,114.3,NASA POWER API
1286,1286,2023-07-10,30.79,0.07,75.82,4.66,99.88,25.17,华中_湖北,30.59,114.3,NASA POWER API
1287,1287,2023-07-11,31.16,0.0,75.34,4.21,99.85,23.97,华中_湖北,30.59,114.3,NASA POWER API
1288,1288,2023-07-12,32.04,0.0,73.22,4.46,99.82,21.49,华中_湖北,30.59,114.3,NASA POWER API
1289,1289,2023-07-13,31.94,6.78,73.93,4.23,99.81,21.65,华中_湖北,30.59,114.3,NASA POWER API
1290,1290,2023-07-14,29.39,21.81,75.7,2.77,99.9,12.47,华中_湖北,30.59,114.3,NASA POWER API
1291,1291,2023-07-15,28.68,0.43,69.59,2.16,99.94,16.35,华中_湖北,30.59,114.3,NASA POWER API
1292,1292,2023-07-16,29.28,0.43,73.5,2.54,100.1,10.9,华中_湖北,30.59,114.3,NASA POWER API
1293,1293,2023-07-17,27.83,5.75,77.04,2.55,100.32,14.33,华中_湖北,30.59,114.3,NASA POWER API
1294,1294,2023-07-18,28.75,0.77,79.45,1.41,100.46,17.1,华中_湖北,30.59,114.3,NASA POWER API
1295,1295,2023-07-19,28.61,13.42,82.43,1.16,100.44,13.71,华中_湖北,30.59,114.3,NASA POWER API
1296,1296,2023-07-20,28.99,8.93,82.57,1.53,100.25,13.71,华中_湖北,30.59,114.3,NASA POWER API
1297,1297,2023-07-21,29.2,15.47,86.23,2.65,100.24,20.89,华中_湖北,30.59,114.3,NASA POWER API
1298,1298,2023-07-22,29.55,18.1,83.64,2.14,100.3,10.57,华中_湖北,30.59,114.3,NASA POWER API
1299,1299,2023-07-23,29.45,0.42,82.66,2.05,100.28,22.04,华中_湖北,30.59,114.3,NASA POWER API
1300,1300,2023-07-24,30.7,0.59,77.77,1.64,100.18,20.95,华中_湖北,30.59,114.3,NASA POWER API
1301,1301,2023-07-25,30.41,3.17,75.91,1.22,100.25,6.95,华中_湖北,30.59,114.3,NASA POWER API
1302,1302,2023-07-26,30.0,13.29,81.27,2.07,100.28,23.17,华中_湖北,30.59,114.3,NASA POWER API
1303,1303,2023-07-27,29.94,3.75,78.92,2.76,100.11,25.31,华中_湖北,30.59,114.3,NASA POWER API
1304,1304,2023-07-28,29.47,12.07,80.67,2.89,99.75,19.96,华中_湖北,30.59,114.3,NASA POWER API
1305,1305,2023-07-29,28.86,18.33,80.03,2.0,99.6,14.85,华中_湖北,30.59,114.3,NASA POWER API
1306,1306,2023-07-30,28.9,9.79,86.43,2.14,99.84,12.47,华中_湖北,30.59,114.3,NASA POWER API
1307,1307,2023-07-31,29.18,3.15,83.94,2.42,100.15,14.73,华中_湖北,30.59,114.3,NASA POWER API
1308,1308,2023-08-01,29.82,4.72,84.35,2.29,100.12,23.16,华中_湖北,30.59,114.3,NASA POWER API
1309,1309,2023-08-02,30.78,0.4,76.15,1.39,100.07,24.83,华中_湖北,30.59,114.3,NASA POWER API
1310,1310,2023-08-03,32.61,0.01,65.53,0.63,99.88,24.84,华中_湖北,30.59,114.3,NASA POWER API
1311,1311,2023-08-04,32.7,0.0,68.34,1.54,99.83,25.32,华中_湖北,30.59,114.3,NASA POWER API
1312,1312,2023-08-05,32.98,0.02,71.44,1.75,99.67,24.99,华中_湖北,30.59,114.3,NASA POWER API
1313,1313,2023-08-06,33.19,0.04,69.32,1.47,99.53,19.67,华中_湖北,30.59,114.3,NASA POWER API
1314,1314,2023-08-07,30.75,2.87,79.15,2.11,99.67,21.84,华中_湖北,30.59,114.3,NASA POWER API
1315,1315,2023-08-08,30.96,2.19,73.57,2.12,99.86,21.12,华中_湖北,30.59,114.3,NASA POWER API
1316,1316,2023-08-09,30.91,0.0,67.83,2.06,100.05,23.42,华中_湖北,30.59,114.3,NASA POWER API
1317,1317,2023-08-10,30.7,0.0,68.75,1.78,100.14,22.23,华中_湖北,30.59,114.3,NASA POWER API
1318,1318,2023-08-11,31.38,0.0,68.16,1.72,99.93,22.65,华中_湖北,30.59,114.3,NASA POWER API
1319,1319,2023-08-12,32.61,0.0,68.44,1.46,99.75,22.8,华中_湖北,30.59,114.3,NASA POWER API
1320,1320,2023-08-13,30.84,2.56,70.96,2.04,99.84,17.58,华中_湖北,30.59,114.3,NASA POWER API
1321,1321,2023-08-14,30.43,0.76,67.1,1.59,100.06,18.65,华中_湖北,30.59,114.3,NASA POWER API
1322,1322,2023-08-15,31.46,0.8,58.09,1.1,100.16,20.81,华中_湖北,30.59,114.3,NASA POWER API
1323,1323,2023-08-16,32.38,0.51,50.57,0.81,100.11,22.51,华中_湖北,30.59,114.3,NASA POWER API
1324,1324,2023-08-17,32.07,0.75,57.69,1.5,100.03,22.91,华中_湖北,30.59,114.3,NASA POWER API
1325,1325,2023-08-18,32.35,1.52,59.47,1.64,100.07,20.35,华中_湖北,30.59,114.3,NASA POWER API
1326,1326,2023-08-19,31.86,0.04,59.95,1.7,100.23,21.83,华中_湖北,30.59,114.3,NASA POWER API
1327,1327,2023-08-20,30.9,5.02,66.64,1.41,100.27,22.39,华中_湖北,30.59,114.3,NASA POWER API
1328,1328,2023-08-21,28.38,34.19,82.37,2.51,100.1,5.59,华中_湖北,30.59,114.3,NASA POWER API
1329,1329,2023-08-22,29.17,2.17,74.86,2.37,100.05,22.3,华中_湖北,30.59,114.3,NASA POWER API
1330,1330,2023-08-23,29.73,0.15,68.29,1.56,100.25,24.62,华中_湖北,30.59,114.3,NASA POWER API
1331,1331,2023-08-24,30.14,0.0,62.91,1.1,100.42,22.43,华中_湖北,30.59,114.3,NASA POWER API
1332,1332,2023-08-25,29.7,0.01,66.19,2.02,100.42,12.7,华中_湖北,30.59,114.3,NASA POWER API
1333,1333,2023-08-26,28.97,2.01,74.99,2.42,100.06,17.47,华中_湖北,30.59,114.3,NASA POWER API
1334,1334,2023-08-27,26.96,29.3,89.46,3.78,99.71,4.5,华中_湖北,30.59,114.3,NASA POWER API
1335,1335,2023-08-28,23.35,1.44,76.91,4.76,100.24,10.26,华中_湖北,30.59,114.3,NASA POWER API
1336,1336,2023-08-29,25.02,0.08,74.51,3.33,100.58,17.01,华中_湖北,30.59,114.3,NASA POWER API
1337,1337,2023-08-30,24.94,0.04,73.49,2.72,100.78,14.8,华中_湖北,30.59,114.3,NASA POWER API
1338,1338,2023-08-31,25.89,0.0,70.21,2.1,100.74,24.9,华中_湖北,30.59,114.3,NASA POWER API
1339,1339,2023-09-01,25.74,0.0,68.97,2.49,100.7,25.52,华中_湖北,30.59,114.3,NASA POWER API
1340,1340,2023-09-02,25.81,0.12,64.41,2.72,100.61,16.91,华中_湖北,30.59,114.3,NASA POWER API
1341,1341,2023-09-03,25.36,0.26,70.12,2.03,100.6,8.56,华中_湖北,30.59,114.3,NASA POWER API
1342,1342,2023-09-04,25.35,0.48,70.9,2.13,100.63,14.76,华中_湖北,30.59,114.3,NASA POWER API
1343,1343,2023-09-05,27.9,0.11,71.37,2.54,100.64,20.84,华中_湖北,30.59,114.3,NASA POWER API
1344,1344,2023-09-06,29.08,0.94,71.84,2.31,100.78,20.4,华中_湖北,30.59,114.3,NASA POWER API
1345,1345,2023-09-07,29.45,0.1,70.94,2.19,100.75,21.93,华中_湖北,30.59,114.3,NASA POWER API
1346,1346,2023-09-08,29.88,0.0,68.23,1.79,100.66,22.36,华中_湖北,30.59,114.3,NASA POWER API
1347,1347,2023-09-09,30.36,0.0,66.2,1.87,100.44,22.39,华中_湖北,30.59,114.3,NASA POWER API
1348,1348,2023-09-10,30.86,0.05,65.79,2.07,100.28,18.98,华中_湖北,30.59,114.3,NASA POWER API
1349,1349,2023-09-11,28.86,1.28,75.52,1.74,100.28,12.49,华中_湖北,30.59,114.3,NASA POWER API
1350,1350,2023-09-12,27.06,12.61,79.29,3.46,100.38,4.82,华中_湖北,30.59,114.3,NASA POWER API
1351,1351,2023-09-13,23.4,16.96,84.67,3.88,100.67,8.01,华中_湖北,30.59,114.3,NASA POWER API
1352,1352,2023-09-14,24.83,1.06,76.44,2.12,100.84,13.32,华中_湖北,30.59,114.3,NASA POWER API
1353,1353,2023-09-15,26.56,0.12,69.54,1.08,100.8,19.21,华中_湖北,30.59,114.3,NASA POWER API
1354,1354,2023-09-16,27.38,0.0,70.62,1.48,100.75,20.45,华中_湖北,30.59,114.3,NASA POWER API
1355,1355,2023-09-17,29.0,0.0,69.66,2.37,100.59,19.82,华中_湖北,30.59,114.3,NASA POWER API
1356,1356,2023-09-18,30.11,0.88,73.91,2.43,100.58,16.8,华中_湖北,30.59,114.3,NASA POWER API
1357,1357,2023-09-19,29.3,16.49,83.7,2.92,100.43,17.55,华中_湖北,30.59,114.3,NASA POWER API
1358,1358,2023-09-20,25.83,6.11,80.66,4.45,100.75,4.69,华中_湖北,30.59,114.3,NASA POWER API
1359,1359,2023-09-21,22.78,32.65,83.28,3.2,101.11,3.86,华中_湖北,30.59,114.3,NASA POWER API
1360,1360,2023-09-22,21.74,4.98,82.56,1.28,101.18,7.89,华中_湖北,30.59,114.3,NASA POWER API
1361,1361,2023-09-23,23.35,1.85,83.76,1.98,101.16,5.45,华中_湖北,30.59,114.3,NASA POWER API
1362,1362,2023-09-24,23.55,0.78,80.14,1.81,101.08,10.98,华中_湖北,30.59,114.3,NASA POWER API
1363,1363,2023-09-25,23.96,0.13,80.87,2.03,101.08,7.9,华中_湖北,30.59,114.3,NASA POWER API
1364,1364,2023-09-26,24.33,0.02,79.59,2.19,101.1,6.59,华中_湖北,30.59,114.3,NASA POWER API
1365,1365,2023-09-27,25.21,0.0,78.92,1.88,101.06,9.69,华中_湖北,30.59,114.3,NASA POWER API
1366,1366,2023-09-28,25.25,0.01,76.19,2.13,101.19,10.96,华中_湖北,30.59,114.3,NASA POWER API
1367,1367,2023-09-29,24.85,0.29,79.12,2.61,101.13,10.67,华中_湖北,30.59,114.3,NASA POWER API
1368,1368,2023-09-30,23.78,2.7,76.17,2.65,101.1,6.98,华中_湖北,30.59,114.3,NASA POWER API
1369,1369,2023-10-01,23.32,2.8,75.51,2.79,101.17,9.5,华中_湖北,30.59,114.3,NASA POWER API
1370,1370,2023-10-02,23.22,6.83,78.65,2.52,101.12,5.04,华中_湖北,30.59,114.3,NASA POWER API
1371,1371,2023-10-03,21.4,9.61,84.98,2.54,101.1,4.6,华中_湖北,30.59,114.3,NASA POWER API
1372,1372,2023-10-04,21.59,2.3,82.79,2.81,101.23,2.7,华中_湖北,30.59,114.3,NASA POWER API
1373,1373,2023-10-05,22.38,0.27,75.06,4.03,101.39,10.15,华中_湖北,30.59,114.3,NASA POWER API
1374,1374,2023-10-06,19.66,4.57,70.02,4.22,101.54,14.04,华中_湖北,30.59,114.3,NASA POWER API
1375,1375,2023-10-07,17.2,12.21,86.82,3.45,101.67,5.24,华中_湖北,30.59,114.3,NASA POWER API
1376,1376,2023-10-08,18.29,0.06,78.54,2.1,101.75,12.76,华中_湖北,30.59,114.3,NASA POWER API
1377,1377,2023-10-09,19.8,0.01,75.5,2.05,101.86,12.82,华中_湖北,30.59,114.3,NASA POWER API
1378,1378,2023-10-10,20.06,0.38,71.31,1.66,102.0,5.57,华中_湖北,30.59,114.3,NASA POWER API
1379,1379,2023-10-11,19.63,0.0,68.4,1.68,101.96,16.16,华中_湖北,30.59,114.3,NASA POWER API
1380,1380,2023-10-12,19.35,0.07,75.56,1.89,101.94,7.89,华中_湖北,30.59,114.3,NASA POWER API
1381,1381,2023-10-13,19.03,0.0,78.99,1.88,101.65,12.46,华中_湖北,30.59,114.3,NASA POWER API
1382,1382,2023-10-14,20.64,0.0,70.05,1.78,101.29,15.33,华中_湖北,30.59,114.3,NASA POWER API
1383,1383,2023-10-15,21.58,0.0,64.26,1.39,101.28,19.29,华中_湖北,30.59,114.3,NASA POWER API
1384,1384,2023-10-16,22.4,0.0,57.67,1.14,101.51,19.3,华中_湖北,30.59,114.3,NASA POWER API
1385,1385,2023-10-17,21.5,0.0,67.4,2.7,101.45,18.29,华中_湖北,30.59,114.3,NASA POWER API
1386,1386,2023-10-18,22.42,0.0,70.05,1.8,101.29,17.67,华中_湖北,30.59,114.3,NASA POWER API
1387,1387,2023-10-19,19.35,4.42,81.07,4.57,101.49,7.27,华中_湖北,30.59,114.3,NASA POWER API
1388,1388,2023-10-20,16.82,0.1,67.1,3.52,102.21,17.97,华中_湖北,30.59,114.3,NASA POWER API
1389,1389,2023-10-21,17.02,0.06,53.25,1.57,102.16,18.26,华中_湖北,30.59,114.3,NASA POWER API
1390,1390,2023-10-22,18.03,0.0,53.6,1.12,101.9,17.96,华中_湖北,30.59,114.3,NASA POWER API
1391,1391,2023-10-23,18.8,0.0,61.32,1.68,101.65,17.45,华中_湖北,30.59,114.3,NASA POWER API
1392,1392,2023-10-24,21.33,0.0,64.63,1.25,101.43,15.86,华中_湖北,30.59,114.3,NASA POWER API
1393,1393,2023-10-25,21.32,3.0,74.58,1.08,101.39,4.82,华中_湖北,30.59,114.3,NASA POWER API
1394,1394,2023-10-26,21.82,0.32,74.45,1.56,101.39,12.85,华中_湖北,30.59,114.3,NASA POWER API
1395,1395,2023-10-27,20.66,0.12,70.4,1.57,101.43,4.6,华中_湖北,30.59,114.3,NASA POWER API
1396,1396,2023-10-28,21.85,0.05,66.11,0.7,101.4,8.66,华中_湖北,30.59,114.3,NASA POWER API
1397,1397,2023-10-29,22.4,3.01,62.16,0.62,101.49,12.2,华中_湖北,30.59,114.3,NASA POWER API
1398,1398,2023-10-30,22.23,0.0,61.63,0.93,101.63,15.48,华中_湖北,30.59,114.3,NASA POWER API
1399,1399,2023-10-31,21.71,0.0,68.18,1.79,101.72,16.01,华中_湖北,30.59,114.3,NASA POWER API
1400,1400,2023-11-01,21.61,0.0,66.14,2.42,101.43,16.67,华中_湖北,30.59,114.3,NASA POWER API
1401,1401,2023-11-02,22.54,0.0,68.17,2.51,101.04,15.94,华中_湖北,30.59,114.3,NASA POWER API
1402,1402,2023-11-03,22.08,0.39,69.15,2.52,101.02,11.4,华中_湖北,30.59,114.3,NASA POWER API
1403,1403,2023-11-04,20.09,3.21,79.51,2.22,101.11,2.51,华中_湖北,30.59,114.3,NASA POWER API
1404,1404,2023-11-05,18.58,25.69,87.58,4.71,101.08,1.17,华中_湖北,30.59,114.3,NASA POWER API
1405,1405,2023-11-06,14.17,0.02,58.79,2.24,101.99,17.17,华中_湖北,30.59,114.3,NASA POWER API
1406,1406,2023-11-07,16.42,0.19,62.01,3.0,101.62,16.06,华中_湖北,30.59,114.3,NASA POWER API
1407,1407,2023-11-08,17.94,1.46,77.4,1.85,101.3,13.6,华中_湖北,30.59,114.3,NASA POWER API
1408,1408,2023-11-09,16.11,12.1,89.58,4.25,101.33,2.73,华中_湖北,30.59,114.3,NASA POWER API
1409,1409,2023-11-10,13.49,2.84,82.21,4.46,102.13,4.31,华中_湖北,30.59,114.3,NASA POWER API
1410,1410,2023-11-11,11.27,7.02,81.52,4.8,102.51,2.74,华中_湖北,30.59,114.3,NASA POWER API
1411,1411,2023-11-12,7.66,0.23,74.74,5.42,103.08,8.97,华中_湖北,30.59,114.3,NASA POWER API
1412,1412,2023-11-13,7.14,0.12,71.79,2.31,103.06,5.46,华中_湖北,30.59,114.3,NASA POWER API
1413,1413,2023-11-14,9.8,0.0,56.62,0.82,102.53,13.41,华中_湖北,30.59,114.3,NASA POWER API
1414,1414,2023-11-15,10.97,6.32,78.0,2.22,102.4,5.41,华中_湖北,30.59,114.3,NASA POWER API
1415,1415,2023-11-16,10.84,0.47,66.49,4.07,102.87,14.24,华中_湖北,30.59,114.3,NASA POWER API
1416,1416,2023-11-17,9.93,0.63,66.46,2.62,102.47,15.02,华中_湖北,30.59,114.3,NASA POWER API
1417,1417,2023-11-18,11.97,0.0,57.84,1.69,102.29,14.45,华中_湖北,30.59,114.3,NASA POWER API
1418,1418,2023-11-19,14.33,0.0,62.08,2.11,101.81,14.28,华中_湖北,30.59,114.3,NASA POWER API
1419,1419,2023-11-20,14.56,0.0,74.54,1.85,101.75,14.42,华中_湖北,30.59,114.3,NASA POWER API
1420,1420,2023-11-21,15.29,0.0,73.01,2.05,101.38,14.75,华中_湖北,30.59,114.3,NASA POWER API
1421,1421,2023-11-22,15.68,0.0,78.31,1.24,101.24,6.61,华中_湖北,30.59,114.3,NASA POWER API
1422,1422,2023-11-23,12.62,0.0,57.37,4.98,101.92,13.62,华中_湖北,30.59,114.3,NASA POWER API
1423,1423,2023-11-24,8.65,0.0,56.95,2.67,102.47,13.1,华中_湖北,30.59,114.3,NASA POWER API
1424,1424,2023-11-25,9.23,1.95,76.48,3.11,102.32,9.75,华中_湖北,30.59,114.3,NASA POWER API
1425,1425,2023-11-26,8.38,0.21,82.27,2.57,102.19,7.36,华中_湖北,30.59,114.3,NASA POWER API
1426,1426,2023-11-27,10.17,0.26,82.33,1.9,101.94,13.05,华中_湖北,30.59,114.3,NASA POWER API
1427,1427,2023-11-28,12.6,0.0,75.92,2.35,101.77,13.3,华中_湖北,30.59,114.3,NASA POWER API
1428,1428,2023-11-29,11.55,0.29,70.65,4.73,102.07,10.2,华中_湖北,30.59,114.3,NASA POWER API
1429,1429,2023-11-30,5.61,0.06,55.42,4.62,102.97,2.14,华中_湖北,30.59,114.3,NASA POWER API
1430,1430,2023-12-01,5.75,0.0,57.62,2.19,102.86,11.93,华中_湖北,30.59,114.3,NASA POWER API
1431,1431,2023-12-02,8.4,0.01,51.04,1.08,102.45,10.69,华中_湖北,30.59,114.3,NASA POWER API
1432,1432,2023-12-03,9.52,0.0,61.23,1.11,102.3,10.83,华中_湖北,30.59,114.3,NASA POWER API
1433,1433,2023-12-04,10.06,0.0,66.13,1.63,101.73,8.53,华中_湖北,30.59,114.3,NASA POWER API
1434,1434,2023-12-05,11.18,0.0,75.15,1.54,101.5,11.53,华中_湖北,30.59,114.3,NASA POWER API
1435,1435,2023-12-06,12.47,0.0,57.62,2.77,101.82,13.33,华中_湖北,30.59,114.3,NASA POWER API
1436,1436,2023-12-07,12.14,0.0,64.95,3.36,101.32,13.71,华中_湖北,30.59,114.3,NASA POWER API
1437,1437,2023-12-08,14.73,0.0,70.39,2.9,100.93,11.35,华中_湖北,30.59,114.3,NASA POWER API
1438,1438,2023-12-09,16.13,0.58,77.63,2.5,100.92,5.2,华中_湖北,30.59,114.3,NASA POWER API
1439,1439,2023-12-10,14.94,13.91,88.43,3.78,101.11,1.79,华中_湖北,30.59,114.3,NASA POWER API
1440,1440,2023-12-11,6.21,8.66,78.46,6.89,101.97,2.32,华中_湖北,30.59,114.3,NASA POWER API
1441,1441,2023-12-12,5.64,0.07,77.37,2.62,102.35,6.68,华中_湖北,30.59,114.3,NASA POWER API
1442,1442,2023-12-13,8.54,2.74,88.49,3.12,101.79,2.24,华中_湖北,30.59,114.3,NASA POWER API
1443,1443,2023-12-14,8.91,7.45,89.87,3.3,101.49,1.58,华中_湖北,30.59,114.3,NASA POWER API
1444,1444,2023-12-15,0.79,18.13,82.49,7.4,102.53,1.57,华中_湖北,30.59,114.3,NASA POWER API
1445,1445,2023-12-16,-2.16,0.0,73.98,4.06,103.55,4.51,华中_湖北,30.59,114.3,NASA POWER API
1446,1446,2023-12-17,-1.19,0.01,69.03,2.58,103.31,4.8,华中_湖北,30.59,114.3,NASA POWER API
1447,1447,2023-12-18,-0.46,2.06,82.07,2.31,102.88,1.31,华中_湖北,30.59,114.3,NASA POWER API
1448,1448,2023-12-19,-0.27,0.01,85.51,2.65,102.96,9.28,华中_湖北,30.59,114.3,NASA POWER API
1449,1449,2023-12-20,-0.73,0.0,75.2,3.85,103.3,8.16,华中_湖北,30.59,114.3,NASA POWER API
1450,1450,2023-12-21,-2.73,0.0,69.5,4.4,103.83,12.31,华中_湖北,30.59,114.3,NASA POWER API
1451,1451,2023-12-22,-2.46,0.0,60.01,2.28,103.87,11.44,华中_湖北,30.59,114.3,NASA POWER API
1452,1452,2023-12-23,0.7,0.0,65.48,1.23,103.44,11.67,华中_湖北,30.59,114.3,NASA POWER API
1453,1453,2023-12-24,2.0,0.0,67.29,1.9,103.37,11.61,华中_湖北,30.59,114.3,NASA POWER API
1454,1454,2023-12-25,4.67,0.0,62.47,1.46,102.81,12.39,华中_湖北,30.59,114.3,NASA POWER API
1455,1455,2023-12-26,6.81,0.0,64.63,1.6,102.41,9.69,华中_湖北,30.59,114.3,NASA POWER API
1456,1456,2023-12-27,4.95,0.0,77.44,2.26,102.51,9.09,华中_湖北,30.59,114.3,NASA POWER API
1457,1457,2023-12-28,6.25,0.0,80.82,1.37,102.41,6.38,华中_湖北,30.59,114.3,NASA POWER API
1458,1458,2023-12-29,7.33,2.77,81.2,1.68,102.15,5.67,华中_湖北,30.59,114.3,NASA POWER API
1459,1459,2023-12-30,7.35,0.44,92.43,1.57,101.75,9.17,华中_湖北,30.59,114.3,NASA POWER API
1460,1460,2023-12-31,6.93,0.53,76.8,3.11,102.26,12.12,华中_湖北,30.59,114.3,NASA POWER API
1461,1461,2024-01-01,5.81,0.0,77.53,2.11,102.37,10.5,华中_湖北,30.59,114.3,NASA POWER API
1462,1462,2024-01-02,3.94,8.13,89.57,2.3,102.13,2.52,华中_湖北,30.59,114.3,NASA POWER API
1463,1463,2024-01-03,6.35,0.2,72.0,1.67,102.42,9.83,华中_湖北,30.59,114.3,NASA POWER API
1464,1464,2024-01-04,7.1,0.0,69.95,1.95,101.88,12.44,华中_湖北,30.59,114.3,NASA POWER API
1465,1465,2024-01-05,9.05,0.01,71.4,1.33,101.87,10.12,华中_湖北,30.59,114.3,NASA POWER API
1466,1466,2024-01-06,7.48,0.01,76.62,3.08,102.2,10.39,华中_湖北,30.59,114.3,NASA POWER API
1467,1467,2024-01-07,5.25,0.05,76.18,2.98,102.4,9.12,华中_湖北,30.59,114.3,NASA POWER API
1468,1468,2024-01-08,6.89,0.29,80.89,1.36,101.98,7.23,华中_湖北,30.59,114.3,NASA POWER API
1469,1469,2024-01-09,7.04,0.18,87.7,2.11,101.9,9.45,华中_湖北,30.59,114.3,NASA POWER API
1470,1470,2024-01-10,6.1,0.0,76.91,2.23,102.32,10.42,华中_湖北,30.59,114.3,NASA POWER API
1471,1471,2024-01-11,8.53,0.0,74.36,2.23,101.81,11.38,华中_湖北,30.59,114.3,NASA POWER API
1472,1472,2024-01-12,10.78,0.0,78.45,1.45,101.67,12.22,华中_湖北,30.59,114.3,NASA POWER API
1473,1473,2024-01-13,11.89,0.0,79.08,2.02,101.7,13.33,华中_湖北,30.59,114.3,NASA POWER API
1474,1474,2024-01-14,10.35,0.21,78.39,3.8,102.08,2.45,华中_湖北,30.59,114.3,NASA POWER API
1475,1475,2024-01-15,5.99,0.02,69.94,2.9,102.57,6.02,华中_湖北,30.59,114.3,NASA POWER API
1476,1476,2024-01-16,5.36,4.72,80.41,2.35,102.28,2.09,华中_湖北,30.59,114.3,NASA POWER API
1477,1477,2024-01-17,5.26,19.95,90.11,2.7,102.04,1.95,华中_湖北,30.59,114.3,NASA POWER API
1478,1478,2024-01-18,5.36,20.21,91.29,3.39,101.92,2.44,华中_湖北,30.59,114.3,NASA POWER API
1479,1479,2024-01-19,3.13,12.78,90.14,4.45,102.08,2.26,华中_湖北,30.59,114.3,NASA POWER API
1480,1480,2024-01-20,2.29,0.45,80.97,4.67,102.48,4.55,华中_湖北,30.59,114.3,NASA POWER API
1481,1481,2024-01-21,1.56,1.46,80.04,5.48,102.98,8.63,华中_湖北,30.59,114.3,NASA POWER API
1482,1482,2024-01-22,-1.33,0.97,62.41,5.83,103.73,6.69,华中_湖北,30.59,114.3,NASA POWER API
1483,1483,2024-01-23,-2.67,0.0,64.07,3.44,103.76,14.46,华中_湖北,30.59,114.3,NASA POWER API
1484,1484,2024-01-24,0.15,0.0,59.07,1.55,103.34,10.91,华中_湖北,30.59,114.3,NASA POWER API
1485,1485,2024-01-25,2.09,0.0,59.98,1.49,103.1,14.29,华中_湖北,30.59,114.3,NASA POWER API
1486,1486,2024-01-26,4.0,0.0,56.63,1.07,102.92,5.9,华中_湖北,30.59,114.3,NASA POWER API
1487,1487,2024-01-27,4.09,0.0,59.93,1.77,102.86,13.03,华中_湖北,30.59,114.3,NASA POWER API
1488,1488,2024-01-28,5.47,0.0,50.58,1.2,102.78,13.76,华中_湖北,30.59,114.3,NASA POWER API
1489,1489,2024-01-29,6.25,0.01,77.93,1.87,102.22,7.63,华中_湖北,30.59,114.3,NASA POWER API
1490,1490,2024-01-30,7.64,1.93,86.77,1.17,101.88,5.71,华中_湖北,30.59,114.3,NASA POWER API
1491,1491,2024-01-31,8.97,8.67,92.96,1.81,101.68,2.39,华中_湖北,30.59,114.3,NASA POWER API
1492,1492,2024-02-01,3.83,15.08,84.95,6.39,102.16,1.2,华中_湖北,30.59,114.3,NASA POWER API
1493,1493,2024-02-02,1.33,14.79,85.49,3.33,102.37,1.98,华中_湖北,30.59,114.3,NASA POWER API
1494,1494,2024-02-03,-0.3,14.68,90.05,4.46,102.5,2.5,华中_湖北,30.59,114.3,NASA POWER API
1495,1495,2024-02-04,-2.3,25.91,94.07,3.45,102.38,1.8,华中_湖北,30.59,114.3,NASA POWER API
1496,1496,2024-02-05,-3.92,0.93,94.21,3.23,102.71,4.45,华中_湖北,30.59,114.3,NASA POWER API
1497,1497,2024-02-06,-2.08,12.3,94.72,2.31,102.63,2.46,华中_湖北,30.59,114.3,NASA POWER API
1498,1498,2024-02-07,-2.33,0.72,95.36,2.24,102.56,5.57,华中_湖北,30.59,114.3,NASA POWER API
1499,1499,2024-02-08,-1.65,0.12,91.67,1.17,102.44,10.82,华中_湖北,30.59,114.3,NASA POWER API
1500,1500,2024-02-09,-1.97,0.03,96.14,2.05,102.57,14.29,华中_湖北,30.59,114.3,NASA POWER API
1501,1501,2024-02-10,1.2,0.0,92.02,2.21,102.55,14.97,华中_湖北,30.59,114.3,NASA POWER API
1502,1502,2024-02-11,6.93,0.0,77.63,1.09,102.63,16.96,华中_湖北,30.59,114.3,NASA POWER API
1503,1503,2024-02-12,9.68,0.0,72.75,2.57,101.99,16.97,华中_湖北,30.59,114.3,NASA POWER API
1504,1504,2024-02-13,13.74,0.03,76.11,3.37,101.47,14.48,华中_湖北,30.59,114.3,NASA POWER API
1505,1505,2024-02-14,16.75,0.47,85.85,2.32,101.36,11.35,华中_湖北,30.59,114.3,NASA POWER API
1506,1506,2024-02-15,7.94,3.85,76.84,6.97,102.41,5.68,华中_湖北,30.59,114.3,NASA POWER API
1507,1507,2024-02-16,7.93,0.0,71.02,2.09,102.0,17.47,华中_湖北,30.59,114.3,NASA POWER API
1508,1508,2024-02-17,12.23,0.02,87.99,3.47,100.85,11.14,华中_湖北,30.59,114.3,NASA POWER API
1509,1509,2024-02-18,18.92,0.03,85.06,4.59,100.31,8.84,华中_湖北,30.59,114.3,NASA POWER API
1510,1510,2024-02-19,13.02,13.86,85.11,5.55,101.07,4.8,华中_湖北,30.59,114.3,NASA POWER API
1511,1511,2024-02-20,6.87,15.36,86.9,4.95,101.29,2.53,华中_湖北,30.59,114.3,NASA POWER API
1512,1512,2024-02-21,-0.66,15.24,85.27,7.77,102.1,2.65,华中_湖北,30.59,114.3,NASA POWER API
1513,1513,2024-02-22,-3.23,16.13,89.53,5.4,102.94,2.54,华中_湖北,30.59,114.3,NASA POWER API
1514,1514,2024-02-23,-2.81,3.49,93.32,3.28,103.04,3.19,华中_湖北,30.59,114.3,NASA POWER API
1515,1515,2024-02-24,-2.38,1.62,92.54,2.8,102.94,4.31,华中_湖北,30.59,114.3,NASA POWER API
1516,1516,2024-02-25,-1.6,1.0,89.91,1.74,102.79,10.38,华中_湖北,30.59,114.3,NASA POWER API
1517,1517,2024-02-26,1.89,1.78,82.32,1.92,102.72,4.41,华中_湖北,30.59,114.3,NASA POWER API
1518,1518,2024-02-27,3.65,0.65,79.29,1.24,102.48,14.7,华中_湖北,30.59,114.3,NASA POWER API
1519,1519,2024-02-28,6.07,0.99,86.46,1.52,102.07,4.77,华中_湖北,30.59,114.3,NASA POWER API
1520,1520,2024-02-29,5.07,3.64,82.99,4.61,102.46,4.97,华中_湖北,30.59,114.3,NASA POWER API
1521,1521,2024-03-01,4.27,0.25,85.77,2.42,102.75,7.07,华中_湖北,30.59,114.3,NASA POWER API
1522,1522,2024-03-02,6.56,0.01,82.0,1.81,102.22,14.85,华中_湖北,30.59,114.3,NASA POWER API
1523,1523,2024-03-03,8.94,0.0,80.13,2.68,101.42,16.54,华中_湖北,30.59,114.3,NASA POWER API
1524,1524,2024-03-04,10.29,1.42,93.03,2.21,100.7,2.37,华中_湖北,30.59,114.3,NASA POWER API
1525,1525,2024-03-05,9.45,2.1,86.6,4.53,101.04,3.27,华中_湖北,30.59,114.3,NASA POWER API
1526,1526,2024-03-06,8.35,0.21,84.12,3.79,101.86,6.23,华中_湖北,30.59,114.3,NASA POWER API
1527,1527,2024-03-07,9.57,0.0,78.28,1.82,102.04,16.16,华中_湖北,30.59,114.3,NASA POWER API
1528,1528,2024-03-08,9.4,0.0,68.59,2.22,102.13,19.21,华中_湖北,30.59,114.3,NASA POWER API
1529,1529,2024-03-09,10.41,0.0,70.3,2.41,102.05,11.07,华中_湖北,30.59,114.3,NASA POWER API
1530,1530,2024-03-10,11.95,0.0,67.25,1.78,102.01,17.43,华中_湖北,30.59,114.3,NASA POWER API
1531,1531,2024-03-11,13.35,0.0,72.83,2.38,101.72,19.06,华中_湖北,30.59,114.3,NASA POWER API
1532,1532,2024-03-12,14.24,0.0,76.31,2.46,101.72,17.08,华中_湖北,30.59,114.3,NASA POWER API
1533,1533,2024-03-13,13.49,0.11,82.72,2.83,101.69,7.98,华中_湖北,30.59,114.3,NASA POWER API
1534,1534,2024-03-14,14.87,0.02,83.05,1.57,101.61,15.22,华中_湖北,30.59,114.3,NASA POWER API
1535,1535,2024-03-15,15.43,0.04,84.23,2.68,101.52,16.07,华中_湖北,30.59,114.3,NASA POWER API
1536,1536,2024-03-16,17.16,1.73,83.03,0.86,101.47,8.79,华中_湖北,30.59,114.3,NASA POWER API
1537,1537,2024-03-17,14.66,7.4,86.36,4.47,101.65,2.69,华中_湖北,30.59,114.3,NASA POWER API
1538,1538,2024-03-18,9.52,11.23,80.26,3.93,102.01,4.88,华中_湖北,30.59,114.3,NASA POWER API
1539,1539,2024-03-19,12.07,0.01,66.6,2.55,102.31,22.87,华中_湖北,30.59,114.3,NASA POWER API
1540,1540,2024-03-20,14.39,0.0,59.08,1.12,102.19,22.07,华中_湖北,30.59,114.3,NASA POWER API
1541,1541,2024-03-21,15.13,0.0,71.83,3.81,100.99,19.79,华中_湖北,30.59,114.3,NASA POWER API
1542,1542,2024-03-22,18.8,0.18,83.6,3.72,100.25,16.77,华中_湖北,30.59,114.3,NASA POWER API
1543,1543,2024-03-23,21.88,8.99,88.07,3.53,100.11,9.53,华中_湖北,30.59,114.3,NASA POWER API
1544,1544,2024-03-24,19.69,14.49,86.25,2.79,100.59,8.16,华中_湖北,30.59,114.3,NASA POWER API
1545,1545,2024-03-25,12.32,30.87,84.47,5.88,101.29,6.61,华中_湖北,30.59,114.3,NASA POWER API
1546,1546,2024-03-26,12.69,0.0,76.35,1.71,102.03,22.04,华中_湖北,30.59,114.3,NASA POWER API
1547,1547,2024-03-27,15.16,6.2,85.97,1.93,101.28,2.82,华中_湖北,30.59,114.3,NASA POWER API
1548,1548,2024-03-28,17.62,6.63,79.4,3.19,100.95,18.39,华中_湖北,30.59,114.3,NASA POWER API
1549,1549,2024-03-29,19.9,1.92,76.26,4.3,100.65,23.99,华中_湖北,30.59,114.3,NASA POWER API
1550,1550,2024-03-30,23.28,2.24,68.22,2.55,100.5,21.69,华中_湖北,30.59,114.3,NASA POWER API
1551,1551,2024-03-31,22.43,14.94,80.49,2.59,100.54,21.09,华中_湖北,30.59,114.3,NASA POWER API
1552,1552,2024-04-01,21.26,9.9,86.3,4.29,100.3,10.33,华中_湖北,30.59,114.3,NASA POWER API
1553,1553,2024-04-02,20.96,29.64,92.71,4.03,99.69,4.14,华中_湖北,30.59,114.3,NASA POWER API
1554,1554,2024-04-03,16.96,0.68,84.98,5.07,100.78,12.44,华中_湖北,30.59,114.3,NASA POWER API
1555,1555,2024-04-04,15.51,1.57,85.85,3.78,101.32,6.83,华中_湖北,30.59,114.3,NASA POWER API
1556,1556,2024-04-05,15.26,0.29,73.25,1.94,101.45,12.54,华中_湖北,30.59,114.3,NASA POWER API
1557,1557,2024-04-06,15.01,0.38,77.58,1.64,101.41,10.27,华中_湖北,30.59,114.3,NASA POWER API
1558,1558,2024-04-07,16.06,0.22,76.55,0.71,101.17,5.26,华中_湖北,30.59,114.3,NASA POWER API
1559,1559,2024-04-08,16.89,0.31,84.17,2.44,101.39,10.76,华中_湖北,30.59,114.3,NASA POWER API
1560,1560,2024-04-09,17.68,0.0,77.44,3.14,101.7,21.91,华中_湖北,30.59,114.3,NASA POWER API
1561,1561,2024-04-10,18.1,0.29,85.24,1.73,101.42,10.7,华中_湖北,30.59,114.3,NASA POWER API
1562,1562,2024-04-11,18.62,2.54,84.77,0.85,101.23,9.04,华中_湖北,30.59,114.3,NASA POWER API
1563,1563,2024-04-12,19.94,0.07,80.56,1.36,100.97,19.17,华中_湖北,30.59,114.3,NASA POWER API
1564,1564,2024-04-13,21.22,7.14,86.99,4.19,100.61,7.75,华中_湖北,30.59,114.3,NASA POWER API
1565,1565,2024-04-14,23.17,0.55,84.26,2.94,100.43,12.64,华中_湖北,30.59,114.3,NASA POWER API
1566,1566,2024-04-15,23.39,1.03,81.6,1.96,100.77,20.91,华中_湖北,30.59,114.3,NASA POWER API
1567,1567,2024-04-16,21.75,18.53,86.28,4.57,100.64,4.79,华中_湖北,30.59,114.3,NASA POWER API
1568,1568,2024-04-17,18.78,21.58,84.1,3.25,100.71,11.94,华中_湖北,30.59,114.3,NASA POWER API
1569,1569,2024-04-18,19.69,0.42,81.47,2.99,100.67,20.65,华中_湖北,30.59,114.3,NASA POWER API
1570,1570,2024-04-19,20.7,27.1,90.4,3.1,99.92,3.88,华中_湖北,30.59,114.3,NASA POWER API
1571,1571,2024-04-20,19.55,0.04,80.39,2.54,100.48,16.93,华中_湖北,30.59,114.3,NASA POWER API
1572,1572,2024-04-21,20.18,0.07,77.78,1.43,100.65,13.28,华中_湖北,30.59,114.3,NASA POWER API
1573,1573,2024-04-22,21.71,1.45,70.56,0.82,100.6,16.82,华中_湖北,30.59,114.3,NASA POWER API
1574,1574,2024-04-23,21.08,2.61,72.56,2.89,100.69,21.51,华中_湖北,30.59,114.3,NASA POWER API
1575,1575,2024-04-24,20.64,0.01,72.37,2.35,100.72,17.72,华中_湖北,30.59,114.3,NASA POWER API
1576,1576,2024-04-25,20.49,0.05,87.29,1.74,100.28,12.05,华中_湖北,30.59,114.3,NASA POWER API
1577,1577,2024-04-26,23.22,0.0,75.26,0.92,100.11,23.24,华中_湖北,30.59,114.3,NASA POWER API
1578,1578,2024-04-27,23.93,1.98,81.83,2.3,100.2,21.25,华中_湖北,30.59,114.3,NASA POWER API
1579,1579,2024-04-28,22.92,35.02,88.58,2.68,100.2,8.24,华中_湖北,30.59,114.3,NASA POWER API
1580,1580,2024-04-29,21.86,5.62,82.67,3.18,100.5,12.59,华中_湖北,30.59,114.3,NASA POWER API
1581,1581,2024-04-30,16.89,19.5,85.34,6.19,100.52,4.02,华中_湖北,30.59,114.3,NASA POWER API
1582,1582,2024-05-01,16.24,0.16,73.15,1.79,101.18,13.72,华中_湖北,30.59,114.3,NASA POWER API
1583,1583,2024-05-02,19.25,1.7,69.45,1.54,101.23,16.83,华中_湖北,30.59,114.3,NASA POWER API
1584,1584,2024-05-03,18.72,11.44,85.49,3.32,101.03,5.07,华中_湖北,30.59,114.3,NASA POWER API
1585,1585,2024-05-04,17.79,23.22,88.62,2.95,100.67,3.79,华中_湖北,30.59,114.3,NASA POWER API
1586,1586,2024-05-05,17.61,1.86,81.98,2.27,100.71,14.05,华中_湖北,30.59,114.3,NASA POWER API
1587,1587,2024-05-06,21.63,0.08,83.47,2.11,100.93,22.8,华中_湖北,30.59,114.3,NASA POWER API
1588,1588,2024-05-07,22.95,1.43,83.76,1.65,101.22,20.37,华中_湖北,30.59,114.3,NASA POWER API
1589,1589,2024-05-08,23.34,0.09,70.87,2.41,101.4,24.56,华中_湖北,30.59,114.3,NASA POWER API
1590,1590,2024-05-09,20.78,0.0,76.61,3.08,101.27,19.71,华中_湖北,30.59,114.3,NASA POWER API
1591,1591,2024-05-10,22.65,2.95,81.8,3.5,100.75,17.78,华中_湖北,30.59,114.3,NASA POWER API
1592,1592,2024-05-11,22.74,6.33,82.38,3.63,100.7,6.1,华中_湖北,30.59,114.3,NASA POWER API
1593,1593,2024-05-12,22.14,0.01,65.0,2.51,101.07,22.01,华中_湖北,30.59,114.3,NASA POWER API
1594,1594,2024-05-13,22.03,0.01,67.44,2.55,101.17,27.28,华中_湖北,30.59,114.3,NASA POWER API
1595,1595,2024-05-14,22.98,0.0,65.75,2.54,100.95,28.01,华中_湖北,30.59,114.3,NASA POWER API
1596,1596,2024-05-15,23.1,0.0,72.77,3.34,101.4,23.27,华中_湖北,30.59,114.3,NASA POWER API
1597,1597,2024-05-16,22.48,0.0,74.16,3.0,101.19,23.22,华中_湖北,30.59,114.3,NASA POWER API
1598,1598,2024-05-17,25.57,0.0,78.09,3.31,100.54,26.44,华中_湖北,30.59,114.3,NASA POWER API
1599,1599,2024-05-18,26.56,0.0,78.23,2.24,100.5,22.58,华中_湖北,30.59,114.3,NASA POWER API
1600,1600,2024-05-19,26.33,1.11,80.45,1.11,100.46,15.16,华中_湖北,30.59,114.3,NASA POWER API
1601,1601,2024-05-20,25.54,1.08,77.73,1.52,100.71,10.52,华中_湖北,30.59,114.3,NASA POWER API
1602,1602,2024-05-21,25.23,12.18,80.63,1.65,100.84,10.53,华中_湖北,30.59,114.3,NASA POWER API
1603,1603,2024-05-22,25.11,3.87,81.24,1.66,100.73,14.21,华中_湖北,30.59,114.3,NASA POWER API
1604,1604,2024-05-23,26.22,0.69,78.7,1.72,100.46,23.03,华中_湖北,30.59,114.3,NASA POWER API
1605,1605,2024-05-24,28.11,0.01,71.96,1.56,100.46,24.52,华中_湖北,30.59,114.3,NASA POWER API
1606,1606,2024-05-25,28.95,0.16,76.35,2.6,100.31,24.94,华中_湖北,30.59,114.3,NASA POWER API
1607,1607,2024-05-26,28.7,44.1,81.47,2.73,99.96,16.52,华中_湖北,30.59,114.3,NASA POWER API
1608,1608,2024-05-27,23.56,15.83,79.53,4.2,100.14,16.05,华中_湖北,30.59,114.3,NASA POWER API
1609,1609,2024-05-28,22.35,0.0,68.79,2.7,100.51,26.91,华中_湖北,30.59,114.3,NASA POWER API
1610,1610,2024-05-29,23.94,14.4,77.37,3.0,100.37,23.7,华中_湖北,30.59,114.3,NASA POWER API
1611,1611,2024-05-30,21.06,37.37,86.99,2.77,100.5,5.55,华中_湖北,30.59,114.3,NASA POWER API
1612,1612,2024-05-31,22.62,4.7,84.67,1.68,100.77,12.59,华中_湖北,30.59,114.3,NASA POWER API
1613,1613,2024-06-01,23.54,0.43,77.84,2.26,100.92,16.06,华中_湖北,30.59,114.3,NASA POWER API
1614,1614,2024-06-02,24.05,0.23,78.68,2.44,100.7,13.97,华中_湖北,30.59,114.3,NASA POWER API
1615,1615,2024-06-03,23.52,1.0,71.54,2.23,100.74,24.26,华中_湖北,30.59,114.3,NASA POWER API
1616,1616,2024-06-04,23.55,1.89,81.35,1.79,100.87,8.69,华中_湖北,30.59,114.3,NASA POWER API
1617,1617,2024-06-05,22.2,2.25,79.83,2.47,100.93,6.8,华中_湖北,30.59,114.3,NASA POWER API
1618,1618,2024-06-06,23.06,0.03,72.33,1.31,100.93,19.48,华中_湖北,30.59,114.3,NASA POWER API
1619,1619,2024-06-07,24.75,0.0,71.59,1.26,100.56,19.87,华中_湖北,30.59,114.3,NASA POWER API
1620,1620,2024-06-08,26.43,1.35,68.76,0.92,100.47,17.26,华中_湖北,30.59,114.3,NASA POWER API
1621,1621,2024-06-09,25.5,0.87,77.75,1.14,100.49,11.76,华中_湖北,30.59,114.3,NASA POWER API
1622,1622,2024-06-10,26.01,4.3,80.87,1.0,100.34,10.6,华中_湖北,30.59,114.3,NASA POWER API
1623,1623,2024-06-11,27.11,0.39,79.04,1.42,100.11,17.39,华中_湖北,30.59,114.3,NASA POWER API
1624,1624,2024-06-12,28.26,0.03,73.71,1.53,99.93,25.96,华中_湖北,30.59,114.3,NASA POWER API
1625,1625,2024-06-13,27.87,0.04,85.64,2.43,99.79,23.16,华中_湖北,30.59,114.3,NASA POWER API
1626,1626,2024-06-14,29.16,0.34,82.24,1.86,99.67,21.95,华中_湖北,30.59,114.3,NASA POWER API
1627,1627,2024-06-15,29.7,0.29,76.57,1.79,99.93,24.41,华中_湖北,30.59,114.3,NASA POWER API
1628,1628,2024-06-16,28.4,1.19,81.28,2.53,100.1,17.99,华中_湖北,30.59,114.3,NASA POWER API
1629,1629,2024-06-17,27.61,1.05,71.52,2.28,100.22,19.03,华中_湖北,30.59,114.3,NASA POWER API
1630,1630,2024-06-18,26.77,9.09,84.55,3.27,100.07,15.45,华中_湖北,30.59,114.3,NASA POWER API
1631,1631,2024-06-19,26.8,4.64,89.63,3.32,99.76,8.06,华中_湖北,30.59,114.3,NASA POWER API
1632,1632,2024-06-20,28.42,17.42,85.23,2.06,99.73,8.7,华中_湖北,30.59,114.3,NASA POWER API
1633,1633,2024-06-21,29.07,18.01,86.21,4.19,99.62,14.99,华中_湖北,30.59,114.3,NASA POWER API
1634,1634,2024-06-22,27.75,54.12,82.02,2.66,99.74,9.59,华中_湖北,30.59,114.3,NASA POWER API
1635,1635,2024-06-23,26.94,17.38,84.4,1.65,99.97,12.71,华中_湖北,30.59,114.3,NASA POWER API
1636,1636,2024-06-24,26.83,16.06,82.58,1.98,100.31,7.69,华中_湖北,30.59,114.3,NASA POWER API
1637,1637,2024-06-25,23.72,5.29,82.83,1.77,100.73,11.87,华中_湖北,30.59,114.3,NASA POWER API
1638,1638,2024-06-26,23.72,1.85,86.54,1.16,100.85,13.23,华中_湖北,30.59,114.3,NASA POWER API
1639,1639,2024-06-27,23.5,27.45,90.77,1.87,100.68,8.22,华中_湖北,30.59,114.3,NASA POWER API
1640,1640,2024-06-28,25.42,94.61,93.75,4.32,100.03,2.63,华中_湖北,30.59,114.3,NASA POWER API
1641,1641,2024-06-29,26.19,75.62,92.13,3.48,99.68,3.32,华中_湖北,30.59,114.3,NASA POWER API
1642,1642,2024-06-30,27.68,4.74,88.68,2.21,99.68,19.68,华中_湖北,30.59,114.3,NASA POWER API
1643,1643,2024-07-01,27.04,88.92,90.68,3.88,99.45,9.01,华中_湖北,30.59,114.3,NASA POWER API
1644,1644,2024-07-02,26.11,14.69,81.86,2.89,99.87,18.18,华中_湖北,30.59,114.3,NASA POWER API
1645,1645,2024-07-03,27.57,3.4,83.7,2.92,100.43,16.47,华中_湖北,30.59,114.3,NASA POWER API
1646,1646,2024-07-04,28.55,2.03,88.43,4.32,100.29,14.61,华中_湖北,30.59,114.3,NASA POWER API
1647,1647,2024-07-05,29.7,0.23,84.86,4.88,99.97,25.59,华中_湖北,30.59,114.3,NASA POWER API
1648,1648,2024-07-06,29.97,0.0,81.98,5.11,99.91,25.24,华中_湖北,30.59,114.3,NASA POWER API
1649,1649,2024-07-07,30.39,0.0,81.7,5.08,99.95,26.19,华中_湖北,30.59,114.3,NASA POWER API
1650,1650,2024-07-08,30.42,0.01,80.98,4.95,99.82,23.53,华中_湖北,30.59,114.3,NASA POWER API
1651,1651,2024-07-09,29.44,9.31,86.05,3.61,99.92,9.94,华中_湖北,30.59,114.3,NASA POWER API
1652,1652,2024-07-10,29.21,10.49,87.38,1.72,100.07,14.62,华中_湖北,30.59,114.3,NASA POWER API
1653,1653,2024-07-11,28.87,7.34,87.53,2.14,99.85,12.85,华中_湖北,30.59,114.3,NASA POWER API
1654,1654,2024-07-12,29.89,12.77,83.92,2.46,99.62,15.49,华中_湖北,30.59,114.3,NASA POWER API
1655,1655,2024-07-13,29.98,28.67,82.56,2.37,99.72,5.1,华中_湖北,30.59,114.3,NASA POWER API
1656,1656,2024-07-14,28.87,41.77,88.55,2.37,100.16,7.26,华中_湖北,30.59,114.3,NASA POWER API
1657,1657,2024-07-15,29.2,0.86,88.96,2.97,100.32,8.46,华中_湖北,30.59,114.3,NASA POWER API
1658,1658,2024-07-16,29.81,0.16,85.95,3.29,100.2,14.42,华中_湖北,30.59,114.3,NASA POWER API
1659,1659,2024-07-17,29.64,0.03,85.88,4.33,100.11,19.37,华中_湖北,30.59,114.3,NASA POWER API
1660,1660,2024-07-18,29.3,0.01,85.39,4.5,100.07,17.55,华中_湖北,30.59,114.3,NASA POWER API
1661,1661,2024-07-19,28.94,0.0,84.83,4.05,100.03,18.4,华中_湖北,30.59,114.3,NASA POWER API
1662,1662,2024-07-20,28.53,0.0,86.53,4.27,100.06,13.04,华中_湖北,30.59,114.3,NASA POWER API
1663,1663,2024-07-21,30.22,0.0,81.95,3.8,100.06,27.08,华中_湖北,30.59,114.3,NASA POWER API
1664,1664,2024-07-22,30.97,0.0,81.24,3.61,99.88,27.4,华中_湖北,30.59,114.3,NASA POWER API
1665,1665,2024-07-23,32.09,0.17,75.23,2.65,99.57,26.13,华中_湖北,30.59,114.3,NASA POWER API
1666,1666,2024-07-24,32.45,0.0,76.26,1.25,99.35,25.38,华中_湖北,30.59,114.3,NASA POWER API
1667,1667,2024-07-25,32.22,0.0,78.98,2.77,99.01,24.63,华中_湖北,30.59,114.3,NASA POWER API
1668,1668,2024-07-26,30.69,3.72,83.01,4.59,99.05,22.07,华中_湖北,30.59,114.3,NASA POWER API
1669,1669,2024-07-27,30.06,13.3,85.28,3.64,99.29,10.68,华中_湖北,30.59,114.3,NASA POWER API
1670,1670,2024-07-28,28.7,12.26,87.24,3.46,99.77,14.79,华中_湖北,30.59,114.3,NASA POWER API
1671,1671,2024-07-29,29.92,0.13,82.25,4.01,100.11,24.16,华中_湖北,30.59,114.3,NASA POWER API
1672,1672,2024-07-30,30.48,0.01,79.55,2.68,100.07,25.83,华中_湖北,30.59,114.3,NASA POWER API
1673,1673,2024-07-31,30.43,0.33,81.13,2.82,99.95,22.89,华中_湖北,30.59,114.3,NASA POWER API
1674,1674,2024-08-01,29.5,0.19,83.13,3.9,99.91,21.18,华中_湖北,30.59,114.3,NASA POWER API
1675,1675,2024-08-02,30.11,0.02,82.54,3.48,99.95,18.72,华中_湖北,30.59,114.3,NASA POWER API
1676,1676,2024-08-03,30.78,0.0,79.68,3.17,100.17,22.06,华中_湖北,30.59,114.3,NASA POWER API
1677,1677,2024-08-04,30.79,0.0,79.2,3.06,100.18,25.83,华中_湖北,30.59,114.3,NASA POWER API
1678,1678,2024-08-05,30.74,0.0,80.51,2.49,100.07,25.93,华中_湖北,30.59,114.3,NASA POWER API
1679,1679,2024-08-06,30.94,0.76,77.7,1.6,100.02,23.07,华中_湖北,30.59,114.3,NASA POWER API
1680,1680,2024-08-07,30.91,0.45,80.01,1.8,100.01,24.03,华中_湖北,30.59,114.3,NASA POWER API
1681,1681,2024-08-08,31.47,0.0,80.19,2.35,99.92,24.02,华中_湖北,30.59,114.3,NASA POWER API
1682,1682,2024-08-09,31.66,0.0,76.48,2.72,99.73,23.12,华中_湖北,30.59,114.3,NASA POWER API
1683,1683,2024-08-10,31.02,0.01,83.14,2.14,99.63,20.4,华中_湖北,30.59,114.3,NASA POWER API
1684,1684,2024-08-11,30.99,0.29,69.76,2.22,99.67,23.03,华中_湖北,30.59,114.3,NASA POWER API
1685,1685,2024-08-12,30.44,0.25,70.56,1.75,99.86,24.29,华中_湖北,30.59,114.3,NASA POWER API
1686,1686,2024-08-13,31.07,2.11,71.16,1.26,100.13,18.01,华中_湖北,30.59,114.3,NASA POWER API
1687,1687,2024-08-14,29.84,3.83,76.48,2.36,100.29,20.57,华中_湖北,30.59,114.3,NASA POWER API
1688,1688,2024-08-15,29.5,5.86,78.07,2.52,100.25,20.93,华中_湖北,30.59,114.3,NASA POWER API
1689,1689,2024-08-16,30.07,1.38,75.42,2.46,100.25,22.29,华中_湖北,30.59,114.3,NASA POWER API
1690,1690,2024-08-17,30.27,0.03,75.57,1.87,100.35,19.54,华中_湖北,30.59,114.3,NASA POWER API
1691,1691,2024-08-18,30.05,10.09,77.57,0.73,100.24,15.15,华中_湖北,30.59,114.3,NASA POWER API
1692,1692,2024-08-19,29.82,12.51,75.69,1.04,100.02,13.45,华中_湖北,30.59,114.3,NASA POWER API
1693,1693,2024-08-20,30.09,0.55,75.39,1.75,100.11,24.02,华中_湖北,30.59,114.3,NASA POWER API
1694,1694,2024-08-21,30.91,0.05,69.07,1.22,100.17,23.76,华中_湖北,30.59,114.3,NASA POWER API
1695,1695,2024-08-22,31.2,0.0,75.21,2.55,100.2,23.23,华中_湖北,30.59,114.3,NASA POWER API
1696,1696,2024-08-23,32.0,0.0,74.64,2.24,100.32,22.37,华中_湖北,30.59,114.3,NASA POWER API
1697,1697,2024-08-24,32.44,0.96,72.98,0.92,100.37,19.64,华中_湖北,30.59,114.3,NASA POWER API
1698,1698,2024-08-25,32.95,0.18,67.62,1.01,100.28,22.94,华中_湖北,30.59,114.3,NASA POWER API
1699,1699,2024-08-26,32.18,1.88,70.78,2.08,100.04,20.49,华中_湖北,30.59,114.3,NASA POWER API
1700,1700,2024-08-27,28.21,10.8,76.52,4.16,100.22,14.68,华中_湖北,30.59,114.3,NASA POWER API
1701,1701,2024-08-28,25.87,10.8,80.5,3.9,100.27,7.24,华中_湖北,30.59,114.3,NASA POWER API
1702,1702,2024-08-29,27.79,0.22,77.91,1.7,100.33,14.65,华中_湖北,30.59,114.3,NASA POWER API
1703,1703,2024-08-30,30.76,0.01,68.85,0.95,100.37,20.81,华中_湖北,30.59,114.3,NASA POWER API
1704,1704,2024-08-31,31.98,0.0,67.74,1.4,100.44,21.72,华中_湖北,30.59,114.3,NASA POWER API
1705,1705,2024-09-01,33.09,0.0,66.18,1.83,100.28,22.43,华中_湖北,30.59,114.3,NASA POWER API
1706,1706,2024-09-02,33.43,0.16,68.06,1.52,100.38,16.78,华中_湖北,30.59,114.3,NASA POWER API
1707,1707,2024-09-03,31.44,0.04,73.42,2.66,100.45,20.85,华中_湖北,30.59,114.3,NASA POWER API
1708,1708,2024-09-04,30.81,0.25,70.03,2.41,100.15,22.53,华中_湖北,30.59,114.3,NASA POWER API
1709,1709,2024-09-05,32.32,0.03,66.76,3.59,100.19,20.51,华中_湖北,30.59,114.3,NASA POWER API
1710,1710,2024-09-06,30.77,0.0,70.74,3.67,100.52,18.97,华中_湖北,30.59,114.3,NASA POWER API
1711,1711,2024-09-07,30.29,0.01,72.94,2.6,100.7,20.1,华中_湖北,30.59,114.3,NASA POWER API
1712,1712,2024-09-08,31.23,0.0,69.68,2.36,100.6,20.04,华中_湖北,30.59,114.3,NASA POWER API
1713,1713,2024-09-09,31.85,0.0,67.8,2.39,100.44,21.41,华中_湖北,30.59,114.3,NASA POWER API
1714,1714,2024-09-10,32.01,0.0,66.82,2.33,100.48,19.65,华中_湖北,30.59,114.3,NASA POWER API
1715,1715,2024-09-11,28.82,1.91,71.97,4.81,100.74,13.56,华中_湖北,30.59,114.3,NASA POWER API
1716,1716,2024-09-12,26.86,4.34,80.3,3.76,100.53,4.66,华中_湖北,30.59,114.3,NASA POWER API
1717,1717,2024-09-13,27.65,0.09,71.57,1.31,100.42,7.33,华中_湖北,30.59,114.3,NASA POWER API
1718,1718,2024-09-14,29.1,0.0,66.21,1.32,100.19,15.0,华中_湖北,30.59,114.3,NASA POWER API
1719,1719,2024-09-15,28.6,0.02,73.4,3.69,100.33,16.01,华中_湖北,30.59,114.3,NASA POWER API
1720,1720,2024-09-16,28.62,0.01,66.47,4.05,100.62,19.61,华中_湖北,30.59,114.3,NASA POWER API
1721,1721,2024-09-17,28.78,0.12,69.89,3.19,100.57,15.09,华中_湖北,30.59,114.3,NASA POWER API
1722,1722,2024-09-18,30.45,0.0,68.72,1.74,100.41,18.05,华中_湖北,30.59,114.3,NASA POWER API
1723,1723,2024-09-19,30.19,0.19,70.78,2.35,100.31,15.81,华中_湖北,30.59,114.3,NASA POWER API
1724,1724,2024-09-20,30.69,0.37,69.13,3.61,100.28,16.15,华中_湖北,30.59,114.3,NASA POWER API
1725,1725,2024-09-21,25.02,0.07,63.78,6.98,100.94,16.23,华中_湖北,30.59,114.3,NASA POWER API
1726,1726,2024-09-22,22.22,0.0,50.69,5.14,101.4,21.54,华中_湖北,30.59,114.3,NASA POWER API
1727,1727,2024-09-23,22.31,0.0,55.81,2.13,101.32,21.58,华中_湖北,30.59,114.3,NASA POWER API
1728,1728,2024-09-24,23.77,0.0,57.81,1.33,101.01,21.77,华中_湖北,30.59,114.3,NASA POWER API
1729,1729,2024-09-25,25.18,0.0,60.56,1.41,100.9,18.81,华中_湖北,30.59,114.3,NASA POWER API
1730,1730,2024-09-26,26.35,0.0,65.57,1.56,100.86,15.34,华中_湖北,30.59,114.3,NASA POWER API
1731,1731,2024-09-27,26.64,0.0,65.62,1.74,100.78,18.67,华中_湖北,30.59,114.3,NASA POWER API
1732,1732,2024-09-28,27.81,0.0,73.21,3.46,100.77,19.4,华中_湖北,30.59,114.3,NASA POWER API
1733,1733,2024-09-29,27.78,0.0,68.66,3.08,100.76,20.6,华中_湖北,30.59,114.3,NASA POWER API
1734,1734,2024-09-30,24.16,0.5,74.38,5.41,101.0,16.1,华中_湖北,30.59,114.3,NASA POWER API
1735,1735,2024-10-01,20.58,0.05,50.61,6.49,101.58,11.16,华中_湖北,30.59,114.3,NASA POWER API
1736,1736,2024-10-02,19.85,0.08,43.8,4.13,101.82,20.91,华中_湖北,30.59,114.3,NASA POWER API
1737,1737,2024-10-03,18.87,0.0,48.1,2.81,101.87,19.96,华中_湖北,30.59,114.3,NASA POWER API
1738,1738,2024-10-04,19.65,0.0,54.31,2.21,101.75,18.3,华中_湖北,30.59,114.3,NASA POWER API
1739,1739,2024-10-05,21.7,0.0,55.81,1.82,101.57,14.5,华中_湖北,30.59,114.3,NASA POWER API
1740,1740,2024-10-06,21.27,0.23,62.3,3.54,101.69,10.29,华中_湖北,30.59,114.3,NASA POWER API
1741,1741,2024-10-07,17.89,1.42,76.48,3.13,101.91,4.59,华中_湖北,30.59,114.3,NASA POWER API
1742,1742,2024-10-08,19.81,0.02,67.59,1.62,101.76,16.0,华中_湖北,30.59,114.3,NASA POWER API
1743,1743,2024-10-09,21.98,0.0,62.91,1.41,101.36,16.18,华中_湖北,30.59,114.3,NASA POWER API
1744,1744,2024-10-10,22.94,0.0,59.9,1.4,101.25,10.95,华中_湖北,30.59,114.3,NASA POWER API
1745,1745,2024-10-11,23.33,0.0,58.46,1.53,101.32,16.53,华中_湖北,30.59,114.3,NASA POWER API
1746,1746,2024-10-12,23.48,0.1,57.51,2.25,101.44,13.43,华中_湖北,30.59,114.3,NASA POWER API
1747,1747,2024-10-13,21.75,3.27,66.97,1.82,101.4,4.85,华中_湖北,30.59,114.3,NASA POWER API
1748,1748,2024-10-14,20.82,2.41,78.88,1.13,101.28,8.61,华中_湖北,30.59,114.3,NASA POWER API
1749,1749,2024-10-15,21.32,0.92,77.85,1.11,101.38,9.91,华中_湖北,30.59,114.3,NASA POWER API
1750,1750,2024-10-16,22.69,2.83,83.47,2.3,101.46,11.15,华中_湖北,30.59,114.3,NASA POWER API
1751,1751,2024-10-17,22.75,8.07,85.04,3.26,101.08,6.69,华中_湖北,30.59,114.3,NASA POWER API
1752,1752,2024-10-18,23.86,13.95,74.95,3.76,101.04,14.8,华中_湖北,30.59,114.3,NASA POWER API
1753,1753,2024-10-19,19.41,0.5,66.28,5.35,102.02,4.38,华中_湖北,30.59,114.3,NASA POWER API
1754,1754,2024-10-20,16.45,3.34,66.44,2.64,102.2,6.99,华中_湖北,30.59,114.3,NASA POWER API
1755,1755,2024-10-21,17.4,9.75,76.93,1.94,101.75,4.76,华中_湖北,30.59,114.3,NASA POWER API
1756,1756,2024-10-22,16.31,8.78,74.8,4.46,102.06,10.02,华中_湖北,30.59,114.3,NASA POWER API
1757,1757,2024-10-23,16.63,0.0,57.16,1.48,101.99,18.24,华中_湖北,30.59,114.3,NASA POWER API
1758,1758,2024-10-24,17.65,0.0,57.35,1.88,101.57,17.77,华中_湖北,30.59,114.3,NASA POWER API
1759,1759,2024-10-25,17.55,0.0,67.62,2.49,101.52,17.79,华中_湖北,30.59,114.3,NASA POWER API
1760,1760,2024-10-26,18.8,0.94,76.13,3.3,101.44,8.74,华中_湖北,30.59,114.3,NASA POWER API
1761,1761,2024-10-27,19.04,1.46,69.96,3.81,101.49,8.12,华中_湖北,30.59,114.3,NASA POWER API
1762,1762,2024-10-28,18.22,0.04,72.59,1.83,101.44,13.01,华中_湖北,30.59,114.3,NASA POWER API
1763,1763,2024-10-29,18.74,0.02,71.58,1.28,101.44,14.14,华中_湖北,30.59,114.3,NASA POWER API
1764,1764,2024-10-30,17.6,0.0,66.74,2.36,101.57,16.84,华中_湖北,30.59,114.3,NASA POWER API
1765,1765,2024-10-31,17.55,0.03,67.58,2.71,101.42,16.55,华中_湖北,30.59,114.3,NASA POWER API
1766,1766,2024-11-01,17.01,1.74,67.38,5.19,101.57,14.77,华中_湖北,30.59,114.3,NASA POWER API
1767,1767,2024-11-02,18.02,0.11,66.33,1.8,101.92,13.16,华中_湖北,30.59,114.3,NASA POWER API
1768,1768,2024-11-03,19.54,0.03,61.65,0.73,101.84,13.85,华中_湖北,30.59,114.3,NASA POWER API
1769,1769,2024-11-04,18.96,0.01,67.09,3.63,102.01,9.52,华中_湖北,30.59,114.3,NASA POWER API
1770,1770,2024-11-05,17.32,0.0,68.76,2.4,102.26,14.21,华中_湖北,30.59,114.3,NASA POWER API
1771,1771,2024-11-06,16.6,0.0,67.49,2.35,102.34,15.12,华中_湖北,30.59,114.3,NASA POWER API
1772,1772,2024-11-07,15.65,0.0,64.7,2.85,102.25,15.16,华中_湖北,30.59,114.3,NASA POWER API
1773,1773,2024-11-08,16.3,0.04,69.7,2.61,101.94,10.58,华中_湖北,30.59,114.3,NASA POWER API
1774,1774,2024-11-09,17.2,0.39,70.81,2.41,101.79,7.41,华中_湖北,30.59,114.3,NASA POWER API
1775,1775,2024-11-10,18.57,0.02,72.6,0.99,101.74,14.22,华中_湖北,30.59,114.3,NASA POWER API
1776,1776,2024-11-11,19.36,0.01,71.97,1.43,101.68,14.39,华中_湖北,30.59,114.3,NASA POWER API
1777,1777,2024-11-12,19.38,0.0,73.05,1.67,101.46,13.16,华中_湖北,30.59,114.3,NASA POWER API
1778,1778,2024-11-13,20.02,0.32,74.55,2.73,101.19,10.44,华中_湖北,30.59,114.3,NASA POWER API
1779,1779,2024-11-14,20.9,0.4,79.74,1.84,101.08,10.21,华中_湖北,30.59,114.3,NASA POWER API
1780,1780,2024-11-15,21.32,1.5,80.55,1.77,101.07,7.54,华中_湖北,30.59,114.3,NASA POWER API
1781,1781,2024-11-16,19.52,3.53,79.85,4.51,101.46,4.14,华中_湖北,30.59,114.3,NASA POWER API
1782,1782,2024-11-17,13.93,4.79,66.67,6.43,102.3,2.17,华中_湖北,30.59,114.3,NASA POWER API
1783,1783,2024-11-18,12.99,1.19,71.77,4.2,102.67,2.39,华中_湖北,30.59,114.3,NASA POWER API
1784,1784,2024-11-19,12.37,1.28,80.15,2.27,102.54,3.37,华中_湖北,30.59,114.3,NASA POWER API
1785,1785,2024-11-20,11.51,0.94,81.73,2.64,102.35,4.13,华中_湖北,30.59,114.3,NASA POWER API
1786,1786,2024-11-21,12.39,0.04,73.85,1.11,102.21,11.97,华中_湖北,30.59,114.3,NASA POWER API
1787,1787,2024-11-22,13.06,0.0,68.36,1.71,102.21,5.89,华中_湖北,30.59,114.3,NASA POWER API
1788,1788,2024-11-23,12.45,0.0,73.02,2.56,102.26,9.73,华中_湖北,30.59,114.3,NASA POWER API
1789,1789,2024-11-24,12.5,2.34,79.39,2.15,102.06,3.23,华中_湖北,30.59,114.3,NASA POWER API
1790,1790,2024-11-25,10.89,6.64,75.39,4.47,102.21,3.88,华中_湖北,30.59,114.3,NASA POWER API
1791,1791,2024-11-26,7.64,0.0,53.35,2.27,102.55,10.63,华中_湖北,30.59,114.3,NASA POWER API
1792,1792,2024-11-27,8.72,0.0,50.91,3.39,102.41,14.99,华中_湖北,30.59,114.3,NASA POWER API
1793,1793,2024-11-28,8.45,0.0,48.87,3.33,102.37,15.0,华中_湖北,30.59,114.3,NASA POWER API
1794,1794,2024-11-29,9.31,0.0,55.56,2.22,102.05,14.44,华中_湖北,30.59,114.3,NASA POWER API
1795,1795,2024-11-30,11.07,0.0,57.77,1.75,101.48,12.24,华中_湖北,30.59,114.3,NASA POWER API
1796,1796,2024-12-01,13.22,0.07,63.97,1.76,101.16,12.98,华中_湖北,30.59,114.3,NASA POWER API
1797,1797,2024-12-02,14.22,0.04,64.46,2.06,101.45,12.57,华中_湖北,30.59,114.3,NASA POWER API
1798,1798,2024-12-03,10.37,0.0,74.17,2.93,101.84,7.82,华中_湖北,30.59,114.3,NASA POWER API
1799,1799,2024-12-04,9.85,4.48,84.08,3.41,102.01,4.05,华中_湖北,30.59,114.3,NASA POWER API
1800,1800,2024-12-05,9.8,1.92,71.76,2.62,102.04,9.74,华中_湖北,30.59,114.3,NASA POWER API
1801,1801,2024-12-06,9.62,1.07,63.22,1.82,102.07,11.48,华中_湖北,30.59,114.3,NASA POWER API
1802,1802,2024-12-07,9.2,0.09,60.59,4.22,102.52,7.36,华中_湖北,30.59,114.3,NASA POWER API
1803,1803,2024-12-08,6.47,0.0,54.74,3.42,102.77,10.74,华中_湖北,30.59,114.3,NASA POWER API
1804,1804,2024-12-09,7.23,0.02,58.75,1.44,102.21,3.31,华中_湖北,30.59,114.3,NASA POWER API
1805,1805,2024-12-10,7.12,2.77,72.58,2.35,102.03,1.84,华中_湖北,30.59,114.3,NASA POWER API
1806,1806,2024-12-11,5.78,0.31,74.28,4.03,102.44,5.15,华中_湖北,30.59,114.3,NASA POWER API
1807,1807,2024-12-12,5.72,0.02,64.53,2.46,102.5,4.58,华中_湖北,30.59,114.3,NASA POWER API
1808,1808,2024-12-13,5.1,0.0,54.6,4.52,102.82,10.83,华中_湖北,30.59,114.3,NASA POWER API
1809,1809,2024-12-14,3.3,0.0,52.29,2.72,103.22,12.65,华中_湖北,30.59,114.3,NASA POWER API
1810,1810,2024-12-15,4.72,0.0,49.12,1.75,102.76,12.5,华中_湖北,30.59,114.3,NASA POWER API
1811,1811,2024-12-16,6.53,0.0,53.79,1.77,102.28,13.28,华中_湖北,30.59,114.3,NASA POWER API
1812,1812,2024-12-17,7.23,0.0,55.28,1.75,102.33,8.34,华中_湖北,30.59,114.3,NASA POWER API
1813,1813,2024-12-18,4.0,0.0,57.48,4.5,102.91,10.14,华中_湖北,30.59,114.3,NASA POWER API
1814,1814,2024-12-19,2.89,0.0,57.92,1.49,102.84,9.13,华中_湖北,30.59,114.3,NASA POWER API
1815,1815,2024-12-20,4.62,0.0,57.55,1.22,102.3,9.73,华中_湖北,30.59,114.3,NASA POWER API
1816,1816,2024-12-21,3.91,0.0,57.34,4.02,102.73,9.71,华中_湖北,30.59,114.3,NASA POWER API
1817,1817,2024-12-22,2.01,0.0,57.55,2.34,102.86,5.43,华中_湖北,30.59,114.3,NASA POWER API
1818,1818,2024-12-23,3.04,0.0,69.12,1.29,102.67,5.0,华中_湖北,30.59,114.3,NASA POWER API
1819,1819,2024-12-24,3.89,0.0,80.49,0.89,102.63,11.27,华中_湖北,30.59,114.3,NASA POWER API
1820,1820,2024-12-25,6.42,0.0,65.38,1.01,102.48,2.85,华中_湖北,30.59,114.3,NASA POWER API
1821,1821,2024-12-26,7.19,0.0,57.96,1.85,102.67,2.27,华中_湖北,30.59,114.3,NASA POWER API
1822,1822,2024-12-27,6.24,0.0,61.11,3.1,102.98,5.62,华中_湖北,30.59,114.3,NASA POWER API
1823,1823,2024-12-28,3.53,0.0,46.54,2.06,103.08,14.22,华中_湖北,30.59,114.3,NASA POWER API
1824,1824,2024-12-29,4.95,0.0,44.02,1.39,102.33,13.54,华中_湖北,30.59,114.3,NASA POWER API
1825,1825,2024-12-30,6.8,0.0,50.35,2.05,102.1,5.71,华中_湖北,30.59,114.3,NASA POWER API
1826,1826,2024-12-31,6.47,0.0,49.62,1.71,102.23,12.75,华中_湖北,30.59,114.3,NASA POWER API
1827,1827,2025-01-01,8.32,0.0,50.02,1.57,101.78,11.76,华中_湖北,30.59,114.3,NASA POWER API
1828,1828,2025-01-02,6.45,0.0,59.06,3.51,102.21,9.58,华中_湖北,30.59,114.3,NASA POWER API
1829,1829,2025-01-03,5.45,0.0,72.33,1.84,102.39,8.91,华中_湖北,30.59,114.3,NASA POWER API
1830,1830,2025-01-04,6.02,2.02,80.34,2.52,102.3,3.33,华中_湖北,30.59,114.3,NASA POWER API
1831,1831,2025-01-05,5.69,0.21,77.37,2.54,102.12,8.72,华中_湖北,30.59,114.3,NASA POWER API
1832,1832,2025-01-06,6.85,0.0,56.91,3.06,102.23,10.61,华中_湖北,30.59,114.3,NASA POWER API
1833,1833,2025-01-07,6.39,0.0,47.21,1.92,102.31,6.56,华中_湖北,30.59,114.3,NASA POWER API
1834,1834,2025-01-08,6.44,0.0,44.5,2.9,102.35,8.21,华中_湖北,30.59,114.3,NASA POWER API
1835,1835,2025-01-09,2.46,0.0,50.73,3.83,103.03,6.61,华中_湖北,30.59,114.3,NASA POWER API
1836,1836,2025-01-10,2.29,0.0,48.5,2.33,103.45,12.65,华中_湖北,30.59,114.3,NASA POWER API
1837,1837,2025-01-11,4.77,0.0,46.19,2.14,103.06,12.93,华中_湖北,30.59,114.3,NASA POWER API
1838,1838,2025-01-12,4.78,0.0,59.24,2.23,102.52,13.43,华中_湖北,30.59,114.3,NASA POWER API
1839,1839,2025-01-13,8.83,0.0,55.57,2.01,102.12,12.11,华中_湖北,30.59,114.3,NASA POWER API
1840,1840,2025-01-14,8.18,0.01,60.91,3.76,102.41,2.61,华中_湖北,30.59,114.3,NASA POWER API
1841,1841,2025-01-15,3.8,0.0,43.86,3.63,103.27,14.41,华中_湖北,30.59,114.3,NASA POWER API
1842,1842,2025-01-16,5.45,0.0,42.33,1.79,102.79,14.62,华中_湖北,30.59,114.3,NASA POWER API
1843,1843,2025-01-17,5.26,0.0,46.54,1.72,102.36,13.51,华中_湖北,30.59,114.3,NASA POWER API
1844,1844,2025-01-18,7.57,0.0,58.73,1.75,101.91,9.06,华中_湖北,30.59,114.3,NASA POWER API
1845,1845,2025-01-19,8.65,0.0,56.67,1.78,101.63,13.32,华中_湖北,30.59,114.3,NASA POWER API
1846,1846,2025-01-20,9.7,0.0,51.5,1.48,101.59,13.36,华中_湖北,30.59,114.3,NASA POWER API
1847,1847,2025-01-21,9.38,0.0,59.94,2.48,101.51,11.24,华中_湖北,30.59,114.3,NASA POWER API
1848,1848,2025-01-22,10.96,0.0,59.34,2.19,101.56,7.17,华中_湖北,30.59,114.3,NASA POWER API
1849,1849,2025-01-23,10.87,0.02,66.81,2.27,101.62,4.08,华中_湖北,30.59,114.3,NASA POWER API
1850,1850,2025-01-24,10.62,5.87,82.08,2.94,101.49,2.16,华中_湖北,30.59,114.3,NASA POWER API
1851,1851,2025-01-25,7.0,25.42,87.18,5.58,101.98,2.08,华中_湖北,30.59,114.3,NASA POWER API
1852,1852,2025-01-26,4.02,2.06,66.49,5.64,102.86,8.21,华中_湖北,30.59,114.3,NASA POWER API
1853,1853,2025-01-27,2.19,0.0,54.45,2.44,102.66,15.73,华中_湖北,30.59,114.3,NASA POWER API
1854,1854,2025-01-28,3.5,0.01,48.69,1.88,102.7,15.73,华中_湖北,30.59,114.3,NASA POWER API
1855,1855,2025-01-29,6.83,0.0,58.53,2.81,102.23,15.09,华中_湖北,30.59,114.3,NASA POWER API
1856,1856,2025-01-30,10.14,0.02,60.72,2.43,101.59,14.08,华中_湖北,30.59,114.3,NASA POWER API
1857,1857,2025-01-31,7.75,9.99,85.26,3.93,101.58,2.64,华中_湖北,30.59,114.3,NASA POWER API
1858,1858,2025-02-01,5.68,4.33,80.19,4.19,101.9,2.9,华中_湖北,30.59,114.3,NASA POWER API
1859,1859,2025-02-02,5.82,1.23,82.29,3.27,102.0,5.25,华中_湖北,30.59,114.3,NASA POWER API
1860,1860,2025-02-03,6.39,0.06,70.93,3.54,102.56,11.64,华中_湖北,30.59,114.3,NASA POWER API
1861,1861,2025-02-04,7.63,0.0,55.59,1.21,102.34,15.68,华中_湖北,30.59,114.3,NASA POWER API
1862,1862,2025-02-05,7.21,0.0,51.11,3.25,102.12,9.37,华中_湖北,30.59,114.3,NASA POWER API
1863,1863,2025-02-06,6.36,0.0,49.96,1.83,102.19,5.81,华中_湖北,30.59,114.3,NASA POWER API
1864,1864,2025-02-07,1.63,0.0,40.4,6.51,103.17,16.06,华中_湖北,30.59,114.3,NASA POWER API
1865,1865,2025-02-08,-0.3,0.0,39.7,3.77,103.34,15.8,华中_湖北,30.59,114.3,NASA POWER API
1866,1866,2025-02-09,2.71,0.0,47.76,1.84,102.68,16.85,华中_湖北,30.59,114.3,NASA POWER API
1867,1867,2025-02-10,6.69,0.0,57.03,2.26,102.05,11.03,华中_湖北,30.59,114.3,NASA POWER API
1868,1868,2025-02-11,7.68,0.8,80.84,2.17,101.57,2.56,华中_湖北,30.59,114.3,NASA POWER API
1869,1869,2025-02-12,7.22,0.43,70.62,4.51,102.37,4.89,华中_湖北,30.59,114.3,NASA POWER API
1870,1870,2025-02-13,7.06,0.38,44.58,1.51,102.36,10.56,华中_湖北,30.59,114.3,NASA POWER API
1871,1871,2025-02-14,7.34,0.94,64.11,1.04,101.8,3.99,华中_湖北,30.59,114.3,NASA POWER API
1872,1872,2025-02-15,7.99,3.34,74.79,1.77,101.62,13.29,华中_湖北,30.59,114.3,NASA POWER API
1873,1873,2025-02-16,8.73,0.03,64.86,2.03,102.05,15.49,华中_湖北,30.59,114.3,NASA POWER API
1874,1874,2025-02-17,8.83,1.82,66.93,2.57,102.37,3.99,华中_湖北,30.59,114.3,NASA POWER API
1875,1875,2025-02-18,9.6,0.02,68.07,1.2,102.35,16.07,华中_湖北,30.59,114.3,NASA POWER API
1876,1876,2025-02-19,10.21,0.7,69.96,1.8,102.23,7.28,华中_湖北,30.59,114.3,NASA POWER API
1877,1877,2025-02-20,9.43,3.5,78.75,2.83,102.4,4.85,华中_湖北,30.59,114.3,NASA POWER API
1878,1878,2025-02-21,8.77,0.89,74.59,1.92,102.66,7.94,华中_湖北,30.59,114.3,NASA POWER API
1879,1879,2025-02-22,8.15,8.63,76.61,3.31,102.79,3.4,华中_湖北,30.59,114.3,NASA POWER API
1880,1880,2025-02-23,6.11,0.02,73.75,4.32,103.32,12.78,华中_湖北,30.59,114.3,NASA POWER API
1881,1881,2025-02-24,6.49,0.02,57.58,2.2,103.14,14.43,华中_湖北,30.59,114.3,NASA POWER API
1882,1882,2025-02-25,6.89,0.21,77.87,1.85,102.63,9.69,华中_湖北,30.59,114.3,NASA POWER API
1883,1883,2025-02-26,9.0,0.15,76.86,2.05,102.13,13.86,华中_湖北,30.59,114.3,NASA POWER API
1884,1884,2025-02-27,12.6,0.06,79.19,2.73,101.27,18.1,华中_湖北,30.59,114.3,NASA POWER API
1885,1885,2025-02-28,16.82,0.04,82.44,2.15,101.0,5.68,华中_湖北,30.59,114.3,NASA POWER API
1886,1886,2025-03-01,19.6,0.03,80.61,2.78,100.57,9.78,华中_湖北,30.59,114.3,NASA POWER API
1887,1887,2025-03-02,18.39,3.47,75.8,6.29,100.39,5.14,华中_湖北,30.59,114.3,NASA POWER API
1888,1888,2025-03-03,4.26,28.7,84.65,6.7,101.49,3.36,华中_湖北,30.59,114.3,NASA POWER API
1889,1889,2025-03-04,4.01,0.42,79.9,4.23,101.9,5.5,华中_湖北,30.59,114.3,NASA POWER API
1890,1890,2025-03-05,6.26,2.12,74.44,3.76,102.15,8.05,华中_湖北,30.59,114.3,NASA POWER API
1891,1891,2025-03-06,8.24,0.09,69.7,3.79,102.7,15.49,华中_湖北,30.59,114.3,NASA POWER API
1892,1892,2025-03-07,8.76,0.03,63.48,1.85,102.32,15.51,华中_湖北,30.59,114.3,NASA POWER API
1893,1893,2025-03-08,10.21,0.01,66.93,1.65,102.1,15.55,华中_湖北,30.59,114.3,NASA POWER API
1894,1894,2025-03-09,11.83,0.87,74.67,1.96,102.09,3.45,华中_湖北,30.59,114.3,NASA POWER API
1895,1895,2025-03-10,12.53,0.1,82.81,1.96,101.76,12.38,华中_湖北,30.59,114.3,NASA POWER API
1896,1896,2025-03-11,14.26,5.68,87.03,1.67,101.29,6.31,华中_湖北,30.59,114.3,NASA POWER API
1897,1897,2025-03-12,15.07,7.19,87.17,3.2,101.15,2.66,华中_湖北,30.59,114.3,NASA POWER API
1898,1898,2025-03-13,13.67,5.2,85.45,2.31,101.39,3.51,华中_湖北,30.59,114.3,NASA POWER API
1899,1899,2025-03-14,11.29,13.52,86.42,3.68,101.52,3.44,华中_湖北,30.59,114.3,NASA POWER API
1900,1900,2025-03-15,9.85,0.9,76.53,5.27,102.17,6.12,华中_湖北,30.59,114.3,NASA POWER API
1901,1901,2025-03-16,7.93,0.0,62.63,4.21,102.57,18.61,华中_湖北,30.59,114.3,NASA POWER API
1902,1902,2025-03-17,9.56,0.0,52.21,1.84,102.22,21.33,华中_湖北,30.59,114.3,NASA POWER API
1903,1903,2025-03-18,11.3,0.0,58.95,3.41,102.29,21.36,华中_湖北,30.59,114.3,NASA POWER API
1904,1904,2025-03-19,12.98,0.0,53.41,1.97,102.4,21.86,华中_湖北,30.59,114.3,NASA POWER API
1905,1905,2025-03-20,14.97,0.0,53.1,2.48,102.15,23.02,华中_湖北,30.59,114.3,NASA POWER API
1906,1906,2025-03-21,16.73,0.0,55.72,2.25,101.87,22.87,华中_湖北,30.59,114.3,NASA POWER API
1907,1907,2025-03-22,19.05,0.0,55.05,2.04,101.55,21.39,华中_湖北,30.59,114.3,NASA POWER API
1908,1908,2025-03-23,17.91,0.3,69.76,2.74,101.16,5.05,华中_湖北,30.59,114.3,NASA POWER API
1909,1909,2025-03-24,19.17,0.04,66.12,3.73,100.72,21.85,华中_湖北,30.59,114.3,NASA POWER API
1910,1910,2025-03-25,21.59,0.0,57.41,3.43,100.02,24.16,华中_湖北,30.59,114.3,NASA POWER API
1911,1911,2025-03-26,25.63,0.54,68.62,4.67,99.36,20.84,华中_湖北,30.59,114.3,NASA POWER API
1912,1912,2025-03-27,18.14,2.06,58.2,7.76,100.32,5.49,华中_湖北,30.59,114.3,NASA POWER API
1913,1913,2025-03-28,9.88,6.04,58.54,4.51,102.15,3.07,华中_湖北,30.59,114.3,NASA POWER API
1914,1914,2025-03-29,9.97,2.04,49.94,1.33,102.49,7.89,华中_湖北,30.59,114.3,NASA POWER API
1915,1915,2025-03-30,9.52,0.04,63.59,1.51,102.52,15.88,华中_湖北,30.59,114.3,NASA POWER API
1916,1916,2025-03-31,12.2,0.0,63.69,1.4,102.1,13.77,华中_湖北,30.59,114.3,NASA POWER API
1917,1917,2025-04-01,14.8,0.0,61.21,1.35,101.77,21.47,华中_湖北,30.59,114.3,NASA POWER API
1918,1918,2025-04-02,17.04,0.0,56.75,1.83,101.71,19.75,华中_湖北,30.59,114.3,NASA POWER API
1919,1919,2025-04-03,18.67,0.0,55.42,2.33,101.51,19.11,华中_湖北,30.59,114.3,NASA POWER API
1920,1920,2025-04-04,18.3,0.0,70.07,2.7,101.19,5.71,华中_湖北,30.59,114.3,NASA POWER API
1921,1921,2025-04-05,18.8,0.0,59.81,1.92,101.32,20.24,华中_湖北,30.59,114.3,NASA POWER API
1922,1922,2025-04-06,19.82,0.0,48.46,1.84,101.23,24.51,华中_湖北,30.59,114.3,NASA POWER API
1923,1923,2025-04-07,20.75,0.0,60.4,2.83,101.06,13.99,华中_湖北,30.59,114.3,NASA POWER API
1924,1924,2025-04-08,22.41,0.0,72.4,1.96,101.0,22.14,华中_湖北,30.59,114.3,NASA POWER API
1925,1925,2025-04-09,23.51,0.0,72.57,1.78,100.67,20.8,华中_湖北,30.59,114.3,NASA POWER API
1926,1926,2025-04-10,23.31,0.02,66.82,1.65,100.37,20.17,华中_湖北,30.59,114.3,NASA POWER API
1927,1927,2025-04-11,23.55,56.28,73.82,4.7,99.84,5.31,华中_湖北,30.59,114.3,NASA POWER API
1928,1928,2025-04-12,15.59,1.06,41.89,8.24,101.21,16.01,华中_湖北,30.59,114.3,NASA POWER API
1929,1929,2025-04-13,16.68,1.41,46.37,4.43,100.97,26.12,华中_湖北,30.59,114.3,NASA POWER API
1930,1930,2025-04-14,18.53,0.0,51.53,4.13,100.8,27.35,华中_湖北,30.59,114.3,NASA POWER API
1931,1931,2025-04-15,21.65,0.0,48.95,2.3,100.85,25.05,华中_湖北,30.59,114.3,NASA POWER API
1932,1932,2025-04-16,22.44,0.01,61.45,3.98,100.27,14.1,华中_湖北,30.59,114.3,NASA POWER API
1933,1933,2025-04-17,22.29,0.01,72.21,3.64,100.15,16.61,华中_湖北,30.59,114.3,NASA POWER API
1934,1934,2025-04-18,24.99,0.48,67.86,2.87,100.14,24.59,华中_湖北,30.59,114.3,NASA POWER API
1935,1935,2025-04-19,23.4,3.67,80.47,2.53,100.32,12.32,华中_湖北,30.59,114.3,NASA POWER API
1936,1936,2025-04-20,23.96,0.07,77.66,3.1,100.55,18.31,华中_湖北,30.59,114.3,NASA POWER API
1937,1937,2025-04-21,24.9,21.83,87.46,3.36,100.15,5.52,华中_湖北,30.59,114.3,NASA POWER API
1938,1938,2025-04-22,21.86,9.57,74.51,4.98,100.71,8.08,华中_湖北,30.59,114.3,NASA POWER API
1939,1939,2025-04-23,21.35,0.06,59.48,1.78,100.81,17.21,华中_湖北,30.59,114.3,NASA POWER API
1940,1940,2025-04-24,21.21,0.45,71.03,1.95,100.86,6.66,华中_湖北,30.59,114.3,NASA POWER API
1941,1941,2025-04-25,21.2,0.08,72.37,2.16,101.25,21.6,华中_湖北,30.59,114.3,NASA POWER API
1942,1942,2025-04-26,21.74,0.0,69.87,3.45,101.14,23.47,华中_湖北,30.59,114.3,NASA POWER API
1943,1943,2025-04-27,22.08,1.02,73.92,1.71,100.93,12.59,华中_湖北,30.59,114.3,NASA POWER API
1944,1944,2025-04-28,22.55,0.08,57.07,3.38,101.2,25.29,华中_湖北,30.59,114.3,NASA POWER API
1945,1945,2025-04-29,23.02,1.03,61.05,2.21,100.95,22.56,华中_湖北,30.59,114.3,NASA POWER API
1946,1946,2025-04-30,22.76,0.59,76.52,3.72,100.66,15.29,华中_湖北,30.59,114.3,NASA POWER API
1947,1947,2025-05-01,24.86,0.29,59.92,2.7,100.82,25.87,华中_湖北,30.59,114.3,NASA POWER API
1948,1948,2025-05-02,25.74,0.0,55.5,4.31,100.46,24.74,华中_湖北,30.59,114.3,NASA POWER API
1949,1949,2025-05-03,24.6,0.0,58.67,4.69,100.58,20.28,华中_湖北,30.59,114.3,NASA POWER API
1950,1950,2025-05-04,23.21,15.58,70.82,3.01,100.43,15.35,华中_湖北,30.59,114.3,NASA POWER API
1951,1951,2025-05-05,22.9,27.79,72.39,3.4,100.35,19.23,华中_湖北,30.59,114.3,NASA POWER API
1952,1952,2025-05-06,21.5,1.39,60.66,2.56,100.71,19.26,华中_湖北,30.59,114.3,NASA POWER API
1953,1953,2025-05-07,23.23,0.07,60.46,2.52,100.47,22.48,华中_湖北,30.59,114.3,NASA POWER API
1954,1954,2025-05-08,22.06,77.45,89.31,5.75,99.78,3.02,华中_湖北,30.59,114.3,NASA POWER API
1955,1955,2025-05-09,21.83,0.32,70.08,3.24,100.56,21.31,华中_湖北,30.59,114.3,NASA POWER API
1956,1956,2025-05-10,17.9,0.0,60.02,3.48,101.26,9.82,华中_湖北,30.59,114.3,NASA POWER API
1957,1957,2025-05-11,19.67,0.0,62.75,3.52,100.85,27.83,华中_湖北,30.59,114.3,NASA POWER API
1958,1958,2025-05-12,21.72,0.04,58.7,3.84,100.52,28.44,华中_湖北,30.59,114.3,NASA POWER API
1959,1959,2025-05-13,24.14,0.0,63.83,3.64,100.41,24.69,华中_湖北,30.59,114.3,NASA POWER API
1960,1960,2025-05-14,25.29,7.34,72.13,2.76,100.6,15.13,华中_湖北,30.59,114.3,NASA POWER API
1961,1961,2025-05-15,23.09,24.22,90.35,2.87,100.72,3.55,华中_湖北,30.59,114.3,NASA POWER API
1962,1962,2025-05-16,24.27,0.16,77.95,1.09,100.59,19.41,华中_湖北,30.59,114.3,NASA POWER API
1963,1963,2025-05-17,25.88,0.01,73.17,2.88,100.58,17.21,华中_湖北,30.59,114.3,NASA POWER API
1964,1964,2025-05-18,25.26,0.0,64.04,2.62,100.58,14.21,华中_湖北,30.59,114.3,NASA POWER API
1965,1965,2025-05-19,27.21,0.01,75.67,2.79,100.2,23.74,华中_湖北,30.59,114.3,NASA POWER API
1966,1966,2025-05-20,28.06,2.35,79.86,3.7,99.92,18.92,华中_湖北,30.59,114.3,NASA POWER API
1967,1967,2025-05-21,29.18,4.49,79.75,2.73,100.01,22.24,华中_湖北,30.59,114.3,NASA POWER API
1968,1968,2025-05-22,27.64,74.54,88.34,2.48,99.96,1.79,华中_湖北,30.59,114.3,NASA POWER API
1969,1969,2025-05-23,20.87,6.35,75.48,6.4,100.58,12.43,华中_湖北,30.59,114.3,NASA POWER API
1970,1970,2025-05-24,20.82,0.07,72.66,3.15,101.28,22.4,华中_湖北,30.59,114.3,NASA POWER API
1971,1971,2025-05-25,21.51,0.0,65.65,1.22,101.34,19.66,华中_湖北,30.59,114.3,NASA POWER API
1972,1972,2025-05-26,23.06,0.0,69.34,1.4,101.21,18.67,华中_湖北,30.59,114.3,NASA POWER API
1973,1973,2025-05-27,24.23,0.35,74.04,2.05,101.08,18.5,华中_湖北,30.59,114.3,NASA POWER API
1974,1974,2025-05-28,22.71,8.5,81.77,1.88,100.92,11.15,华中_湖北,30.59,114.3,NASA POWER API
1975,1975,2025-05-29,23.16,0.11,73.04,1.95,100.92,26.53,华中_湖北,30.59,114.3,NASA POWER API
1976,1976,2025-05-30,24.33,0.15,75.02,3.34,100.62,23.78,华中_湖北,30.59,114.3,NASA POWER API
1977,1977,2025-05-31,23.82,40.87,90.76,2.45,100.0,3.6,华中_湖北,30.59,114.3,NASA POWER API
1978,1978,2025-06-01,22.19,30.1,92.25,4.38,99.8,3.77,华中_湖北,30.59,114.3,NASA POWER API
1979,1979,2025-06-02,22.31,5.4,77.47,3.93,100.12,11.33,华中_湖北,30.59,114.3,NASA POWER API
1980,1980,2025-06-03,23.86,0.0,68.39,1.09,100.36,17.71,华中_湖北,30.59,114.3,NASA POWER API
1981,1981,2025-06-04,25.56,0.0,69.76,1.44,100.56,18.45,华中_湖北,30.59,114.3,NASA POWER API
1982,1982,2025-06-05,26.97,0.01,73.81,2.25,100.37,24.92,华中_湖北,30.59,114.3,NASA POWER API
1983,1983,2025-06-06,29.05,3.62,75.53,2.85,100.03,19.55,华中_湖北,30.59,114.3,NASA POWER API
1984,1984,2025-06-07,28.87,62.03,86.88,3.35,99.9,5.05,华中_湖北,30.59,114.3,NASA POWER API
1985,1985,2025-06-08,25.42,52.86,88.76,4.08,99.95,4.53,华中_湖北,30.59,114.3,NASA POWER API
1986,1986,2025-06-09,26.24,3.25,81.1,1.1,100.17,5.53,华中_湖北,30.59,114.3,NASA POWER API
1987,1987,2025-06-10,26.46,4.63,82.48,2.43,100.35,8.01,华中_湖北,30.59,114.3,NASA POWER API
1988,1988,2025-06-11,24.92,1.75,80.88,2.54,100.6,13.75,华中_湖北,30.59,114.3,NASA POWER API
1989,1989,2025-06-12,25.77,0.16,83.88,1.86,100.54,15.8,华中_湖北,30.59,114.3,NASA POWER API
1990,1990,2025-06-13,27.49,0.0,81.52,1.69,100.21,23.63,华中_湖北,30.59,114.3,NASA POWER API
1991,1991,2025-06-14,29.27,5.81,80.61,2.49,99.82,25.32,华中_湖北,30.59,114.3,NASA POWER API
1992,1992,2025-06-15,27.07,9.05,69.9,2.92,99.82,19.31,华中_湖北,30.59,114.3,NASA POWER API
1993,1993,2025-06-16,27.29,2.86,78.05,4.37,99.92,26.67,华中_湖北,30.59,114.3,NASA POWER API
1994,1994,2025-06-17,29.23,0.0,81.13,3.67,100.06,25.27,华中_湖北,30.59,114.3,NASA POWER API
1995,1995,2025-06-18,27.85,8.37,86.23,3.91,100.09,15.47,华中_湖北,30.59,114.3,NASA POWER API
1996,1996,2025-06-19,27.55,34.33,85.19,6.01,99.93,5.85,华中_湖北,30.59,114.3,NASA POWER API
1997,1997,2025-06-20,26.71,73.32,90.17,5.26,99.95,3.9,华中_湖北,30.59,114.3,NASA POWER API
1998,1998,2025-06-21,24.36,85.84,92.36,3.05,100.17,3.91,华中_湖北,30.59,114.3,NASA POWER API
1999,1999,2025-06-22,24.3,4.84,87.28,1.8,100.25,9.64,华中_湖北,30.59,114.3,NASA POWER API
2000,2000,2025-06-23,24.97,15.05,81.41,1.09,100.19,6.22,华中_湖北,30.59,114.3,NASA POWER API
2001,2001,2025-06-24,25.67,0.33,77.93,1.03,100.41,17.15,华中_湖北,30.59,114.3,NASA POWER API
2002,2002,2025-06-25,26.88,6.08,84.55,2.03,100.42,12.09,华中_湖北,30.59,114.3,NASA POWER API
2003,2003,2025-06-26,28.11,4.53,84.68,2.68,100.3,11.53,华中_湖北,30.59,114.3,NASA POWER API
2004,2004,2025-06-27,27.25,41.92,88.94,1.66,100.26,6.87,华中_湖北,30.59,114.3,NASA POWER API
2005,2005,2025-06-28,27.72,13.79,90.25,3.41,100.0,19.95,华中_湖北,30.59,114.3,NASA POWER API
2006,2006,2025-06-29,26.83,21.59,89.64,3.24,99.92,8.59,华中_湖北,30.59,114.3,NASA POWER API
2007,2007,2025-06-30,28.69,0.27,82.06,3.17,100.12,24.97,华中_湖北,30.59,114.3,NASA POWER API
2008,2008,2025-07-01,29.52,0.0,82.93,2.96,100.31,26.13,华中_湖北,30.59,114.3,NASA POWER API
2009,2009,2025-07-02,30.11,0.0,81.67,2.67,100.41,26.48,华中_湖北,30.59,114.3,NASA POWER API
2010,2010,2025-07-03,29.89,0.0,81.03,2.84,100.27,28.17,华中_湖北,30.59,114.3,NASA POWER API
2011,2011,2025-07-04,31.42,0.0,77.48,2.38,100.03,27.7,华中_湖北,30.59,114.3,NASA POWER API
2012,2012,2025-07-05,32.19,0.0,75.06,1.5,99.93,26.58,华中_湖北,30.59,114.3,NASA POWER API
2013,2013,2025-07-06,32.34,2.75,72.18,1.61,99.91,25.86,华中_湖北,30.59,114.3,NASA POWER API
2014,2014,2025-07-07,32.78,1.32,64.62,0.76,99.75,25.34,华中_湖北,30.59,114.3,NASA POWER API
2015,2015,2025-07-08,32.42,5.86,71.85,1.6,99.74,24.21,华中_湖北,30.59,114.3,NASA POWER API
2016,2016,2025-07-09,30.19,1.15,81.61,3.37,99.79,22.85,华中_湖北,30.59,114.3,NASA POWER API
2017,2017,2025-07-10,29.58,0.04,79.89,3.62,99.89,24.97,华中_湖北,30.59,114.3,NASA POWER API
2018,2018,2025-07-11,29.22,1.04,82.2,3.56,100.06,21.52,华中_湖北,30.59,114.3,NASA POWER API
2019,2019,2025-07-12,28.12,3.87,84.42,2.24,100.26,18.55,华中_湖北,30.59,114.3,NASA POWER API
2020,2020,2025-07-13,30.13,0.88,75.42,1.35,100.17,23.44,华中_湖北,30.59,114.3,NASA POWER API
2021,2021,2025-07-14,31.0,0.07,74.81,1.41,99.9,22.67,华中_湖北,30.59,114.3,NASA POWER API
2022,2022,2025-07-15,30.97,0.0,77.63,2.97,99.54,23.85,华中_湖北,30.59,114.3,NASA POWER API
2023,2023,2025-07-16,30.63,2.76,84.05,3.83,99.48,23.25,华中_湖北,30.59,114.3,NASA POWER API
2024,2024,2025-07-17,31.1,5.45,77.49,1.8,99.74,16.86,华中_湖北,30.59,114.3,NASA POWER API
2025,2025,2025-07-18,30.55,9.06,79.81,2.89,99.83,23.57,华中_湖北,30.59,114.3,NASA POWER API
2026,2026,2025-07-19,29.61,0.05,79.09,2.36,99.75,24.78,华中_湖北,30.59,114.3,NASA POWER API
2027,2027,2025-07-20,30.37,0.35,81.4,3.05,99.79,22.34,华中_湖北,30.59,114.3,NASA POWER API
2028,2028,2025-07-21,30.61,5.29,82.01,3.66,99.88,22.46,华中_湖北,30.59,114.3,NASA POWER API
2029,2029,2025-07-22,28.81,6.13,84.6,4.12,100.06,12.52,华中_湖北,30.59,114.3,NASA POWER API
2030,2030,2025-07-23,28.64,5.18,84.49,2.22,100.19,21.68,华中_湖北,30.59,114.3,NASA POWER API
2031,2031,2025-07-24,30.2,0.91,78.41,1.78,100.06,25.44,华中_湖北,30.59,114.3,NASA POWER API
2032,2032,2025-07-25,30.32,0.01,80.54,2.08,99.87,25.03,华中_湖北,30.59,114.3,NASA POWER API
2033,2033,2025-07-26,30.33,0.42,78.12,2.07,99.74,21.37,华中_湖北,30.59,114.3,NASA POWER API
2034,2034,2025-07-27,30.66,0.3,79.23,2.57,99.67,20.67,华中_湖北,30.59,114.3,NASA POWER API
2035,2035,2025-07-28,30.42,0.13,76.67,2.04,99.52,20.86,华中_湖北,30.59,114.3,NASA POWER API
2036,2036,2025-07-29,30.99,1.66,76.86,1.61,99.29,22.17,华中_湖北,30.59,114.3,NASA POWER API
2037,2037,2025-07-30,30.08,1.27,75.72,2.53,99.33,24.26,华中_湖北,30.59,114.3,NASA POWER API
2038,2038,2025-07-31,29.48,0.53,69.3,2.63,99.46,20.39,华中_湖北,30.59,114.3,NASA POWER API
2039,2039,2025-08-01,30.49,1.36,73.89,2.19,99.44,15.56,华中_湖北,30.59,114.3,NASA POWER API
2040,2040,2025-08-02,31.18,0.48,75.41,1.59,99.55,22.16,华中_湖北,30.59,114.3,NASA POWER API
2041,2041,2025-08-03,32.21,0.0,72.05,1.47,99.52,23.15,华中_湖北,30.59,114.3,NASA POWER API
2042,2042,2025-08-04,32.64,6.27,75.31,1.84,99.66,22.67,华中_湖北,30.59,114.3,NASA POWER API
2043,2043,2025-08-05,32.75,7.81,76.78,1.94,99.74,22.66,华中_湖北,30.59,114.3,NASA POWER API
2044,2044,2025-08-06,31.74,2.57,79.81,2.0,99.85,16.9,华中_湖北,30.59,114.3,NASA POWER API
2045,2045,2025-08-07,30.81,0.56,77.03,2.69,100.03,12.93,华中_湖北,30.59,114.3,NASA POWER API
2046,2046,2025-08-08,30.66,0.01,75.54,3.21,100.01,17.57,华中_湖北,30.59,114.3,NASA POWER API
2047,2047,2025-08-09,31.25,0.62,75.14,4.1,99.86,19.15,华中_湖北,30.59,114.3,NASA POWER API
2048,2048,2025-08-10,29.78,21.69,83.77,2.83,99.97,11.88,华中_湖北,30.59,114.3,NASA POWER API
2049,2049,2025-08-11,27.84,44.66,83.94,1.89,100.09,5.82,华中_湖北,30.59,114.3,NASA POWER API
2050,2050,2025-08-12,28.66,2.11,79.74,0.89,100.24,10.01,华中_湖北,30.59,114.3,NASA POWER API
2051,2051,2025-08-13,29.28,6.25,79.61,1.48,100.46,13.43,华中_湖北,30.59,114.3,NASA POWER API
2052,2052,2025-08-14,30.23,0.34,78.89,2.99,100.42,22.99,华中_湖北,30.59,114.3,NASA POWER API
2053,2053,2025-08-15,30.74,0.05,74.24,2.48,100.58,23.11,华中_湖北,30.59,114.3,NASA POWER API
2054,2054,2025-08-16,31.74,0.0,68.07,1.58,100.53,25.07,华中_湖北,30.59,114.3,NASA POWER API
2055,2055,2025-08-17,32.31,0.0,68.86,1.73,100.56,25.45,华中_湖北,30.59,114.3,NASA POWER API
2056,2056,2025-08-18,32.37,0.0,67.11,2.21,100.58,23.68,华中_湖北,30.59,114.3,NASA POWER API
2057,2057,2025-08-19,31.48,0.0,69.86,3.33,100.4,23.33,华中_湖北,30.59,114.3,NASA POWER API
2058,2058,2025-08-20,31.22,0.07,70.47,3.44,100.23,21.66,华中_湖北,30.59,114.3,NASA POWER API
2059,2059,2025-08-21,30.69,2.32,71.1,3.5,100.34,22.59,华中_湖北,30.59,114.3,NASA POWER API
2060,2060,2025-08-22,30.04,4.35,74.29,3.34,100.31,21.98,华中_湖北,30.59,114.3,NASA POWER API
2061,2061,2025-08-23,30.43,1.04,70.86,3.46,100.38,22.7,华中_湖北,30.59,114.3,NASA POWER API
2062,2062,2025-08-24,31.82,0.0,68.02,2.73,100.53,22.6,华中_湖北,30.59,114.3,NASA POWER API
2063,2063,2025-08-25,32.06,1.25,66.95,1.96,100.54,20.87,华中_湖北,30.59,114.3,NASA POWER API
2064,2064,2025-08-26,31.15,0.4,70.04,1.62,100.58,18.65,华中_湖北,30.59,114.3,NASA POWER API
2065,2065,2025-08-27,31.78,0.23,67.44,2.32,100.38,23.96,华中_湖北,30.59,114.3,NASA POWER API
2066,2066,2025-08-28,32.46,0.57,63.78,2.08,100.42,23.59,华中_湖北,30.59,114.3,NASA POWER API
2067,2067,2025-08-29,32.2,5.85,65.17,0.91,100.68,16.49,华中_湖北,30.59,114.3,NASA POWER API
2068,2068,2025-08-30,31.18,11.97,69.74,1.55,100.71,17.49,华中_湖北,30.59,114.3,NASA POWER API
2069,2069,2025-08-31,28.85,14.24,80.82,1.55,100.46,14.4,华中_湖北,30.59,114.3,NASA POWER API
2070,2070,2025-09-01,28.26,40.33,78.99,2.01,100.33,18.14,华中_湖北,30.59,114.3,NASA POWER API
2071,2071,2025-09-02,29.37,0.01,68.63,1.33,100.38,22.31,华中_湖北,30.59,114.3,NASA POWER API
2072,2072,2025-09-03,30.76,0.01,70.76,1.47,100.31,19.79,华中_湖北,30.59,114.3,NASA POWER API
2073,2073,2025-09-04,30.29,2.24,77.77,1.64,100.3,16.97,华中_湖北,30.59,114.3,NASA POWER API
2074,2074,2025-09-05,31.41,3.32,74.01,1.62,100.34,19.39,华中_湖北,30.59,114.3,NASA POWER API
2075,2075,2025-09-06,29.1,10.13,84.21,2.19,100.56,12.12,华中_湖北,30.59,114.3,NASA POWER API
2076,2076,2025-09-07,28.55,0.85,76.55,1.46,100.54,17.64,华中_湖北,30.59,114.3,NASA POWER API
2077,2077,2025-09-08,29.28,3.27,79.14,2.01,100.45,16.46,华中_湖北,30.59,114.3,NASA POWER API
2078,2078,2025-09-09,27.26,6.57,82.99,1.47,100.62,8.46,华中_湖北,30.59,114.3,NASA POWER API
2079,2079,2025-09-10,27.24,25.7,87.68,1.84,100.6,7.72,华中_湖北,30.59,114.3,NASA POWER API
2080,2080,2025-09-11,28.64,11.19,83.47,1.91,100.5,17.02,华中_湖北,30.59,114.3,NASA POWER API
2081,2081,2025-09-12,27.84,8.63,85.9,2.25,100.51,9.55,华中_湖北,30.59,114.3,NASA POWER API
2082,2082,2025-09-13,25.77,10.11,84.89,1.51,100.69,9.06,华中_湖北,30.59,114.3,NASA POWER API
2083,2083,2025-09-14,26.56,19.89,89.07,1.17,100.67,4.16,华中_湖北,30.59,114.3,NASA POWER API
2084,2084,2025-09-15,28.4,2.81,84.48,2.1,100.69,18.89,华中_湖北,30.59,114.3,NASA POWER API
2085,2085,2025-09-16,30.02,0.23,76.99,2.33,100.63,21.74,华中_湖北,30.59,114.3,NASA POWER API
2086,2086,2025-09-17,27.7,1.21,82.59,3.05,100.77,19.44,华中_湖北,30.59,114.3,NASA POWER API
2087,2087,2025-09-18,24.86,1.16,84.74,2.99,101.01,8.62,华中_湖北,30.59,114.3,NASA POWER API
2088,2088,2025-09-19,23.55,0.17,83.53,3.51,100.96,4.65,华中_湖北,30.59,114.3,NASA POWER API
2089,2089,2025-09-20,21.4,0.08,78.87,3.54,101.08,10.32,华中_湖北,30.59,114.3,NASA POWER API
2090,2090,2025-09-21,23.35,0.23,79.99,2.25,101.07,7.5,华中_湖北,30.59,114.3,NASA POWER API
2091,2091,2025-09-22,24.52,0.19,82.6,2.11,101.05,9.69,华中_湖北,30.59,114.3,NASA POWER API
2092,2092,2025-09-23,23.44,4.03,84.82,4.0,100.91,12.77,华中_湖北,30.59,114.3,NASA POWER API
2093,2093,2025-09-24,21.25,20.33,86.34,5.1,100.86,5.33,华中_湖北,30.59,114.3,NASA POWER API
2094,2094,2025-09-25,21.7,6.97,91.94,3.2,101.17,6.9,华中_湖北,30.59,114.3,NASA POWER API
2095,2095,2025-09-26,25.14,0.74,86.15,1.67,101.4,10.12,华中_湖北,30.59,114.3,NASA POWER API
2096,2096,2025-09-27,25.96,0.05,84.9,0.94,101.25,10.11,华中_湖北,30.59,114.3,NASA POWER API
2097,2097,2025-09-28,27.15,0.14,80.72,1.06,101.02,12.15,华中_湖北,30.59,114.3,NASA POWER API
2098,2098,2025-09-29,25.03,0.85,85.74,2.22,101.13,9.4,华中_湖北,30.59,114.3,NASA POWER API
2099,2099,2025-09-30,23.75,2.13,85.43,1.25,101.08,9.04,华中_湖北,30.59,114.3,NASA POWER API
2100,2100,2025-10-01,25.39,1.27,84.93,1.96,100.86,12.16,华中_湖北,30.59,114.3,NASA POWER API
2101,2101,2025-10-02,27.27,0.84,84.12,2.88,100.64,10.86,华中_湖北,30.59,114.3,NASA POWER API
2102,2102,2025-10-03,24.09,0.69,85.5,2.71,100.96,10.43,华中_湖北,30.59,114.3,NASA POWER API
2103,2103,2025-10-04,25.22,0.02,81.94,1.39,101.04,8.71,华中_湖北,30.59,114.3,NASA POWER API
2104,2104,2025-10-05,27.82,0.83,80.48,1.99,100.85,17.83,华中_湖北,30.59,114.3,NASA POWER API
2105,2105,2025-10-06,28.99,0.19,77.1,1.54,100.94,18.49,华中_湖北,30.59,114.3,NASA POWER API
2106,2106,2025-10-07,27.56,0.06,79.5,2.11,101.23,18.22,华中_湖北,30.59,114.3,NASA POWER API
2107,2107,2025-10-08,27.09,0.0,85.99,2.21,101.1,17.57,华中_湖北,30.59,114.3,NASA POWER API
2108,2108,2025-10-09,29.0,1.11,79.86,2.52,100.88,17.36,华中_湖北,30.59,114.3,NASA POWER API
2109,2109,2025-10-10,28.4,0.1,78.83,2.25,100.83,17.85,华中_湖北,30.59,114.3,NASA POWER API
2110,2110,2025-10-11,25.15,0.02,81.35,2.67,100.89,12.55,华中_湖北,30.59,114.3,NASA POWER API
2111,2111,2025-10-12,25.3,0.15,79.62,2.15,100.9,12.42,华中_湖北,30.59,114.3,NASA POWER API
2112,2112,2025-10-13,18.91,1.44,80.63,4.1,101.34,3.49,华中_湖北,30.59,114.3,NASA POWER API
2113,2113,2025-10-14,20.67,0.39,77.24,1.69,101.38,12.16,华中_湖北,30.59,114.3,NASA POWER API
2114,2114,2025-10-15,22.3,11.03,86.57,2.24,101.25,4.03,华中_湖北,30.59,114.3,NASA POWER API
2115,2115,2025-10-16,21.28,7.7,87.1,2.07,101.48,5.66,华中_湖北,30.59,114.3,NASA POWER API
2116,2116,2025-10-17,22.49,1.53,86.45,3.02,101.4,6.29,华中_湖北,30.59,114.3,NASA POWER API
2117,2117,2025-10-18,16.81,15.95,84.37,5.66,101.83,2.33,华中_湖北,30.59,114.3,NASA POWER API
2118,2118,2025-10-19,14.28,15.73,83.18,4.81,102.19,3.39,华中_湖北,30.59,114.3,NASA POWER API
2119,2119,2025-10-20,12.61,8.7,82.45,5.46,102.55,3.47,华中_湖北,30.59,114.3,NASA POWER API
2120,2120,2025-10-21,10.46,3.87,83.14,4.84,102.79,5.82,华中_湖北,30.59,114.3,NASA POWER API
2121,2121,2025-10-22,12.2,0.0,74.36,3.45,102.67,15.35,华中_湖北,30.59,114.3,NASA POWER API
2122,2122,2025-10-23,12.95,0.0,71.07,3.09,102.53,17.4,华中_湖北,30.59,114.3,NASA POWER API
2123,2123,2025-10-24,13.73,0.0,74.18,2.46,102.32,15.45,华中_湖北,30.59,114.3,NASA POWER API
2124,2124,2025-10-25,14.87,1.02,82.52,2.4,102.02,6.4,华中_湖北,30.59,114.3,NASA POWER API
2125,2125,2025-10-26,13.87,0.08,82.39,2.82,102.09,8.83,华中_湖北,30.59,114.3,NASA POWER API
2126,2126,2025-10-27,15.03,0.0,77.48,1.53,102.13,10.01,华中_湖北,30.59,114.3,NASA POWER API
2127,2127,2025-10-28,16.01,0.0,76.08,1.74,101.95,15.92,华中_湖北,30.59,114.3,NASA POWER API
2128,2128,2025-10-29,15.81,2.11,83.28,2.23,101.78,10.78,华中_湖北,30.59,114.3,NASA POWER API
2129,2129,2025-10-30,16.26,8.74,83.16,1.33,101.7,3.98,华中_湖北,30.59,114.3,NASA POWER API
2130,2130,2025-10-31,15.93,0.17,86.83,1.78,101.9,8.31,华中_湖北,30.59,114.3,NASA POWER API
2131,2131,2025-11-01,16.66,0.0,84.73,1.31,101.83,10.07,华中_湖北,30.59,114.3,NASA POWER API
2132,2132,2025-11-02,17.34,0.0,80.11,1.29,101.99,10.72,华中_湖北,30.59,114.3,NASA POWER API
2133,2133,2025-11-03,15.51,0.0,80.9,2.79,102.16,11.12,华中_湖北,30.59,114.3,NASA POWER API
2134,2134,2025-11-04,15.64,0.0,75.45,2.01,101.89,11.71,华中_湖北,30.59,114.3,NASA POWER API
2135,2135,2025-11-05,14.99,0.05,79.72,2.19,101.56,15.69,华中_湖北,30.59,114.3,NASA POWER API
2136,2136,2025-11-06,16.42,10.07,91.95,1.77,101.45,2.61,华中_湖北,30.59,114.3,NASA POWER API
2137,2137,2025-11-07,18.31,6.0,90.86,1.91,101.47,3.04,华中_湖北,30.59,114.3,NASA POWER API
2138,2138,2025-11-08,16.22,3.27,85.38,4.38,101.82,5.31,华中_湖北,30.59,114.3,NASA POWER API
2139,2139,2025-11-09,14.24,9.52,87.39,3.08,101.9,4.22,华中_湖北,30.59,114.3,NASA POWER API
2140,2140,2025-11-10,14.74,0.88,79.27,2.77,101.66,5.3,华中_湖北,30.59,114.3,NASA POWER API
2141,2141,2025-11-11,14.69,0.08,75.96,2.83,101.61,10.7,华中_湖北,30.59,114.3,NASA POWER API
2142,2142,2025-11-12,14.45,0.0,73.82,2.89,101.8,10.7,华中_湖北,30.59,114.3,NASA POWER API
2143,2143,2025-11-13,14.53,0.0,76.83,2.35,101.87,13.63,华中_湖北,30.59,114.3,NASA POWER API
2144,2144,2025-11-14,15.7,0.0,70.99,1.25,101.93,13.48,华中_湖北,30.59,114.3,NASA POWER API
2145,2145,2025-11-15,16.91,0.0,68.68,1.1,101.97,12.83,华中_湖北,30.59,114.3,NASA POWER API
2146,2146,2025-11-16,17.52,0.0,72.2,1.8,102.04,12.71,华中_湖北,30.59,114.3,NASA POWER API
2147,2147,2025-11-17,6.52,2.81,75.07,8.16,103.17,1.55,华中_湖北,30.59,114.3,NASA POWER API
2148,2148,2025-11-18,4.68,0.0,65.0,3.98,103.43,13.5,华中_湖北,30.59,114.3,NASA POWER API
2149,2149,2025-11-19,6.66,0.07,65.12,1.85,102.93,15.33,华中_湖北,30.59,114.3,NASA POWER API
2150,2150,2025-11-20,9.83,0.0,59.23,1.46,102.61,14.3,华中_湖北,30.59,114.3,NASA POWER API
2151,2151,2025-11-21,11.23,0.0,65.43,1.28,102.57,14.11,华中_湖北,30.59,114.3,NASA POWER API
2152,2152,2025-11-22,13.05,0.0,54.85,0.65,102.27,13.65,华中_湖北,30.59,114.3,NASA POWER API
2153,2153,2025-11-23,13.68,0.0,61.38,1.49,101.93,5.3,华中_湖北,30.59,114.3,NASA POWER API
2154,2154,2025-11-24,11.63,0.0,70.2,3.68,102.18,12.57,华中_湖北,30.59,114.3,NASA POWER API
2155,2155,2025-11-25,8.8,0.0,53.05,1.77,102.39,15.24,华中_湖北,30.59,114.3,NASA POWER API
2156,2156,2025-11-26,10.27,0.0,63.5,1.95,102.22,14.17,华中_湖北,30.59,114.3,NASA POWER API
2157,2157,2025-11-27,9.14,0.0,59.38,3.33,102.46,14.33,华中_湖北,30.59,114.3,NASA POWER API
2158,2158,2025-11-28,10.81,0.0,62.64,2.9,101.55,13.91,华中_湖北,30.59,114.3,NASA POWER API
2159,2159,2025-11-29,13.3,0.0,59.76,2.15,101.21,13.76,华中_湖北,30.59,114.3,NASA POWER API
2160,2160,2025-11-30,14.6,0.0,65.95,1.76,101.28,12.76,华中_湖北,30.59,114.3,NASA POWER API
2161,2161,2025-12-01,13.16,0.0,77.72,2.08,101.43,11.07,华中_湖北,30.59,114.3,NASA POWER API
2162,2162,2025-12-02,9.92,0.0,76.55,5.24,101.97,7.74,华中_湖北,30.59,114.3,NASA POWER API
2163,2163,2025-12-03,6.21,0.0,62.22,3.73,102.7,13.83,华中_湖北,30.59,114.3,NASA POWER API
2164,2164,2025-12-04,7.95,0.0,67.12,1.99,102.38,3.35,华中_湖北,30.59,114.3,NASA POWER API
2165,2165,2025-12-05,9.14,0.0,61.46,1.41,102.33,6.88,华中_湖北,30.59,114.3,NASA POWER API
2166,2166,2025-12-06,9.33,0.0,66.24,1.89,101.91,12.81,华中_湖北,30.59,114.3,NASA POWER API
2167,2167,2025-12-07,10.8,0.0,72.68,1.85,102.01,11.11,华中_湖北,30.59,114.3,NASA POWER API
2168,2168,2025-12-08,9.98,0.0,71.61,2.0,102.32,10.72,华中_湖北,30.59,114.3,NASA POWER API
2169,2169,2025-12-09,10.01,0.0,75.81,1.99,102.0,9.31,华中_湖北,30.59,114.3,NASA POWER API
2170,2170,2025-12-10,12.62,0.0,73.37,1.81,101.69,4.63,华中_湖北,30.59,114.3,NASA POWER API
2171,2171,2025-12-11,12.68,0.0,76.99,1.61,101.81,9.01,华中_湖北,30.59,114.3,NASA POWER API
2172,2172,2025-12-12,10.11,1.95,81.84,5.55,102.02,5.75,华中_湖北,30.59,114.3,NASA POWER API
2173,2173,2025-12-13,4.12,0.47,66.5,5.57,102.88,12.5,华中_湖北,30.59,114.3,NASA POWER API
2174,2174,2025-12-14,5.59,0.43,58.09,1.2,102.54,13.43,华中_湖北,30.59,114.3,NASA POWER API
2175,2175,2025-12-15,8.36,0.0,65.49,2.25,101.88,8.85,华中_湖北,30.59,114.3,NASA POWER API
2176,2176,2025-12-16,11.5,0.0,69.1,1.63,101.84,10.74,华中_湖北,30.59,114.3,NASA POWER API
2177,2177,2025-12-17,8.01,0.0,76.16,3.65,102.39,9.15,华中_湖北,30.59,114.3,NASA POWER API
2178,2178,2025-12-18,9.26,0.02,79.08,2.55,101.79,9.39,华中_湖北,30.59,114.3,NASA POWER API
2179,2179,2025-12-19,13.5,0.02,77.96,2.69,101.21,7.87,华中_湖北,30.59,114.3,NASA POWER API
2180,2180,2025-12-20,9.28,4.79,76.31,6.01,102.06,1.83,华中_湖北,30.59,114.3,NASA POWER API
2181,2181,2025-12-21,6.29,1.25,78.14,2.81,102.58,5.47,华中_湖北,30.59,114.3,NASA POWER API
2182,2182,2025-12-22,7.74,2.89,84.4,3.06,101.98,5.08,华中_湖北,30.59,114.3,NASA POWER API
2183,2183,2025-12-23,8.56,6.58,84.75,3.15,101.92,1.76,华中_湖北,30.59,114.3,NASA POWER API
2184,2184,2025-12-24,7.29,2.34,83.43,3.84,102.09,2.48,华中_湖北,30.59,114.3,NASA POWER API
2185,2185,2025-12-25,4.94,0.0,66.44,3.29,102.67,11.94,华中_湖北,30.59,114.3,NASA POWER API
2186,2186,2025-12-26,4.5,0.02,61.62,2.59,102.37,12.04,华中_湖北,30.59,114.3,NASA POWER API
2187,2187,2025-12-27,6.26,0.0,65.59,1.56,102.06,11.54,华中_湖北,30.59,114.3,NASA POWER API
2188,2188,2025-12-28,9.37,0.0,62.06,1.82,101.75,12.16,华中_湖北,30.59,114.3,NASA POWER API
2189,2189,2025-12-29,10.21,0.0,65.16,1.56,101.66,8.42,华中_湖北,30.59,114.3,NASA POWER API
2190,2190,2025-12-30,10.91,0.01,74.93,1.72,101.7,5.98,华中_湖北,30.59,114.3,NASA POWER API
2191,2191,2025-12-31,8.18,12.09,76.12,5.44,101.86,3.71,华中_湖北,30.59,114.3,NASA POWER API
