,Unnamed: 0,date,temperature,precipitation,humidity,wind_speed,surface_pressure,solar_radiation,region,latitude,longitude,data_source
0,0,2020-01-01,15.72,0.0,73.06,1.93,100.38,11.9,华南_广西,22.81,108.32,NASA POWER API
1,1,2020-01-02,19.77,0.0,79.84,2.58,100.14,5.02,华南_广西,22.81,108.32,NASA POWER API
2,2,2020-01-03,19.79,0.07,79.35,2.05,100.03,7.51,华南_广西,22.81,108.32,NASA POWER API
3,3,2020-01-04,20.15,0.08,76.53,1.87,99.82,11.43,华南_广西,22.81,108.32,NASA POWER API
4,4,2020-01-05,20.07,0.02,76.04,2.93,99.68,13.75,华南_广西,22.81,108.32,NASA POWER API
5,5,2020-01-06,21.28,0.01,78.18,3.87,99.55,10.24,华南_广西,22.81,108.32,NASA POWER API
6,6,2020-01-07,21.41,0.01,73.8,1.16,99.6,12.98,华南_广西,22.81,108.32,NASA POWER API
7,7,2020-01-08,20.93,0.0,69.59,2.62,99.61,9.36,华南_广西,22.81,108.32,NASA POWER API
8,8,2020-01-09,21.19,0.28,78.62,2.91,99.45,9.86,华南_广西,22.81,108.32,NASA POWER API
9,9,2020-01-10,22.01,0.21,77.87,3.39,99.3,11.34,华南_广西,22.81,108.32,NASA POWER API
10,10,2020-01-11,13.29,2.82,67.97,4.61,99.82,2.59,华南_广西,22.81,108.32,NASA POWER API
11,11,2020-01-12,12.44,2.04,63.72,2.4,99.82,9.84,华南_广西,22.81,108.32,NASA POWER API
12,12,2020-01-13,14.28,0.36,70.5,1.59,99.59,6.14,华南_广西,22.81,108.32,NASA POWER API
13,13,2020-01-14,13.53,3.74,82.77,2.92,99.69,2.28,华南_广西,22.81,108.32,NASA POWER API
14,14,2020-01-15,18.17,2.31,84.6,3.46,99.42,7.11,华南_广西,22.81,108.32,NASA POWER API
15,15,2020-01-16,13.12,0.75,75.92,3.91,99.9,3.06,华南_广西,22.81,108.32,NASA POWER API
16,16,2020-01-17,10.81,0.09,63.3,3.6,100.14,4.61,华南_广西,22.81,108.32,NASA POWER API
17,17,2020-01-18,11.46,0.38,74.25,2.41,99.98,3.15,华南_广西,22.81,108.32,NASA POWER API
18,18,2020-01-19,12.17,0.38,64.02,3.13,100.13,5.05,华南_广西,22.81,108.32,NASA POWER API
19,19,2020-01-20,13.98,1.06,78.18,1.6,100.01,3.78,华南_广西,22.81,108.32,NASA POWER API
20,20,2020-01-21,18.72,2.19,85.29,3.5,99.77,4.46,华南_广西,22.81,108.32,NASA POWER API
21,21,2020-01-22,20.59,0.3,81.41,3.43,99.51,8.1,华南_广西,22.81,108.32,NASA POWER API
22,22,2020-01-23,21.31,0.32,79.51,2.87,99.36,11.2,华南_广西,22.81,108.32,NASA POWER API
23,23,2020-01-24,18.73,10.52,82.39,3.2,99.54,7.19,华南_广西,22.81,108.32,NASA POWER API
24,24,2020-01-25,8.89,23.8,77.26,5.57,99.89,1.95,华南_广西,22.81,108.32,NASA POWER API
25,25,2020-01-26,9.64,2.31,63.42,4.71,99.88,10.57,华南_广西,22.81,108.32,NASA POWER API
26,26,2020-01-27,8.76,1.29,63.48,3.21,99.83,12.64,华南_广西,22.81,108.32,NASA POWER API
27,27,2020-01-28,8.4,0.0,62.4,3.2,100.04,11.51,华南_广西,22.81,108.32,NASA POWER API
28,28,2020-01-29,10.2,0.02,58.42,2.88,100.24,9.39,华南_广西,22.81,108.32,NASA POWER API
29,29,2020-01-30,11.33,0.02,54.6,2.24,100.16,18.6,华南_广西,22.81,108.32,NASA POWER API
30,30,2020-01-31,12.57,0.0,56.14,1.88,99.99,16.32,华南_广西,22.81,108.32,NASA POWER API
31,31,2020-02-01,14.18,0.73,81.11,2.14,99.89,4.17,华南_广西,22.81,108.32,NASA POWER API
32,32,2020-02-02,17.58,3.29,84.64,2.58,99.82,5.14,华南_广西,22.81,108.32,NASA POWER API
33,33,2020-02-03,12.44,10.27,84.25,3.34,100.01,2.98,华南_广西,22.81,108.32,NASA POWER API
34,34,2020-02-04,11.55,5.12,81.75,2.91,100.06,4.09,华南_广西,22.81,108.32,NASA POWER API
35,35,2020-02-05,13.19,5.98,87.03,2.07,99.84,3.11,华南_广西,22.81,108.32,NASA POWER API
36,36,2020-02-06,18.37,9.63,85.39,2.75,99.59,3.61,华南_广西,22.81,108.32,NASA POWER API
37,37,2020-02-07,12.94,0.9,75.75,3.57,100.14,3.41,华南_广西,22.81,108.32,NASA POWER API
38,38,2020-02-08,11.96,2.7,80.22,3.92,100.45,3.28,华南_广西,22.81,108.32,NASA POWER API
39,39,2020-02-09,12.41,0.08,73.23,3.21,100.58,4.91,华南_广西,22.81,108.32,NASA POWER API
40,40,2020-02-10,14.58,0.06,77.58,2.05,100.07,8.76,华南_广西,22.81,108.32,NASA POWER API
41,41,2020-02-11,17.39,0.45,86.15,2.63,99.72,5.26,华南_广西,22.81,108.32,NASA POWER API
42,42,2020-02-12,19.64,5.59,85.61,2.66,99.48,5.79,华南_广西,22.81,108.32,NASA POWER API
43,43,2020-02-13,21.83,5.42,83.91,2.86,99.07,7.53,华南_广西,22.81,108.32,NASA POWER API
44,44,2020-02-14,23.74,9.01,81.74,3.43,98.79,8.3,华南_广西,22.81,108.32,NASA POWER API
45,45,2020-02-15,18.26,4.48,69.58,5.29,99.43,11.55,华南_广西,22.81,108.32,NASA POWER API
46,46,2020-02-16,9.72,0.72,55.13,5.91,100.49,15.82,华南_广西,22.81,108.32,NASA POWER API
47,47,2020-02-17,10.46,0.03,54.51,3.64,100.74,13.88,华南_广西,22.81,108.32,NASA POWER API
48,48,2020-02-18,12.27,0.0,55.17,2.05,100.47,17.01,华南_广西,22.81,108.32,NASA POWER API
49,49,2020-02-19,15.13,0.0,66.87,1.49,100.17,5.93,华南_广西,22.81,108.32,NASA POWER API
50,50,2020-02-20,17.23,0.32,84.44,1.84,100.19,9.18,华南_广西,22.81,108.32,NASA POWER API
51,51,2020-02-21,17.95,0.54,80.97,1.55,100.53,15.98,华南_广西,22.81,108.32,NASA POWER API
52,52,2020-02-22,18.11,0.03,73.93,2.14,100.53,19.22,华南_广西,22.81,108.32,NASA POWER API
53,53,2020-02-23,19.0,0.02,72.48,2.27,100.18,17.83,华南_广西,22.81,108.32,NASA POWER API
54,54,2020-02-24,19.24,0.01,77.9,3.07,99.75,13.78,华南_广西,22.81,108.32,NASA POWER API
55,55,2020-02-25,20.37,0.0,77.39,2.33,99.59,13.93,华南_广西,22.81,108.32,NASA POWER API
56,56,2020-02-26,21.43,0.0,76.88,2.09,99.68,14.24,华南_广西,22.81,108.32,NASA POWER API
57,57,2020-02-27,22.16,0.01,75.01,2.59,99.65,15.28,华南_广西,22.81,108.32,NASA POWER API
58,58,2020-02-28,21.09,0.3,79.28,2.9,99.49,7.71,华南_广西,22.81,108.32,NASA POWER API
59,59,2020-02-29,22.13,0.79,78.77,2.72,99.23,8.81,华南_广西,22.81,108.32,NASA POWER API
60,60,2020-03-01,22.9,0.08,76.31,1.63,99.28,8.41,华南_广西,22.81,108.32,NASA POWER API
61,61,2020-03-02,21.29,2.12,77.28,3.49,99.39,4.48,华南_广西,22.81,108.32,NASA POWER API
62,62,2020-03-03,20.28,19.47,82.43,4.04,99.48,7.67,华南_广西,22.81,108.32,NASA POWER API
63,63,2020-03-04,12.55,21.78,83.5,4.14,99.95,3.34,华南_广西,22.81,108.32,NASA POWER API
64,64,2020-03-05,15.27,0.63,78.23,2.42,99.83,5.21,华南_广西,22.81,108.32,NASA POWER API
65,65,2020-03-06,19.92,2.0,84.02,3.03,99.32,7.14,华南_广西,22.81,108.32,NASA POWER API
66,66,2020-03-07,22.94,0.18,80.61,2.9,98.95,12.18,华南_广西,22.81,108.32,NASA POWER API
67,67,2020-03-08,24.68,0.05,75.03,3.85,98.45,16.35,华南_广西,22.81,108.32,NASA POWER API
68,68,2020-03-09,23.76,0.1,67.8,3.69,98.65,17.13,华南_广西,22.81,108.32,NASA POWER API
69,69,2020-03-10,17.45,0.01,62.39,4.82,99.6,17.19,华南_广西,22.81,108.32,NASA POWER API
70,70,2020-03-11,18.37,1.68,74.98,2.51,99.46,6.63,华南_广西,22.81,108.32,NASA POWER API
71,71,2020-03-12,23.33,3.12,82.5,3.92,99.07,8.67,华南_广西,22.81,108.32,NASA POWER API
72,72,2020-03-13,23.41,1.24,78.01,2.88,99.4,8.07,华南_广西,22.81,108.32,NASA POWER API
73,73,2020-03-14,18.94,0.0,65.14,4.37,99.89,13.06,华南_广西,22.81,108.32,NASA POWER API
74,74,2020-03-15,19.79,0.45,69.3,2.03,99.75,6.89,华南_广西,22.81,108.32,NASA POWER API
75,75,2020-03-16,20.53,5.06,85.14,3.32,99.59,5.04,华南_广西,22.81,108.32,NASA POWER API
76,76,2020-03-17,19.94,14.39,85.81,3.16,99.62,2.77,华南_广西,22.81,108.32,NASA POWER API
77,77,2020-03-18,17.19,4.89,84.8,2.08,99.46,4.84,华南_广西,22.81,108.32,NASA POWER API
78,78,2020-03-19,19.16,8.36,82.87,2.24,99.42,7.64,华南_广西,22.81,108.32,NASA POWER API
79,79,2020-03-20,20.66,0.57,85.79,1.81,99.27,8.1,华南_广西,22.81,108.32,NASA POWER API
80,80,2020-03-21,23.82,0.96,83.42,3.61,99.07,10.11,华南_广西,22.81,108.32,NASA POWER API
81,81,2020-03-22,24.2,6.09,83.17,2.39,99.12,15.94,华南_广西,22.81,108.32,NASA POWER API
82,82,2020-03-23,24.34,4.59,80.91,1.73,99.19,12.76,华南_广西,22.81,108.32,NASA POWER API
83,83,2020-03-24,23.65,2.76,81.01,2.55,99.14,10.09,华南_广西,22.81,108.32,NASA POWER API
84,84,2020-03-25,22.71,46.34,90.97,3.21,98.97,5.76,华南_广西,22.81,108.32,NASA POWER API
85,85,2020-03-26,23.71,7.57,85.39,3.31,98.91,11.93,华南_广西,22.81,108.32,NASA POWER API
86,86,2020-03-27,24.69,0.39,84.18,3.37,98.97,11.71,华南_广西,22.81,108.32,NASA POWER API
87,87,2020-03-28,16.04,0.35,71.42,4.52,99.49,6.63,华南_广西,22.81,108.32,NASA POWER API
88,88,2020-03-29,19.41,2.14,86.22,2.74,99.02,9.61,华南_广西,22.81,108.32,NASA POWER API
89,89,2020-03-30,14.27,0.34,81.56,3.4,99.24,4.81,华南_广西,22.81,108.32,NASA POWER API
90,90,2020-03-31,16.07,1.21,84.08,2.84,99.35,4.05,华南_广西,22.81,108.32,NASA POWER API
91,91,2020-04-01,16.19,0.32,86.35,2.05,99.37,8.37,华南_广西,22.81,108.32,NASA POWER API
92,92,2020-04-02,18.02,5.45,92.14,1.83,99.38,6.07,华南_广西,22.81,108.32,NASA POWER API
93,93,2020-04-03,16.97,8.98,87.27,3.39,99.55,4.39,华南_广西,22.81,108.32,NASA POWER API
94,94,2020-04-04,16.02,17.92,86.94,3.9,99.84,5.23,华南_广西,22.81,108.32,NASA POWER API
95,95,2020-04-05,15.38,14.16,87.19,3.39,99.91,2.98,华南_广西,22.81,108.32,NASA POWER API
96,96,2020-04-06,15.82,15.79,86.55,2.71,99.67,5.07,华南_广西,22.81,108.32,NASA POWER API
97,97,2020-04-07,17.83,1.21,81.61,1.94,99.53,13.82,华南_广西,22.81,108.32,NASA POWER API
98,98,2020-04-08,19.4,0.89,80.83,1.42,99.56,9.46,华南_广西,22.81,108.32,NASA POWER API
99,99,2020-04-09,20.89,0.0,77.61,1.5,99.57,18.83,华南_广西,22.81,108.32,NASA POWER API
100,100,2020-04-10,22.88,0.17,86.95,3.46,99.4,5.86,华南_广西,22.81,108.32,NASA POWER API
101,101,2020-04-11,22.21,0.84,80.22,4.03,99.46,11.17,华南_广西,22.81,108.32,NASA POWER API
102,102,2020-04-12,15.27,0.26,67.84,4.08,100.08,16.86,华南_广西,22.81,108.32,NASA POWER API
103,103,2020-04-13,16.33,0.1,63.29,2.02,99.93,7.38,华南_广西,22.81,108.32,NASA POWER API
104,104,2020-04-14,18.4,0.02,64.75,1.19,99.62,20.77,华南_广西,22.81,108.32,NASA POWER API
105,105,2020-04-15,19.9,0.01,79.99,2.36,99.33,23.58,华南_广西,22.81,108.32,NASA POWER API
106,106,2020-04-16,22.24,0.05,84.78,3.19,99.09,7.57,华南_广西,22.81,108.32,NASA POWER API
107,107,2020-04-17,22.78,0.05,87.73,3.24,99.12,7.81,华南_广西,22.81,108.32,NASA POWER API
108,108,2020-04-18,23.97,0.84,87.28,3.38,99.0,11.38,华南_广西,22.81,108.32,NASA POWER API
109,109,2020-04-19,25.5,0.2,84.7,2.46,98.92,10.77,华南_广西,22.81,108.32,NASA POWER API
110,110,2020-04-20,25.87,0.01,82.79,3.03,98.93,15.01,华南_广西,22.81,108.32,NASA POWER API
111,111,2020-04-21,25.66,0.27,83.34,2.13,98.96,16.38,华南_广西,22.81,108.32,NASA POWER API
112,112,2020-04-22,17.78,28.48,83.86,3.93,99.46,2.63,华南_广西,22.81,108.32,NASA POWER API
113,113,2020-04-23,16.18,21.71,86.21,3.94,99.78,4.41,华南_广西,22.81,108.32,NASA POWER API
114,114,2020-04-24,14.96,5.5,85.79,3.11,100.04,6.53,华南_广西,22.81,108.32,NASA POWER API
115,115,2020-04-25,16.84,3.15,82.37,1.83,99.88,10.2,华南_广西,22.81,108.32,NASA POWER API
116,116,2020-04-26,18.75,0.01,76.72,2.25,99.86,16.84,华南_广西,22.81,108.32,NASA POWER API
117,117,2020-04-27,21.79,0.0,64.8,2.01,99.76,25.64,华南_广西,22.81,108.32,NASA POWER API
118,118,2020-04-28,23.66,0.0,67.81,1.52,99.59,25.33,华南_广西,22.81,108.32,NASA POWER API
119,119,2020-04-29,22.78,0.0,72.95,1.8,99.5,21.97,华南_广西,22.81,108.32,NASA POWER API
120,120,2020-04-30,23.25,0.0,82.03,2.0,99.32,16.46,华南_广西,22.81,108.32,NASA POWER API
121,121,2020-05-01,24.3,1.12,85.86,2.34,99.02,11.32,华南_广西,22.81,108.32,NASA POWER API
122,122,2020-05-02,25.14,0.17,83.2,2.64,98.8,16.2,华南_广西,22.81,108.32,NASA POWER API
123,123,2020-05-03,26.33,0.01,83.6,2.11,98.75,22.53,华南_广西,22.81,108.32,NASA POWER API
124,124,2020-05-04,27.57,0.0,81.61,2.94,98.69,21.24,华南_广西,22.81,108.32,NASA POWER API
125,125,2020-05-05,28.22,0.0,82.02,3.12,98.51,25.07,华南_广西,22.81,108.32,NASA POWER API
126,126,2020-05-06,28.42,0.0,80.15,3.3,98.41,26.17,华南_广西,22.81,108.32,NASA POWER API
127,127,2020-05-07,28.67,0.0,80.75,3.47,98.34,25.82,华南_广西,22.81,108.32,NASA POWER API
128,128,2020-05-08,28.82,0.04,81.55,2.87,98.36,24.41,华南_广西,22.81,108.32,NASA POWER API
129,129,2020-05-09,28.83,0.11,81.81,2.7,98.55,21.83,华南_广西,22.81,108.32,NASA POWER API
130,130,2020-05-10,28.35,0.08,81.7,1.5,98.79,20.79,华南_广西,22.81,108.32,NASA POWER API
131,131,2020-05-11,27.03,25.41,86.49,2.14,98.92,17.07,华南_广西,22.81,108.32,NASA POWER API
132,132,2020-05-12,21.56,12.16,84.38,2.75,99.22,15.22,华南_广西,22.81,108.32,NASA POWER API
133,133,2020-05-13,25.35,2.05,82.65,2.43,98.9,17.76,华南_广西,22.81,108.32,NASA POWER API
134,134,2020-05-14,27.35,0.86,81.45,3.98,98.67,18.75,华南_广西,22.81,108.32,NASA POWER API
135,135,2020-05-15,28.01,0.01,79.42,3.75,98.41,22.2,华南_广西,22.81,108.32,NASA POWER API
136,136,2020-05-16,27.9,22.14,83.45,2.57,98.51,23.33,华南_广西,22.81,108.32,NASA POWER API
137,137,2020-05-17,25.81,25.76,89.47,1.51,98.44,7.28,华南_广西,22.81,108.32,NASA POWER API
138,138,2020-05-18,24.55,9.58,87.65,1.34,98.43,14.99,华南_广西,22.81,108.32,NASA POWER API
139,139,2020-05-19,26.73,1.28,78.94,1.35,98.39,22.17,华南_广西,22.81,108.32,NASA POWER API
140,140,2020-05-20,27.81,6.81,88.66,3.14,98.19,16.55,华南_广西,22.81,108.32,NASA POWER API
141,141,2020-05-21,29.76,17.5,83.9,1.53,98.08,20.46,华南_广西,22.81,108.32,NASA POWER API
142,142,2020-05-22,26.33,4.03,80.94,2.66,98.48,14.41,华南_广西,22.81,108.32,NASA POWER API
143,143,2020-05-23,25.78,3.07,82.95,1.19,98.66,17.75,华南_广西,22.81,108.32,NASA POWER API
144,144,2020-05-24,27.52,9.66,82.2,1.62,98.7,19.0,华南_广西,22.81,108.32,NASA POWER API
145,145,2020-05-25,27.1,10.28,86.15,2.81,98.69,17.88,华南_广西,22.81,108.32,NASA POWER API
146,146,2020-05-26,23.26,3.54,84.14,2.62,98.94,12.39,华南_广西,22.81,108.32,NASA POWER API
147,147,2020-05-27,25.42,0.75,79.5,1.67,98.96,13.65,华南_广西,22.81,108.32,NASA POWER API
148,148,2020-05-28,26.53,0.12,78.1,1.11,98.91,18.44,华南_广西,22.81,108.32,NASA POWER API
149,149,2020-05-29,26.76,3.32,83.96,2.1,98.71,19.31,华南_广西,22.81,108.32,NASA POWER API
150,150,2020-05-30,27.7,5.21,85.9,2.14,98.77,19.02,华南_广西,22.81,108.32,NASA POWER API
151,151,2020-05-31,27.54,4.49,87.87,2.58,98.76,21.52,华南_广西,22.81,108.32,NASA POWER API
152,152,2020-06-01,27.15,3.99,88.54,2.38,98.69,14.72,华南_广西,22.81,108.32,NASA POWER API
153,153,2020-06-02,27.33,8.66,88.92,3.43,98.52,19.55,华南_广西,22.81,108.32,NASA POWER API
154,154,2020-06-03,26.92,9.99,90.89,1.81,98.5,14.57,华南_广西,22.81,108.32,NASA POWER API
155,155,2020-06-04,27.43,16.98,90.5,2.95,98.44,19.13,华南_广西,22.81,108.32,NASA POWER API
156,156,2020-06-05,27.33,19.53,91.92,2.26,98.37,5.7,华南_广西,22.81,108.32,NASA POWER API
157,157,2020-06-06,26.84,17.58,93.94,2.29,98.35,11.9,华南_广西,22.81,108.32,NASA POWER API
158,158,2020-06-07,27.67,6.2,90.04,2.88,98.13,15.43,华南_广西,22.81,108.32,NASA POWER API
159,159,2020-06-08,28.04,2.3,89.21,2.64,98.13,18.96,华南_广西,22.81,108.32,NASA POWER API
160,160,2020-06-09,27.44,4.73,93.33,1.92,98.47,11.28,华南_广西,22.81,108.32,NASA POWER API
161,161,2020-06-10,27.6,2.75,90.33,2.09,98.57,13.41,华南_广西,22.81,108.32,NASA POWER API
162,162,2020-06-11,27.85,1.22,88.9,2.91,98.4,21.92,华南_广西,22.81,108.32,NASA POWER API
163,163,2020-06-12,28.02,0.07,88.1,3.06,98.2,21.82,华南_广西,22.81,108.32,NASA POWER API
164,164,2020-06-13,28.72,0.14,85.7,2.22,98.26,21.48,华南_广西,22.81,108.32,NASA POWER API
165,165,2020-06-14,27.84,24.15,87.42,1.33,98.49,10.33,华南_广西,22.81,108.32,NASA POWER API
166,166,2020-06-15,27.38,20.69,88.85,2.94,98.66,13.49,华南_广西,22.81,108.32,NASA POWER API
167,167,2020-06-16,27.23,14.49,88.58,3.19,98.52,13.08,华南_广西,22.81,108.32,NASA POWER API
168,168,2020-06-17,27.82,1.84,87.25,3.96,98.33,14.38,华南_广西,22.81,108.32,NASA POWER API
169,169,2020-06-18,28.06,1.82,86.4,3.13,98.46,18.99,华南_广西,22.81,108.32,NASA POWER API
170,170,2020-06-19,27.98,3.89,86.32,2.66,98.62,19.0,华南_广西,22.81,108.32,NASA POWER API
171,171,2020-06-20,28.16,3.41,87.91,2.86,98.51,18.04,华南_广西,22.81,108.32,NASA POWER API
172,172,2020-06-21,28.64,1.25,86.96,3.27,98.22,21.19,华南_广西,22.81,108.32,NASA POWER API
173,173,2020-06-22,29.05,0.34,87.47,2.99,98.2,21.85,华南_广西,22.81,108.32,NASA POWER API
174,174,2020-06-23,29.32,0.17,86.14,2.94,98.32,20.53,华南_广西,22.81,108.32,NASA POWER API
175,175,2020-06-24,28.75,4.19,89.1,2.45,98.27,19.54,华南_广西,22.81,108.32,NASA POWER API
176,176,2020-06-25,27.74,39.73,93.64,2.22,98.22,3.52,华南_广西,22.81,108.32,NASA POWER API
177,177,2020-06-26,27.93,7.74,91.64,3.27,98.27,16.24,华南_广西,22.81,108.32,NASA POWER API
178,178,2020-06-27,28.41,0.1,88.12,3.59,98.39,22.14,华南_广西,22.81,108.32,NASA POWER API
179,179,2020-06-28,28.56,0.39,88.61,3.37,98.37,21.19,华南_广西,22.81,108.32,NASA POWER API
180,180,2020-06-29,28.65,0.18,86.46,2.98,98.31,21.4,华南_广西,22.81,108.32,NASA POWER API
181,181,2020-06-30,28.86,0.21,87.25,2.52,98.26,19.92,华南_广西,22.81,108.32,NASA POWER API
182,182,2020-07-01,28.56,3.39,87.41,2.04,98.22,21.62,华南_广西,22.81,108.32,NASA POWER API
183,183,2020-07-02,28.71,2.09,85.2,1.61,98.26,17.98,华南_广西,22.81,108.32,NASA POWER API
184,184,2020-07-03,27.54,8.3,89.92,1.97,98.53,13.88,华南_广西,22.81,108.32,NASA POWER API
185,185,2020-07-04,27.51,8.03,89.98,1.87,98.61,11.12,华南_广西,22.81,108.32,NASA POWER API
186,186,2020-07-05,27.55,2.05,89.24,2.62,98.42,17.11,华南_广西,22.81,108.32,NASA POWER API
187,187,2020-07-06,28.11,0.51,87.95,3.14,98.37,17.08,华南_广西,22.81,108.32,NASA POWER API
188,188,2020-07-07,28.58,0.53,87.9,3.02,98.54,22.98,华南_广西,22.81,108.32,NASA POWER API
189,189,2020-07-08,28.63,0.08,87.51,2.98,98.35,21.74,华南_广西,22.81,108.32,NASA POWER API
190,190,2020-07-09,29.14,0.03,85.35,2.94,97.97,19.78,华南_广西,22.81,108.32,NASA POWER API
191,191,2020-07-10,28.37,6.72,90.02,3.37,97.99,14.56,华南_广西,22.81,108.32,NASA POWER API
192,192,2020-07-11,28.31,4.95,87.32,3.6,98.15,13.91,华南_广西,22.81,108.32,NASA POWER API
193,193,2020-07-12,28.13,3.62,88.19,2.93,98.34,18.73,华南_广西,22.81,108.32,NASA POWER API
194,194,2020-07-13,28.37,3.42,86.34,2.3,98.59,21.52,华南_广西,22.81,108.32,NASA POWER API
195,195,2020-07-14,28.88,0.83,82.96,1.81,98.6,25.75,华南_广西,22.81,108.32,NASA POWER API
196,196,2020-07-15,28.86,0.11,82.34,2.34,98.44,24.81,华南_广西,22.81,108.32,NASA POWER API
197,197,2020-07-16,28.91,0.22,81.35,2.95,98.36,24.11,华南_广西,22.81,108.32,NASA POWER API
198,198,2020-07-17,28.65,0.18,84.44,3.19,98.45,21.96,华南_广西,22.81,108.32,NASA POWER API
199,199,2020-07-18,29.11,0.1,83.69,3.4,98.4,20.59,华南_广西,22.81,108.32,NASA POWER API
200,200,2020-07-19,28.4,5.88,87.81,2.37,98.41,16.89,华南_广西,22.81,108.32,NASA POWER API
201,201,2020-07-20,27.48,6.97,92.6,2.26,98.64,10.29,华南_广西,22.81,108.32,NASA POWER API
202,202,2020-07-21,27.95,1.65,83.6,2.78,98.79,21.26,华南_广西,22.81,108.32,NASA POWER API
203,203,2020-07-22,27.96,0.35,81.45,2.46,98.73,23.77,华南_广西,22.81,108.32,NASA POWER API
204,204,2020-07-23,28.4,0.0,81.0,2.51,98.71,23.64,华南_广西,22.81,108.32,NASA POWER API
205,205,2020-07-24,28.96,0.0,79.86,2.08,98.69,25.33,华南_广西,22.81,108.32,NASA POWER API
206,206,2020-07-25,29.68,0.0,75.98,2.23,98.57,26.85,华南_广西,22.81,108.32,NASA POWER API
207,207,2020-07-26,29.38,1.41,79.74,2.35,98.47,22.69,华南_广西,22.81,108.32,NASA POWER API
208,208,2020-07-27,27.68,10.33,89.08,1.26,98.43,13.11,华南_广西,22.81,108.32,NASA POWER API
209,209,2020-07-28,28.14,3.22,85.34,1.2,98.58,17.9,华南_广西,22.81,108.32,NASA POWER API
210,210,2020-07-29,28.2,1.37,83.64,1.09,98.63,21.49,华南_广西,22.81,108.32,NASA POWER API
211,211,2020-07-30,28.68,0.98,82.28,1.27,98.58,21.32,华南_广西,22.81,108.32,NASA POWER API
212,212,2020-07-31,28.54,6.07,82.27,1.68,98.42,21.86,华南_广西,22.81,108.32,NASA POWER API
213,213,2020-08-01,27.52,2.2,85.47,3.95,98.15,12.65,华南_广西,22.81,108.32,NASA POWER API
214,214,2020-08-02,26.99,17.31,88.58,2.96,98.08,10.48,华南_广西,22.81,108.32,NASA POWER API
215,215,2020-08-03,26.95,22.24,89.27,1.9,98.17,11.92,华南_广西,22.81,108.32,NASA POWER API
216,216,2020-08-04,27.33,15.32,86.94,1.65,98.19,15.93,华南_广西,22.81,108.32,NASA POWER API
217,217,2020-08-05,27.43,14.4,89.51,2.82,98.37,14.25,华南_广西,22.81,108.32,NASA POWER API
218,218,2020-08-06,26.86,29.61,91.97,3.29,98.68,9.64,华南_广西,22.81,108.32,NASA POWER API
219,219,2020-08-07,27.68,11.14,88.03,2.47,98.62,13.77,华南_广西,22.81,108.32,NASA POWER API
220,220,2020-08-08,27.85,0.83,86.16,2.16,98.43,22.13,华南_广西,22.81,108.32,NASA POWER API
221,221,2020-08-09,28.1,1.8,84.29,2.26,98.27,24.19,华南_广西,22.81,108.32,NASA POWER API
222,222,2020-08-10,28.12,5.32,90.1,2.42,98.18,19.04,华南_广西,22.81,108.32,NASA POWER API
223,223,2020-08-11,28.47,3.01,90.38,2.92,98.24,19.69,华南_广西,22.81,108.32,NASA POWER API
224,224,2020-08-12,27.96,6.33,91.46,3.05,98.57,18.3,华南_广西,22.81,108.32,NASA POWER API
225,225,2020-08-13,26.98,13.4,89.43,2.41,98.69,13.01,华南_广西,22.81,108.32,NASA POWER API
226,226,2020-08-14,26.89,8.38,87.7,2.76,98.64,13.7,华南_广西,22.81,108.32,NASA POWER API
227,227,2020-08-15,26.62,9.46,88.19,2.68,98.6,18.9,华南_广西,22.81,108.32,NASA POWER API
228,228,2020-08-16,26.56,6.18,89.39,3.06,98.62,8.01,华南_广西,22.81,108.32,NASA POWER API
229,229,2020-08-17,25.61,33.35,93.96,2.83,98.67,4.39,华南_广西,22.81,108.32,NASA POWER API
230,230,2020-08-18,25.63,9.22,90.28,1.76,98.7,13.69,华南_广西,22.81,108.32,NASA POWER API
231,231,2020-08-19,27.37,6.69,84.27,1.12,98.51,16.69,华南_广西,22.81,108.32,NASA POWER API
232,232,2020-08-20,25.61,12.37,93.09,1.65,98.72,8.46,华南_广西,22.81,108.32,NASA POWER API
233,233,2020-08-21,26.13,4.1,89.21,1.23,98.88,18.01,华南_广西,22.81,108.32,NASA POWER API
234,234,2020-08-22,27.22,0.51,86.52,1.34,98.8,21.95,华南_广西,22.81,108.32,NASA POWER API
235,235,2020-08-23,27.48,0.2,84.84,1.83,98.62,23.47,华南_广西,22.81,108.32,NASA POWER API
236,236,2020-08-24,27.82,4.65,87.87,1.77,98.42,22.58,华南_广西,22.81,108.32,NASA POWER API
237,237,2020-08-25,27.86,14.27,88.44,1.27,98.3,16.19,华南_广西,22.81,108.32,NASA POWER API
238,238,2020-08-26,28.06,0.96,83.18,1.48,98.2,19.77,华南_广西,22.81,108.32,NASA POWER API
239,239,2020-08-27,28.22,0.08,79.08,1.24,98.16,25.37,华南_广西,22.81,108.32,NASA POWER API
240,240,2020-08-28,28.02,0.04,78.77,1.27,98.27,24.65,华南_广西,22.81,108.32,NASA POWER API
241,241,2020-08-29,28.35,0.01,80.39,1.06,98.43,24.48,华南_广西,22.81,108.32,NASA POWER API
242,242,2020-08-30,28.81,0.0,78.95,0.88,98.52,22.28,华南_广西,22.81,108.32,NASA POWER API
243,243,2020-08-31,28.67,0.13,80.03,1.2,98.71,20.6,华南_广西,22.81,108.32,NASA POWER API
244,244,2020-09-01,28.77,0.0,77.5,1.68,98.69,22.17,华南_广西,22.81,108.32,NASA POWER API
245,245,2020-09-02,28.7,0.06,76.59,1.34,98.74,22.32,华南_广西,22.81,108.32,NASA POWER API
246,246,2020-09-03,28.62,0.35,78.63,1.2,98.83,20.1,华南_广西,22.81,108.32,NASA POWER API
247,247,2020-09-04,28.12,0.55,83.1,1.45,98.76,17.64,华南_广西,22.81,108.32,NASA POWER API
248,248,2020-09-05,28.33,0.47,83.56,2.07,98.56,23.08,华南_广西,22.81,108.32,NASA POWER API
249,249,2020-09-06,28.0,6.5,86.87,1.89,98.46,19.32,华南_广西,22.81,108.32,NASA POWER API
250,250,2020-09-07,27.35,15.47,88.19,0.93,98.57,8.43,华南_广西,22.81,108.32,NASA POWER API
251,251,2020-09-08,26.2,16.12,91.87,1.48,98.94,7.13,华南_广西,22.81,108.32,NASA POWER API
252,252,2020-09-09,26.86,8.28,88.18,1.8,98.85,14.36,华南_广西,22.81,108.32,NASA POWER API
253,253,2020-09-10,27.13,11.79,88.3,2.1,98.55,18.11,华南_广西,22.81,108.32,NASA POWER API
254,254,2020-09-11,27.3,15.96,90.19,1.6,98.68,18.02,华南_广西,22.81,108.32,NASA POWER API
255,255,2020-09-12,27.41,8.22,88.15,1.38,98.98,15.34,华南_广西,22.81,108.32,NASA POWER API
256,256,2020-09-13,27.02,2.09,87.88,1.58,99.06,14.48,华南_广西,22.81,108.32,NASA POWER API
257,257,2020-09-14,26.65,1.52,89.09,1.57,98.92,18.0,华南_广西,22.81,108.32,NASA POWER API
258,258,2020-09-15,27.15,1.23,87.18,1.64,98.76,19.58,华南_广西,22.81,108.32,NASA POWER API
259,259,2020-09-16,27.47,1.21,87.03,1.74,98.64,19.52,华南_广西,22.81,108.32,NASA POWER API
260,260,2020-09-17,27.68,1.58,83.22,2.19,98.67,20.56,华南_广西,22.81,108.32,NASA POWER API
261,261,2020-09-18,22.65,4.66,81.37,5.41,98.97,9.24,华南_广西,22.81,108.32,NASA POWER API
262,262,2020-09-19,23.23,6.06,89.18,3.34,99.0,7.81,华南_广西,22.81,108.32,NASA POWER API
263,263,2020-09-20,25.78,8.58,90.17,2.1,98.93,10.33,华南_广西,22.81,108.32,NASA POWER API
264,264,2020-09-21,26.78,2.44,88.07,1.96,98.87,16.32,华南_广西,22.81,108.32,NASA POWER API
265,265,2020-09-22,26.8,10.0,90.53,2.13,98.86,12.84,华南_广西,22.81,108.32,NASA POWER API
266,266,2020-09-23,24.84,18.33,89.54,1.95,99.05,14.75,华南_广西,22.81,108.32,NASA POWER API
267,267,2020-09-24,22.24,3.51,86.45,2.5,99.2,12.37,华南_广西,22.81,108.32,NASA POWER API
268,268,2020-09-25,24.21,4.08,86.98,1.41,98.87,15.5,华南_广西,22.81,108.32,NASA POWER API
269,269,2020-09-26,25.83,15.92,88.68,2.23,98.78,14.29,华南_广西,22.81,108.32,NASA POWER API
270,270,2020-09-27,22.67,2.96,88.22,2.58,99.04,7.08,华南_广西,22.81,108.32,NASA POWER API
271,271,2020-09-28,24.81,3.3,87.7,1.59,98.96,10.86,华南_广西,22.81,108.32,NASA POWER API
272,272,2020-09-29,26.63,0.9,86.31,1.35,98.75,16.03,华南_广西,22.81,108.32,NASA POWER API
273,273,2020-09-30,25.86,2.55,88.16,1.74,98.69,12.03,华南_广西,22.81,108.32,NASA POWER API
274,274,2020-10-01,25.65,13.2,88.61,1.63,98.78,11.75,华南_广西,22.81,108.32,NASA POWER API
275,275,2020-10-02,26.54,36.48,90.97,2.04,98.86,10.0,华南_广西,22.81,108.32,NASA POWER API
276,276,2020-10-03,26.49,11.86,92.26,2.09,98.92,15.73,华南_广西,22.81,108.32,NASA POWER API
277,277,2020-10-04,26.89,6.02,88.52,1.39,98.95,18.14,华南_广西,22.81,108.32,NASA POWER API
278,278,2020-10-05,21.23,6.89,85.2,3.69,99.34,12.94,华南_广西,22.81,108.32,NASA POWER API
279,279,2020-10-06,18.75,7.28,85.01,3.49,99.61,11.2,华南_广西,22.81,108.32,NASA POWER API
280,280,2020-10-07,18.71,0.13,84.15,3.63,99.71,14.3,华南_广西,22.81,108.32,NASA POWER API
281,281,2020-10-08,19.09,0.0,83.1,3.35,99.74,12.66,华南_广西,22.81,108.32,NASA POWER API
282,282,2020-10-09,19.26,0.0,84.42,2.96,99.72,10.48,华南_广西,22.81,108.32,NASA POWER API
283,283,2020-10-10,19.74,0.0,83.87,2.34,99.47,13.38,华南_广西,22.81,108.32,NASA POWER API
284,284,2020-10-11,20.96,0.0,83.75,2.22,99.19,12.56,华南_广西,22.81,108.32,NASA POWER API
285,285,2020-10-12,22.45,0.01,83.6,2.84,99.1,19.52,华南_广西,22.81,108.32,NASA POWER API
286,286,2020-10-13,22.44,3.68,84.57,4.04,99.06,10.72,华南_广西,22.81,108.32,NASA POWER API
287,287,2020-10-14,21.9,86.38,92.85,5.7,99.03,5.5,华南_广西,22.81,108.32,NASA POWER API
288,288,2020-10-15,21.59,40.74,92.89,4.06,99.33,6.58,华南_广西,22.81,108.32,NASA POWER API
289,289,2020-10-16,19.67,3.69,85.62,4.57,99.62,12.82,华南_广西,22.81,108.32,NASA POWER API
290,290,2020-10-17,18.43,0.05,83.23,4.2,99.74,11.67,华南_广西,22.81,108.32,NASA POWER API
291,291,2020-10-18,18.58,0.0,83.04,3.98,99.75,13.1,华南_广西,22.81,108.32,NASA POWER API
292,292,2020-10-19,16.88,0.11,84.55,3.42,99.81,9.18,华南_广西,22.81,108.32,NASA POWER API
293,293,2020-10-20,18.0,0.02,83.21,3.35,99.83,12.57,华南_广西,22.81,108.32,NASA POWER API
294,294,2020-10-21,17.78,0.01,79.24,3.61,99.7,19.99,华南_广西,22.81,108.32,NASA POWER API
295,295,2020-10-22,17.73,0.0,76.67,3.54,99.43,20.92,华南_广西,22.81,108.32,NASA POWER API
296,296,2020-10-23,17.35,0.0,77.04,3.07,99.51,21.18,华南_广西,22.81,108.32,NASA POWER API
297,297,2020-10-24,18.33,0.0,73.1,2.19,99.5,19.47,华南_广西,22.81,108.32,NASA POWER API
298,298,2020-10-25,20.08,0.39,77.25,1.8,99.43,8.51,华南_广西,22.81,108.32,NASA POWER API
299,299,2020-10-26,20.22,4.53,89.5,1.92,99.45,14.2,华南_广西,22.81,108.32,NASA POWER API
300,300,2020-10-27,22.62,0.07,86.43,2.17,99.33,18.01,华南_广西,22.81,108.32,NASA POWER API
301,301,2020-10-28,21.4,0.12,83.8,3.92,99.53,12.82,华南_广西,22.81,108.32,NASA POWER API
302,302,2020-10-29,19.04,6.73,86.82,4.05,99.84,4.84,华南_广西,22.81,108.32,NASA POWER API
303,303,2020-10-30,19.4,0.89,89.05,2.21,99.87,4.5,华南_广西,22.81,108.32,NASA POWER API
304,304,2020-10-31,21.83,0.62,86.54,1.2,99.72,11.35,华南_广西,22.81,108.32,NASA POWER API
305,305,2020-11-01,23.03,0.16,85.91,1.24,99.54,9.21,华南_广西,22.81,108.32,NASA POWER API
306,306,2020-11-02,19.04,0.5,82.66,3.84,99.88,5.34,华南_广西,22.81,108.32,NASA POWER API
307,307,2020-11-03,17.86,0.0,78.52,2.89,99.93,11.36,华南_广西,22.81,108.32,NASA POWER API
308,308,2020-11-04,18.07,0.0,77.93,2.04,99.8,9.67,华南_广西,22.81,108.32,NASA POWER API
309,309,2020-11-05,20.12,0.01,76.86,1.15,99.67,13.3,华南_广西,22.81,108.32,NASA POWER API
310,310,2020-11-06,20.72,0.01,83.28,2.22,99.81,12.04,华南_广西,22.81,108.32,NASA POWER API
311,311,2020-11-07,19.78,0.0,81.36,3.06,99.95,15.41,华南_广西,22.81,108.32,NASA POWER API
312,312,2020-11-08,18.84,0.0,76.74,2.93,100.02,18.07,华南_广西,22.81,108.32,NASA POWER API
313,313,2020-11-09,16.67,0.0,70.72,3.04,99.97,18.58,华南_广西,22.81,108.32,NASA POWER API
314,314,2020-11-10,15.78,0.0,71.27,2.56,99.99,15.8,华南_广西,22.81,108.32,NASA POWER API
315,315,2020-11-11,16.78,0.0,71.75,2.24,100.07,17.88,华南_广西,22.81,108.32,NASA POWER API
316,316,2020-11-12,16.98,0.0,73.09,2.35,100.02,18.53,华南_广西,22.81,108.32,NASA POWER API
317,317,2020-11-13,16.72,0.0,74.52,2.74,99.86,17.86,华南_广西,22.81,108.32,NASA POWER API
318,318,2020-11-14,17.36,0.23,74.11,2.53,99.83,10.23,华南_广西,22.81,108.32,NASA POWER API
319,319,2020-11-15,18.84,1.89,86.19,1.9,99.86,5.05,华南_广西,22.81,108.32,NASA POWER API
320,320,2020-11-16,20.05,2.17,92.47,1.39,99.66,7.93,华南_广西,22.81,108.32,NASA POWER API
321,321,2020-11-17,21.93,1.08,89.65,2.85,99.25,9.63,华南_广西,22.81,108.32,NASA POWER API
322,322,2020-11-18,23.1,0.1,88.66,2.94,99.08,11.53,华南_广西,22.81,108.32,NASA POWER API
323,323,2020-11-19,22.6,0.0,88.18,1.9,99.05,9.8,华南_广西,22.81,108.32,NASA POWER API
324,324,2020-11-20,22.72,0.0,87.76,2.3,99.11,12.69,华南_广西,22.81,108.32,NASA POWER API
325,325,2020-11-21,22.86,0.0,87.39,2.04,99.23,12.79,华南_广西,22.81,108.32,NASA POWER API
326,326,2020-11-22,21.08,0.05,83.57,2.56,99.68,11.3,华南_广西,22.81,108.32,NASA POWER API
327,327,2020-11-23,15.64,0.23,78.51,3.46,100.05,6.72,华南_广西,22.81,108.32,NASA POWER API
328,328,2020-11-24,15.39,0.23,83.64,2.34,99.96,8.85,华南_广西,22.81,108.32,NASA POWER API
329,329,2020-11-25,19.16,0.19,87.45,1.65,99.78,10.81,华南_广西,22.81,108.32,NASA POWER API
330,330,2020-11-26,17.05,0.42,83.24,3.07,100.04,12.86,华南_广西,22.81,108.32,NASA POWER API
331,331,2020-11-27,13.92,0.1,76.68,3.9,100.4,9.02,华南_广西,22.81,108.32,NASA POWER API
332,332,2020-11-28,12.6,0.01,74.05,4.02,100.51,9.25,华南_广西,22.81,108.32,NASA POWER API
333,333,2020-11-29,11.94,0.0,73.69,3.33,100.44,13.2,华南_广西,22.81,108.32,NASA POWER API
334,334,2020-11-30,11.8,0.0,73.82,3.44,100.47,16.72,华南_广西,22.81,108.32,NASA POWER API
335,335,2020-12-01,12.0,0.0,74.64,2.98,100.4,11.04,华南_广西,22.81,108.32,NASA POWER API
336,336,2020-12-02,13.71,0.0,73.01,3.53,100.26,11.98,华南_广西,22.81,108.32,NASA POWER API
337,337,2020-12-03,12.01,0.0,69.48,4.27,100.43,13.69,华南_广西,22.81,108.32,NASA POWER API
338,338,2020-12-04,10.16,0.0,69.87,3.84,100.44,11.64,华南_广西,22.81,108.32,NASA POWER API
339,339,2020-12-05,9.82,0.0,73.6,2.59,100.35,16.38,华南_广西,22.81,108.32,NASA POWER API
340,340,2020-12-06,10.99,0.0,76.78,1.82,100.13,16.08,华南_广西,22.81,108.32,NASA POWER API
341,341,2020-12-07,12.36,0.0,76.52,3.3,100.32,14.47,华南_广西,22.81,108.32,NASA POWER API
342,342,2020-12-08,11.72,0.0,76.06,2.62,100.22,15.75,华南_广西,22.81,108.32,NASA POWER API
343,343,2020-12-09,12.29,0.0,79.86,1.8,99.85,15.54,华南_广西,22.81,108.32,NASA POWER API
344,344,2020-12-10,14.29,0.0,76.57,2.47,99.81,12.49,华南_广西,22.81,108.32,NASA POWER API
345,345,2020-12-11,15.3,0.0,77.61,1.71,99.61,12.59,华南_广西,22.81,108.32,NASA POWER API
346,346,2020-12-12,16.44,0.0,77.54,1.93,99.46,12.86,华南_广西,22.81,108.32,NASA POWER API
347,347,2020-12-13,18.46,0.59,86.97,1.92,99.24,6.43,华南_广西,22.81,108.32,NASA POWER API
348,348,2020-12-14,10.88,1.14,68.77,5.41,100.08,3.12,华南_广西,22.81,108.32,NASA POWER API
349,349,2020-12-15,8.15,0.93,70.42,4.27,100.47,2.04,华南_广西,22.81,108.32,NASA POWER API
350,350,2020-12-16,7.4,0.7,71.01,3.97,100.61,4.0,华南_广西,22.81,108.32,NASA POWER API
351,351,2020-12-17,7.02,0.38,72.88,3.36,100.43,3.43,华南_广西,22.81,108.32,NASA POWER API
352,352,2020-12-18,8.28,0.16,68.5,4.19,100.5,6.42,华南_广西,22.81,108.32,NASA POWER API
353,353,2020-12-19,8.88,0.0,62.67,4.23,100.71,6.5,华南_广西,22.81,108.32,NASA POWER API
354,354,2020-12-20,8.15,0.0,60.5,3.6,100.72,10.89,华南_广西,22.81,108.32,NASA POWER API
355,355,2020-12-21,8.97,0.0,58.56,2.95,100.47,15.53,华南_广西,22.81,108.32,NASA POWER API
356,356,2020-12-22,11.19,0.01,60.9,2.04,100.01,9.45,华南_广西,22.81,108.32,NASA POWER API
357,357,2020-12-23,13.25,0.44,72.68,1.34,99.8,4.33,华南_广西,22.81,108.32,NASA POWER API
358,358,2020-12-24,13.03,0.2,74.59,2.94,99.85,7.74,华南_广西,22.81,108.32,NASA POWER API
359,359,2020-12-25,13.06,0.06,67.5,1.72,99.82,7.43,华南_广西,22.81,108.32,NASA POWER API
360,360,2020-12-26,15.99,0.09,83.12,1.35,99.55,2.94,华南_广西,22.81,108.32,NASA POWER API
361,361,2020-12-27,18.32,0.28,85.83,1.37,99.47,6.27,华南_广西,22.81,108.32,NASA POWER API
362,362,2020-12-28,19.25,0.18,80.68,3.2,99.24,11.59,华南_广西,22.81,108.32,NASA POWER API
363,363,2020-12-29,16.96,0.24,75.04,4.18,99.69,6.18,华南_广西,22.81,108.32,NASA POWER API
364,364,2020-12-30,8.47,0.0,46.88,6.08,100.78,10.73,华南_广西,22.81,108.32,NASA POWER API
365,365,2020-12-31,6.41,0.0,47.19,3.58,100.82,15.96,华南_广西,22.81,108.32,NASA POWER API
366,366,2021-01-01,7.52,0.0,53.92,2.26,100.53,16.19,华南_广西,22.81,108.32,NASA POWER API
367,367,2021-01-02,9.73,0.0,60.37,1.39,100.16,16.02,华南_广西,22.81,108.32,NASA POWER API
368,368,2021-01-03,11.13,0.0,62.25,2.32,100.19,8.79,华南_广西,22.81,108.32,NASA POWER API
369,369,2021-01-04,12.01,0.0,65.27,1.86,100.08,9.8,华南_广西,22.81,108.32,NASA POWER API
370,370,2021-01-05,12.54,0.0,64.15,3.16,100.1,5.47,华南_广西,22.81,108.32,NASA POWER API
371,371,2021-01-06,10.62,0.06,65.58,3.22,100.07,4.66,华南_广西,22.81,108.32,NASA POWER API
372,372,2021-01-07,7.75,0.8,68.74,5.26,100.37,1.54,华南_广西,22.81,108.32,NASA POWER API
373,373,2021-01-08,4.86,0.88,54.71,4.97,100.79,3.5,华南_广西,22.81,108.32,NASA POWER API
374,374,2021-01-09,6.39,0.07,45.83,2.88,100.52,4.56,华南_广西,22.81,108.32,NASA POWER API
375,375,2021-01-10,7.42,0.01,47.27,2.98,100.44,5.61,华南_广西,22.81,108.32,NASA POWER API
376,376,2021-01-11,7.36,0.01,50.71,4.32,100.92,7.35,华南_广西,22.81,108.32,NASA POWER API
377,377,2021-01-12,9.12,0.02,51.73,2.22,100.49,17.68,华南_广西,22.81,108.32,NASA POWER API
378,378,2021-01-13,11.34,0.0,48.78,1.36,99.83,16.8,华南_广西,22.81,108.32,NASA POWER API
379,379,2021-01-14,12.9,0.0,61.45,0.98,99.66,14.77,华南_广西,22.81,108.32,NASA POWER API
380,380,2021-01-15,14.98,0.0,74.42,1.1,99.47,14.55,华南_广西,22.81,108.32,NASA POWER API
381,381,2021-01-16,16.19,0.0,66.83,1.37,99.62,8.95,华南_广西,22.81,108.32,NASA POWER API
382,382,2021-01-17,9.76,0.08,58.5,5.42,100.74,3.39,华南_广西,22.81,108.32,NASA POWER API
383,383,2021-01-18,9.56,0.0,59.44,2.38,100.38,16.37,华南_广西,22.81,108.32,NASA POWER API
384,384,2021-01-19,12.0,0.0,58.59,1.87,99.78,16.66,华南_广西,22.81,108.32,NASA POWER API
385,385,2021-01-20,14.1,0.0,79.79,2.21,99.6,10.9,华南_广西,22.81,108.32,NASA POWER API
386,386,2021-01-21,17.68,0.0,77.8,1.23,99.5,9.18,华南_广西,22.81,108.32,NASA POWER API
387,387,2021-01-22,16.45,0.01,75.25,1.98,99.52,11.23,华南_广西,22.81,108.32,NASA POWER API
388,388,2021-01-23,16.6,0.0,71.05,1.43,99.45,15.36,华南_广西,22.81,108.32,NASA POWER API
389,389,2021-01-24,17.98,0.0,77.27,3.19,99.3,10.76,华南_广西,22.81,108.32,NASA POWER API
390,390,2021-01-25,19.52,0.1,78.59,2.28,99.53,8.52,华南_广西,22.81,108.32,NASA POWER API
391,391,2021-01-26,15.26,0.03,66.63,3.02,99.77,7.72,华南_广西,22.81,108.32,NASA POWER API
392,392,2021-01-27,16.62,0.11,70.32,2.48,99.67,9.88,华南_广西,22.81,108.32,NASA POWER API
393,393,2021-01-28,13.95,0.2,61.04,4.3,100.3,8.01,华南_广西,22.81,108.32,NASA POWER API
394,394,2021-01-29,14.37,0.01,61.46,2.23,100.11,11.29,华南_广西,22.81,108.32,NASA POWER API
395,395,2021-01-30,16.21,0.02,75.17,1.86,99.94,9.6,华南_广西,22.81,108.32,NASA POWER API
396,396,2021-01-31,17.5,0.28,78.98,2.61,99.88,9.02,华南_广西,22.81,108.32,NASA POWER API
397,397,2021-02-01,19.45,0.03,76.95,2.04,99.74,6.84,华南_广西,22.81,108.32,NASA POWER API
398,398,2021-02-02,20.25,0.02,73.7,1.54,99.82,13.55,华南_广西,22.81,108.32,NASA POWER API
399,399,2021-02-03,19.55,0.0,68.54,2.44,99.91,10.55,华南_广西,22.81,108.32,NASA POWER API
400,400,2021-02-04,19.54,0.0,74.59,2.7,99.92,13.82,华南_广西,22.81,108.32,NASA POWER API
401,401,2021-02-05,19.25,0.0,71.14,1.97,99.78,17.45,华南_广西,22.81,108.32,NASA POWER API
402,402,2021-02-06,19.36,0.0,65.91,2.14,99.62,18.35,华南_广西,22.81,108.32,NASA POWER API
403,403,2021-02-07,20.27,0.1,67.98,1.58,99.55,17.39,华南_广西,22.81,108.32,NASA POWER API
404,404,2021-02-08,18.82,5.81,73.38,3.02,99.77,9.94,华南_广西,22.81,108.32,NASA POWER API
405,405,2021-02-09,12.91,58.94,86.17,4.37,99.73,2.14,华南_广西,22.81,108.32,NASA POWER API
406,406,2021-02-10,14.64,0.96,76.7,2.9,99.6,9.07,华南_广西,22.81,108.32,NASA POWER API
407,407,2021-02-11,14.62,0.2,75.35,2.29,99.65,15.66,华南_广西,22.81,108.32,NASA POWER API
408,408,2021-02-12,15.91,0.0,73.55,1.7,99.68,19.56,华南_广西,22.81,108.32,NASA POWER API
409,409,2021-02-13,17.32,0.0,70.16,1.23,99.68,16.83,华南_广西,22.81,108.32,NASA POWER API
410,410,2021-02-14,19.53,0.0,69.84,0.88,99.55,14.39,华南_广西,22.81,108.32,NASA POWER API
411,411,2021-02-15,19.83,0.0,74.0,2.37,99.3,17.25,华南_广西,22.81,108.32,NASA POWER API
412,412,2021-02-16,17.61,0.02,74.27,2.21,99.61,10.73,华南_广西,22.81,108.32,NASA POWER API
413,413,2021-02-17,16.42,0.0,61.81,3.66,100.1,18.34,华南_广西,22.81,108.32,NASA POWER API
414,414,2021-02-18,16.84,0.0,54.98,2.41,100.34,15.73,华南_广西,22.81,108.32,NASA POWER API
415,415,2021-02-19,17.62,0.0,57.79,0.96,100.22,15.15,华南_广西,22.81,108.32,NASA POWER API
416,416,2021-02-20,18.66,0.0,66.19,1.58,99.82,17.38,华南_广西,22.81,108.32,NASA POWER API
417,417,2021-02-21,20.12,0.0,70.45,2.75,99.44,19.26,华南_广西,22.81,108.32,NASA POWER API
418,418,2021-02-22,21.06,0.03,72.93,1.54,99.4,19.13,华南_广西,22.81,108.32,NASA POWER API
419,419,2021-02-23,21.81,0.0,73.08,1.77,99.3,18.59,华南_广西,22.81,108.32,NASA POWER API
420,420,2021-02-24,21.4,0.0,74.77,3.87,99.0,14.52,华南_广西,22.81,108.32,NASA POWER API
421,421,2021-02-25,22.43,0.43,78.18,4.04,98.69,5.94,华南_广西,22.81,108.32,NASA POWER API
422,422,2021-02-26,16.73,1.91,75.26,4.12,99.07,7.15,华南_广西,22.81,108.32,NASA POWER API
423,423,2021-02-27,13.59,0.68,73.67,3.38,99.43,5.86,华南_广西,22.81,108.32,NASA POWER API
424,424,2021-02-28,18.08,0.81,84.41,2.89,99.24,6.56,华南_广西,22.81,108.32,NASA POWER API
425,425,2021-03-01,20.3,1.06,75.1,4.48,99.6,6.3,华南_广西,22.81,108.32,NASA POWER API
426,426,2021-03-02,15.64,0.01,58.05,4.18,100.02,13.37,华南_广西,22.81,108.32,NASA POWER API
427,427,2021-03-03,16.07,1.86,69.23,2.44,99.89,4.11,华南_广西,22.81,108.32,NASA POWER API
428,428,2021-03-04,15.91,5.36,80.94,2.06,99.61,5.6,华南_广西,22.81,108.32,NASA POWER API
429,429,2021-03-05,21.53,1.26,80.86,3.22,99.19,6.9,华南_广西,22.81,108.32,NASA POWER API
430,430,2021-03-06,22.42,0.63,73.95,2.75,99.46,11.36,华南_广西,22.81,108.32,NASA POWER API
431,431,2021-03-07,18.96,0.01,64.5,3.72,99.82,15.34,华南_广西,22.81,108.32,NASA POWER API
432,432,2021-03-08,20.47,0.35,80.5,2.89,99.65,5.15,华南_广西,22.81,108.32,NASA POWER API
433,433,2021-03-09,21.0,1.36,82.59,2.72,99.65,5.96,华南_广西,22.81,108.32,NASA POWER API
434,434,2021-03-10,20.99,6.27,84.17,2.92,99.61,5.86,华南_广西,22.81,108.32,NASA POWER API
435,435,2021-03-11,21.96,3.36,80.39,2.34,99.72,6.2,华南_广西,22.81,108.32,NASA POWER API
436,436,2021-03-12,21.23,0.82,78.41,2.34,99.78,9.08,华南_广西,22.81,108.32,NASA POWER API
437,437,2021-03-13,22.13,0.38,73.93,1.86,99.67,15.39,华南_广西,22.81,108.32,NASA POWER API
438,438,2021-03-14,22.64,0.2,73.62,3.34,99.32,14.33,华南_广西,22.81,108.32,NASA POWER API
439,439,2021-03-15,23.46,0.27,76.4,4.25,99.07,8.15,华南_广西,22.81,108.32,NASA POWER API
440,440,2021-03-16,23.92,0.07,76.35,3.55,99.04,10.59,华南_广西,22.81,108.32,NASA POWER API
441,441,2021-03-17,24.42,0.0,75.8,3.55,98.98,10.78,华南_广西,22.81,108.32,NASA POWER API
442,442,2021-03-18,24.7,0.0,73.45,3.66,98.94,13.5,华南_广西,22.81,108.32,NASA POWER API
443,443,2021-03-19,25.32,0.0,72.45,4.04,98.83,12.81,华南_广西,22.81,108.32,NASA POWER API
444,444,2021-03-20,22.84,0.86,73.99,3.25,99.01,6.76,华南_广西,22.81,108.32,NASA POWER API
445,445,2021-03-21,14.59,0.95,63.62,6.38,99.99,4.41,华南_广西,22.81,108.32,NASA POWER API
446,446,2021-03-22,14.46,0.01,62.93,4.04,100.41,6.42,华南_广西,22.81,108.32,NASA POWER API
447,447,2021-03-23,17.48,0.0,59.4,1.01,99.95,9.19,华南_广西,22.81,108.32,NASA POWER API
448,448,2021-03-24,19.92,0.06,67.36,1.48,99.5,9.93,华南_广西,22.81,108.32,NASA POWER API
449,449,2021-03-25,22.06,0.59,77.67,3.14,99.33,6.68,华南_广西,22.81,108.32,NASA POWER API
450,450,2021-03-26,24.14,0.39,75.99,4.73,99.06,6.81,华南_广西,22.81,108.32,NASA POWER API
451,451,2021-03-27,24.6,0.04,75.9,3.96,98.91,8.09,华南_广西,22.81,108.32,NASA POWER API
452,452,2021-03-28,25.78,0.0,74.53,2.96,98.73,12.38,华南_广西,22.81,108.32,NASA POWER API
453,453,2021-03-29,26.89,0.0,73.21,4.07,98.31,13.63,华南_广西,22.81,108.32,NASA POWER API
454,454,2021-03-30,27.1,0.0,74.17,3.38,98.09,9.22,华南_广西,22.81,108.32,NASA POWER API
455,455,2021-03-31,28.31,0.0,69.42,4.1,98.07,18.31,华南_广西,22.81,108.32,NASA POWER API
456,456,2021-04-01,28.54,0.0,69.23,3.76,98.25,18.74,华南_广西,22.81,108.32,NASA POWER API
457,457,2021-04-02,27.79,0.0,73.11,3.37,98.63,10.45,华南_广西,22.81,108.32,NASA POWER API
458,458,2021-04-03,26.32,0.64,73.61,2.78,99.04,6.73,华南_广西,22.81,108.32,NASA POWER API
459,459,2021-04-04,20.26,11.28,69.24,4.37,99.48,4.45,华南_广西,22.81,108.32,NASA POWER API
460,460,2021-04-05,20.95,2.56,70.44,2.54,99.62,7.41,华南_广西,22.81,108.32,NASA POWER API
461,461,2021-04-06,23.24,2.51,72.0,2.09,99.57,11.46,华南_广西,22.81,108.32,NASA POWER API
462,462,2021-04-07,24.66,6.64,77.95,2.87,99.3,10.05,华南_广西,22.81,108.32,NASA POWER API
463,463,2021-04-08,22.06,5.1,70.09,3.84,99.37,5.71,华南_广西,22.81,108.32,NASA POWER API
464,464,2021-04-09,18.49,2.9,73.78,3.27,99.62,4.83,华南_广西,22.81,108.32,NASA POWER API
465,465,2021-04-10,21.64,2.37,77.28,2.16,99.63,5.95,华南_广西,22.81,108.32,NASA POWER API
466,466,2021-04-11,24.41,2.51,76.38,4.03,99.52,8.45,华南_广西,22.81,108.32,NASA POWER API
467,467,2021-04-12,26.19,1.01,74.23,3.18,99.31,9.46,华南_广西,22.81,108.32,NASA POWER API
468,468,2021-04-13,26.75,0.25,71.24,2.51,99.16,13.32,华南_广西,22.81,108.32,NASA POWER API
469,469,2021-04-14,26.2,0.22,73.77,2.2,99.02,15.12,华南_广西,22.81,108.32,NASA POWER API
470,470,2021-04-15,25.8,0.35,75.57,2.15,98.97,9.89,华南_广西,22.81,108.32,NASA POWER API
471,471,2021-04-16,25.84,1.08,69.05,2.12,99.16,8.84,华南_广西,22.81,108.32,NASA POWER API
472,472,2021-04-17,23.03,15.52,71.32,3.51,99.52,5.01,华南_广西,22.81,108.32,NASA POWER API
473,473,2021-04-18,21.68,23.35,83.19,2.05,99.3,4.57,华南_广西,22.81,108.32,NASA POWER API
474,474,2021-04-19,23.41,20.65,84.89,1.99,98.91,5.1,华南_广西,22.81,108.32,NASA POWER API
475,475,2021-04-20,26.33,0.88,78.9,3.86,98.78,16.7,华南_广西,22.81,108.32,NASA POWER API
476,476,2021-04-21,27.14,0.79,77.32,3.97,98.86,17.02,华南_广西,22.81,108.32,NASA POWER API
477,477,2021-04-22,27.6,0.54,76.11,2.79,98.78,17.92,华南_广西,22.81,108.32,NASA POWER API
478,478,2021-04-23,27.17,0.32,76.37,3.37,98.59,17.15,华南_广西,22.81,108.32,NASA POWER API
479,479,2021-04-24,27.22,1.04,79.63,3.58,98.65,10.19,华南_广西,22.81,108.32,NASA POWER API
480,480,2021-04-25,25.74,1.61,76.43,3.24,99.0,10.17,华南_广西,22.81,108.32,NASA POWER API
481,481,2021-04-26,20.15,32.79,84.08,3.45,99.27,2.51,华南_广西,22.81,108.32,NASA POWER API
482,482,2021-04-27,20.29,2.04,85.13,2.47,99.42,7.35,华南_广西,22.81,108.32,NASA POWER API
483,483,2021-04-28,21.09,1.07,78.94,2.9,99.6,7.82,华南_广西,22.81,108.32,NASA POWER API
484,484,2021-04-29,22.44,0.75,68.09,1.97,99.49,19.77,华南_广西,22.81,108.32,NASA POWER API
485,485,2021-04-30,24.21,0.19,67.4,1.48,99.15,21.93,华南_广西,22.81,108.32,NASA POWER API
486,486,2021-05-01,25.42,0.0,77.26,1.11,99.11,21.81,华南_广西,22.81,108.32,NASA POWER API
487,487,2021-05-02,25.22,9.36,85.78,2.42,99.03,8.57,华南_广西,22.81,108.32,NASA POWER API
488,488,2021-05-03,26.43,7.12,83.22,4.44,98.77,17.09,华南_广西,22.81,108.32,NASA POWER API
489,489,2021-05-04,26.77,11.08,83.45,2.83,98.82,17.45,华南_广西,22.81,108.32,NASA POWER API
490,490,2021-05-05,21.91,12.83,86.88,2.73,99.28,7.4,华南_广西,22.81,108.32,NASA POWER API
491,491,2021-05-06,24.69,2.18,83.82,2.07,99.26,15.57,华南_广西,22.81,108.32,NASA POWER API
492,492,2021-05-07,25.95,4.0,84.9,2.25,99.15,20.87,华南_广西,22.81,108.32,NASA POWER API
493,493,2021-05-08,27.1,1.52,80.65,2.34,98.84,24.82,华南_广西,22.81,108.32,NASA POWER API
494,494,2021-05-09,26.21,0.48,85.91,2.58,98.66,17.75,华南_广西,22.81,108.32,NASA POWER API
495,495,2021-05-10,28.45,0.01,79.34,3.95,98.44,19.31,华南_广西,22.81,108.32,NASA POWER API
496,496,2021-05-11,29.23,0.65,77.43,3.36,98.4,20.03,华南_广西,22.81,108.32,NASA POWER API
497,497,2021-05-12,28.34,3.06,82.44,3.09,98.44,18.98,华南_广西,22.81,108.32,NASA POWER API
498,498,2021-05-13,26.69,9.29,88.66,3.28,98.49,12.15,华南_广西,22.81,108.32,NASA POWER API
499,499,2021-05-14,27.84,0.94,80.72,4.04,98.47,18.54,华南_广西,22.81,108.32,NASA POWER API
500,500,2021-05-15,29.03,0.07,78.6,3.94,98.47,23.41,华南_广西,22.81,108.32,NASA POWER API
501,501,2021-05-16,29.07,1.7,79.85,3.24,98.57,18.66,华南_广西,22.81,108.32,NASA POWER API
502,502,2021-05-17,28.41,2.97,82.4,2.31,98.72,17.29,华南_广西,22.81,108.32,NASA POWER API
503,503,2021-05-18,27.29,10.29,80.0,2.53,98.72,16.95,华南_广西,22.81,108.32,NASA POWER API
504,504,2021-05-19,28.46,8.68,83.36,3.42,98.45,17.28,华南_广西,22.81,108.32,NASA POWER API
505,505,2021-05-20,26.21,10.06,83.86,2.41,98.56,8.36,华南_广西,22.81,108.32,NASA POWER API
506,506,2021-05-21,28.3,0.83,81.47,3.41,98.41,18.65,华南_广西,22.81,108.32,NASA POWER API
507,507,2021-05-22,29.89,0.03,79.39,4.03,98.23,21.73,华南_广西,22.81,108.32,NASA POWER API
508,508,2021-05-23,28.82,9.05,82.51,2.93,98.54,16.83,华南_广西,22.81,108.32,NASA POWER API
509,509,2021-05-24,24.29,10.22,80.79,3.42,99.07,11.44,华南_广西,22.81,108.32,NASA POWER API
510,510,2021-05-25,26.2,1.87,81.42,2.12,98.9,11.15,华南_广西,22.81,108.32,NASA POWER API
511,511,2021-05-26,28.14,2.11,81.21,2.32,98.69,22.17,华南_广西,22.81,108.32,NASA POWER API
512,512,2021-05-27,28.75,1.65,78.62,1.54,98.77,19.68,华南_广西,22.81,108.32,NASA POWER API
513,513,2021-05-28,29.35,0.45,76.92,1.89,98.75,19.19,华南_广西,22.81,108.32,NASA POWER API
514,514,2021-05-29,28.96,2.42,82.75,2.54,98.51,20.7,华南_广西,22.81,108.32,NASA POWER API
515,515,2021-05-30,28.13,4.29,85.02,1.19,98.36,11.33,华南_广西,22.81,108.32,NASA POWER API
516,516,2021-05-31,28.39,1.58,83.06,1.67,98.23,16.32,华南_广西,22.81,108.32,NASA POWER API
517,517,2021-06-01,29.02,11.9,86.16,2.0,98.28,14.68,华南_广西,22.81,108.32,NASA POWER API
518,518,2021-06-02,28.35,5.81,88.15,2.7,98.33,10.34,华南_广西,22.81,108.32,NASA POWER API
519,519,2021-06-03,28.63,22.46,87.24,2.58,98.39,19.08,华南_广西,22.81,108.32,NASA POWER API
520,520,2021-06-04,22.99,20.78,75.02,3.41,98.79,10.44,华南_广西,22.81,108.32,NASA POWER API
521,521,2021-06-05,25.41,0.13,68.56,1.69,98.6,27.24,华南_广西,22.81,108.32,NASA POWER API
522,522,2021-06-06,26.48,0.0,63.86,1.1,98.47,28.64,华南_广西,22.81,108.32,NASA POWER API
523,523,2021-06-07,26.9,0.0,70.97,1.48,98.6,24.01,华南_广西,22.81,108.32,NASA POWER API
524,524,2021-06-08,27.52,2.7,77.41,1.56,98.65,18.24,华南_广西,22.81,108.32,NASA POWER API
525,525,2021-06-09,28.32,6.7,81.34,1.77,98.5,19.35,华南_广西,22.81,108.32,NASA POWER API
526,526,2021-06-10,27.44,26.3,85.75,1.78,98.43,12.1,华南_广西,22.81,108.32,NASA POWER API
527,527,2021-06-11,27.44,10.19,83.17,1.5,98.48,19.48,华南_广西,22.81,108.32,NASA POWER API
528,528,2021-06-12,28.13,2.65,82.58,3.31,98.48,15.53,华南_广西,22.81,108.32,NASA POWER API
529,529,2021-06-13,27.63,5.77,85.31,3.37,98.48,17.54,华南_广西,22.81,108.32,NASA POWER API
530,530,2021-06-14,27.47,4.45,85.99,2.81,98.26,20.31,华南_广西,22.81,108.32,NASA POWER API
531,531,2021-06-15,28.33,1.81,82.3,3.35,98.06,17.95,华南_广西,22.81,108.32,NASA POWER API
532,532,2021-06-16,29.04,3.64,81.87,2.78,98.23,17.93,华南_广西,22.81,108.32,NASA POWER API
533,533,2021-06-17,28.64,0.43,85.96,2.81,98.44,22.85,华南_广西,22.81,108.32,NASA POWER API
534,534,2021-06-18,28.83,0.0,84.01,2.75,98.41,23.43,华南_广西,22.81,108.32,NASA POWER API
535,535,2021-06-19,29.67,0.51,80.1,2.47,98.19,23.69,华南_广西,22.81,108.32,NASA POWER API
536,536,2021-06-20,30.19,2.06,80.97,2.09,97.99,24.57,华南_广西,22.81,108.32,NASA POWER API
537,537,2021-06-21,29.38,14.07,84.77,1.05,98.15,16.16,华南_广西,22.81,108.32,NASA POWER API
538,538,2021-06-22,28.79,11.83,84.2,0.63,98.39,16.1,华南_广西,22.81,108.32,NASA POWER API
539,539,2021-06-23,28.2,8.33,87.12,1.81,98.43,5.31,华南_广西,22.81,108.32,NASA POWER API
540,540,2021-06-24,28.16,16.44,86.49,2.29,98.36,11.13,华南_广西,22.81,108.32,NASA POWER API
541,541,2021-06-25,28.1,4.94,85.74,2.57,98.35,14.69,华南_广西,22.81,108.32,NASA POWER API
542,542,2021-06-26,28.67,2.82,84.04,3.25,98.38,20.37,华南_广西,22.81,108.32,NASA POWER API
543,543,2021-06-27,29.25,0.96,83.25,3.2,98.27,21.33,华南_广西,22.81,108.32,NASA POWER API
544,544,2021-06-28,28.58,6.49,87.71,2.32,98.13,17.62,华南_广西,22.81,108.32,NASA POWER API
545,545,2021-06-29,28.07,12.96,90.88,2.08,98.17,8.62,华南_广西,22.81,108.32,NASA POWER API
546,546,2021-06-30,27.76,17.55,91.47,2.4,98.23,6.51,华南_广西,22.81,108.32,NASA POWER API
547,547,2021-07-01,28.13,6.6,88.89,3.36,98.17,17.29,华南_广西,22.81,108.32,NASA POWER API
548,548,2021-07-02,28.33,2.95,88.85,2.86,98.24,17.86,华南_广西,22.81,108.32,NASA POWER API
549,549,2021-07-03,28.44,10.58,88.92,1.88,98.29,20.46,华南_广西,22.81,108.32,NASA POWER API
550,550,2021-07-04,28.44,3.86,88.98,2.11,98.45,16.42,华南_广西,22.81,108.32,NASA POWER API
551,551,2021-07-05,28.58,1.9,84.22,2.44,98.54,22.63,华南_广西,22.81,108.32,NASA POWER API
552,552,2021-07-06,28.13,0.07,83.14,1.62,98.54,24.64,华南_广西,22.81,108.32,NASA POWER API
553,553,2021-07-07,28.27,4.46,85.16,2.27,98.63,19.81,华南_广西,22.81,108.32,NASA POWER API
554,554,2021-07-08,27.93,5.48,84.1,3.61,98.79,18.54,华南_广西,22.81,108.32,NASA POWER API
555,555,2021-07-09,27.8,2.21,83.56,2.62,98.92,22.77,华南_广西,22.81,108.32,NASA POWER API
556,556,2021-07-10,28.26,0.19,80.81,1.83,98.87,22.59,华南_广西,22.81,108.32,NASA POWER API
557,557,2021-07-11,28.06,2.83,82.37,2.05,98.91,20.28,华南_广西,22.81,108.32,NASA POWER API
558,558,2021-07-12,28.33,0.09,80.45,2.66,98.81,24.72,华南_广西,22.81,108.32,NASA POWER API
559,559,2021-07-13,28.78,0.03,78.32,2.88,98.61,24.5,华南_广西,22.81,108.32,NASA POWER API
560,560,2021-07-14,28.93,0.24,78.99,2.63,98.61,20.31,华南_广西,22.81,108.32,NASA POWER API
561,561,2021-07-15,28.83,3.83,79.55,2.1,98.75,23.83,华南_广西,22.81,108.32,NASA POWER API
562,562,2021-07-16,29.37,0.36,73.58,1.77,98.75,25.6,华南_广西,22.81,108.32,NASA POWER API
563,563,2021-07-17,29.92,1.28,73.16,1.96,98.42,24.09,华南_广西,22.81,108.32,NASA POWER API
564,564,2021-07-18,29.78,0.92,74.29,1.75,98.26,21.1,华南_广西,22.81,108.32,NASA POWER API
565,565,2021-07-19,29.49,0.66,74.26,0.93,98.27,19.02,华南_广西,22.81,108.32,NASA POWER API
566,566,2021-07-20,29.62,2.03,71.69,1.37,98.31,21.76,华南_广西,22.81,108.32,NASA POWER API
567,567,2021-07-21,27.79,32.38,82.32,1.05,98.2,8.08,华南_广西,22.81,108.32,NASA POWER API
568,568,2021-07-22,26.95,62.48,90.47,2.21,97.93,6.86,华南_广西,22.81,108.32,NASA POWER API
569,569,2021-07-23,28.1,14.43,86.42,2.81,97.89,16.64,华南_广西,22.81,108.32,NASA POWER API
570,570,2021-07-24,29.12,2.59,79.84,1.95,97.96,24.39,华南_广西,22.81,108.32,NASA POWER API
571,571,2021-07-25,28.68,9.7,83.17,1.45,98.03,17.12,华南_广西,22.81,108.32,NASA POWER API
572,572,2021-07-26,29.26,0.44,79.14,1.09,97.92,24.33,华南_广西,22.81,108.32,NASA POWER API
573,573,2021-07-27,29.61,0.77,80.72,0.93,97.81,22.1,华南_广西,22.81,108.32,NASA POWER API
574,574,2021-07-28,29.21,4.63,85.12,1.22,97.82,18.79,华南_广西,22.81,108.32,NASA POWER API
575,575,2021-07-29,28.81,2.07,85.61,1.0,97.94,22.54,华南_广西,22.81,108.32,NASA POWER API
576,576,2021-07-30,29.07,0.3,83.37,1.25,98.03,22.75,华南_广西,22.81,108.32,NASA POWER API
577,577,2021-07-31,28.89,20.68,87.58,1.05,97.98,17.87,华南_广西,22.81,108.32,NASA POWER API
578,578,2021-08-01,28.06,15.15,87.48,0.84,97.87,7.58,华南_广西,22.81,108.32,NASA POWER API
579,579,2021-08-02,28.95,10.8,80.52,1.07,97.91,19.85,华南_广西,22.81,108.32,NASA POWER API
580,580,2021-08-03,29.0,19.89,82.34,1.67,97.98,17.86,华南_广西,22.81,108.32,NASA POWER API
581,581,2021-08-04,30.03,7.07,77.87,1.36,98.03,21.29,华南_广西,22.81,108.32,NASA POWER API
582,582,2021-08-05,29.22,0.98,79.63,1.66,97.9,21.24,华南_广西,22.81,108.32,NASA POWER API
583,583,2021-08-06,28.27,0.85,84.97,0.99,98.01,14.31,华南_广西,22.81,108.32,NASA POWER API
584,584,2021-08-07,28.65,8.3,91.64,1.39,98.15,17.97,华南_广西,22.81,108.32,NASA POWER API
585,585,2021-08-08,29.3,1.88,84.58,1.63,98.29,18.57,华南_广西,22.81,108.32,NASA POWER API
586,586,2021-08-09,28.82,8.42,88.24,1.7,98.3,12.59,华南_广西,22.81,108.32,NASA POWER API
587,587,2021-08-10,28.3,7.87,87.74,2.05,98.35,12.08,华南_广西,22.81,108.32,NASA POWER API
588,588,2021-08-11,28.21,8.19,88.78,2.72,98.57,19.39,华南_广西,22.81,108.32,NASA POWER API
589,589,2021-08-12,27.72,3.58,89.98,2.36,98.67,21.19,华南_广西,22.81,108.32,NASA POWER API
590,590,2021-08-13,28.06,4.58,88.87,2.7,98.34,15.6,华南_广西,22.81,108.32,NASA POWER API
591,591,2021-08-14,27.79,14.75,90.37,3.16,98.3,6.42,华南_广西,22.81,108.32,NASA POWER API
592,592,2021-08-15,27.41,24.85,89.02,2.91,98.7,12.96,华南_广西,22.81,108.32,NASA POWER API
593,593,2021-08-16,27.58,5.67,88.67,2.76,98.98,12.94,华南_广西,22.81,108.32,NASA POWER API
594,594,2021-08-17,27.92,1.12,87.29,2.25,98.88,22.37,华南_广西,22.81,108.32,NASA POWER API
595,595,2021-08-18,27.95,1.24,88.13,1.92,98.68,20.75,华南_广西,22.81,108.32,NASA POWER API
596,596,2021-08-19,27.17,2.74,90.17,2.05,98.71,19.53,华南_广西,22.81,108.32,NASA POWER API
597,597,2021-08-20,27.78,1.25,86.36,2.0,98.81,23.37,华南_广西,22.81,108.32,NASA POWER API
598,598,2021-08-21,28.24,0.27,84.97,2.39,98.7,22.76,华南_广西,22.81,108.32,NASA POWER API
599,599,2021-08-22,28.41,0.09,86.12,3.04,98.45,22.69,华南_广西,22.81,108.32,NASA POWER API
600,600,2021-08-23,28.57,0.78,86.61,3.3,98.41,20.91,华南_广西,22.81,108.32,NASA POWER API
601,601,2021-08-24,28.2,1.39,86.69,2.39,98.53,18.54,华南_广西,22.81,108.32,NASA POWER API
602,602,2021-08-25,28.06,1.13,86.04,2.19,98.65,21.21,华南_广西,22.81,108.32,NASA POWER API
603,603,2021-08-26,27.68,4.09,85.76,2.24,98.87,19.53,华南_广西,22.81,108.32,NASA POWER API
604,604,2021-08-27,26.86,1.88,86.08,1.64,99.0,20.03,华南_广西,22.81,108.32,NASA POWER API
605,605,2021-08-28,26.75,2.89,83.98,2.17,98.99,15.97,华南_广西,22.81,108.32,NASA POWER API
606,606,2021-08-29,26.68,0.33,84.17,1.41,99.0,20.79,华南_广西,22.81,108.32,NASA POWER API
607,607,2021-08-30,26.45,1.5,88.34,1.57,99.01,18.45,华南_广西,22.81,108.32,NASA POWER API
608,608,2021-08-31,27.21,2.89,83.89,1.43,99.01,22.48,华南_广西,22.81,108.32,NASA POWER API
609,609,2021-09-01,27.36,3.31,82.18,1.0,98.92,19.09,华南_广西,22.81,108.32,NASA POWER API
610,610,2021-09-02,27.55,2.78,82.74,1.32,98.8,16.67,华南_广西,22.81,108.32,NASA POWER API
611,611,2021-09-03,27.75,0.75,83.86,1.76,98.6,19.32,华南_广西,22.81,108.32,NASA POWER API
612,612,2021-09-04,28.03,0.58,82.48,1.68,98.62,19.7,华南_广西,22.81,108.32,NASA POWER API
613,613,2021-09-05,27.87,5.35,85.13,1.72,98.85,19.01,华南_广西,22.81,108.32,NASA POWER API
614,614,2021-09-06,28.37,2.02,78.76,0.91,99.07,22.1,华南_广西,22.81,108.32,NASA POWER API
615,615,2021-09-07,27.2,33.62,88.27,2.33,99.04,12.23,华南_广西,22.81,108.32,NASA POWER API
616,616,2021-09-08,27.23,2.51,82.91,2.15,98.94,19.43,华南_广西,22.81,108.32,NASA POWER API
617,617,2021-09-09,28.59,0.49,77.53,0.88,98.95,20.71,华南_广西,22.81,108.32,NASA POWER API
618,618,2021-09-10,29.22,0.0,75.96,1.27,98.82,21.05,华南_广西,22.81,108.32,NASA POWER API
619,619,2021-09-11,29.32,0.41,76.89,0.79,98.56,21.3,华南_广西,22.81,108.32,NASA POWER API
620,620,2021-09-12,29.91,0.03,76.65,1.05,98.31,19.72,华南_广西,22.81,108.32,NASA POWER API
621,621,2021-09-13,28.74,3.74,78.93,1.71,98.62,16.4,华南_广西,22.81,108.32,NASA POWER API
622,622,2021-09-14,26.99,13.7,88.18,1.16,99.08,12.3,华南_广西,22.81,108.32,NASA POWER API
623,623,2021-09-15,26.19,17.48,91.47,1.32,99.19,7.03,华南_广西,22.81,108.32,NASA POWER API
624,624,2021-09-16,26.71,10.95,83.91,1.28,98.99,16.75,华南_广西,22.81,108.32,NASA POWER API
625,625,2021-09-17,26.87,5.06,86.11,1.65,98.88,18.2,华南_广西,22.81,108.32,NASA POWER API
626,626,2021-09-18,26.79,0.39,87.52,2.05,98.94,18.1,华南_广西,22.81,108.32,NASA POWER API
627,627,2021-09-19,26.44,5.86,90.05,1.49,99.04,18.57,华南_广西,22.81,108.32,NASA POWER API
628,628,2021-09-20,27.29,5.96,82.69,1.12,99.03,20.38,华南_广西,22.81,108.32,NASA POWER API
629,629,2021-09-21,26.88,1.35,83.02,1.16,98.95,15.27,华南_广西,22.81,108.32,NASA POWER API
630,630,2021-09-22,26.31,1.92,86.35,1.15,98.98,15.9,华南_广西,22.81,108.32,NASA POWER API
631,631,2021-09-23,26.12,8.09,88.75,1.29,99.19,18.11,华南_广西,22.81,108.32,NASA POWER API
632,632,2021-09-24,26.15,10.01,88.4,1.49,99.27,16.21,华南_广西,22.81,108.32,NASA POWER API
633,633,2021-09-25,26.67,3.67,86.37,1.57,99.23,19.34,华南_广西,22.81,108.32,NASA POWER API
634,634,2021-09-26,26.61,0.4,83.7,1.04,99.2,19.66,华南_广西,22.81,108.32,NASA POWER API
635,635,2021-09-27,26.83,0.21,80.75,1.05,99.1,22.09,华南_广西,22.81,108.32,NASA POWER API
636,636,2021-09-28,27.27,0.0,79.57,1.26,98.96,22.37,华南_广西,22.81,108.32,NASA POWER API
637,637,2021-09-29,27.92,0.01,78.66,1.02,98.84,22.17,华南_广西,22.81,108.32,NASA POWER API
638,638,2021-09-30,27.96,0.0,78.56,1.27,98.87,21.65,华南_广西,22.81,108.32,NASA POWER API
639,639,2021-10-01,27.44,0.0,78.68,1.37,98.9,21.43,华南_广西,22.81,108.32,NASA POWER API
640,640,2021-10-02,26.93,0.05,79.06,1.74,98.99,20.05,华南_广西,22.81,108.32,NASA POWER API
641,641,2021-10-03,26.3,0.24,83.75,2.08,99.05,20.62,华南_广西,22.81,108.32,NASA POWER API
642,642,2021-10-04,26.74,1.59,82.85,1.87,99.17,18.22,华南_广西,22.81,108.32,NASA POWER API
643,643,2021-10-05,27.45,0.02,77.37,1.44,99.14,19.04,华南_广西,22.81,108.32,NASA POWER API
644,644,2021-10-06,28.28,0.19,74.86,1.25,98.85,19.7,华南_广西,22.81,108.32,NASA POWER API
645,645,2021-10-07,27.81,0.14,66.67,3.35,98.68,21.76,华南_广西,22.81,108.32,NASA POWER API
646,646,2021-10-08,25.17,0.43,66.91,5.32,98.65,14.11,华南_广西,22.81,108.32,NASA POWER API
647,647,2021-10-09,22.44,16.66,80.79,6.6,98.54,4.96,华南_广西,22.81,108.32,NASA POWER API
648,648,2021-10-10,24.03,18.27,84.7,6.95,98.6,5.55,华南_广西,22.81,108.32,NASA POWER API
649,649,2021-10-11,21.05,18.77,74.83,5.43,99.15,12.89,华南_广西,22.81,108.32,NASA POWER API
650,650,2021-10-12,19.63,0.0,67.5,5.43,99.1,19.83,华南_广西,22.81,108.32,NASA POWER API
651,651,2021-10-13,20.5,2.03,70.57,7.28,98.76,6.63,华南_广西,22.81,108.32,NASA POWER API
652,652,2021-10-14,20.7,7.6,82.98,6.02,99.03,5.59,华南_广西,22.81,108.32,NASA POWER API
653,653,2021-10-15,21.31,1.28,81.03,4.07,99.33,9.84,华南_广西,22.81,108.32,NASA POWER API
654,654,2021-10-16,17.78,10.83,78.59,5.6,99.91,6.43,华南_广西,22.81,108.32,NASA POWER API
655,655,2021-10-17,17.96,0.16,73.87,4.76,100.12,10.33,华南_广西,22.81,108.32,NASA POWER API
656,656,2021-10-18,18.71,0.57,75.81,2.31,99.9,7.84,华南_广西,22.81,108.32,NASA POWER API
657,657,2021-10-19,22.13,0.89,85.69,1.65,99.68,11.0,华南_广西,22.81,108.32,NASA POWER API
658,658,2021-10-20,25.07,9.21,88.19,2.76,99.33,11.36,华南_广西,22.81,108.32,NASA POWER API
659,659,2021-10-21,17.17,13.88,78.43,4.77,99.81,7.91,华南_广西,22.81,108.32,NASA POWER API
660,660,2021-10-22,16.07,0.8,71.46,3.9,100.17,8.18,华南_广西,22.81,108.32,NASA POWER API
661,661,2021-10-23,16.9,0.02,74.79,2.44,100.17,15.85,华南_广西,22.81,108.32,NASA POWER API
662,662,2021-10-24,18.08,0.0,71.54,2.58,100.05,18.83,华南_广西,22.81,108.32,NASA POWER API
663,663,2021-10-25,18.6,0.0,69.0,1.84,99.74,19.84,华南_广西,22.81,108.32,NASA POWER API
664,664,2021-10-26,20.24,0.0,72.37,1.87,99.64,19.94,华南_广西,22.81,108.32,NASA POWER API
665,665,2021-10-27,20.78,0.01,71.31,2.83,99.75,18.07,华南_广西,22.81,108.32,NASA POWER API
666,666,2021-10-28,20.92,1.37,79.25,2.35,99.78,5.48,华南_广西,22.81,108.32,NASA POWER API
667,667,2021-10-29,20.68,7.55,86.51,2.5,99.84,7.02,华南_广西,22.81,108.32,NASA POWER API
668,668,2021-10-30,18.61,7.21,88.09,2.46,99.93,4.11,华南_广西,22.81,108.32,NASA POWER API
669,669,2021-10-31,19.59,4.68,90.94,1.62,99.79,3.64,华南_广西,22.81,108.32,NASA POWER API
670,670,2021-11-01,20.04,2.63,87.19,2.14,99.78,3.45,华南_广西,22.81,108.32,NASA POWER API
671,671,2021-11-02,19.85,2.84,87.87,2.29,99.79,5.45,华南_广西,22.81,108.32,NASA POWER API
672,672,2021-11-03,20.56,1.26,87.86,1.39,99.6,4.67,华南_广西,22.81,108.32,NASA POWER API
673,673,2021-11-04,23.54,2.58,88.35,2.53,99.23,8.7,华南_广西,22.81,108.32,NASA POWER API
674,674,2021-11-05,24.57,0.54,86.02,3.07,98.96,14.49,华南_广西,22.81,108.32,NASA POWER API
675,675,2021-11-06,24.84,0.0,86.63,2.4,98.84,12.45,华南_广西,22.81,108.32,NASA POWER API
676,676,2021-11-07,19.05,1.0,75.58,4.66,99.54,13.06,华南_广西,22.81,108.32,NASA POWER API
677,677,2021-11-08,13.57,0.09,52.42,4.63,100.22,10.73,华南_广西,22.81,108.32,NASA POWER API
678,678,2021-11-09,13.76,0.0,56.02,2.61,100.16,18.88,华南_广西,22.81,108.32,NASA POWER API
679,679,2021-11-10,15.49,0.0,59.85,2.39,100.0,18.38,华南_广西,22.81,108.32,NASA POWER API
680,680,2021-11-11,17.06,0.01,63.13,1.79,99.77,16.74,华南_广西,22.81,108.32,NASA POWER API
681,681,2021-11-12,17.22,0.13,63.21,3.03,100.01,11.94,华南_广西,22.81,108.32,NASA POWER API
682,682,2021-11-13,16.46,0.0,64.46,2.42,99.95,17.91,华南_广西,22.81,108.32,NASA POWER API
683,683,2021-11-14,17.65,1.02,66.01,1.52,99.77,16.91,华南_广西,22.81,108.32,NASA POWER API
684,684,2021-11-15,17.93,1.42,80.63,1.73,99.65,9.02,华南_广西,22.81,108.32,NASA POWER API
685,685,2021-11-16,19.24,1.44,81.32,1.63,99.6,6.41,华南_广西,22.81,108.32,NASA POWER API
686,686,2021-11-17,17.43,4.14,82.85,3.07,99.89,3.53,华南_广西,22.81,108.32,NASA POWER API
687,687,2021-11-18,17.66,0.19,73.41,1.86,99.55,10.41,华南_广西,22.81,108.32,NASA POWER API
688,688,2021-11-19,18.61,1.35,84.48,1.66,99.11,5.99,华南_广西,22.81,108.32,NASA POWER API
689,689,2021-11-20,21.52,3.73,88.97,2.75,99.0,6.31,华南_广西,22.81,108.32,NASA POWER API
690,690,2021-11-21,21.07,2.96,85.85,2.3,99.4,9.85,华南_广西,22.81,108.32,NASA POWER API
691,691,2021-11-22,14.32,1.6,65.87,4.94,100.12,9.94,华南_广西,22.81,108.32,NASA POWER API
692,692,2021-11-23,12.52,0.01,55.12,3.2,100.27,12.08,华南_广西,22.81,108.32,NASA POWER API
693,693,2021-11-24,13.71,1.14,69.19,2.14,100.13,12.67,华南_广西,22.81,108.32,NASA POWER API
694,694,2021-11-25,16.36,0.09,66.34,1.85,99.9,13.89,华南_广西,22.81,108.32,NASA POWER API
695,695,2021-11-26,16.39,0.68,62.14,2.45,99.93,15.3,华南_广西,22.81,108.32,NASA POWER API
696,696,2021-11-27,16.92,0.0,59.81,2.44,100.06,13.27,华南_广西,22.81,108.32,NASA POWER API
697,697,2021-11-28,17.4,0.0,61.47,2.25,99.98,16.91,华南_广西,22.81,108.32,NASA POWER API
698,698,2021-11-29,17.77,0.0,66.37,2.58,99.94,17.24,华南_广西,22.81,108.32,NASA POWER API
699,699,2021-11-30,15.26,0.0,60.18,4.34,100.31,16.23,华南_广西,22.81,108.32,NASA POWER API
700,700,2021-12-01,12.77,0.0,53.29,2.65,100.34,17.83,华南_广西,22.81,108.32,NASA POWER API
701,701,2021-12-02,12.94,0.0,54.39,2.32,100.29,17.71,华南_广西,22.81,108.32,NASA POWER API
702,702,2021-12-03,14.16,0.0,58.24,1.86,100.2,17.14,华南_广西,22.81,108.32,NASA POWER API
703,703,2021-12-04,14.27,0.0,54.93,1.84,100.18,17.26,华南_广西,22.81,108.32,NASA POWER API
704,704,2021-12-05,14.02,0.0,55.41,2.11,100.14,17.04,华南_广西,22.81,108.32,NASA POWER API
705,705,2021-12-06,14.49,0.0,56.47,2.01,100.09,17.38,华南_广西,22.81,108.32,NASA POWER API
706,706,2021-12-07,14.72,0.0,55.6,1.85,100.07,17.37,华南_广西,22.81,108.32,NASA POWER API
707,707,2021-12-08,16.15,0.07,65.37,1.63,100.17,11.64,华南_广西,22.81,108.32,NASA POWER API
708,708,2021-12-09,17.08,0.18,68.84,1.8,100.24,12.32,华南_广西,22.81,108.32,NASA POWER API
709,709,2021-12-10,18.41,0.04,73.09,1.46,99.94,12.92,华南_广西,22.81,108.32,NASA POWER API
710,710,2021-12-11,19.51,0.0,73.78,1.34,99.97,10.17,华南_广西,22.81,108.32,NASA POWER API
711,711,2021-12-12,15.36,0.18,70.53,4.25,100.39,11.26,华南_广西,22.81,108.32,NASA POWER API
712,712,2021-12-13,14.37,0.0,66.81,2.84,100.25,15.25,华南_广西,22.81,108.32,NASA POWER API
713,713,2021-12-14,15.49,0.0,76.58,1.52,99.73,15.45,华南_广西,22.81,108.32,NASA POWER API
714,714,2021-12-15,17.5,0.0,81.83,1.85,99.44,10.08,华南_广西,22.81,108.32,NASA POWER API
715,715,2021-12-16,19.86,0.0,75.56,1.51,99.6,10.5,华南_广西,22.81,108.32,NASA POWER API
716,716,2021-12-17,15.52,0.0,54.42,4.84,100.24,13.45,华南_广西,22.81,108.32,NASA POWER API
717,717,2021-12-18,12.61,0.0,50.6,3.93,100.47,15.26,华南_广西,22.81,108.32,NASA POWER API
718,718,2021-12-19,12.9,0.0,53.22,2.65,100.21,12.83,华南_广西,22.81,108.32,NASA POWER API
719,719,2021-12-20,13.36,1.28,67.23,2.66,99.88,4.63,华南_广西,22.81,108.32,NASA POWER API
720,720,2021-12-21,15.12,0.69,69.89,2.49,99.7,11.1,华南_广西,22.81,108.32,NASA POWER API
721,721,2021-12-22,15.36,0.05,67.82,1.81,99.68,10.92,华南_广西,22.81,108.32,NASA POWER API
722,722,2021-12-23,16.31,0.0,68.42,1.29,99.5,14.71,华南_广西,22.81,108.32,NASA POWER API
723,723,2021-12-24,17.65,0.44,80.32,1.26,99.63,11.73,华南_广西,22.81,108.32,NASA POWER API
724,724,2021-12-25,13.8,1.07,70.74,4.05,100.18,8.23,华南_广西,22.81,108.32,NASA POWER API
725,725,2021-12-26,7.81,1.94,70.65,5.05,100.73,4.9,华南_广西,22.81,108.32,NASA POWER API
726,726,2021-12-27,6.07,0.13,64.29,3.96,100.87,2.73,华南_广西,22.81,108.32,NASA POWER API
727,727,2021-12-28,8.26,0.56,71.82,2.16,100.5,4.98,华南_广西,22.81,108.32,NASA POWER API
728,728,2021-12-29,10.42,1.0,74.94,3.12,100.53,4.87,华南_广西,22.81,108.32,NASA POWER API
729,729,2021-12-30,11.61,0.14,65.66,3.25,100.63,8.54,华南_广西,22.81,108.32,NASA POWER API
730,730,2021-12-31,13.17,0.07,67.99,2.26,100.45,5.89,华南_广西,22.81,108.32,NASA POWER API
731,731,2022-01-01,12.2,0.71,75.0,2.75,100.49,4.9,华南_广西,22.81,108.32,NASA POWER API
732,732,2022-01-02,14.43,0.15,70.89,1.89,100.22,7.53,华南_广西,22.81,108.32,NASA POWER API
733,733,2022-01-03,16.08,0.0,76.06,1.64,99.94,13.86,华南_广西,22.81,108.32,NASA POWER API
734,734,2022-01-04,17.69,0.0,80.04,2.08,99.72,8.98,华南_广西,22.81,108.32,NASA POWER API
735,735,2022-01-05,18.21,0.0,81.76,1.27,99.6,8.94,华南_广西,22.81,108.32,NASA POWER API
736,736,2022-01-06,15.42,0.01,76.0,3.07,99.88,8.56,华南_广西,22.81,108.32,NASA POWER API
737,737,2022-01-07,13.11,0.13,69.62,3.12,100.17,8.01,华南_广西,22.81,108.32,NASA POWER API
738,738,2022-01-08,11.31,0.75,78.78,2.86,100.08,5.28,华南_广西,22.81,108.32,NASA POWER API
739,739,2022-01-09,11.68,0.66,76.91,2.66,99.88,2.99,华南_广西,22.81,108.32,NASA POWER API
740,740,2022-01-10,11.83,1.44,82.51,2.29,99.87,2.25,华南_广西,22.81,108.32,NASA POWER API
741,741,2022-01-11,11.79,0.0,65.67,3.0,100.16,10.65,华南_广西,22.81,108.32,NASA POWER API
742,742,2022-01-12,12.18,0.06,68.46,1.81,100.0,4.9,华南_广西,22.81,108.32,NASA POWER API
743,743,2022-01-13,13.64,0.08,65.08,2.97,100.16,5.0,华南_广西,22.81,108.32,NASA POWER API
744,744,2022-01-14,14.64,0.68,79.05,2.18,99.78,4.0,华南_广西,22.81,108.32,NASA POWER API
745,745,2022-01-15,18.26,1.43,85.61,1.73,99.68,3.38,华南_广西,22.81,108.32,NASA POWER API
746,746,2022-01-16,12.74,7.11,83.47,3.5,100.0,2.18,华南_广西,22.81,108.32,NASA POWER API
747,747,2022-01-17,10.83,12.18,80.2,3.68,100.22,4.04,华南_广西,22.81,108.32,NASA POWER API
748,748,2022-01-18,11.91,0.0,74.84,2.74,100.18,14.55,华南_广西,22.81,108.32,NASA POWER API
749,749,2022-01-19,12.37,0.32,73.03,2.09,99.93,17.01,华南_广西,22.81,108.32,NASA POWER API
750,750,2022-01-20,14.13,1.51,73.97,1.44,99.65,5.37,华南_广西,22.81,108.32,NASA POWER API
751,751,2022-01-21,16.44,10.84,82.12,1.97,99.52,7.17,华南_广西,22.81,108.32,NASA POWER API
752,752,2022-01-22,18.69,5.57,86.09,3.26,99.07,3.43,华南_广西,22.81,108.32,NASA POWER API
753,753,2022-01-23,20.2,2.72,78.89,2.02,99.08,7.49,华南_广西,22.81,108.32,NASA POWER API
754,754,2022-01-24,15.27,0.14,71.5,3.15,99.42,5.58,华南_广西,22.81,108.32,NASA POWER API
755,755,2022-01-25,14.64,0.26,75.96,2.37,99.54,3.96,华南_广西,22.81,108.32,NASA POWER API
756,756,2022-01-26,18.03,0.77,83.11,2.96,99.42,5.32,华南_广西,22.81,108.32,NASA POWER API
757,757,2022-01-27,20.36,1.18,82.53,2.79,99.43,9.75,华南_广西,22.81,108.32,NASA POWER API
758,758,2022-01-28,13.9,1.57,76.59,3.93,99.58,6.24,华南_广西,22.81,108.32,NASA POWER API
759,759,2022-01-29,9.06,5.01,67.66,4.84,99.73,3.81,华南_广西,22.81,108.32,NASA POWER API
760,760,2022-01-30,8.63,5.18,67.4,3.62,99.86,9.06,华南_广西,22.81,108.32,NASA POWER API
761,761,2022-01-31,7.73,4.67,78.4,4.27,100.04,3.89,华南_广西,22.81,108.32,NASA POWER API
762,762,2022-02-01,9.89,0.48,69.88,3.65,99.96,3.61,华南_广西,22.81,108.32,NASA POWER API
763,763,2022-02-02,8.9,4.18,74.57,4.52,100.1,3.27,华南_广西,22.81,108.32,NASA POWER API
764,764,2022-02-03,9.72,2.22,68.36,3.54,100.1,8.66,华南_广西,22.81,108.32,NASA POWER API
765,765,2022-02-04,10.34,0.16,67.4,3.57,100.29,14.13,华南_广西,22.81,108.32,NASA POWER API
766,766,2022-02-05,11.09,2.46,67.09,2.81,100.29,12.09,华南_广西,22.81,108.32,NASA POWER API
767,767,2022-02-06,12.0,8.42,86.28,2.65,99.87,3.1,华南_广西,22.81,108.32,NASA POWER API
768,768,2022-02-07,13.72,3.2,82.95,2.47,99.61,3.95,华南_广西,22.81,108.32,NASA POWER API
769,769,2022-02-08,10.16,1.21,70.18,4.56,99.91,3.47,华南_广西,22.81,108.32,NASA POWER API
770,770,2022-02-09,9.05,1.55,73.55,3.48,100.02,4.9,华南_广西,22.81,108.32,NASA POWER API
771,771,2022-02-10,11.51,0.92,84.95,1.54,99.66,3.8,华南_广西,22.81,108.32,NASA POWER API
772,772,2022-02-11,14.44,1.17,86.1,2.3,99.55,3.75,华南_广西,22.81,108.32,NASA POWER API
773,773,2022-02-12,11.46,3.31,83.02,3.34,99.6,5.08,华南_广西,22.81,108.32,NASA POWER API
774,774,2022-02-13,9.49,10.78,83.98,3.93,99.68,2.58,华南_广西,22.81,108.32,NASA POWER API
775,775,2022-02-14,11.35,0.12,75.44,2.57,99.8,12.67,华南_广西,22.81,108.32,NASA POWER API
776,776,2022-02-15,13.94,0.65,75.68,1.81,99.68,4.13,华南_广西,22.81,108.32,NASA POWER API
777,777,2022-02-16,16.72,5.37,87.23,2.62,99.25,3.75,华南_广西,22.81,108.32,NASA POWER API
778,778,2022-02-17,20.35,5.02,86.57,2.8,98.93,4.66,华南_广西,22.81,108.32,NASA POWER API
779,779,2022-02-18,12.81,15.15,83.11,4.55,99.38,3.27,华南_广西,22.81,108.32,NASA POWER API
780,780,2022-02-19,6.62,44.47,83.16,6.27,100.14,3.61,华南_广西,22.81,108.32,NASA POWER API
781,781,2022-02-20,3.3,38.47,88.86,5.09,100.38,4.77,华南_广西,22.81,108.32,NASA POWER API
782,782,2022-02-21,5.92,2.77,79.83,4.14,100.42,5.97,华南_广西,22.81,108.32,NASA POWER API
783,783,2022-02-22,5.73,2.1,80.21,4.38,100.56,5.07,华南_广西,22.81,108.32,NASA POWER API
784,784,2022-02-23,7.01,0.01,76.87,4.2,100.72,16.67,华南_广西,22.81,108.32,NASA POWER API
785,785,2022-02-24,9.05,0.0,75.7,2.74,100.67,20.89,华南_广西,22.81,108.32,NASA POWER API
786,786,2022-02-25,10.77,0.0,77.57,1.67,100.34,20.64,华南_广西,22.81,108.32,NASA POWER API
787,787,2022-02-26,12.45,0.0,80.84,1.8,100.22,9.66,华南_广西,22.81,108.32,NASA POWER API
788,788,2022-02-27,14.97,0.0,82.66,1.82,99.76,17.09,华南_广西,22.81,108.32,NASA POWER API
789,789,2022-02-28,17.25,0.0,85.08,2.74,99.51,15.23,华南_广西,22.81,108.32,NASA POWER API
790,790,2022-03-01,18.53,0.05,85.12,1.57,99.67,9.66,华南_广西,22.81,108.32,NASA POWER API
791,791,2022-03-02,18.05,0.0,78.23,2.1,99.68,17.43,华南_广西,22.81,108.32,NASA POWER API
792,792,2022-03-03,20.28,0.0,83.79,2.99,99.32,15.51,华南_广西,22.81,108.32,NASA POWER API
793,793,2022-03-04,20.6,0.0,85.2,2.38,99.25,9.08,华南_广西,22.81,108.32,NASA POWER API
794,794,2022-03-05,20.93,0.01,86.38,2.05,99.16,9.14,华南_广西,22.81,108.32,NASA POWER API
795,795,2022-03-06,21.45,6.46,86.96,2.47,99.21,6.99,华南_广西,22.81,108.32,NASA POWER API
796,796,2022-03-07,17.93,2.7,71.8,3.95,99.9,19.37,华南_广西,22.81,108.32,NASA POWER API
797,797,2022-03-08,16.49,2.15,71.15,2.47,99.55,24.36,华南_广西,22.81,108.32,NASA POWER API
798,798,2022-03-09,16.96,0.02,81.31,2.93,99.37,19.66,华南_广西,22.81,108.32,NASA POWER API
799,799,2022-03-10,19.25,0.04,83.39,2.51,99.36,9.45,华南_广西,22.81,108.32,NASA POWER API
800,800,2022-03-11,20.42,0.01,82.9,2.38,99.18,12.52,华南_广西,22.81,108.32,NASA POWER API
801,801,2022-03-12,21.29,0.0,82.28,3.53,99.07,9.6,华南_广西,22.81,108.32,NASA POWER API
802,802,2022-03-13,22.25,0.0,83.71,3.05,99.05,8.02,华南_广西,22.81,108.32,NASA POWER API
803,803,2022-03-14,22.67,0.0,84.78,2.26,99.06,9.26,华南_广西,22.81,108.32,NASA POWER API
804,804,2022-03-15,23.52,0.08,82.15,1.33,98.96,11.44,华南_广西,22.81,108.32,NASA POWER API
805,805,2022-03-16,21.36,2.24,89.19,2.95,98.81,7.19,华南_广西,22.81,108.32,NASA POWER API
806,806,2022-03-17,23.37,1.68,82.44,2.32,98.78,14.16,华南_广西,22.81,108.32,NASA POWER API
807,807,2022-03-18,22.09,1.96,84.15,1.78,98.88,12.03,华南_广西,22.81,108.32,NASA POWER API
808,808,2022-03-19,23.88,0.14,82.67,2.84,98.64,13.74,华南_广西,22.81,108.32,NASA POWER API
809,809,2022-03-20,24.26,0.01,82.81,4.02,98.69,9.52,华南_广西,22.81,108.32,NASA POWER API
810,810,2022-03-21,25.8,0.21,81.41,4.61,98.76,13.07,华南_广西,22.81,108.32,NASA POWER API
811,811,2022-03-22,21.96,9.38,82.34,3.73,99.16,10.2,华南_广西,22.81,108.32,NASA POWER API
812,812,2022-03-23,14.0,31.48,84.25,3.82,99.62,5.93,华南_广西,22.81,108.32,NASA POWER API
813,813,2022-03-24,17.74,10.62,88.31,2.82,99.04,5.69,华南_广西,22.81,108.32,NASA POWER API
814,814,2022-03-25,24.81,1.18,84.03,4.12,98.56,16.26,华南_广西,22.81,108.32,NASA POWER API
815,815,2022-03-26,22.86,1.06,80.92,2.97,98.96,16.38,华南_广西,22.81,108.32,NASA POWER API
816,816,2022-03-27,17.46,0.44,71.07,4.7,99.64,11.41,华南_广西,22.81,108.32,NASA POWER API
817,817,2022-03-28,17.31,3.14,76.57,2.46,99.65,19.07,华南_广西,22.81,108.32,NASA POWER API
818,818,2022-03-29,19.71,2.4,84.96,2.76,99.39,6.1,华南_广西,22.81,108.32,NASA POWER API
819,819,2022-03-30,23.15,2.54,84.73,3.32,99.33,5.4,华南_广西,22.81,108.32,NASA POWER API
820,820,2022-03-31,23.03,4.05,80.22,2.69,99.59,8.8,华南_广西,22.81,108.32,NASA POWER API
821,821,2022-04-01,15.98,7.15,74.13,5.95,100.35,5.27,华南_广西,22.81,108.32,NASA POWER API
822,822,2022-04-02,14.81,0.67,69.13,4.6,100.5,11.84,华南_广西,22.81,108.32,NASA POWER API
823,823,2022-04-03,16.54,0.0,62.4,2.64,100.14,26.38,华南_广西,22.81,108.32,NASA POWER API
824,824,2022-04-04,18.75,0.0,62.03,1.64,100.01,26.12,华南_广西,22.81,108.32,NASA POWER API
825,825,2022-04-05,20.53,0.0,70.22,1.4,99.96,23.79,华南_广西,22.81,108.32,NASA POWER API
826,826,2022-04-06,22.27,0.0,67.81,2.12,99.74,21.38,华南_广西,22.81,108.32,NASA POWER API
827,827,2022-04-07,22.77,0.0,60.73,2.7,99.63,24.65,华南_广西,22.81,108.32,NASA POWER API
828,828,2022-04-08,23.0,0.0,58.29,1.08,99.44,24.83,华南_广西,22.81,108.32,NASA POWER API
829,829,2022-04-09,22.41,0.0,65.72,2.79,99.16,24.68,华南_广西,22.81,108.32,NASA POWER API
830,830,2022-04-10,22.51,0.33,66.39,2.16,99.05,22.42,华南_广西,22.81,108.32,NASA POWER API
831,831,2022-04-11,23.31,0.03,71.76,2.38,98.94,20.07,华南_广西,22.81,108.32,NASA POWER API
832,832,2022-04-12,23.74,1.25,78.82,3.28,98.64,13.48,华南_广西,22.81,108.32,NASA POWER API
833,833,2022-04-13,24.52,0.05,69.81,2.99,98.75,22.79,华南_广西,22.81,108.32,NASA POWER API
834,834,2022-04-14,24.38,0.23,68.26,2.61,98.77,24.72,华南_广西,22.81,108.32,NASA POWER API
835,835,2022-04-15,24.95,3.36,80.26,3.08,98.83,8.75,华南_广西,22.81,108.32,NASA POWER API
836,836,2022-04-16,17.33,12.85,82.43,4.21,99.31,2.98,华南_广西,22.81,108.32,NASA POWER API
837,837,2022-04-17,16.82,6.67,81.02,3.34,99.54,4.22,华南_广西,22.81,108.32,NASA POWER API
838,838,2022-04-18,16.14,4.96,79.35,3.39,99.85,6.95,华南_广西,22.81,108.32,NASA POWER API
839,839,2022-04-19,19.25,0.03,72.45,2.38,99.72,8.78,华南_广西,22.81,108.32,NASA POWER API
840,840,2022-04-20,21.01,0.08,74.43,0.95,99.4,13.52,华南_广西,22.81,108.32,NASA POWER API
841,841,2022-04-21,23.1,1.12,79.82,2.79,99.08,9.74,华南_广西,22.81,108.32,NASA POWER API
842,842,2022-04-22,24.85,7.88,81.41,3.88,98.85,11.68,华南_广西,22.81,108.32,NASA POWER API
843,843,2022-04-23,26.13,0.81,79.56,2.6,98.77,14.59,华南_广西,22.81,108.32,NASA POWER API
844,844,2022-04-24,27.1,3.25,78.93,4.35,98.44,15.17,华南_广西,22.81,108.32,NASA POWER API
845,845,2022-04-25,28.17,0.55,75.77,3.93,98.37,15.47,华南_广西,22.81,108.32,NASA POWER API
846,846,2022-04-26,28.52,0.0,75.12,3.16,98.39,17.16,华南_广西,22.81,108.32,NASA POWER API
847,847,2022-04-27,27.49,0.18,81.24,3.03,98.58,10.57,华南_广西,22.81,108.32,NASA POWER API
848,848,2022-04-28,27.59,5.15,77.96,3.36,98.78,13.7,华南_广西,22.81,108.32,NASA POWER API
849,849,2022-04-29,26.35,1.01,79.61,1.97,98.99,16.97,华南_广西,22.81,108.32,NASA POWER API
850,850,2022-04-30,24.44,25.25,82.5,2.58,99.14,14.69,华南_广西,22.81,108.32,NASA POWER API
851,851,2022-05-01,17.06,25.39,80.87,5.14,99.62,6.82,华南_广西,22.81,108.32,NASA POWER API
852,852,2022-05-02,18.67,0.03,66.81,3.77,99.67,20.66,华南_广西,22.81,108.32,NASA POWER API
853,853,2022-05-03,20.93,0.0,62.37,2.47,99.61,26.68,华南_广西,22.81,108.32,NASA POWER API
854,854,2022-05-04,21.85,0.0,64.22,1.38,99.41,26.6,华南_广西,22.81,108.32,NASA POWER API
855,855,2022-05-05,23.26,0.0,67.23,0.88,99.12,20.71,华南_广西,22.81,108.32,NASA POWER API
856,856,2022-05-06,24.08,0.92,80.0,1.8,99.06,12.45,华南_广西,22.81,108.32,NASA POWER API
857,857,2022-05-07,25.2,9.19,82.6,2.94,99.1,10.75,华南_广西,22.81,108.32,NASA POWER API
858,858,2022-05-08,24.31,12.47,84.51,3.05,99.07,6.87,华南_广西,22.81,108.32,NASA POWER API
859,859,2022-05-09,25.22,4.35,83.94,3.28,98.89,10.45,华南_广西,22.81,108.32,NASA POWER API
860,860,2022-05-10,26.16,19.8,86.61,2.24,98.64,9.2,华南_广西,22.81,108.32,NASA POWER API
861,861,2022-05-11,25.28,33.78,84.95,2.57,98.55,8.74,华南_广西,22.81,108.32,NASA POWER API
862,862,2022-05-12,24.96,31.84,88.7,2.41,98.4,6.3,华南_广西,22.81,108.32,NASA POWER API
863,863,2022-05-13,21.46,44.67,90.88,2.88,98.57,5.51,华南_广西,22.81,108.32,NASA POWER API
864,864,2022-05-14,23.52,2.45,85.05,2.23,98.77,10.47,华南_广西,22.81,108.32,NASA POWER API
865,865,2022-05-15,20.1,10.76,83.28,4.78,99.17,6.08,华南_广西,22.81,108.32,NASA POWER API
866,866,2022-05-16,18.85,2.99,80.63,3.26,99.43,13.74,华南_广西,22.81,108.32,NASA POWER API
867,867,2022-05-17,20.77,0.21,75.87,1.74,99.32,22.76,华南_广西,22.81,108.32,NASA POWER API
868,868,2022-05-18,23.41,0.0,79.76,1.9,99.21,15.18,华南_广西,22.81,108.32,NASA POWER API
869,869,2022-05-19,24.81,0.16,83.16,1.78,99.04,17.46,华南_广西,22.81,108.32,NASA POWER API
870,870,2022-05-20,24.65,1.93,83.56,1.48,98.89,12.49,华南_广西,22.81,108.32,NASA POWER API
871,871,2022-05-21,22.51,3.29,85.94,1.92,98.77,12.2,华南_广西,22.81,108.32,NASA POWER API
872,872,2022-05-22,24.21,6.15,89.08,2.75,98.42,8.14,华南_广西,22.81,108.32,NASA POWER API
873,873,2022-05-23,24.57,17.74,92.55,2.18,98.43,6.43,华南_广西,22.81,108.32,NASA POWER API
874,874,2022-05-24,25.4,31.67,93.17,2.37,98.7,7.41,华南_广西,22.81,108.32,NASA POWER API
875,875,2022-05-25,26.55,10.08,88.56,2.19,98.59,9.82,华南_广西,22.81,108.32,NASA POWER API
876,876,2022-05-26,27.38,12.98,87.57,2.11,98.25,17.36,华南_广西,22.81,108.32,NASA POWER API
877,877,2022-05-27,26.83,14.19,90.32,2.14,98.15,11.42,华南_广西,22.81,108.32,NASA POWER API
878,878,2022-05-28,26.64,4.94,90.25,2.68,98.19,17.92,华南_广西,22.81,108.32,NASA POWER API
879,879,2022-05-29,26.86,1.95,89.94,2.35,98.29,17.4,华南_广西,22.81,108.32,NASA POWER API
880,880,2022-05-30,27.02,11.57,89.55,1.5,98.42,17.6,华南_广西,22.81,108.32,NASA POWER API
881,881,2022-05-31,27.01,5.78,87.14,1.45,98.46,15.92,华南_广西,22.81,108.32,NASA POWER API
882,882,2022-06-01,26.95,6.01,89.72,2.85,98.43,17.02,华南_广西,22.81,108.32,NASA POWER API
883,883,2022-06-02,27.25,1.12,89.09,3.18,98.22,16.04,华南_广西,22.81,108.32,NASA POWER API
884,884,2022-06-03,27.17,0.36,91.86,2.91,98.11,18.67,华南_广西,22.81,108.32,NASA POWER API
885,885,2022-06-04,27.31,1.89,91.66,2.63,98.14,18.73,华南_广西,22.81,108.32,NASA POWER API
886,886,2022-06-05,27.0,7.54,91.43,1.86,98.18,12.3,华南_广西,22.81,108.32,NASA POWER API
887,887,2022-06-06,26.58,12.63,90.09,0.96,98.22,6.54,华南_广西,22.81,108.32,NASA POWER API
888,888,2022-06-07,27.32,8.52,84.65,0.88,98.36,10.28,华南_广西,22.81,108.32,NASA POWER API
889,889,2022-06-08,27.83,5.74,83.25,0.88,98.35,15.11,华南_广西,22.81,108.32,NASA POWER API
890,890,2022-06-09,27.76,5.94,85.15,1.65,98.29,19.09,华南_广西,22.81,108.32,NASA POWER API
891,891,2022-06-10,27.13,24.22,91.98,1.53,98.19,3.47,华南_广西,22.81,108.32,NASA POWER API
892,892,2022-06-11,26.86,31.73,92.54,1.94,98.29,6.28,华南_广西,22.81,108.32,NASA POWER API
893,893,2022-06-12,27.33,9.32,91.93,2.78,98.37,11.73,华南_广西,22.81,108.32,NASA POWER API
894,894,2022-06-13,26.0,4.19,92.08,1.85,98.49,5.44,华南_广西,22.81,108.32,NASA POWER API
895,895,2022-06-14,24.23,12.06,86.39,1.38,98.72,9.57,华南_广西,22.81,108.32,NASA POWER API
896,896,2022-06-15,24.79,1.84,88.89,1.18,98.74,12.85,华南_广西,22.81,108.32,NASA POWER API
897,897,2022-06-16,26.27,17.54,92.68,2.64,98.57,14.11,华南_广西,22.81,108.32,NASA POWER API
898,898,2022-06-17,27.37,5.58,90.54,3.03,98.3,11.89,华南_广西,22.81,108.32,NASA POWER API
899,899,2022-06-18,27.01,0.65,92.76,2.81,98.16,15.57,华南_广西,22.81,108.32,NASA POWER API
900,900,2022-06-19,27.68,6.89,91.02,2.9,98.09,21.36,华南_广西,22.81,108.32,NASA POWER API
901,901,2022-06-20,26.91,7.41,93.74,2.78,98.01,12.01,华南_广西,22.81,108.32,NASA POWER API
902,902,2022-06-21,27.22,3.84,93.56,2.61,98.06,17.08,华南_广西,22.81,108.32,NASA POWER API
903,903,2022-06-22,27.68,3.14,91.62,3.11,98.51,16.35,华南_广西,22.81,108.32,NASA POWER API
904,904,2022-06-23,27.74,3.55,89.0,2.92,98.76,20.13,华南_广西,22.81,108.32,NASA POWER API
905,905,2022-06-24,27.53,1.2,87.57,2.19,98.68,21.12,华南_广西,22.81,108.32,NASA POWER API
906,906,2022-06-25,27.4,0.12,87.3,2.7,98.54,21.05,华南_广西,22.81,108.32,NASA POWER API
907,907,2022-06-26,27.45,1.53,87.85,2.84,98.62,17.98,华南_广西,22.81,108.32,NASA POWER API
908,908,2022-06-27,27.61,0.93,89.74,3.28,98.48,19.35,华南_广西,22.81,108.32,NASA POWER API
909,909,2022-06-28,28.37,2.62,89.66,2.82,98.22,19.06,华南_广西,22.81,108.32,NASA POWER API
910,910,2022-06-29,27.81,22.16,89.91,1.76,98.13,10.42,华南_广西,22.81,108.32,NASA POWER API
911,911,2022-06-30,27.37,4.17,87.22,1.19,98.26,19.71,华南_广西,22.81,108.32,NASA POWER API
912,912,2022-07-01,27.8,2.0,86.49,2.1,98.14,20.01,华南_广西,22.81,108.32,NASA POWER API
913,913,2022-07-02,27.61,5.44,84.75,4.35,97.72,11.76,华南_广西,22.81,108.32,NASA POWER API
914,914,2022-07-03,27.44,15.04,84.88,2.86,97.69,11.24,华南_广西,22.81,108.32,NASA POWER API
915,915,2022-07-04,28.27,12.97,88.6,1.34,97.89,10.84,华南_广西,22.81,108.32,NASA POWER API
916,916,2022-07-05,27.86,40.26,93.5,1.58,98.15,16.12,华南_广西,22.81,108.32,NASA POWER API
917,917,2022-07-06,27.48,18.35,87.47,1.21,98.35,11.84,华南_广西,22.81,108.32,NASA POWER API
918,918,2022-07-07,26.53,5.04,93.13,1.9,98.45,14.56,华南_广西,22.81,108.32,NASA POWER API
919,919,2022-07-08,26.39,8.79,93.35,2.62,98.54,12.03,华南_广西,22.81,108.32,NASA POWER API
920,920,2022-07-09,27.06,4.47,88.23,1.54,98.5,20.91,华南_广西,22.81,108.32,NASA POWER API
921,921,2022-07-10,27.59,2.39,87.14,1.31,98.52,17.63,华南_广西,22.81,108.32,NASA POWER API
922,922,2022-07-11,27.91,1.07,88.25,1.93,98.57,19.51,华南_广西,22.81,108.32,NASA POWER API
923,923,2022-07-12,28.04,0.94,88.66,2.25,98.53,22.69,华南_广西,22.81,108.32,NASA POWER API
924,924,2022-07-13,27.84,1.56,88.39,2.06,98.48,23.63,华南_广西,22.81,108.32,NASA POWER API
925,925,2022-07-14,28.3,0.53,85.13,1.65,98.48,24.88,华南_广西,22.81,108.32,NASA POWER API
926,926,2022-07-15,28.12,4.04,88.87,1.87,98.49,18.25,华南_广西,22.81,108.32,NASA POWER API
927,927,2022-07-16,28.17,0.39,87.94,2.19,98.42,21.51,华南_广西,22.81,108.32,NASA POWER API
928,928,2022-07-17,28.6,0.42,89.68,2.68,98.29,19.66,华南_广西,22.81,108.32,NASA POWER API
929,929,2022-07-18,28.39,2.89,92.51,2.57,98.17,19.1,华南_广西,22.81,108.32,NASA POWER API
930,930,2022-07-19,28.29,4.09,91.84,2.9,98.29,20.52,华南_广西,22.81,108.32,NASA POWER API
931,931,2022-07-20,27.72,9.02,91.05,2.26,98.71,16.79,华南_广西,22.81,108.32,NASA POWER API
932,932,2022-07-21,27.54,1.16,88.65,2.62,99.0,19.28,华南_广西,22.81,108.32,NASA POWER API
933,933,2022-07-22,27.73,0.6,86.67,2.14,99.05,21.44,华南_广西,22.81,108.32,NASA POWER API
934,934,2022-07-23,27.65,0.02,85.32,1.68,98.89,26.11,华南_广西,22.81,108.32,NASA POWER API
935,935,2022-07-24,28.03,0.0,83.93,1.62,98.7,26.84,华南_广西,22.81,108.32,NASA POWER API
936,936,2022-07-25,28.38,0.0,81.63,1.87,98.74,27.85,华南_广西,22.81,108.32,NASA POWER API
937,937,2022-07-26,28.19,0.0,83.04,2.1,98.66,27.95,华南_广西,22.81,108.32,NASA POWER API
938,938,2022-07-27,27.66,0.01,84.59,2.23,98.65,26.61,华南_广西,22.81,108.32,NASA POWER API
939,939,2022-07-28,27.64,3.94,83.09,1.48,98.62,25.61,华南_广西,22.81,108.32,NASA POWER API
940,940,2022-07-29,28.16,2.58,83.51,1.04,98.52,20.8,华南_广西,22.81,108.32,NASA POWER API
941,941,2022-07-30,28.26,5.45,78.48,1.57,98.44,21.12,华南_广西,22.81,108.32,NASA POWER API
942,942,2022-07-31,27.13,0.45,81.23,1.42,98.4,22.04,华南_广西,22.81,108.32,NASA POWER API
943,943,2022-08-01,27.77,1.51,82.85,1.28,98.52,20.51,华南_广西,22.81,108.32,NASA POWER API
944,944,2022-08-02,28.29,2.04,83.86,1.22,98.66,21.53,华南_广西,22.81,108.32,NASA POWER API
945,945,2022-08-03,28.89,0.71,80.64,1.35,98.64,22.27,华南_广西,22.81,108.32,NASA POWER API
946,946,2022-08-04,28.28,2.7,84.01,0.83,98.43,14.11,华南_广西,22.81,108.32,NASA POWER API
947,947,2022-08-05,26.35,12.69,89.84,1.66,98.35,7.08,华南_广西,22.81,108.32,NASA POWER API
948,948,2022-08-06,26.83,12.77,90.74,2.51,98.5,13.43,华南_广西,22.81,108.32,NASA POWER API
949,949,2022-08-07,27.72,1.31,84.62,1.89,98.6,19.0,华南_广西,22.81,108.32,NASA POWER API
950,950,2022-08-08,28.11,5.33,84.31,1.4,98.52,20.21,华南_广西,22.81,108.32,NASA POWER API
951,951,2022-08-09,27.33,4.35,84.72,1.23,98.4,21.32,华南_广西,22.81,108.32,NASA POWER API
952,952,2022-08-10,26.83,10.56,86.69,3.76,98.15,8.39,华南_广西,22.81,108.32,NASA POWER API
953,953,2022-08-11,26.94,17.54,90.19,4.0,98.37,10.87,华南_广西,22.81,108.32,NASA POWER API
954,954,2022-08-12,26.65,8.46,88.61,2.13,98.68,16.75,华南_广西,22.81,108.32,NASA POWER API
955,955,2022-08-13,27.26,1.49,87.7,1.68,98.63,16.83,华南_广西,22.81,108.32,NASA POWER API
956,956,2022-08-14,27.89,0.08,86.2,1.92,98.58,20.8,华南_广西,22.81,108.32,NASA POWER API
957,957,2022-08-15,28.21,1.4,86.43,1.71,98.53,20.24,华南_广西,22.81,108.32,NASA POWER API
958,958,2022-08-16,28.15,1.47,85.34,1.44,98.5,20.8,华南_广西,22.81,108.32,NASA POWER API
959,959,2022-08-17,27.6,1.28,86.27,0.96,98.49,17.42,华南_广西,22.81,108.32,NASA POWER API
960,960,2022-08-18,27.6,5.76,87.58,1.06,98.35,15.81,华南_广西,22.81,108.32,NASA POWER API
961,961,2022-08-19,28.18,3.92,85.9,1.22,98.34,19.5,华南_广西,22.81,108.32,NASA POWER API
962,962,2022-08-20,27.98,7.17,85.82,2.06,98.35,13.11,华南_广西,22.81,108.32,NASA POWER API
963,963,2022-08-21,27.03,13.34,88.56,3.18,98.49,12.04,华南_广西,22.81,108.32,NASA POWER API
964,964,2022-08-22,27.8,3.84,87.5,1.89,98.57,14.41,华南_广西,22.81,108.32,NASA POWER API
965,965,2022-08-23,27.93,0.46,83.75,0.99,98.6,21.62,华南_广西,22.81,108.32,NASA POWER API
966,966,2022-08-24,29.94,0.13,76.11,0.99,98.42,19.36,华南_广西,22.81,108.32,NASA POWER API
967,967,2022-08-25,27.86,14.35,82.58,5.21,97.96,12.91,华南_广西,22.81,108.32,NASA POWER API
968,968,2022-08-26,26.6,20.38,89.49,4.39,98.62,9.88,华南_广西,22.81,108.32,NASA POWER API
969,969,2022-08-27,27.24,3.21,88.66,2.04,98.83,17.23,华南_广西,22.81,108.32,NASA POWER API
970,970,2022-08-28,27.88,0.2,85.0,1.98,98.75,21.74,华南_广西,22.81,108.32,NASA POWER API
971,971,2022-08-29,28.01,0.0,84.6,2.02,98.92,22.96,华南_广西,22.81,108.32,NASA POWER API
972,972,2022-08-30,28.19,0.27,83.63,1.27,98.88,20.75,华南_广西,22.81,108.32,NASA POWER API
973,973,2022-08-31,27.62,5.54,84.49,1.65,98.75,14.02,华南_广西,22.81,108.32,NASA POWER API
974,974,2022-09-01,26.31,3.46,82.88,2.84,98.97,13.64,华南_广西,22.81,108.32,NASA POWER API
975,975,2022-09-02,26.8,0.27,75.33,2.25,98.86,21.27,华南_广西,22.81,108.32,NASA POWER API
976,976,2022-09-03,27.15,0.0,76.35,1.72,98.65,24.63,华南_广西,22.81,108.32,NASA POWER API
977,977,2022-09-04,26.19,0.32,73.29,2.67,98.74,23.11,华南_广西,22.81,108.32,NASA POWER API
978,978,2022-09-05,26.92,0.0,70.89,2.47,98.74,24.83,华南_广西,22.81,108.32,NASA POWER API
979,979,2022-09-06,27.69,0.0,68.94,2.27,98.86,23.48,华南_广西,22.81,108.32,NASA POWER API
980,980,2022-09-07,28.04,2.04,77.82,1.39,99.22,19.23,华南_广西,22.81,108.32,NASA POWER API
981,981,2022-09-08,27.28,9.2,83.65,1.42,99.4,12.34,华南_广西,22.81,108.32,NASA POWER API
982,982,2022-09-09,27.18,2.11,82.18,1.0,99.34,18.63,华南_广西,22.81,108.32,NASA POWER API
983,983,2022-09-10,27.44,11.22,81.44,0.74,99.15,15.53,华南_广西,22.81,108.32,NASA POWER API
984,984,2022-09-11,26.62,18.49,80.06,0.82,99.0,10.81,华南_广西,22.81,108.32,NASA POWER API
985,985,2022-09-12,27.16,0.82,76.89,0.84,98.96,18.9,华南_广西,22.81,108.32,NASA POWER API
986,986,2022-09-13,28.18,0.36,72.8,0.86,98.93,17.98,华南_广西,22.81,108.32,NASA POWER API
987,987,2022-09-14,28.42,0.02,72.27,0.94,98.86,21.1,华南_广西,22.81,108.32,NASA POWER API
988,988,2022-09-15,28.15,0.11,71.83,1.05,98.65,18.77,华南_广西,22.81,108.32,NASA POWER API
989,989,2022-09-16,27.77,0.35,76.54,1.42,98.49,20.08,华南_广西,22.81,108.32,NASA POWER API
990,990,2022-09-17,28.11,1.11,77.5,1.19,98.65,21.15,华南_广西,22.81,108.32,NASA POWER API
991,991,2022-09-18,29.21,0.01,73.73,1.17,98.64,22.85,华南_广西,22.81,108.32,NASA POWER API
992,992,2022-09-19,29.8,0.06,70.47,0.8,98.62,21.78,华南_广西,22.81,108.32,NASA POWER API
993,993,2022-09-20,29.04,5.41,75.21,1.55,98.74,11.45,华南_广西,22.81,108.32,NASA POWER API
994,994,2022-09-21,27.38,3.62,79.58,1.67,98.94,17.3,华南_广西,22.81,108.32,NASA POWER API
995,995,2022-09-22,27.02,1.15,77.06,1.94,99.06,19.6,华南_广西,22.81,108.32,NASA POWER API
996,996,2022-09-23,26.67,5.62,77.32,1.97,99.11,15.49,华南_广西,22.81,108.32,NASA POWER API
997,997,2022-09-24,26.69,0.73,75.0,2.22,99.09,15.98,华南_广西,22.81,108.32,NASA POWER API
998,998,2022-09-25,26.93,0.96,70.26,1.73,99.07,19.52,华南_广西,22.81,108.32,NASA POWER API
999,999,2022-09-26,27.45,0.0,66.31,1.83,98.96,20.8,华南_广西,22.81,108.32,NASA POWER API
1000,1000,2022-09-27,28.24,0.0,64.53,2.2,98.78,18.99,华南_广西,22.81,108.32,NASA POWER API
1001,1001,2022-09-28,27.36,1.06,66.95,3.07,98.74,8.84,华南_广西,22.81,108.32,NASA POWER API
1002,1002,2022-09-29,27.06,3.43,77.21,2.69,98.86,10.09,华南_广西,22.81,108.32,NASA POWER API
1003,1003,2022-09-30,25.38,5.69,87.46,2.76,98.98,9.59,华南_广西,22.81,108.32,NASA POWER API
1004,1004,2022-10-01,25.17,13.09,93.05,2.85,99.03,9.13,华南_广西,22.81,108.32,NASA POWER API
1005,1005,2022-10-02,26.07,6.6,87.63,1.69,99.1,17.27,华南_广西,22.81,108.32,NASA POWER API
1006,1006,2022-10-03,26.8,2.16,82.31,1.54,99.24,19.39,华南_广西,22.81,108.32,NASA POWER API
1007,1007,2022-10-04,27.19,0.84,77.27,1.23,99.35,20.01,华南_广西,22.81,108.32,NASA POWER API
1008,1008,2022-10-05,27.48,0.09,76.64,1.6,99.32,21.24,华南_广西,22.81,108.32,NASA POWER API
1009,1009,2022-10-06,27.08,0.25,76.11,1.72,99.37,18.47,华南_广西,22.81,108.32,NASA POWER API
1010,1010,2022-10-07,23.02,0.23,71.54,2.97,99.6,17.3,华南_广西,22.81,108.32,NASA POWER API
1011,1011,2022-10-08,23.09,0.41,72.9,2.29,99.58,14.09,华南_广西,22.81,108.32,NASA POWER API
1012,1012,2022-10-09,22.06,1.52,71.3,4.09,99.97,5.33,华南_广西,22.81,108.32,NASA POWER API
1013,1013,2022-10-10,19.45,0.0,48.6,3.95,100.16,22.03,华南_广西,22.81,108.32,NASA POWER API
1014,1014,2022-10-11,19.97,0.0,49.29,2.6,99.81,22.23,华南_广西,22.81,108.32,NASA POWER API
1015,1015,2022-10-12,21.42,0.0,52.94,2.08,99.62,19.17,华南_广西,22.81,108.32,NASA POWER API
1016,1016,2022-10-13,21.73,0.0,49.62,2.45,99.51,22.21,华南_广西,22.81,108.32,NASA POWER API
1017,1017,2022-10-14,22.13,0.0,52.87,3.24,99.37,21.97,华南_广西,22.81,108.32,NASA POWER API
1018,1018,2022-10-15,21.91,0.0,51.24,3.3,99.37,21.67,华南_广西,22.81,108.32,NASA POWER API
1019,1019,2022-10-16,23.02,0.03,54.51,4.22,99.46,21.45,华南_广西,22.81,108.32,NASA POWER API
1020,1020,2022-10-17,23.69,0.0,52.93,4.84,99.49,21.17,华南_广西,22.81,108.32,NASA POWER API
1021,1021,2022-10-18,21.51,0.0,46.39,4.55,99.62,18.85,华南_广西,22.81,108.32,NASA POWER API
1022,1022,2022-10-19,19.18,4.39,49.24,2.85,99.68,8.42,华南_广西,22.81,108.32,NASA POWER API
1023,1023,2022-10-20,19.96,13.18,72.22,2.13,99.71,5.38,华南_广西,22.81,108.32,NASA POWER API
1024,1024,2022-10-21,23.11,1.64,67.67,1.62,99.75,15.99,华南_广西,22.81,108.32,NASA POWER API
1025,1025,2022-10-22,25.28,0.06,63.89,2.56,99.63,19.71,华南_广西,22.81,108.32,NASA POWER API
1026,1026,2022-10-23,25.77,0.0,56.22,2.63,99.51,19.92,华南_广西,22.81,108.32,NASA POWER API
1027,1027,2022-10-24,24.88,0.0,55.96,1.91,99.44,18.65,华南_广西,22.81,108.32,NASA POWER API
1028,1028,2022-10-25,25.13,0.0,66.55,1.83,99.56,13.33,华南_广西,22.81,108.32,NASA POWER API
1029,1029,2022-10-26,24.65,0.0,68.51,1.99,99.5,19.5,华南_广西,22.81,108.32,NASA POWER API
1030,1030,2022-10-27,24.88,0.11,69.71,1.62,99.47,18.45,华南_广西,22.81,108.32,NASA POWER API
1031,1031,2022-10-28,22.9,0.18,61.43,2.67,99.64,17.92,华南_广西,22.81,108.32,NASA POWER API
1032,1032,2022-10-29,22.8,0.01,62.21,3.0,99.6,19.19,华南_广西,22.81,108.32,NASA POWER API
1033,1033,2022-10-30,22.14,0.0,61.35,3.84,99.51,18.67,华南_广西,22.81,108.32,NASA POWER API
1034,1034,2022-10-31,21.34,0.0,57.83,4.64,99.57,18.38,华南_广西,22.81,108.32,NASA POWER API
1035,1035,2022-11-01,20.56,0.0,54.68,4.02,99.45,17.38,华南_广西,22.81,108.32,NASA POWER API
1036,1036,2022-11-02,20.76,0.0,52.72,2.83,99.23,19.96,华南_广西,22.81,108.32,NASA POWER API
1037,1037,2022-11-03,22.49,0.0,54.05,2.05,99.32,16.21,华南_广西,22.81,108.32,NASA POWER API
1038,1038,2022-11-04,22.2,0.02,57.66,3.2,99.72,13.24,华南_广西,22.81,108.32,NASA POWER API
1039,1039,2022-11-05,20.23,0.25,62.07,3.11,99.93,11.6,华南_广西,22.81,108.32,NASA POWER API
1040,1040,2022-11-06,20.53,0.16,69.79,1.34,99.78,13.82,华南_广西,22.81,108.32,NASA POWER API
1041,1041,2022-11-07,21.74,0.1,68.57,1.12,99.63,18.35,华南_广西,22.81,108.32,NASA POWER API
1042,1042,2022-11-08,22.56,0.08,69.32,1.26,99.6,17.23,华南_广西,22.81,108.32,NASA POWER API
1043,1043,2022-11-09,23.35,0.0,72.67,1.29,99.6,12.38,华南_广西,22.81,108.32,NASA POWER API
1044,1044,2022-11-10,24.01,0.0,77.55,1.92,99.51,11.99,华南_广西,22.81,108.32,NASA POWER API
1045,1045,2022-11-11,24.36,0.0,75.3,2.46,99.45,12.99,华南_广西,22.81,108.32,NASA POWER API
1046,1046,2022-11-12,24.91,0.0,71.64,1.97,99.36,17.7,华南_广西,22.81,108.32,NASA POWER API
1047,1047,2022-11-13,25.36,0.0,68.64,1.52,99.46,16.63,华南_广西,22.81,108.32,NASA POWER API
1048,1048,2022-11-14,24.39,0.0,62.68,2.25,99.53,11.13,华南_广西,22.81,108.32,NASA POWER API
1049,1049,2022-11-15,22.57,0.14,65.83,2.33,99.47,7.53,华南_广西,22.81,108.32,NASA POWER API
1050,1050,2022-11-16,23.18,5.15,77.51,2.4,99.25,8.2,华南_广西,22.81,108.32,NASA POWER API
1051,1051,2022-11-17,23.55,19.48,86.04,2.06,99.24,5.84,华南_广西,22.81,108.32,NASA POWER API
1052,1052,2022-11-18,24.56,1.47,78.99,1.98,99.37,9.31,华南_广西,22.81,108.32,NASA POWER API
1053,1053,2022-11-19,21.33,2.55,76.39,2.92,99.56,9.01,华南_广西,22.81,108.32,NASA POWER API
1054,1054,2022-11-20,21.59,0.58,72.99,1.68,99.38,11.77,华南_广西,22.81,108.32,NASA POWER API
1055,1055,2022-11-21,23.92,0.09,74.54,1.55,99.18,13.53,华南_广西,22.81,108.32,NASA POWER API
1056,1056,2022-11-22,23.56,3.3,80.44,2.07,99.22,6.15,华南_广西,22.81,108.32,NASA POWER API
1057,1057,2022-11-23,21.01,4.03,75.77,3.07,99.37,5.0,华南_广西,22.81,108.32,NASA POWER API
1058,1058,2022-11-24,19.92,7.27,83.71,2.39,99.48,4.54,华南_广西,22.81,108.32,NASA POWER API
1059,1059,2022-11-25,18.49,13.34,90.69,1.92,99.56,3.91,华南_广西,22.81,108.32,NASA POWER API
1060,1060,2022-11-26,20.45,7.52,86.7,2.0,99.32,4.29,华南_广西,22.81,108.32,NASA POWER API
1061,1061,2022-11-27,24.68,2.09,84.83,3.92,98.76,9.9,华南_广西,22.81,108.32,NASA POWER API
1062,1062,2022-11-28,25.85,0.29,83.15,3.43,98.79,10.35,华南_广西,22.81,108.32,NASA POWER API
1063,1063,2022-11-29,25.12,0.64,81.83,2.74,99.1,8.63,华南_广西,22.81,108.32,NASA POWER API
1064,1064,2022-11-30,13.81,2.58,63.44,5.78,100.06,3.06,华南_广西,22.81,108.32,NASA POWER API
1065,1065,2022-12-01,8.27,3.5,64.63,5.58,100.43,2.4,华南_广西,22.81,108.32,NASA POWER API
1066,1066,2022-12-02,8.56,0.44,64.46,3.58,100.18,8.64,华南_广西,22.81,108.32,NASA POWER API
1067,1067,2022-12-03,11.49,0.59,74.25,2.28,99.88,7.45,华南_广西,22.81,108.32,NASA POWER API
1068,1068,2022-12-04,10.82,1.6,78.71,3.99,100.18,4.0,华南_广西,22.81,108.32,NASA POWER API
1069,1069,2022-12-05,11.07,0.26,66.5,4.17,100.34,13.87,华南_广西,22.81,108.32,NASA POWER API
1070,1070,2022-12-06,10.63,0.14,72.03,2.32,100.04,16.14,华南_广西,22.81,108.32,NASA POWER API
1071,1071,2022-12-07,12.61,0.01,72.59,2.48,99.96,5.69,华南_广西,22.81,108.32,NASA POWER API
1072,1072,2022-12-08,13.88,0.05,74.53,2.43,99.91,5.1,华南_广西,22.81,108.32,NASA POWER API
1073,1073,2022-12-09,14.75,0.01,71.82,2.33,99.71,8.12,华南_广西,22.81,108.32,NASA POWER API
1074,1074,2022-12-10,14.76,0.06,66.35,2.69,99.73,6.97,华南_广西,22.81,108.32,NASA POWER API
1075,1075,2022-12-11,13.72,0.0,58.74,3.41,99.91,15.23,华南_广西,22.81,108.32,NASA POWER API
1076,1076,2022-12-12,11.97,0.0,52.08,3.49,100.15,13.77,华南_广西,22.81,108.32,NASA POWER API
1077,1077,2022-12-13,11.12,0.0,51.74,2.54,100.1,15.83,华南_广西,22.81,108.32,NASA POWER API
1078,1078,2022-12-14,11.1,0.0,50.66,3.07,100.23,15.61,华南_广西,22.81,108.32,NASA POWER API
1079,1079,2022-12-15,12.44,0.0,57.3,1.43,99.67,16.08,华南_广西,22.81,108.32,NASA POWER API
1080,1080,2022-12-16,14.21,0.0,61.3,3.35,99.89,8.99,华南_广西,22.81,108.32,NASA POWER API
1081,1081,2022-12-17,10.32,0.0,51.44,5.78,100.89,12.24,华南_广西,22.81,108.32,NASA POWER API
1082,1082,2022-12-18,8.12,0.0,43.12,3.2,100.71,14.37,华南_广西,22.81,108.32,NASA POWER API
1083,1083,2022-12-19,9.59,0.0,46.61,1.52,99.99,17.23,华南_广西,22.81,108.32,NASA POWER API
1084,1084,2022-12-20,12.52,0.01,52.91,1.72,99.81,8.42,华南_广西,22.81,108.32,NASA POWER API
1085,1085,2022-12-21,12.71,0.0,57.12,2.76,99.89,14.89,华南_广西,22.81,108.32,NASA POWER API
1086,1086,2022-12-22,14.04,0.0,49.04,1.72,99.69,15.79,华南_广西,22.81,108.32,NASA POWER API
1087,1087,2022-12-23,14.38,0.0,53.16,1.92,99.82,14.28,华南_广西,22.81,108.32,NASA POWER API
1088,1088,2022-12-24,14.24,0.0,55.54,1.94,100.04,14.92,华南_广西,22.81,108.32,NASA POWER API
1089,1089,2022-12-25,14.51,0.0,55.04,1.97,99.98,15.18,华南_广西,22.81,108.32,NASA POWER API
1090,1090,2022-12-26,15.28,0.0,69.55,1.22,100.08,11.83,华南_广西,22.81,108.32,NASA POWER API
1091,1091,2022-12-27,15.43,0.17,67.67,2.29,100.05,10.12,华南_广西,22.81,108.32,NASA POWER API
1092,1092,2022-12-28,9.23,1.76,71.86,4.68,100.5,8.56,华南_广西,22.81,108.32,NASA POWER API
1093,1093,2022-12-29,9.17,0.19,65.46,3.81,100.66,6.37,华南_广西,22.81,108.32,NASA POWER API
1094,1094,2022-12-30,9.37,0.25,67.04,2.9,100.65,11.88,华南_广西,22.81,108.32,NASA POWER API
1095,1095,2022-12-31,10.64,0.07,64.97,2.76,100.56,14.28,华南_广西,22.81,108.32,NASA POWER API
1096,1096,2023-01-01,12.03,0.0,67.16,2.5,100.4,15.51,华南_广西,22.81,108.32,NASA POWER API
1097,1097,2023-01-02,12.97,0.35,68.08,3.78,100.5,5.05,华南_广西,22.81,108.32,NASA POWER API
1098,1098,2023-01-03,12.53,0.09,65.0,3.14,100.48,9.9,华南_广西,22.81,108.32,NASA POWER API
1099,1099,2023-01-04,13.67,0.09,66.82,1.97,100.26,7.89,华南_广西,22.81,108.32,NASA POWER API
1100,1100,2023-01-05,15.98,0.46,72.73,2.08,100.34,7.31,华南_广西,22.81,108.32,NASA POWER API
1101,1101,2023-01-06,14.89,0.01,61.45,4.03,100.5,15.17,华南_广西,22.81,108.32,NASA POWER API
1102,1102,2023-01-07,14.65,0.0,58.7,2.09,100.03,14.28,华南_广西,22.81,108.32,NASA POWER API
1103,1103,2023-01-08,14.93,2.61,74.48,1.26,99.91,6.26,华南_广西,22.81,108.32,NASA POWER API
1104,1104,2023-01-09,15.8,2.62,86.13,1.39,99.93,5.61,华南_广西,22.81,108.32,NASA POWER API
1105,1105,2023-01-10,16.79,5.03,81.54,2.07,99.8,6.15,华南_广西,22.81,108.32,NASA POWER API
1106,1106,2023-01-11,16.62,12.62,89.11,1.9,99.52,4.06,华南_广西,22.81,108.32,NASA POWER API
1107,1107,2023-01-12,19.39,5.81,86.31,2.41,99.06,5.0,华南_广西,22.81,108.32,NASA POWER API
1108,1108,2023-01-13,20.9,0.87,78.45,3.32,98.75,13.51,华南_广西,22.81,108.32,NASA POWER API
1109,1109,2023-01-14,19.47,0.0,68.26,3.77,98.91,11.78,华南_广西,22.81,108.32,NASA POWER API
1110,1110,2023-01-15,9.18,0.0,55.5,6.63,100.0,2.68,华南_广西,22.81,108.32,NASA POWER API
1111,1111,2023-01-16,7.12,0.0,53.88,4.2,100.36,6.31,华南_广西,22.81,108.32,NASA POWER API
1112,1112,2023-01-17,7.5,0.0,56.68,3.67,100.5,6.51,华南_广西,22.81,108.32,NASA POWER API
1113,1113,2023-01-18,9.11,0.0,57.8,2.68,100.48,7.38,华南_广西,22.81,108.32,NASA POWER API
1114,1114,2023-01-19,10.52,0.0,62.34,2.19,100.3,12.11,华南_广西,22.81,108.32,NASA POWER API
1115,1115,2023-01-20,12.85,0.0,62.67,2.03,100.13,15.47,华南_广西,22.81,108.32,NASA POWER API
1116,1116,2023-01-21,14.31,0.0,70.69,2.38,99.7,12.2,华南_广西,22.81,108.32,NASA POWER API
1117,1117,2023-01-22,16.5,0.45,78.02,1.85,99.52,6.3,华南_广西,22.81,108.32,NASA POWER API
1118,1118,2023-01-23,12.97,0.21,70.74,4.15,99.9,4.56,华南_广西,22.81,108.32,NASA POWER API
1119,1119,2023-01-24,9.96,0.0,47.58,5.9,100.79,15.3,华南_广西,22.81,108.32,NASA POWER API
1120,1120,2023-01-25,8.8,0.0,56.1,2.24,100.13,17.99,华南_广西,22.81,108.32,NASA POWER API
1121,1121,2023-01-26,11.52,0.26,80.13,2.48,99.82,5.19,华南_广西,22.81,108.32,NASA POWER API
1122,1122,2023-01-27,10.25,0.16,50.66,5.28,100.61,7.8,华南_广西,22.81,108.32,NASA POWER API
1123,1123,2023-01-28,9.13,0.04,43.29,3.02,100.48,18.31,华南_广西,22.81,108.32,NASA POWER API
1124,1124,2023-01-29,11.04,0.0,44.72,2.44,100.35,18.13,华南_广西,22.81,108.32,NASA POWER API
1125,1125,2023-01-30,11.73,0.0,45.85,1.73,100.04,19.72,华南_广西,22.81,108.32,NASA POWER API
1126,1126,2023-01-31,13.56,0.0,69.14,2.64,99.45,16.32,华南_广西,22.81,108.32,NASA POWER API
1127,1127,2023-02-01,17.94,0.09,79.84,2.46,99.27,8.82,华南_广西,22.81,108.32,NASA POWER API
1128,1128,2023-02-02,20.15,0.16,79.45,2.19,99.56,7.29,华南_广西,22.81,108.32,NASA POWER API
1129,1129,2023-02-03,15.95,1.42,76.27,2.78,99.69,4.62,华南_广西,22.81,108.32,NASA POWER API
1130,1130,2023-02-04,15.64,12.29,85.44,2.81,99.47,3.74,华南_广西,22.81,108.32,NASA POWER API
1131,1131,2023-02-05,12.39,22.72,87.83,2.37,99.47,3.57,华南_广西,22.81,108.32,NASA POWER API
1132,1132,2023-02-06,15.88,3.27,87.13,1.64,99.29,4.42,华南_广西,22.81,108.32,NASA POWER API
1133,1133,2023-02-07,15.57,2.31,85.58,2.8,99.4,4.0,华南_广西,22.81,108.32,NASA POWER API
1134,1134,2023-02-08,19.44,6.09,86.78,3.3,99.26,3.27,华南_广西,22.81,108.32,NASA POWER API
1135,1135,2023-02-09,22.03,4.62,83.74,2.93,99.25,4.44,华南_广西,22.81,108.32,NASA POWER API
1136,1136,2023-02-10,19.66,1.67,84.14,3.11,99.23,4.77,华南_广西,22.81,108.32,NASA POWER API
1137,1137,2023-02-11,22.42,0.34,82.99,4.52,98.88,12.36,华南_广西,22.81,108.32,NASA POWER API
1138,1138,2023-02-12,23.92,0.04,77.4,3.89,98.8,14.22,华南_广西,22.81,108.32,NASA POWER API
1139,1139,2023-02-13,18.6,0.01,73.62,4.29,99.4,10.05,华南_广西,22.81,108.32,NASA POWER API
1140,1140,2023-02-14,12.33,0.14,59.44,5.59,100.14,6.79,华南_广西,22.81,108.32,NASA POWER API
1141,1141,2023-02-15,12.13,0.11,59.57,3.67,100.37,11.74,华南_广西,22.81,108.32,NASA POWER API
1142,1142,2023-02-16,13.81,0.07,65.63,2.37,100.29,12.61,华南_广西,22.81,108.32,NASA POWER API
1143,1143,2023-02-17,16.5,0.0,73.53,2.55,99.88,12.62,华南_广西,22.81,108.32,NASA POWER API
1144,1144,2023-02-18,19.4,0.09,78.44,2.23,99.63,8.72,华南_广西,22.81,108.32,NASA POWER API
1145,1145,2023-02-19,17.85,0.61,69.48,3.89,99.99,8.68,华南_广西,22.81,108.32,NASA POWER API
1146,1146,2023-02-20,17.12,0.0,60.45,2.56,99.92,18.31,华南_广西,22.81,108.32,NASA POWER API
1147,1147,2023-02-21,18.16,0.14,67.65,2.39,99.97,12.17,华南_广西,22.81,108.32,NASA POWER API
1148,1148,2023-02-22,17.4,0.48,75.39,1.94,99.95,8.63,华南_广西,22.81,108.32,NASA POWER API
1149,1149,2023-02-23,18.67,0.14,72.09,2.48,99.64,12.57,华南_广西,22.81,108.32,NASA POWER API
1150,1150,2023-02-24,14.73,0.4,64.36,4.62,100.17,5.74,华南_广西,22.81,108.32,NASA POWER API
1151,1151,2023-02-25,13.58,0.0,52.91,4.25,100.73,21.17,华南_广西,22.81,108.32,NASA POWER API
1152,1152,2023-02-26,13.07,0.0,56.77,3.32,100.84,21.01,华南_广西,22.81,108.32,NASA POWER API
1153,1153,2023-02-27,14.84,0.0,62.16,1.92,100.43,19.64,华南_广西,22.81,108.32,NASA POWER API
1154,1154,2023-02-28,17.13,0.0,70.5,1.8,100.1,18.7,华南_广西,22.81,108.32,NASA POWER API
1155,1155,2023-03-01,18.75,0.0,70.9,1.75,100.14,10.96,华南_广西,22.81,108.32,NASA POWER API
1156,1156,2023-03-02,18.52,0.0,63.48,2.81,100.27,18.91,华南_广西,22.81,108.32,NASA POWER API
1157,1157,2023-03-03,17.5,0.74,78.72,1.43,100.35,10.3,华南_广西,22.81,108.32,NASA POWER API
1158,1158,2023-03-04,17.73,0.0,64.75,2.13,100.34,17.95,华南_广西,22.81,108.32,NASA POWER API
1159,1159,2023-03-05,19.47,0.02,60.24,1.62,100.09,16.37,华南_广西,22.81,108.32,NASA POWER API
1160,1160,2023-03-06,19.46,0.1,69.12,2.96,99.87,14.76,华南_广西,22.81,108.32,NASA POWER API
1161,1161,2023-03-07,20.05,0.0,70.87,3.05,99.76,12.87,华南_广西,22.81,108.32,NASA POWER API
1162,1162,2023-03-08,20.87,0.01,73.97,1.69,99.8,10.52,华南_广西,22.81,108.32,NASA POWER API
1163,1163,2023-03-09,21.9,0.0,63.19,2.07,99.73,19.32,华南_广西,22.81,108.32,NASA POWER API
1164,1164,2023-03-10,22.71,0.0,62.4,3.06,99.43,19.11,华南_广西,22.81,108.32,NASA POWER API
1165,1165,2023-03-11,22.29,0.19,70.98,2.36,99.58,13.82,华南_广西,22.81,108.32,NASA POWER API
1166,1166,2023-03-12,19.69,4.15,59.23,4.16,100.08,7.78,华南_广西,22.81,108.32,NASA POWER API
1167,1167,2023-03-13,16.99,0.06,48.44,3.29,100.1,14.72,华南_广西,22.81,108.32,NASA POWER API
1168,1168,2023-03-14,20.2,0.01,58.57,2.87,99.32,13.87,华南_广西,22.81,108.32,NASA POWER API
1169,1169,2023-03-15,21.7,0.46,75.01,2.91,99.41,7.21,华南_广西,22.81,108.32,NASA POWER API
1170,1170,2023-03-16,21.87,0.33,74.6,3.73,99.52,13.87,华南_广西,22.81,108.32,NASA POWER API
1171,1171,2023-03-17,23.44,0.21,71.83,2.97,99.38,11.05,华南_广西,22.81,108.32,NASA POWER API
1172,1172,2023-03-18,22.72,0.17,73.39,2.76,99.31,9.87,华南_广西,22.81,108.32,NASA POWER API
1173,1173,2023-03-19,22.85,0.81,78.24,3.68,99.09,6.03,华南_广西,22.81,108.32,NASA POWER API
1174,1174,2023-03-20,23.64,0.18,77.51,4.03,98.74,11.15,华南_广西,22.81,108.32,NASA POWER API
1175,1175,2023-03-21,27.02,0.0,69.73,4.48,98.4,12.28,华南_广西,22.81,108.32,NASA POWER API
1176,1176,2023-03-22,27.7,0.04,65.47,3.2,98.29,20.68,华南_广西,22.81,108.32,NASA POWER API
1177,1177,2023-03-23,28.49,2.01,66.72,3.3,98.29,18.48,华南_广西,22.81,108.32,NASA POWER API
1178,1178,2023-03-24,24.6,2.46,72.92,3.36,98.78,7.61,华南_广西,22.81,108.32,NASA POWER API
1179,1179,2023-03-25,19.08,5.47,72.0,4.37,99.23,6.5,华南_广西,22.81,108.32,NASA POWER API
1180,1180,2023-03-26,16.78,3.64,75.99,3.61,99.38,8.08,华南_广西,22.81,108.32,NASA POWER API
1181,1181,2023-03-27,18.33,1.09,68.04,3.95,99.57,5.29,华南_广西,22.81,108.32,NASA POWER API
1182,1182,2023-03-28,17.42,5.68,70.54,2.56,99.67,4.53,华南_广西,22.81,108.32,NASA POWER API
1183,1183,2023-03-29,17.9,8.43,81.73,1.82,99.47,4.54,华南_广西,22.81,108.32,NASA POWER API
1184,1184,2023-03-30,19.96,0.54,70.98,1.77,99.2,11.65,华南_广西,22.81,108.32,NASA POWER API
1185,1185,2023-03-31,20.99,0.44,76.56,1.88,99.1,5.18,华南_广西,22.81,108.32,NASA POWER API
1186,1186,2023-04-01,24.26,1.77,76.22,2.45,98.9,6.4,华南_广西,22.81,108.32,NASA POWER API
1187,1187,2023-04-02,25.74,1.63,77.33,4.46,98.61,10.32,华南_广西,22.81,108.32,NASA POWER API
1188,1188,2023-04-03,27.01,1.32,74.68,4.94,98.45,13.5,华南_广西,22.81,108.32,NASA POWER API
1189,1189,2023-04-04,27.64,0.58,71.8,4.24,98.34,13.66,华南_广西,22.81,108.32,NASA POWER API
1190,1190,2023-04-05,28.47,0.08,67.69,2.72,98.49,17.47,华南_广西,22.81,108.32,NASA POWER API
1191,1191,2023-04-06,21.73,0.04,60.54,4.87,99.22,8.62,华南_广西,22.81,108.32,NASA POWER API
1192,1192,2023-04-07,21.15,0.01,54.78,3.51,99.56,16.01,华南_广西,22.81,108.32,NASA POWER API
1193,1193,2023-04-08,19.52,0.22,61.9,2.91,99.93,5.14,华南_广西,22.81,108.32,NASA POWER API
1194,1194,2023-04-09,21.53,1.16,71.04,2.29,99.55,7.53,华南_广西,22.81,108.32,NASA POWER API
1195,1195,2023-04-10,23.98,3.74,78.18,3.41,99.07,5.64,华南_广西,22.81,108.32,NASA POWER API
1196,1196,2023-04-11,26.05,1.63,75.96,3.63,98.86,7.51,华南_广西,22.81,108.32,NASA POWER API
1197,1197,2023-04-12,26.41,0.31,74.29,3.18,98.97,10.86,华南_广西,22.81,108.32,NASA POWER API
1198,1198,2023-04-13,25.69,0.19,74.91,4.62,98.88,8.09,华南_广西,22.81,108.32,NASA POWER API
1199,1199,2023-04-14,26.12,3.88,77.38,2.86,98.87,7.87,华南_广西,22.81,108.32,NASA POWER API
1200,1200,2023-04-15,24.6,11.52,66.02,3.25,99.17,10.14,华南_广西,22.81,108.32,NASA POWER API
1201,1201,2023-04-16,26.34,1.06,55.5,1.77,98.84,26.56,华南_广西,22.81,108.32,NASA POWER API
1202,1202,2023-04-17,25.59,0.67,78.01,4.34,98.71,7.01,华南_广西,22.81,108.32,NASA POWER API
1203,1203,2023-04-18,28.65,3.33,73.15,3.82,98.47,14.53,华南_广西,22.81,108.32,NASA POWER API
1204,1204,2023-04-19,28.24,8.17,73.21,1.17,98.26,16.09,华南_广西,22.81,108.32,NASA POWER API
1205,1205,2023-04-20,27.37,0.89,72.08,1.9,98.2,10.55,华南_广西,22.81,108.32,NASA POWER API
1206,1206,2023-04-21,28.23,0.0,74.86,3.2,98.23,13.32,华南_广西,22.81,108.32,NASA POWER API
1207,1207,2023-04-22,27.99,0.43,74.41,4.35,98.43,10.42,华南_广西,22.81,108.32,NASA POWER API
1208,1208,2023-04-23,27.72,1.6,76.9,3.61,98.82,15.55,华南_广西,22.81,108.32,NASA POWER API
1209,1209,2023-04-24,21.7,3.3,78.18,3.54,99.33,6.78,华南_广西,22.81,108.32,NASA POWER API
1210,1210,2023-04-25,20.05,1.45,63.9,4.08,99.6,12.14,华南_广西,22.81,108.32,NASA POWER API
1211,1211,2023-04-26,22.28,0.0,54.8,2.41,99.35,24.13,华南_广西,22.81,108.32,NASA POWER API
1212,1212,2023-04-27,24.65,1.05,70.46,3.73,99.06,5.72,华南_广西,22.81,108.32,NASA POWER API
1213,1213,2023-04-28,26.46,6.03,75.3,3.65,98.99,9.62,华南_广西,22.81,108.32,NASA POWER API
1214,1214,2023-04-29,20.39,50.06,77.38,3.71,99.33,4.3,华南_广西,22.81,108.32,NASA POWER API
1215,1215,2023-04-30,21.35,0.0,62.83,2.01,99.3,19.13,华南_广西,22.81,108.32,NASA POWER API
1216,1216,2023-05-01,24.43,0.0,62.34,2.28,99.1,20.55,华南_广西,22.81,108.32,NASA POWER API
1217,1217,2023-05-02,26.11,1.82,75.99,3.81,99.04,11.57,华南_广西,22.81,108.32,NASA POWER API
1218,1218,2023-05-03,26.99,0.66,74.88,4.44,98.83,13.91,华南_广西,22.81,108.32,NASA POWER API
1219,1219,2023-05-04,29.13,0.23,71.1,4.72,98.36,16.36,华南_广西,22.81,108.32,NASA POWER API
1220,1220,2023-05-05,30.72,0.01,67.01,3.81,97.93,20.25,华南_广西,22.81,108.32,NASA POWER API
1221,1221,2023-05-06,32.09,1.49,64.65,2.91,97.91,24.5,华南_广西,22.81,108.32,NASA POWER API
1222,1222,2023-05-07,24.74,3.19,71.07,4.44,98.58,9.61,华南_广西,22.81,108.32,NASA POWER API
1223,1223,2023-05-08,22.16,5.08,74.85,3.82,99.08,5.36,华南_广西,22.81,108.32,NASA POWER API
1224,1224,2023-05-09,24.94,3.58,79.34,2.6,99.03,7.08,华南_广西,22.81,108.32,NASA POWER API
1225,1225,2023-05-10,26.12,5.99,83.23,3.45,98.99,6.34,华南_广西,22.81,108.32,NASA POWER API
1226,1226,2023-05-11,23.78,8.58,80.24,3.05,99.35,6.79,华南_广西,22.81,108.32,NASA POWER API
1227,1227,2023-05-12,22.89,3.98,73.88,3.35,99.51,6.66,华南_广西,22.81,108.32,NASA POWER API
1228,1228,2023-05-13,21.78,34.85,82.8,2.09,99.39,5.8,华南_广西,22.81,108.32,NASA POWER API
1229,1229,2023-05-14,24.26,1.73,74.63,1.4,99.11,13.88,华南_广西,22.81,108.32,NASA POWER API
1230,1230,2023-05-15,25.92,0.04,75.38,2.06,98.81,20.1,华南_广西,22.81,108.32,NASA POWER API
1231,1231,2023-05-16,28.53,0.0,72.99,3.84,98.44,17.11,华南_广西,22.81,108.32,NASA POWER API
1232,1232,2023-05-17,30.76,0.0,67.33,2.59,98.3,24.35,华南_广西,22.81,108.32,NASA POWER API
1233,1233,2023-05-18,30.08,1.11,72.09,2.01,98.46,20.11,华南_广西,22.81,108.32,NASA POWER API
1234,1234,2023-05-19,29.1,3.42,73.46,2.58,98.5,22.5,华南_广西,22.81,108.32,NASA POWER API
1235,1235,2023-05-20,29.77,1.06,71.6,3.16,98.45,15.4,华南_广西,22.81,108.32,NASA POWER API
1236,1236,2023-05-21,30.79,0.38,71.5,3.45,98.46,19.81,华南_广西,22.81,108.32,NASA POWER API
1237,1237,2023-05-22,28.38,1.76,73.7,3.55,98.63,22.26,华南_广西,22.81,108.32,NASA POWER API
1238,1238,2023-05-23,24.4,4.98,71.72,2.68,98.88,12.97,华南_广西,22.81,108.32,NASA POWER API
1239,1239,2023-05-24,25.28,4.06,83.9,2.35,98.82,8.73,华南_广西,22.81,108.32,NASA POWER API
1240,1240,2023-05-25,27.59,3.49,80.37,2.82,98.81,17.18,华南_广西,22.81,108.32,NASA POWER API
1241,1241,2023-05-26,28.83,1.55,73.87,3.21,98.83,18.87,华南_广西,22.81,108.32,NASA POWER API
1242,1242,2023-05-27,28.18,0.73,77.38,3.15,98.74,18.83,华南_广西,22.81,108.32,NASA POWER API
1243,1243,2023-05-28,28.45,1.4,76.81,2.57,98.81,17.24,华南_广西,22.81,108.32,NASA POWER API
1244,1244,2023-05-29,30.18,0.03,68.02,1.85,98.77,25.07,华南_广西,22.81,108.32,NASA POWER API
1245,1245,2023-05-30,31.35,0.0,61.1,1.42,98.57,26.29,华南_广西,22.81,108.32,NASA POWER API
1246,1246,2023-05-31,32.05,0.0,58.05,2.01,98.28,26.61,华南_广西,22.81,108.32,NASA POWER API
1247,1247,2023-06-01,32.24,0.0,55.66,1.96,98.16,23.7,华南_广西,22.81,108.32,NASA POWER API
1248,1248,2023-06-02,31.24,0.0,70.57,2.53,98.3,21.31,华南_广西,22.81,108.32,NASA POWER API
1249,1249,2023-06-03,31.17,0.16,68.87,2.91,98.54,23.92,华南_广西,22.81,108.32,NASA POWER API
1250,1250,2023-06-04,31.12,1.17,66.1,2.72,98.6,20.76,华南_广西,22.81,108.32,NASA POWER API
1251,1251,2023-06-05,31.15,1.96,65.4,1.94,98.6,20.63,华南_广西,22.81,108.32,NASA POWER API
1252,1252,2023-06-06,29.83,9.7,70.28,2.21,98.62,19.69,华南_广西,22.81,108.32,NASA POWER API
1253,1253,2023-06-07,27.71,6.25,80.16,3.19,98.57,13.01,华南_广西,22.81,108.32,NASA POWER API
1254,1254,2023-06-08,27.06,31.23,85.22,2.29,98.47,7.06,华南_广西,22.81,108.32,NASA POWER API
1255,1255,2023-06-09,27.98,17.92,81.61,1.78,98.35,7.66,华南_广西,22.81,108.32,NASA POWER API
1256,1256,2023-06-10,29.24,2.58,72.73,2.16,98.18,16.24,华南_广西,22.81,108.32,NASA POWER API
1257,1257,2023-06-11,30.05,0.82,68.54,1.8,98.16,20.18,华南_广西,22.81,108.32,NASA POWER API
1258,1258,2023-06-12,30.32,0.84,70.96,1.74,98.18,24.34,华南_广西,22.81,108.32,NASA POWER API
1259,1259,2023-06-13,29.15,5.17,74.37,1.04,98.25,15.49,华南_广西,22.81,108.32,NASA POWER API
1260,1260,2023-06-14,26.23,6.14,84.18,1.83,98.51,13.02,华南_广西,22.81,108.32,NASA POWER API
1261,1261,2023-06-15,28.21,1.44,79.19,2.37,98.42,15.55,华南_广西,22.81,108.32,NASA POWER API
1262,1262,2023-06-16,27.93,6.16,88.94,2.93,98.34,11.66,华南_广西,22.81,108.32,NASA POWER API
1263,1263,2023-06-17,28.18,5.55,87.25,3.83,98.45,8.95,华南_广西,22.81,108.32,NASA POWER API
1264,1264,2023-06-18,27.68,4.3,89.74,3.12,98.5,17.63,华南_广西,22.81,108.32,NASA POWER API
1265,1265,2023-06-19,28.24,2.8,85.98,2.71,98.42,16.14,华南_广西,22.81,108.32,NASA POWER API
1266,1266,2023-06-20,28.39,4.4,85.39,2.41,98.45,16.52,华南_广西,22.81,108.32,NASA POWER API
1267,1267,2023-06-21,28.59,12.51,86.43,2.2,98.49,21.41,华南_广西,22.81,108.32,NASA POWER API
1268,1268,2023-06-22,27.76,38.75,89.74,1.53,98.47,12.52,华南_广西,22.81,108.32,NASA POWER API
1269,1269,2023-06-23,27.55,46.02,87.26,1.66,98.43,7.33,华南_广西,22.81,108.32,NASA POWER API
1270,1270,2023-06-24,25.91,41.28,93.63,2.88,98.39,6.17,华南_广西,22.81,108.32,NASA POWER API
1271,1271,2023-06-25,25.77,18.46,89.03,1.54,98.58,7.92,华南_广西,22.81,108.32,NASA POWER API
1272,1272,2023-06-26,26.33,27.6,90.56,2.81,98.69,5.03,华南_广西,22.81,108.32,NASA POWER API
1273,1273,2023-06-27,26.96,10.06,89.0,2.45,98.79,11.57,华南_广西,22.81,108.32,NASA POWER API
1274,1274,2023-06-28,27.79,1.22,86.51,2.55,98.76,19.89,华南_广西,22.81,108.32,NASA POWER API
1275,1275,2023-06-29,28.29,0.05,86.39,2.83,98.5,20.69,华南_广西,22.81,108.32,NASA POWER API
1276,1276,2023-06-30,28.83,1.68,88.39,2.86,98.29,20.82,华南_广西,22.81,108.32,NASA POWER API
1277,1277,2023-07-01,29.07,1.55,88.33,3.04,98.36,21.39,华南_广西,22.81,108.32,NASA POWER API
1278,1278,2023-07-02,28.52,1.0,89.51,3.16,98.45,19.43,华南_广西,22.81,108.32,NASA POWER API
1279,1279,2023-07-03,28.27,3.15,89.47,3.08,98.51,14.73,华南_广西,22.81,108.32,NASA POWER API
1280,1280,2023-07-04,28.31,2.42,88.0,2.97,98.54,16.05,华南_广西,22.81,108.32,NASA POWER API
1281,1281,2023-07-05,28.24,1.16,87.43,3.0,98.51,19.66,华南_广西,22.81,108.32,NASA POWER API
1282,1282,2023-07-06,28.8,0.11,85.97,3.63,98.5,20.89,华南_广西,22.81,108.32,NASA POWER API
1283,1283,2023-07-07,28.73,0.0,87.34,3.58,98.54,19.98,华南_广西,22.81,108.32,NASA POWER API
1284,1284,2023-07-08,29.14,0.05,86.27,3.57,98.65,21.87,华南_广西,22.81,108.32,NASA POWER API
1285,1285,2023-07-09,28.82,0.15,84.69,2.79,98.71,21.03,华南_广西,22.81,108.32,NASA POWER API
1286,1286,2023-07-10,28.32,0.5,86.78,2.79,98.61,22.86,华南_广西,22.81,108.32,NASA POWER API
1287,1287,2023-07-11,28.5,0.05,86.03,3.01,98.54,22.42,华南_广西,22.81,108.32,NASA POWER API
1288,1288,2023-07-12,28.49,0.0,86.63,3.12,98.51,21.98,华南_广西,22.81,108.32,NASA POWER API
1289,1289,2023-07-13,28.61,0.16,87.31,2.86,98.42,19.51,华南_广西,22.81,108.32,NASA POWER API
1290,1290,2023-07-14,29.36,1.16,84.4,1.81,98.41,20.49,华南_广西,22.81,108.32,NASA POWER API
1291,1291,2023-07-15,28.96,1.19,78.56,2.09,98.29,20.47,华南_广西,22.81,108.32,NASA POWER API
1292,1292,2023-07-16,29.14,0.75,74.68,2.34,98.1,21.02,华南_广西,22.81,108.32,NASA POWER API
1293,1293,2023-07-17,28.98,5.85,73.55,4.61,97.9,13.47,华南_广西,22.81,108.32,NASA POWER API
1294,1294,2023-07-18,26.73,56.22,89.13,8.38,97.61,4.25,华南_广西,22.81,108.32,NASA POWER API
1295,1295,2023-07-19,27.14,27.82,90.86,2.75,98.48,13.82,华南_广西,22.81,108.32,NASA POWER API
1296,1296,2023-07-20,27.91,8.78,86.24,1.78,98.69,16.97,华南_广西,22.81,108.32,NASA POWER API
1297,1297,2023-07-21,27.66,2.68,88.14,1.36,98.88,18.43,华南_广西,22.81,108.32,NASA POWER API
1298,1298,2023-07-22,28.81,0.01,82.24,1.61,98.92,19.52,华南_广西,22.81,108.32,NASA POWER API
1299,1299,2023-07-23,28.4,0.06,84.9,1.78,98.81,20.35,华南_广西,22.81,108.32,NASA POWER API
1300,1300,2023-07-24,29.17,0.24,79.74,1.3,98.63,22.6,华南_广西,22.81,108.32,NASA POWER API
1301,1301,2023-07-25,29.07,0.08,80.63,1.29,98.59,23.61,华南_广西,22.81,108.32,NASA POWER API
1302,1302,2023-07-26,29.57,0.0,80.64,1.2,98.42,23.59,华南_广西,22.81,108.32,NASA POWER API
1303,1303,2023-07-27,29.52,0.0,75.85,1.35,98.14,21.9,华南_广西,22.81,108.32,NASA POWER API
1304,1304,2023-07-28,29.99,11.54,75.82,1.13,97.89,21.16,华南_广西,22.81,108.32,NASA POWER API
1305,1305,2023-07-29,29.67,4.3,80.92,1.25,98.04,16.23,华南_广西,22.81,108.32,NASA POWER API
1306,1306,2023-07-30,28.24,8.48,87.46,1.49,98.25,17.25,华南_广西,22.81,108.32,NASA POWER API
1307,1307,2023-07-31,27.46,9.39,91.91,2.05,98.4,15.7,华南_广西,22.81,108.32,NASA POWER API
1308,1308,2023-08-01,27.31,8.17,89.93,1.69,98.39,15.16,华南_广西,22.81,108.32,NASA POWER API
1309,1309,2023-08-02,27.01,10.91,88.77,2.14,98.33,16.1,华南_广西,22.81,108.32,NASA POWER API
1310,1310,2023-08-03,28.24,7.08,84.66,1.89,98.2,18.43,华南_广西,22.81,108.32,NASA POWER API
1311,1311,2023-08-04,28.14,9.37,89.94,2.27,98.2,13.31,华南_广西,22.81,108.32,NASA POWER API
1312,1312,2023-08-05,28.01,8.97,88.33,1.95,98.13,12.57,华南_广西,22.81,108.32,NASA POWER API
1313,1313,2023-08-06,28.17,10.71,87.8,1.63,97.9,12.72,华南_广西,22.81,108.32,NASA POWER API
1314,1314,2023-08-07,27.96,18.1,88.91,2.04,97.89,13.19,华南_广西,22.81,108.32,NASA POWER API
1315,1315,2023-08-08,27.91,10.75,88.34,2.22,98.12,13.81,华南_广西,22.81,108.32,NASA POWER API
1316,1316,2023-08-09,28.28,7.06,86.14,1.69,98.36,17.18,华南_广西,22.81,108.32,NASA POWER API
1317,1317,2023-08-10,28.01,11.89,87.58,1.25,98.41,14.14,华南_广西,22.81,108.32,NASA POWER API
1318,1318,2023-08-11,28.2,24.04,86.37,0.86,98.21,16.27,华南_广西,22.81,108.32,NASA POWER API
1319,1319,2023-08-12,27.68,13.45,85.7,1.28,98.22,17.5,华南_广西,22.81,108.32,NASA POWER API
1320,1320,2023-08-13,28.27,2.81,84.65,1.02,98.22,18.27,华南_广西,22.81,108.32,NASA POWER API
1321,1321,2023-08-14,27.98,17.39,89.02,1.24,98.35,12.88,华南_广西,22.81,108.32,NASA POWER API
1322,1322,2023-08-15,27.81,8.34,88.45,1.48,98.51,12.28,华南_广西,22.81,108.32,NASA POWER API
1323,1323,2023-08-16,28.49,3.36,87.7,1.77,98.53,20.67,华南_广西,22.81,108.32,NASA POWER API
1324,1324,2023-08-17,29.1,7.22,86.77,1.46,98.48,20.83,华南_广西,22.81,108.32,NASA POWER API
1325,1325,2023-08-18,29.6,11.66,84.24,0.8,98.37,13.32,华南_广西,22.81,108.32,NASA POWER API
1326,1326,2023-08-19,29.34,5.5,84.89,0.99,98.47,9.62,华南_广西,22.81,108.32,NASA POWER API
1327,1327,2023-08-20,27.34,9.25,91.17,1.66,98.62,14.1,华南_广西,22.81,108.32,NASA POWER API
1328,1328,2023-08-21,28.19,1.06,84.16,1.1,98.67,18.11,华南_广西,22.81,108.32,NASA POWER API
1329,1329,2023-08-22,28.45,2.64,84.64,1.17,98.52,21.07,华南_广西,22.81,108.32,NASA POWER API
1330,1330,2023-08-23,27.69,15.76,89.88,1.32,98.43,13.07,华南_广西,22.81,108.32,NASA POWER API
1331,1331,2023-08-24,27.35,21.18,89.65,1.36,98.57,15.62,华南_广西,22.81,108.32,NASA POWER API
1332,1332,2023-08-25,27.54,5.02,87.71,1.66,98.57,16.44,华南_广西,22.81,108.32,NASA POWER API
1333,1333,2023-08-26,28.21,0.96,87.71,2.3,98.31,16.65,华南_广西,22.81,108.32,NASA POWER API
1334,1334,2023-08-27,28.99,1.94,86.6,1.5,98.09,11.86,华南_广西,22.81,108.32,NASA POWER API
1335,1335,2023-08-28,25.81,8.71,87.21,2.9,98.28,9.92,华南_广西,22.81,108.32,NASA POWER API
1336,1336,2023-08-29,23.93,2.48,85.83,3.16,98.61,7.65,华南_广西,22.81,108.32,NASA POWER API
1337,1337,2023-08-30,24.92,0.05,83.47,2.53,98.77,12.03,华南_广西,22.81,108.32,NASA POWER API
1338,1338,2023-08-31,25.24,0.0,81.31,2.5,98.69,18.19,华南_广西,22.81,108.32,NASA POWER API
1339,1339,2023-09-01,26.81,0.0,80.47,2.63,98.54,21.89,华南_广西,22.81,108.32,NASA POWER API
1340,1340,2023-09-02,25.8,2.15,77.79,3.99,98.41,14.32,华南_广西,22.81,108.32,NASA POWER API
1341,1341,2023-09-03,23.69,24.48,85.61,5.45,98.3,5.09,华南_广西,22.81,108.32,NASA POWER API
1342,1342,2023-09-04,25.11,18.24,85.87,3.19,98.52,11.9,华南_广西,22.81,108.32,NASA POWER API
1343,1343,2023-09-05,26.73,0.01,82.33,2.38,98.65,21.68,华南_广西,22.81,108.32,NASA POWER API
1344,1344,2023-09-06,27.94,0.08,81.78,2.03,98.74,22.03,华南_广西,22.81,108.32,NASA POWER API
1345,1345,2023-09-07,27.98,6.69,83.76,1.73,98.73,19.49,华南_广西,22.81,108.32,NASA POWER API
1346,1346,2023-09-08,27.12,15.11,86.7,2.54,98.65,9.75,华南_广西,22.81,108.32,NASA POWER API
1347,1347,2023-09-09,26.24,8.11,87.22,3.66,98.45,11.75,华南_广西,22.81,108.32,NASA POWER API
1348,1348,2023-09-10,26.46,10.28,88.58,5.16,98.27,11.34,华南_广西,22.81,108.32,NASA POWER API
1349,1349,2023-09-11,26.47,10.25,91.98,4.46,98.24,8.95,华南_广西,22.81,108.32,NASA POWER API
1350,1350,2023-09-12,26.64,21.83,92.47,2.4,98.41,10.02,华南_广西,22.81,108.32,NASA POWER API
1351,1351,2023-09-13,25.52,10.78,92.0,2.72,98.51,5.99,华南_广西,22.81,108.32,NASA POWER API
1352,1352,2023-09-14,23.23,11.33,87.87,3.82,98.82,7.67,华南_广西,22.81,108.32,NASA POWER API
1353,1353,2023-09-15,23.72,3.38,88.87,2.41,98.95,7.61,华南_广西,22.81,108.32,NASA POWER API
1354,1354,2023-09-16,26.27,2.27,87.16,1.67,98.99,11.93,华南_广西,22.81,108.32,NASA POWER API
1355,1355,2023-09-17,26.75,6.87,88.97,1.23,98.91,14.07,华南_广西,22.81,108.32,NASA POWER API
1356,1356,2023-09-18,26.72,8.45,90.27,1.83,98.96,14.28,华南_广西,22.81,108.32,NASA POWER API
1357,1357,2023-09-19,27.08,6.45,87.98,1.83,99.02,17.12,华南_广西,22.81,108.32,NASA POWER API
1358,1358,2023-09-20,27.41,2.59,87.97,1.65,99.0,17.91,华南_广西,22.81,108.32,NASA POWER API
1359,1359,2023-09-21,27.75,0.14,87.09,1.38,99.0,18.05,华南_广西,22.81,108.32,NASA POWER API
1360,1360,2023-09-22,27.22,1.02,86.98,1.12,99.0,18.44,华南_广西,22.81,108.32,NASA POWER API
1361,1361,2023-09-23,27.34,1.07,83.7,1.35,98.98,19.75,华南_广西,22.81,108.32,NASA POWER API
1362,1362,2023-09-24,27.46,1.27,83.77,1.04,98.93,18.26,华南_广西,22.81,108.32,NASA POWER API
1363,1363,2023-09-25,27.39,1.0,83.82,1.52,98.94,16.11,华南_广西,22.81,108.32,NASA POWER API
1364,1364,2023-09-26,26.73,4.65,86.39,1.94,98.99,9.67,华南_广西,22.81,108.32,NASA POWER API
1365,1365,2023-09-27,27.24,3.14,85.19,1.74,99.02,13.99,华南_广西,22.81,108.32,NASA POWER API
1366,1366,2023-09-28,26.86,6.63,86.04,0.98,99.17,14.33,华南_广西,22.81,108.32,NASA POWER API
1367,1367,2023-09-29,26.11,2.18,87.07,0.87,99.19,16.35,华南_广西,22.81,108.32,NASA POWER API
1368,1368,2023-09-30,27.61,0.44,80.4,0.72,99.07,17.56,华南_广西,22.81,108.32,NASA POWER API
1369,1369,2023-10-01,27.9,0.38,83.09,1.13,98.93,19.48,华南_广西,22.81,108.32,NASA POWER API
1370,1370,2023-10-02,27.34,0.38,83.49,1.26,99.03,18.71,华南_广西,22.81,108.32,NASA POWER API
1371,1371,2023-10-03,26.94,0.22,85.91,1.32,99.05,18.77,华南_广西,22.81,108.32,NASA POWER API
1372,1372,2023-10-04,27.67,0.0,80.32,0.87,99.0,19.98,华南_广西,22.81,108.32,NASA POWER API
1373,1373,2023-10-05,27.26,0.06,83.06,1.77,98.93,20.0,华南_广西,22.81,108.32,NASA POWER API
1374,1374,2023-10-06,25.61,0.96,82.27,2.5,98.99,19.38,华南_广西,22.81,108.32,NASA POWER API
1375,1375,2023-10-07,22.18,1.53,79.5,3.29,99.32,12.75,华南_广西,22.81,108.32,NASA POWER API
1376,1376,2023-10-08,20.99,0.06,78.51,2.96,99.5,20.71,华南_广西,22.81,108.32,NASA POWER API
1377,1377,2023-10-09,22.54,0.01,79.64,3.1,99.6,11.66,华南_广西,22.81,108.32,NASA POWER API
1378,1378,2023-10-10,20.57,4.04,83.96,3.27,99.75,5.65,华南_广西,22.81,108.32,NASA POWER API
1379,1379,2023-10-11,20.97,4.0,84.79,2.87,99.78,7.39,华南_广西,22.81,108.32,NASA POWER API
1380,1380,2023-10-12,21.9,1.04,83.58,1.93,99.81,10.3,华南_广西,22.81,108.32,NASA POWER API
1381,1381,2023-10-13,22.61,0.11,81.7,1.95,99.64,14.38,华南_广西,22.81,108.32,NASA POWER API
1382,1382,2023-10-14,21.74,0.59,83.59,2.15,99.47,12.62,华南_广西,22.81,108.32,NASA POWER API
1383,1383,2023-10-15,22.12,0.0,77.07,1.98,99.4,18.52,华南_广西,22.81,108.32,NASA POWER API
1384,1384,2023-10-16,22.88,0.0,73.12,1.94,99.47,21.36,华南_广西,22.81,108.32,NASA POWER API
1385,1385,2023-10-17,23.37,0.0,72.46,1.44,99.43,19.61,华南_广西,22.81,108.32,NASA POWER API
1386,1386,2023-10-18,24.02,2.37,83.42,1.72,99.39,12.25,华南_广西,22.81,108.32,NASA POWER API
1387,1387,2023-10-19,24.02,15.6,90.98,2.86,99.3,3.68,华南_广西,22.81,108.32,NASA POWER API
1388,1388,2023-10-20,20.27,7.7,76.48,6.02,99.67,7.95,华南_广西,22.81,108.32,NASA POWER API
1389,1389,2023-10-21,17.99,6.04,79.41,3.49,99.98,7.12,华南_广西,22.81,108.32,NASA POWER API
1390,1390,2023-10-22,19.94,3.52,79.73,2.1,99.89,10.21,华南_广西,22.81,108.32,NASA POWER API
1391,1391,2023-10-23,22.27,1.33,85.45,1.38,99.69,13.41,华南_广西,22.81,108.32,NASA POWER API
1392,1392,2023-10-24,24.84,0.01,81.51,1.22,99.57,14.37,华南_广西,22.81,108.32,NASA POWER API
1393,1393,2023-10-25,25.58,0.0,80.8,1.27,99.46,17.34,华南_广西,22.81,108.32,NASA POWER API
1394,1394,2023-10-26,25.78,0.33,77.28,1.08,99.37,16.3,华南_广西,22.81,108.32,NASA POWER API
1395,1395,2023-10-27,24.53,6.5,83.4,1.72,99.38,12.16,华南_广西,22.81,108.32,NASA POWER API
1396,1396,2023-10-28,22.98,2.73,79.66,2.26,99.49,12.05,华南_广西,22.81,108.32,NASA POWER API
1397,1397,2023-10-29,20.81,43.51,90.01,2.34,99.63,3.0,华南_广西,22.81,108.32,NASA POWER API
1398,1398,2023-10-30,21.46,0.37,82.82,2.04,99.78,16.12,华南_广西,22.81,108.32,NASA POWER API
1399,1399,2023-10-31,21.31,0.02,76.49,1.79,99.86,18.83,华南_广西,22.81,108.32,NASA POWER API
1400,1400,2023-11-01,21.07,0.0,73.53,1.17,99.73,18.9,华南_广西,22.81,108.32,NASA POWER API
1401,1401,2023-11-02,22.02,0.03,79.61,1.21,99.43,17.54,华南_广西,22.81,108.32,NASA POWER API
1402,1402,2023-11-03,23.88,2.35,88.07,1.96,99.18,10.8,华南_广西,22.81,108.32,NASA POWER API
1403,1403,2023-11-04,24.46,4.4,88.65,2.29,99.19,9.35,华南_广西,22.81,108.32,NASA POWER API
1404,1404,2023-11-05,24.91,1.47,87.88,2.11,99.27,13.26,华南_广西,22.81,108.32,NASA POWER API
1405,1405,2023-11-06,19.98,4.1,83.25,3.02,99.71,6.0,华南_广西,22.81,108.32,NASA POWER API
1406,1406,2023-11-07,19.51,4.31,80.31,1.93,99.65,10.41,华南_广西,22.81,108.32,NASA POWER API
1407,1407,2023-11-08,21.99,0.69,88.52,1.5,99.35,9.22,华南_广西,22.81,108.32,NASA POWER API
1408,1408,2023-11-09,24.86,2.55,88.18,2.2,99.27,10.19,华南_广西,22.81,108.32,NASA POWER API
1409,1409,2023-11-10,24.92,0.23,87.3,1.66,99.42,15.47,华南_广西,22.81,108.32,NASA POWER API
1410,1410,2023-11-11,24.37,0.8,86.33,1.93,99.57,14.15,华南_广西,22.81,108.32,NASA POWER API
1411,1411,2023-11-12,16.05,3.02,77.94,4.59,100.25,4.56,华南_广西,22.81,108.32,NASA POWER API
1412,1412,2023-11-13,13.22,3.32,76.55,4.4,100.58,3.97,华南_广西,22.81,108.32,NASA POWER API
1413,1413,2023-11-14,14.16,0.5,80.22,2.47,100.35,8.82,华南_广西,22.81,108.32,NASA POWER API
1414,1414,2023-11-15,16.2,1.26,84.99,1.81,100.22,5.8,华南_广西,22.81,108.32,NASA POWER API
1415,1415,2023-11-16,15.26,1.48,70.85,4.38,100.81,13.43,华南_广西,22.81,108.32,NASA POWER API
1416,1416,2023-11-17,14.36,0.0,65.18,2.39,100.55,18.79,华南_广西,22.81,108.32,NASA POWER API
1417,1417,2023-11-18,15.65,0.0,59.79,1.81,100.28,18.73,华南_广西,22.81,108.32,NASA POWER API
1418,1418,2023-11-19,16.92,0.0,62.84,1.32,100.01,14.17,华南_广西,22.81,108.32,NASA POWER API
1419,1419,2023-11-20,17.33,0.0,66.76,1.37,99.83,18.3,华南_广西,22.81,108.32,NASA POWER API
1420,1420,2023-11-21,17.8,0.0,74.31,1.39,99.58,17.84,华南_广西,22.81,108.32,NASA POWER API
1421,1421,2023-11-22,19.29,0.0,80.77,0.98,99.51,9.8,华南_广西,22.81,108.32,NASA POWER API
1422,1422,2023-11-23,20.81,0.0,78.2,1.24,99.63,12.98,华南_广西,22.81,108.32,NASA POWER API
1423,1423,2023-11-24,19.64,0.0,77.33,2.11,99.85,12.84,华南_广西,22.81,108.32,NASA POWER API
1424,1424,2023-11-25,19.99,0.0,78.98,1.56,99.87,15.84,华南_广西,22.81,108.32,NASA POWER API
1425,1425,2023-11-26,20.03,0.0,77.88,1.52,99.99,14.45,华南_广西,22.81,108.32,NASA POWER API
1426,1426,2023-11-27,19.02,0.0,71.44,1.77,99.89,15.59,华南_广西,22.81,108.32,NASA POWER API
1427,1427,2023-11-28,17.66,0.0,71.81,1.61,99.79,15.96,华南_广西,22.81,108.32,NASA POWER API
1428,1428,2023-11-29,20.02,0.35,81.0,1.1,99.72,11.28,华南_广西,22.81,108.32,NASA POWER API
1429,1429,2023-11-30,18.43,3.08,78.43,3.52,100.07,4.85,华南_广西,22.81,108.32,NASA POWER API
1430,1430,2023-12-01,14.67,0.92,67.74,3.48,100.29,5.43,华南_广西,22.81,108.32,NASA POWER API
1431,1431,2023-12-02,15.23,0.07,66.53,2.71,100.18,7.63,华南_广西,22.81,108.32,NASA POWER API
1432,1432,2023-12-03,14.77,1.1,81.88,2.54,100.08,4.58,华南_广西,22.81,108.32,NASA POWER API
1433,1433,2023-12-04,15.55,0.95,80.21,2.12,99.84,5.52,华南_广西,22.81,108.32,NASA POWER API
1434,1434,2023-12-05,16.53,0.11,78.29,1.2,99.56,8.48,华南_广西,22.81,108.32,NASA POWER API
1435,1435,2023-12-06,17.73,0.97,75.09,2.86,99.93,9.54,华南_广西,22.81,108.32,NASA POWER API
1436,1436,2023-12-07,16.82,0.01,63.25,1.76,99.77,16.87,华南_广西,22.81,108.32,NASA POWER API
1437,1437,2023-12-08,18.71,0.0,73.64,2.27,99.38,15.68,华南_广西,22.81,108.32,NASA POWER API
1438,1438,2023-12-09,21.75,0.0,84.59,2.94,99.08,9.88,华南_广西,22.81,108.32,NASA POWER API
1439,1439,2023-12-10,22.8,0.0,84.85,3.18,99.03,5.4,华南_广西,22.81,108.32,NASA POWER API
1440,1440,2023-12-11,22.64,0.83,87.62,1.76,99.29,10.63,华南_广西,22.81,108.32,NASA POWER API
1441,1441,2023-12-12,16.56,1.12,74.08,3.13,99.76,7.3,华南_广西,22.81,108.32,NASA POWER API
1442,1442,2023-12-13,19.28,1.14,84.47,2.26,99.66,9.99,华南_广西,22.81,108.32,NASA POWER API
1443,1443,2023-12-14,22.85,3.46,87.13,3.47,99.49,8.29,华南_广西,22.81,108.32,NASA POWER API
1444,1444,2023-12-15,22.87,2.5,81.32,2.81,99.45,11.16,华南_广西,22.81,108.32,NASA POWER API
1445,1445,2023-12-16,9.46,2.83,60.61,6.41,100.58,3.63,华南_广西,22.81,108.32,NASA POWER API
1446,1446,2023-12-17,7.51,0.79,66.37,3.65,100.63,3.03,华南_广西,22.81,108.32,NASA POWER API
1447,1447,2023-12-18,8.03,2.51,80.58,3.05,100.36,2.63,华南_广西,22.81,108.32,NASA POWER API
1448,1448,2023-12-19,7.95,1.07,70.98,4.0,100.48,5.68,华南_广西,22.81,108.32,NASA POWER API
1449,1449,2023-12-20,8.53,0.01,57.51,4.36,100.64,12.01,华南_广西,22.81,108.32,NASA POWER API
1450,1450,2023-12-21,6.86,0.0,59.32,4.13,100.93,15.07,华南_广西,22.81,108.32,NASA POWER API
1451,1451,2023-12-22,5.35,0.0,52.63,3.55,101.14,14.8,华南_广西,22.81,108.32,NASA POWER API
1452,1452,2023-12-23,6.88,0.0,49.7,3.01,101.01,15.16,华南_广西,22.81,108.32,NASA POWER API
1453,1453,2023-12-24,8.31,0.0,48.52,3.3,101.02,14.87,华南_广西,22.81,108.32,NASA POWER API
1454,1454,2023-12-25,9.78,0.0,54.01,1.93,100.6,14.54,华南_广西,22.81,108.32,NASA POWER API
1455,1455,2023-12-26,12.77,0.0,59.08,1.13,100.37,16.13,华南_广西,22.81,108.32,NASA POWER API
1456,1456,2023-12-27,14.58,0.0,69.61,1.2,100.28,16.17,华南_广西,22.81,108.32,NASA POWER API
1457,1457,2023-12-28,16.81,0.0,75.69,1.34,100.07,16.13,华南_广西,22.81,108.32,NASA POWER API
1458,1458,2023-12-29,18.18,0.11,81.28,1.74,99.91,10.91,华南_广西,22.81,108.32,NASA POWER API
1459,1459,2023-12-30,18.35,0.58,86.29,1.05,99.76,11.38,华南_广西,22.81,108.32,NASA POWER API
1460,1460,2023-12-31,19.34,0.19,80.91,1.32,99.71,13.72,华南_广西,22.81,108.32,NASA POWER API
1461,1461,2024-01-01,19.79,1.31,83.65,2.3,99.69,11.55,华南_广西,22.81,108.32,NASA POWER API
1462,1462,2024-01-02,17.99,2.45,82.99,2.93,99.73,8.23,华南_广西,22.81,108.32,NASA POWER API
1463,1463,2024-01-03,12.86,1.49,72.46,3.56,100.17,10.53,华南_广西,22.81,108.32,NASA POWER API
1464,1464,2024-01-04,13.79,0.02,68.04,1.92,99.89,11.44,华南_广西,22.81,108.32,NASA POWER API
1465,1465,2024-01-05,17.57,0.97,85.21,2.37,99.72,5.54,华南_广西,22.81,108.32,NASA POWER API
1466,1466,2024-01-06,17.95,0.62,82.84,1.64,99.88,6.82,华南_广西,22.81,108.32,NASA POWER API
1467,1467,2024-01-07,18.09,0.47,80.5,2.27,99.81,11.94,华南_广西,22.81,108.32,NASA POWER API
1468,1468,2024-01-08,17.87,6.81,89.0,2.11,99.61,4.8,华南_广西,22.81,108.32,NASA POWER API
1469,1469,2024-01-09,16.62,3.49,86.83,2.1,99.63,3.79,华南_广西,22.81,108.32,NASA POWER API
1470,1470,2024-01-10,17.37,6.94,80.63,2.66,99.79,3.39,华南_广西,22.81,108.32,NASA POWER API
1471,1471,2024-01-11,15.54,9.36,88.28,2.08,99.85,3.27,华南_广西,22.81,108.32,NASA POWER API
1472,1472,2024-01-12,15.39,18.22,91.61,1.58,99.78,2.36,华南_广西,22.81,108.32,NASA POWER API
1473,1473,2024-01-13,17.21,4.14,87.75,1.34,99.79,6.19,华南_广西,22.81,108.32,NASA POWER API
1474,1474,2024-01-14,18.52,0.59,80.43,1.52,99.92,10.29,华南_广西,22.81,108.32,NASA POWER API
1475,1475,2024-01-15,18.77,0.65,83.28,1.71,99.93,10.84,华南_广西,22.81,108.32,NASA POWER API
1476,1476,2024-01-16,18.64,0.08,83.61,2.48,99.86,12.23,华南_广西,22.81,108.32,NASA POWER API
1477,1477,2024-01-17,18.97,0.74,85.21,3.14,99.7,10.76,华南_广西,22.81,108.32,NASA POWER API
1478,1478,2024-01-18,19.47,0.43,84.61,2.87,99.5,9.61,华南_广西,22.81,108.32,NASA POWER API
1479,1479,2024-01-19,19.67,1.02,84.27,2.6,99.37,10.95,华南_广西,22.81,108.32,NASA POWER API
1480,1480,2024-01-20,12.69,1.5,73.68,4.42,99.89,3.35,华南_广西,22.81,108.32,NASA POWER API
1481,1481,2024-01-21,9.48,4.95,79.11,3.88,100.15,2.52,华南_广西,22.81,108.32,NASA POWER API
1482,1482,2024-01-22,4.97,15.94,76.83,6.08,100.78,1.8,华南_广西,22.81,108.32,NASA POWER API
1483,1483,2024-01-23,3.78,0.7,64.03,4.89,101.07,4.69,华南_广西,22.81,108.32,NASA POWER API
1484,1484,2024-01-24,4.27,0.33,62.67,3.6,101.0,6.89,华南_广西,22.81,108.32,NASA POWER API
1485,1485,2024-01-25,5.95,0.0,67.66,2.68,100.88,7.4,华南_广西,22.81,108.32,NASA POWER API
1486,1486,2024-01-26,8.1,0.53,71.76,3.21,100.77,3.6,华南_广西,22.81,108.32,NASA POWER API
1487,1487,2024-01-27,9.17,4.77,76.94,3.12,100.65,3.41,华南_广西,22.81,108.32,NASA POWER API
1488,1488,2024-01-28,8.73,0.47,78.61,3.25,100.63,3.82,华南_广西,22.81,108.32,NASA POWER API
1489,1489,2024-01-29,9.94,7.14,87.04,1.58,100.21,2.77,华南_广西,22.81,108.32,NASA POWER API
1490,1490,2024-01-30,14.12,1.4,89.82,1.53,99.8,6.55,华南_广西,22.81,108.32,NASA POWER API
1491,1491,2024-01-31,18.38,0.79,88.42,2.81,99.55,4.63,华南_广西,22.81,108.32,NASA POWER API
1492,1492,2024-02-01,20.48,0.45,86.66,2.65,99.49,7.91,华南_广西,22.81,108.32,NASA POWER API
1493,1493,2024-02-02,20.71,0.08,85.09,2.84,99.42,10.3,华南_广西,22.81,108.32,NASA POWER API
1494,1494,2024-02-03,20.34,4.16,85.08,3.09,99.47,7.1,华南_广西,22.81,108.32,NASA POWER API
1495,1495,2024-02-04,17.64,5.05,82.24,2.91,99.54,7.52,华南_广西,22.81,108.32,NASA POWER API
1496,1496,2024-02-05,11.73,0.55,79.74,3.65,99.85,3.78,华南_广西,22.81,108.32,NASA POWER API
1497,1497,2024-02-06,10.1,1.38,79.66,3.9,99.96,3.25,华南_广西,22.81,108.32,NASA POWER API
1498,1498,2024-02-07,8.38,0.7,74.43,4.76,99.97,3.87,华南_广西,22.81,108.32,NASA POWER API
1499,1499,2024-02-08,8.47,0.05,68.4,4.28,100.06,5.36,华南_广西,22.81,108.32,NASA POWER API
1500,1500,2024-02-09,9.82,0.0,64.58,3.51,100.5,10.23,华南_广西,22.81,108.32,NASA POWER API
1501,1501,2024-02-10,11.91,0.0,65.35,2.22,100.67,16.85,华南_广西,22.81,108.32,NASA POWER API
1502,1502,2024-02-11,14.58,0.0,52.72,1.86,100.58,20.56,华南_广西,22.81,108.32,NASA POWER API
1503,1503,2024-02-12,15.93,0.0,61.18,2.53,100.2,19.57,华南_广西,22.81,108.32,NASA POWER API
1504,1504,2024-02-13,18.3,0.57,82.89,3.55,99.88,8.36,华南_广西,22.81,108.32,NASA POWER API
1505,1505,2024-02-14,19.53,0.07,80.86,3.45,99.66,9.12,华南_广西,22.81,108.32,NASA POWER API
1506,1506,2024-02-15,18.25,0.3,77.9,2.96,99.97,11.2,华南_广西,22.81,108.32,NASA POWER API
1507,1507,2024-02-16,16.28,0.0,69.58,2.48,99.93,17.21,华南_广西,22.81,108.32,NASA POWER API
1508,1508,2024-02-17,19.45,0.0,80.78,3.83,99.21,9.51,华南_广西,22.81,108.32,NASA POWER API
1509,1509,2024-02-18,22.12,0.0,82.07,4.14,99.0,9.25,华南_广西,22.81,108.32,NASA POWER API
1510,1510,2024-02-19,23.37,0.0,78.04,3.86,98.99,16.43,华南_广西,22.81,108.32,NASA POWER API
1511,1511,2024-02-20,24.22,0.0,78.88,4.7,98.83,12.91,华南_广西,22.81,108.32,NASA POWER API
1512,1512,2024-02-21,25.33,0.0,76.08,4.01,98.9,14.3,华南_广西,22.81,108.32,NASA POWER API
1513,1513,2024-02-22,15.82,0.99,76.03,4.45,99.62,5.28,华南_广西,22.81,108.32,NASA POWER API
1514,1514,2024-02-23,8.34,1.7,71.29,5.23,100.17,3.61,华南_广西,22.81,108.32,NASA POWER API
1515,1515,2024-02-24,8.51,3.71,72.82,4.57,100.31,3.44,华南_广西,22.81,108.32,NASA POWER API
1516,1516,2024-02-25,9.08,0.68,73.45,3.79,100.23,4.72,华南_广西,22.81,108.32,NASA POWER API
1517,1517,2024-02-26,9.2,1.44,77.88,3.97,100.23,4.75,华南_广西,22.81,108.32,NASA POWER API
1518,1518,2024-02-27,10.38,0.89,73.63,3.35,100.16,5.04,华南_广西,22.81,108.32,NASA POWER API
1519,1519,2024-02-28,11.91,4.12,86.91,1.76,99.71,3.69,华南_广西,22.81,108.32,NASA POWER API
1520,1520,2024-02-29,10.87,8.04,78.76,4.49,100.01,4.79,华南_广西,22.81,108.32,NASA POWER API
1521,1521,2024-03-01,10.12,0.83,66.73,4.36,100.32,6.31,华南_广西,22.81,108.32,NASA POWER API
1522,1522,2024-03-02,10.62,0.0,65.9,2.96,100.16,9.05,华南_广西,22.81,108.32,NASA POWER API
1523,1523,2024-03-03,13.61,0.47,79.24,2.9,99.39,7.72,华南_广西,22.81,108.32,NASA POWER API
1524,1524,2024-03-04,21.43,0.65,78.83,4.39,98.53,14.12,华南_广西,22.81,108.32,NASA POWER API
1525,1525,2024-03-05,22.73,0.06,71.98,2.67,98.53,22.09,华南_广西,22.81,108.32,NASA POWER API
1526,1526,2024-03-06,17.39,0.0,63.38,5.23,99.29,15.61,华南_广西,22.81,108.32,NASA POWER API
1527,1527,2024-03-07,16.26,0.0,62.22,4.01,99.68,13.74,华南_广西,22.81,108.32,NASA POWER API
1528,1528,2024-03-08,16.71,0.35,67.99,2.65,99.77,5.85,华南_广西,22.81,108.32,NASA POWER API
1529,1529,2024-03-09,15.74,12.0,82.64,3.09,99.75,3.17,华南_广西,22.81,108.32,NASA POWER API
1530,1530,2024-03-10,15.77,12.86,85.25,2.75,99.9,4.94,华南_广西,22.81,108.32,NASA POWER API
1531,1531,2024-03-11,18.14,5.36,71.79,3.21,99.99,19.61,华南_广西,22.81,108.32,NASA POWER API
1532,1532,2024-03-12,18.49,1.21,71.25,2.39,99.69,15.57,华南_广西,22.81,108.32,NASA POWER API
1533,1533,2024-03-13,19.6,3.5,84.18,3.63,99.46,4.32,华南_广西,22.81,108.32,NASA POWER API
1534,1534,2024-03-14,18.78,4.72,84.4,2.04,99.48,4.71,华南_广西,22.81,108.32,NASA POWER API
1535,1535,2024-03-15,21.28,4.1,85.22,3.1,99.31,5.91,华南_广西,22.81,108.32,NASA POWER API
1536,1536,2024-03-16,23.51,0.72,80.58,3.25,99.4,9.5,华南_广西,22.81,108.32,NASA POWER API
1537,1537,2024-03-17,23.54,0.11,82.38,2.96,99.32,10.0,华南_广西,22.81,108.32,NASA POWER API
1538,1538,2024-03-18,22.86,3.58,78.9,2.86,99.41,7.74,华南_广西,22.81,108.32,NASA POWER API
1539,1539,2024-03-19,16.38,3.64,66.52,5.01,100.16,8.32,华南_广西,22.81,108.32,NASA POWER API
1540,1540,2024-03-20,18.48,0.12,59.25,2.33,100.14,10.67,华南_广西,22.81,108.32,NASA POWER API
1541,1541,2024-03-21,20.68,0.0,68.7,3.29,99.36,15.49,华南_广西,22.81,108.32,NASA POWER API
1542,1542,2024-03-22,22.65,0.11,81.32,4.63,98.78,7.31,华南_广西,22.81,108.32,NASA POWER API
1543,1543,2024-03-23,24.87,0.02,78.39,4.69,98.7,13.23,华南_广西,22.81,108.32,NASA POWER API
1544,1544,2024-03-24,25.64,0.0,78.09,4.4,98.97,15.69,华南_广西,22.81,108.32,NASA POWER API
1545,1545,2024-03-25,26.22,0.2,74.55,1.91,99.17,17.93,华南_广西,22.81,108.32,NASA POWER API
1546,1546,2024-03-26,23.48,0.06,70.87,2.91,99.61,15.44,华南_广西,22.81,108.32,NASA POWER API
1547,1547,2024-03-27,24.33,0.73,80.22,3.16,99.38,11.51,华南_广西,22.81,108.32,NASA POWER API
1548,1548,2024-03-28,23.59,1.78,77.07,1.86,99.34,9.45,华南_广西,22.81,108.32,NASA POWER API
1549,1549,2024-03-29,23.46,4.38,71.85,1.69,99.24,11.81,华南_广西,22.81,108.32,NASA POWER API
1550,1550,2024-03-30,25.15,0.32,79.02,3.53,98.97,11.42,华南_广西,22.81,108.32,NASA POWER API
1551,1551,2024-03-31,27.25,0.12,74.8,2.27,98.75,15.42,华南_广西,22.81,108.32,NASA POWER API
1552,1552,2024-04-01,28.42,0.06,70.06,4.09,98.33,18.01,华南_广西,22.81,108.32,NASA POWER API
1553,1553,2024-04-02,28.87,0.03,67.8,4.16,98.19,19.36,华南_广西,22.81,108.32,NASA POWER API
1554,1554,2024-04-03,28.9,0.45,70.46,3.38,98.41,19.37,华南_广西,22.81,108.32,NASA POWER API
1555,1555,2024-04-04,27.39,3.58,73.74,3.16,98.67,14.37,华南_广西,22.81,108.32,NASA POWER API
1556,1556,2024-04-05,22.24,1.65,74.91,3.09,99.01,6.23,华南_广西,22.81,108.32,NASA POWER API
1557,1557,2024-04-06,23.5,2.37,77.65,2.71,99.02,6.11,华南_广西,22.81,108.32,NASA POWER API
1558,1558,2024-04-07,21.81,1.48,75.9,2.47,99.01,5.13,华南_广西,22.81,108.32,NASA POWER API
1559,1559,2024-04-08,22.85,0.78,68.85,3.42,99.33,10.55,华南_广西,22.81,108.32,NASA POWER API
1560,1560,2024-04-09,23.75,0.2,66.22,2.8,99.48,6.54,华南_广西,22.81,108.32,NASA POWER API
1561,1561,2024-04-10,23.55,1.75,83.63,2.58,99.42,6.9,华南_广西,22.81,108.32,NASA POWER API
1562,1562,2024-04-11,25.58,0.33,80.6,3.03,99.31,6.74,华南_广西,22.81,108.32,NASA POWER API
1563,1563,2024-04-12,26.02,0.14,80.42,3.09,99.1,9.6,华南_广西,22.81,108.32,NASA POWER API
1564,1564,2024-04-13,27.05,0.01,76.59,3.83,98.77,11.44,华南_广西,22.81,108.32,NASA POWER API
1565,1565,2024-04-14,28.7,0.0,70.86,3.36,98.77,18.0,华南_广西,22.81,108.32,NASA POWER API
1566,1566,2024-04-15,26.68,0.0,76.59,3.23,98.96,14.89,华南_广西,22.81,108.32,NASA POWER API
1567,1567,2024-04-16,27.63,0.01,72.52,3.66,98.72,21.07,华南_广西,22.81,108.32,NASA POWER API
1568,1568,2024-04-17,26.82,14.47,80.5,3.12,98.68,13.66,华南_广西,22.81,108.32,NASA POWER API
1569,1569,2024-04-18,26.52,22.98,81.95,3.14,98.46,16.19,华南_广西,22.81,108.32,NASA POWER API
1570,1570,2024-04-19,26.91,10.15,83.12,3.28,98.29,15.71,华南_广西,22.81,108.32,NASA POWER API
1571,1571,2024-04-20,27.48,11.64,81.31,2.99,98.31,12.91,华南_广西,22.81,108.32,NASA POWER API
1572,1572,2024-04-21,26.75,31.95,81.23,1.87,98.53,9.12,华南_广西,22.81,108.32,NASA POWER API
1573,1573,2024-04-22,25.5,1.81,82.67,1.95,98.63,11.88,华南_广西,22.81,108.32,NASA POWER API
1574,1574,2024-04-23,25.31,7.32,80.16,2.58,98.74,13.5,华南_广西,22.81,108.32,NASA POWER API
1575,1575,2024-04-24,25.81,0.24,78.29,1.94,98.68,11.12,华南_广西,22.81,108.32,NASA POWER API
1576,1576,2024-04-25,28.0,0.68,78.22,3.13,98.32,17.71,华南_广西,22.81,108.32,NASA POWER API
1577,1577,2024-04-26,28.92,0.53,72.35,1.58,98.16,21.32,华南_广西,22.81,108.32,NASA POWER API
1578,1578,2024-04-27,29.05,6.54,75.55,1.72,98.13,21.09,华南_广西,22.81,108.32,NASA POWER API
1579,1579,2024-04-28,28.27,2.94,80.75,2.03,98.36,20.32,华南_广西,22.81,108.32,NASA POWER API
1580,1580,2024-04-29,29.84,0.13,75.34,3.38,98.22,18.82,华南_广西,22.81,108.32,NASA POWER API
1581,1581,2024-04-30,27.45,2.48,68.17,3.59,98.3,20.61,华南_广西,22.81,108.32,NASA POWER API
1582,1582,2024-05-01,21.87,25.02,77.55,3.95,98.84,9.61,华南_广西,22.81,108.32,NASA POWER API
1583,1583,2024-05-02,22.28,12.59,83.69,2.74,98.99,3.97,华南_广西,22.81,108.32,NASA POWER API
1584,1584,2024-05-03,24.2,7.16,87.87,2.92,98.86,4.14,华南_广西,22.81,108.32,NASA POWER API
1585,1585,2024-05-04,25.97,15.54,86.39,2.3,98.6,11.52,华南_广西,22.81,108.32,NASA POWER API
1586,1586,2024-05-05,25.44,0.07,81.28,1.99,98.87,15.29,华南_广西,22.81,108.32,NASA POWER API
1587,1587,2024-05-06,22.73,32.79,89.21,2.29,99.12,5.44,华南_广西,22.81,108.32,NASA POWER API
1588,1588,2024-05-07,24.85,0.69,79.93,1.05,99.27,18.05,华南_广西,22.81,108.32,NASA POWER API
1589,1589,2024-05-08,25.4,20.6,87.1,1.56,99.23,6.97,华南_广西,22.81,108.32,NASA POWER API
1590,1590,2024-05-09,25.19,36.33,88.07,2.38,99.29,9.1,华南_广西,22.81,108.32,NASA POWER API
1591,1591,2024-05-10,25.11,14.06,89.51,3.34,99.12,13.7,华南_广西,22.81,108.32,NASA POWER API
1592,1592,2024-05-11,26.34,8.24,87.5,2.45,99.1,17.33,华南_广西,22.81,108.32,NASA POWER API
1593,1593,2024-05-12,25.36,4.13,85.05,2.09,99.16,15.05,华南_广西,22.81,108.32,NASA POWER API
1594,1594,2024-05-13,23.92,1.52,77.4,2.03,99.26,22.17,华南_广西,22.81,108.32,NASA POWER API
1595,1595,2024-05-14,25.46,0.02,78.71,1.45,99.17,20.86,华南_广西,22.81,108.32,NASA POWER API
1596,1596,2024-05-15,25.39,18.55,86.38,2.57,99.33,11.62,华南_广西,22.81,108.32,NASA POWER API
1597,1597,2024-05-16,25.79,2.96,76.92,1.47,99.34,15.04,华南_广西,22.81,108.32,NASA POWER API
1598,1598,2024-05-17,25.58,0.66,77.61,2.13,99.03,17.9,华南_广西,22.81,108.32,NASA POWER API
1599,1599,2024-05-18,25.18,120.4,92.43,3.47,98.58,6.36,华南_广西,22.81,108.32,NASA POWER API
1600,1600,2024-05-19,25.87,107.78,90.89,2.75,98.31,4.75,华南_广西,22.81,108.32,NASA POWER API
1601,1601,2024-05-20,25.67,1.03,85.14,1.76,98.65,12.42,华南_广西,22.81,108.32,NASA POWER API
1602,1602,2024-05-21,25.57,6.74,84.46,1.63,98.87,15.47,华南_广西,22.81,108.32,NASA POWER API
1603,1603,2024-05-22,24.91,6.13,83.77,1.32,98.94,16.8,华南_广西,22.81,108.32,NASA POWER API
1604,1604,2024-05-23,26.67,0.66,78.99,1.18,98.8,17.46,华南_广西,22.81,108.32,NASA POWER API
1605,1605,2024-05-24,26.93,0.72,84.27,1.47,98.82,21.75,华南_广西,22.81,108.32,NASA POWER API
1606,1606,2024-05-25,26.34,10.69,89.99,2.2,98.76,11.15,华南_广西,22.81,108.32,NASA POWER API
1607,1607,2024-05-26,26.92,5.81,91.04,3.43,98.53,12.88,华南_广西,22.81,108.32,NASA POWER API
1608,1608,2024-05-27,29.73,12.81,81.78,1.25,98.17,21.16,华南_广西,22.81,108.32,NASA POWER API
1609,1609,2024-05-28,26.76,20.96,86.0,2.41,98.28,10.04,华南_广西,22.81,108.32,NASA POWER API
1610,1610,2024-05-29,27.87,3.52,85.97,1.93,98.28,12.58,华南_广西,22.81,108.32,NASA POWER API
1611,1611,2024-05-30,26.74,43.41,89.69,2.86,98.4,5.94,华南_广西,22.81,108.32,NASA POWER API
1612,1612,2024-05-31,24.72,2.12,84.63,3.13,98.64,7.99,华南_广西,22.81,108.32,NASA POWER API
1613,1613,2024-06-01,26.37,1.33,81.82,2.04,98.77,20.69,华南_广西,22.81,108.32,NASA POWER API
1614,1614,2024-06-02,27.28,0.83,87.07,1.9,98.69,18.02,华南_广西,22.81,108.32,NASA POWER API
1615,1615,2024-06-03,27.09,18.71,92.33,2.17,98.5,8.96,华南_广西,22.81,108.32,NASA POWER API
1616,1616,2024-06-04,27.38,24.63,91.72,2.01,98.56,7.15,华南_广西,22.81,108.32,NASA POWER API
1617,1617,2024-06-05,25.61,45.18,89.93,2.74,98.86,6.27,华南_广西,22.81,108.32,NASA POWER API
1618,1618,2024-06-06,25.78,10.82,87.47,2.15,98.87,12.78,华南_广西,22.81,108.32,NASA POWER API
1619,1619,2024-06-07,26.94,9.79,88.81,2.5,98.58,8.92,华南_广西,22.81,108.32,NASA POWER API
1620,1620,2024-06-08,26.11,21.61,92.07,2.22,98.5,5.62,华南_广西,22.81,108.32,NASA POWER API
1621,1621,2024-06-09,26.45,43.36,94.03,2.06,98.53,9.59,华南_广西,22.81,108.32,NASA POWER API
1622,1622,2024-06-10,27.28,23.31,91.0,2.16,98.64,9.57,华南_广西,22.81,108.32,NASA POWER API
1623,1623,2024-06-11,27.99,8.23,90.11,2.28,98.6,12.85,华南_广西,22.81,108.32,NASA POWER API
1624,1624,2024-06-12,27.73,2.28,92.9,1.96,98.44,15.98,华南_广西,22.81,108.32,NASA POWER API
1625,1625,2024-06-13,28.23,5.47,92.17,1.76,98.2,16.28,华南_广西,22.81,108.32,NASA POWER API
1626,1626,2024-06-14,28.13,16.87,93.15,1.87,98.11,8.21,华南_广西,22.81,108.32,NASA POWER API
1627,1627,2024-06-15,28.11,19.72,90.34,1.4,98.22,4.68,华南_广西,22.81,108.32,NASA POWER API
1628,1628,2024-06-16,28.0,9.4,93.68,2.15,98.37,12.73,华南_广西,22.81,108.32,NASA POWER API
1629,1629,2024-06-17,27.97,18.92,94.33,2.16,98.3,12.13,华南_广西,22.81,108.32,NASA POWER API
1630,1630,2024-06-18,27.79,14.99,94.99,2.42,98.22,10.62,华南_广西,22.81,108.32,NASA POWER API
1631,1631,2024-06-19,28.04,4.99,93.46,2.8,98.18,14.05,华南_广西,22.81,108.32,NASA POWER API
1632,1632,2024-06-20,27.99,3.26,93.65,3.05,98.17,16.55,华南_广西,22.81,108.32,NASA POWER API
1633,1633,2024-06-21,28.42,3.4,89.98,2.98,98.28,16.23,华南_广西,22.81,108.32,NASA POWER API
1634,1634,2024-06-22,27.9,2.16,89.72,2.3,98.43,19.86,华南_广西,22.81,108.32,NASA POWER API
1635,1635,2024-06-23,27.85,2.03,88.31,1.57,98.43,17.65,华南_广西,22.81,108.32,NASA POWER API
1636,1636,2024-06-24,27.45,14.28,93.5,2.61,98.37,10.7,华南_广西,22.81,108.32,NASA POWER API
1637,1637,2024-06-25,26.79,66.72,92.51,1.76,98.66,7.92,华南_广西,22.81,108.32,NASA POWER API
1638,1638,2024-06-26,26.68,24.8,92.86,2.43,98.9,7.87,华南_广西,22.81,108.32,NASA POWER API
1639,1639,2024-06-27,26.79,24.82,92.72,2.34,98.93,14.53,华南_广西,22.81,108.32,NASA POWER API
1640,1640,2024-06-28,27.54,3.84,90.21,3.19,98.61,16.87,华南_广西,22.81,108.32,NASA POWER API
1641,1641,2024-06-29,28.14,3.71,91.95,3.15,98.39,12.7,华南_广西,22.81,108.32,NASA POWER API
1642,1642,2024-06-30,27.91,6.75,93.33,2.61,98.28,13.44,华南_广西,22.81,108.32,NASA POWER API
1643,1643,2024-07-01,28.28,10.59,92.68,2.93,98.08,14.06,华南_广西,22.81,108.32,NASA POWER API
1644,1644,2024-07-02,27.94,21.49,91.48,1.99,98.32,2.5,华南_广西,22.81,108.32,NASA POWER API
1645,1645,2024-07-03,26.96,13.37,94.21,2.76,98.8,15.18,华南_广西,22.81,108.32,NASA POWER API
1646,1646,2024-07-04,27.43,6.03,91.58,2.54,98.93,19.63,华南_广西,22.81,108.32,NASA POWER API
1647,1647,2024-07-05,27.12,14.96,91.15,2.1,98.67,19.33,华南_广西,22.81,108.32,NASA POWER API
1648,1648,2024-07-06,27.52,5.93,89.82,2.38,98.6,19.22,华南_广西,22.81,108.32,NASA POWER API
1649,1649,2024-07-07,27.71,9.54,90.35,2.74,98.67,20.6,华南_广西,22.81,108.32,NASA POWER API
1650,1650,2024-07-08,27.51,3.86,89.28,2.74,98.57,21.4,华南_广西,22.81,108.32,NASA POWER API
1651,1651,2024-07-09,27.85,2.52,89.55,2.97,98.56,19.88,华南_广西,22.81,108.32,NASA POWER API
1652,1652,2024-07-10,28.16,3.63,90.37,2.95,98.57,21.82,华南_广西,22.81,108.32,NASA POWER API
1653,1653,2024-07-11,28.24,1.76,89.08,2.56,98.42,21.84,华南_广西,22.81,108.32,NASA POWER API
1654,1654,2024-07-12,28.39,2.59,88.47,2.07,98.23,19.75,华南_广西,22.81,108.32,NASA POWER API
1655,1655,2024-07-13,28.07,4.7,89.33,2.77,98.22,19.94,华南_广西,22.81,108.32,NASA POWER API
1656,1656,2024-07-14,28.04,2.43,88.14,2.43,98.54,17.99,华南_广西,22.81,108.32,NASA POWER API
1657,1657,2024-07-15,28.07,2.93,85.98,1.53,98.72,20.3,华南_广西,22.81,108.32,NASA POWER API
1658,1658,2024-07-16,28.04,2.84,86.26,1.72,98.69,20.17,华南_广西,22.81,108.32,NASA POWER API
1659,1659,2024-07-17,27.64,5.59,88.12,2.19,98.62,17.05,华南_广西,22.81,108.32,NASA POWER API
1660,1660,2024-07-18,27.16,21.55,90.51,2.23,98.6,14.58,华南_广西,22.81,108.32,NASA POWER API
1661,1661,2024-07-19,27.77,16.09,90.47,2.68,98.5,12.71,华南_广西,22.81,108.32,NASA POWER API
1662,1662,2024-07-20,28.18,4.97,88.82,2.47,98.57,19.04,华南_广西,22.81,108.32,NASA POWER API
1663,1663,2024-07-21,28.14,0.84,83.49,1.23,98.59,17.59,华南_广西,22.81,108.32,NASA POWER API
1664,1664,2024-07-22,27.7,5.28,87.81,2.19,98.33,7.51,华南_广西,22.81,108.32,NASA POWER API
1665,1665,2024-07-23,27.54,6.25,90.37,3.9,97.86,10.16,华南_广西,22.81,108.32,NASA POWER API
1666,1666,2024-07-24,28.02,11.12,90.01,2.63,97.7,15.16,华南_广西,22.81,108.32,NASA POWER API
1667,1667,2024-07-25,29.65,0.67,82.07,1.1,97.53,21.23,华南_广西,22.81,108.32,NASA POWER API
1668,1668,2024-07-26,30.33,3.03,81.38,1.44,97.6,21.75,华南_广西,22.81,108.32,NASA POWER API
1669,1669,2024-07-27,29.75,8.13,86.29,1.39,98.04,9.75,华南_广西,22.81,108.32,NASA POWER API
1670,1670,2024-07-28,27.84,5.37,91.42,1.81,98.32,8.64,华南_广西,22.81,108.32,NASA POWER API
1671,1671,2024-07-29,27.27,23.34,89.57,2.15,98.29,14.56,华南_广西,22.81,108.32,NASA POWER API
1672,1672,2024-07-30,26.29,27.83,94.03,2.48,98.32,11.49,华南_广西,22.81,108.32,NASA POWER API
1673,1673,2024-07-31,26.46,22.47,94.15,2.2,98.41,5.17,华南_广西,22.81,108.32,NASA POWER API
1674,1674,2024-08-01,27.37,8.24,91.17,3.33,98.41,13.15,华南_广西,22.81,108.32,NASA POWER API
1675,1675,2024-08-02,27.14,7.52,90.46,3.01,98.39,14.27,华南_广西,22.81,108.32,NASA POWER API
1676,1676,2024-08-03,27.32,13.09,90.38,2.77,98.59,19.27,华南_广西,22.81,108.32,NASA POWER API
1677,1677,2024-08-04,27.66,0.57,88.64,2.33,98.74,20.46,华南_广西,22.81,108.32,NASA POWER API
1678,1678,2024-08-05,28.17,0.01,86.93,1.55,98.65,21.88,华南_广西,22.81,108.32,NASA POWER API
1679,1679,2024-08-06,28.55,0.0,85.53,1.21,98.52,23.52,华南_广西,22.81,108.32,NASA POWER API
1680,1680,2024-08-07,28.57,8.42,87.87,1.97,98.56,24.18,华南_广西,22.81,108.32,NASA POWER API
1681,1681,2024-08-08,28.62,2.58,88.81,2.46,98.5,22.52,华南_广西,22.81,108.32,NASA POWER API
1682,1682,2024-08-09,28.54,1.07,91.79,2.46,98.26,19.09,华南_广西,22.81,108.32,NASA POWER API
1683,1683,2024-08-10,28.81,31.53,92.87,1.84,98.16,14.61,华南_广西,22.81,108.32,NASA POWER API
1684,1684,2024-08-11,28.72,100.27,89.83,0.99,98.16,10.91,华南_广西,22.81,108.32,NASA POWER API
1685,1685,2024-08-12,27.3,11.02,93.99,1.64,98.27,12.66,华南_广西,22.81,108.32,NASA POWER API
1686,1686,2024-08-13,27.66,10.7,87.05,0.88,98.55,12.13,华南_广西,22.81,108.32,NASA POWER API
1687,1687,2024-08-14,27.63,15.25,87.01,0.99,98.62,8.17,华南_广西,22.81,108.32,NASA POWER API
1688,1688,2024-08-15,27.77,15.27,84.81,1.01,98.52,9.51,华南_广西,22.81,108.32,NASA POWER API
1689,1689,2024-08-16,28.0,3.35,85.32,1.45,98.42,16.99,华南_广西,22.81,108.32,NASA POWER API
1690,1690,2024-08-17,28.37,4.41,81.63,1.46,98.57,15.69,华南_广西,22.81,108.32,NASA POWER API
1691,1691,2024-08-18,28.95,2.32,80.64,0.78,98.6,14.81,华南_广西,22.81,108.32,NASA POWER API
1692,1692,2024-08-19,28.91,4.15,82.26,1.05,98.45,18.9,华南_广西,22.81,108.32,NASA POWER API
1693,1693,2024-08-20,28.98,4.88,85.7,1.12,98.47,14.75,华南_广西,22.81,108.32,NASA POWER API
1694,1694,2024-08-21,27.75,6.18,90.93,2.16,98.7,12.75,华南_广西,22.81,108.32,NASA POWER API
1695,1695,2024-08-22,27.45,8.11,91.61,2.16,98.83,13.32,华南_广西,22.81,108.32,NASA POWER API
1696,1696,2024-08-23,26.51,14.98,93.69,1.4,98.94,8.6,华南_广西,22.81,108.32,NASA POWER API
1697,1697,2024-08-24,26.5,9.69,91.66,1.58,98.89,18.53,华南_广西,22.81,108.32,NASA POWER API
1698,1698,2024-08-25,27.69,4.59,85.58,1.17,98.73,21.58,华南_广西,22.81,108.32,NASA POWER API
1699,1699,2024-08-26,28.14,1.48,81.91,1.04,98.67,22.05,华南_广西,22.81,108.32,NASA POWER API
1700,1700,2024-08-27,28.29,0.05,84.61,1.27,98.62,23.48,华南_广西,22.81,108.32,NASA POWER API
1701,1701,2024-08-28,29.09,0.0,81.01,1.01,98.5,21.83,华南_广西,22.81,108.32,NASA POWER API
1702,1702,2024-08-29,28.67,24.83,85.83,1.2,98.51,7.71,华南_广西,22.81,108.32,NASA POWER API
1703,1703,2024-08-30,28.08,4.51,87.14,1.09,98.61,20.75,华南_广西,22.81,108.32,NASA POWER API
1704,1704,2024-08-31,27.7,15.86,86.36,1.23,98.77,14.69,华南_广西,22.81,108.32,NASA POWER API
1705,1705,2024-09-01,27.54,2.35,88.64,1.8,98.76,15.78,华南_广西,22.81,108.32,NASA POWER API
1706,1706,2024-09-02,29.05,1.03,80.98,0.72,98.82,22.07,华南_广西,22.81,108.32,NASA POWER API
1707,1707,2024-09-03,28.94,3.29,79.89,0.79,98.73,22.18,华南_广西,22.81,108.32,NASA POWER API
1708,1708,2024-09-04,29.16,0.73,78.1,1.25,98.35,22.1,华南_广西,22.81,108.32,NASA POWER API
1709,1709,2024-09-05,28.77,1.98,86.76,2.08,98.18,20.36,华南_广西,22.81,108.32,NASA POWER API
1710,1710,2024-09-06,28.1,5.51,88.58,4.14,98.11,11.45,华南_广西,22.81,108.32,NASA POWER API
1711,1711,2024-09-07,26.45,33.31,91.72,7.36,98.11,5.24,华南_广西,22.81,108.32,NASA POWER API
1712,1712,2024-09-08,27.07,39.77,91.17,3.58,98.56,8.86,华南_广西,22.81,108.32,NASA POWER API
1713,1713,2024-09-09,25.99,37.7,93.36,2.23,98.67,9.68,华南_广西,22.81,108.32,NASA POWER API
1714,1714,2024-09-10,25.56,14.46,87.39,1.01,98.76,11.36,华南_广西,22.81,108.32,NASA POWER API
1715,1715,2024-09-11,26.43,4.63,87.73,1.34,98.86,14.57,华南_广西,22.81,108.32,NASA POWER API
1716,1716,2024-09-12,27.51,4.41,84.94,1.16,98.75,17.89,华南_广西,22.81,108.32,NASA POWER API
1717,1717,2024-09-13,27.77,9.78,86.77,1.36,98.52,17.75,华南_广西,22.81,108.32,NASA POWER API
1718,1718,2024-09-14,27.86,1.83,85.17,1.28,98.34,17.59,华南_广西,22.81,108.32,NASA POWER API
1719,1719,2024-09-15,26.74,0.34,86.17,1.67,98.34,17.16,华南_广西,22.81,108.32,NASA POWER API
1720,1720,2024-09-16,27.0,1.78,87.05,2.1,98.5,18.11,华南_广西,22.81,108.32,NASA POWER API
1721,1721,2024-09-17,26.97,0.71,88.36,2.9,98.62,17.22,华南_广西,22.81,108.32,NASA POWER API
1722,1722,2024-09-18,27.47,0.17,86.25,2.55,98.46,16.65,华南_广西,22.81,108.32,NASA POWER API
1723,1723,2024-09-19,27.14,2.15,89.15,2.22,98.39,16.35,华南_广西,22.81,108.32,NASA POWER API
1724,1724,2024-09-20,28.08,2.46,86.46,2.0,98.43,18.24,华南_广西,22.81,108.32,NASA POWER API
1725,1725,2024-09-21,26.87,12.87,91.53,3.02,98.53,13.09,华南_广西,22.81,108.32,NASA POWER API
1726,1726,2024-09-22,23.3,4.99,86.56,4.66,98.89,12.32,华南_广西,22.81,108.32,NASA POWER API
1727,1727,2024-09-23,21.68,0.18,80.08,3.15,99.12,14.53,华南_广西,22.81,108.32,NASA POWER API
1728,1728,2024-09-24,23.03,0.21,83.57,1.94,99.07,10.14,华南_广西,22.81,108.32,NASA POWER API
1729,1729,2024-09-25,24.69,0.26,87.1,1.07,99.11,10.38,华南_广西,22.81,108.32,NASA POWER API
1730,1730,2024-09-26,26.23,0.0,84.54,0.78,99.09,11.85,华南_广西,22.81,108.32,NASA POWER API
1731,1731,2024-09-27,26.7,0.0,86.63,1.29,99.0,19.06,华南_广西,22.81,108.32,NASA POWER API
1732,1732,2024-09-28,27.23,0.64,87.6,2.09,98.82,18.26,华南_广西,22.81,108.32,NASA POWER API
1733,1733,2024-09-29,26.93,0.57,89.58,2.21,98.77,14.83,华南_广西,22.81,108.32,NASA POWER API
1734,1734,2024-09-30,27.61,1.47,84.43,1.3,98.77,17.34,华南_广西,22.81,108.32,NASA POWER API
1735,1735,2024-10-01,23.18,6.13,83.0,4.46,99.23,6.57,华南_广西,22.81,108.32,NASA POWER API
1736,1736,2024-10-02,18.87,0.31,76.24,3.77,99.64,20.49,华南_广西,22.81,108.32,NASA POWER API
1737,1737,2024-10-03,19.73,0.0,76.56,2.61,99.64,23.17,华南_广西,22.81,108.32,NASA POWER API
1738,1738,2024-10-04,20.3,0.0,73.34,2.02,99.61,23.35,华南_广西,22.81,108.32,NASA POWER API
1739,1739,2024-10-05,21.56,0.0,74.04,1.82,99.47,23.33,华南_广西,22.81,108.32,NASA POWER API
1740,1740,2024-10-06,22.75,0.0,79.15,2.08,99.53,21.59,华南_广西,22.81,108.32,NASA POWER API
1741,1741,2024-10-07,22.4,0.0,79.61,2.79,99.69,21.54,华南_广西,22.81,108.32,NASA POWER API
1742,1742,2024-10-08,21.09,0.0,78.77,2.57,99.67,21.9,华南_广西,22.81,108.32,NASA POWER API
1743,1743,2024-10-09,21.4,0.0,80.22,2.34,99.49,21.76,华南_广西,22.81,108.32,NASA POWER API
1744,1744,2024-10-10,21.93,0.0,75.78,1.96,99.39,21.02,华南_广西,22.81,108.32,NASA POWER API
1745,1745,2024-10-11,22.88,0.0,76.36,1.35,99.31,20.52,华南_广西,22.81,108.32,NASA POWER API
1746,1746,2024-10-12,24.02,0.0,83.74,1.3,99.36,16.12,华南_广西,22.81,108.32,NASA POWER API
1747,1747,2024-10-13,24.76,0.0,85.62,1.3,99.34,16.95,华南_广西,22.81,108.32,NASA POWER API
1748,1748,2024-10-14,25.25,5.44,84.29,1.1,99.26,17.91,华南_广西,22.81,108.32,NASA POWER API
1749,1749,2024-10-15,24.23,10.17,86.8,1.38,99.33,9.9,华南_广西,22.81,108.32,NASA POWER API
1750,1750,2024-10-16,23.99,2.06,84.76,1.7,99.42,16.3,华南_广西,22.81,108.32,NASA POWER API
1751,1751,2024-10-17,24.92,2.42,89.28,2.06,99.22,10.92,华南_广西,22.81,108.32,NASA POWER API
1752,1752,2024-10-18,25.76,1.3,89.01,1.88,99.18,13.96,华南_广西,22.81,108.32,NASA POWER API
1753,1753,2024-10-19,25.69,0.52,85.61,1.48,99.44,15.35,华南_广西,22.81,108.32,NASA POWER API
1754,1754,2024-10-20,23.81,1.55,84.58,2.31,99.67,16.95,华南_广西,22.81,108.32,NASA POWER API
1755,1755,2024-10-21,24.19,0.23,84.9,1.7,99.5,14.85,华南_广西,22.81,108.32,NASA POWER API
1756,1756,2024-10-22,23.76,1.35,82.79,2.7,99.62,17.67,华南_广西,22.81,108.32,NASA POWER API
1757,1757,2024-10-23,19.1,0.0,71.71,3.39,99.72,19.97,华南_广西,22.81,108.32,NASA POWER API
1758,1758,2024-10-24,18.95,0.0,69.76,2.36,99.34,20.14,华南_广西,22.81,108.32,NASA POWER API
1759,1759,2024-10-25,19.29,0.0,69.03,2.68,99.12,20.88,华南_广西,22.81,108.32,NASA POWER API
1760,1760,2024-10-26,20.3,0.03,72.63,4.08,99.06,14.5,华南_广西,22.81,108.32,NASA POWER API
1761,1761,2024-10-27,20.78,1.88,75.38,4.85,99.21,3.94,华南_广西,22.81,108.32,NASA POWER API
1762,1762,2024-10-28,19.15,1.31,77.05,3.65,99.29,6.69,华南_广西,22.81,108.32,NASA POWER API
1763,1763,2024-10-29,19.96,0.96,79.33,2.6,99.25,10.87,华南_广西,22.81,108.32,NASA POWER API
1764,1764,2024-10-30,21.49,0.06,73.69,2.28,99.27,14.43,华南_广西,22.81,108.32,NASA POWER API
1765,1765,2024-10-31,20.82,0.0,69.95,2.23,99.11,19.45,华南_广西,22.81,108.32,NASA POWER API
1766,1766,2024-11-01,19.61,0.0,66.7,3.33,99.45,20.19,华南_广西,22.81,108.32,NASA POWER API
1767,1767,2024-11-02,19.15,0.0,70.28,2.61,99.8,17.81,华南_广西,22.81,108.32,NASA POWER API
1768,1768,2024-11-03,21.23,0.43,73.24,1.8,99.77,11.74,华南_广西,22.81,108.32,NASA POWER API
1769,1769,2024-11-04,21.6,3.42,78.58,2.39,99.81,5.16,华南_广西,22.81,108.32,NASA POWER API
1770,1770,2024-11-05,20.99,2.22,74.0,2.97,99.95,13.3,华南_广西,22.81,108.32,NASA POWER API
1771,1771,2024-11-06,20.54,0.0,71.44,2.4,100.0,16.08,华南_广西,22.81,108.32,NASA POWER API
1772,1772,2024-11-07,19.65,0.0,66.1,2.27,99.98,17.9,华南_广西,22.81,108.32,NASA POWER API
1773,1773,2024-11-08,19.47,0.0,62.52,1.65,99.77,18.93,华南_广西,22.81,108.32,NASA POWER API
1774,1774,2024-11-09,19.63,0.0,63.7,1.88,99.54,18.75,华南_广西,22.81,108.32,NASA POWER API
1775,1775,2024-11-10,21.42,0.0,68.31,2.24,99.56,17.65,华南_广西,22.81,108.32,NASA POWER API
1776,1776,2024-11-11,23.01,0.0,71.85,1.76,99.46,17.44,华南_广西,22.81,108.32,NASA POWER API
1777,1777,2024-11-12,23.97,0.0,74.15,1.46,99.29,17.63,华南_广西,22.81,108.32,NASA POWER API
1778,1778,2024-11-13,24.98,0.0,76.98,1.24,99.08,16.45,华南_广西,22.81,108.32,NASA POWER API
1779,1779,2024-11-14,24.97,0.0,75.42,1.07,99.09,16.44,华南_广西,22.81,108.32,NASA POWER API
1780,1780,2024-11-15,25.23,0.0,70.9,0.82,99.0,16.35,华南_广西,22.81,108.32,NASA POWER API
1781,1781,2024-11-16,24.96,0.0,77.2,1.28,99.18,14.99,华南_广西,22.81,108.32,NASA POWER API
1782,1782,2024-11-17,24.06,0.92,71.32,2.61,99.49,15.24,华南_广西,22.81,108.32,NASA POWER API
1783,1783,2024-11-18,19.68,0.59,67.02,3.51,99.87,10.91,华南_广西,22.81,108.32,NASA POWER API
1784,1784,2024-11-19,18.46,0.41,67.48,3.62,99.98,17.42,华南_广西,22.81,108.32,NASA POWER API
1785,1785,2024-11-20,17.33,0.0,68.27,3.18,100.02,16.8,华南_广西,22.81,108.32,NASA POWER API
1786,1786,2024-11-21,17.07,0.0,69.17,2.83,99.94,17.4,华南_广西,22.81,108.32,NASA POWER API
1787,1787,2024-11-22,16.98,0.0,69.94,2.81,99.96,16.8,华南_广西,22.81,108.32,NASA POWER API
1788,1788,2024-11-23,17.29,0.0,73.22,1.93,99.98,16.32,华南_广西,22.81,108.32,NASA POWER API
1789,1789,2024-11-24,18.6,0.01,78.21,1.66,99.8,10.64,华南_广西,22.81,108.32,NASA POWER API
1790,1790,2024-11-25,19.88,0.16,75.59,2.54,99.84,7.15,华南_广西,22.81,108.32,NASA POWER API
1791,1791,2024-11-26,15.43,0.05,57.92,3.8,100.14,14.87,华南_广西,22.81,108.32,NASA POWER API
1792,1792,2024-11-27,15.4,0.09,49.84,3.69,100.25,8.02,华南_广西,22.81,108.32,NASA POWER API
1793,1793,2024-11-28,15.18,0.0,56.66,2.91,100.42,12.21,华南_广西,22.81,108.32,NASA POWER API
1794,1794,2024-11-29,15.71,0.0,53.13,1.93,100.09,16.69,华南_广西,22.81,108.32,NASA POWER API
1795,1795,2024-11-30,17.2,0.0,54.78,1.17,99.65,16.53,华南_广西,22.81,108.32,NASA POWER API
1796,1796,2024-12-01,17.58,0.0,61.83,1.51,99.35,16.58,华南_广西,22.81,108.32,NASA POWER API
1797,1797,2024-12-02,19.24,0.0,67.96,1.29,99.4,15.36,华南_广西,22.81,108.32,NASA POWER API
1798,1798,2024-12-03,20.52,0.0,70.96,1.32,99.47,14.52,华南_广西,22.81,108.32,NASA POWER API
1799,1799,2024-12-04,20.47,0.01,66.89,1.89,99.5,14.99,华南_广西,22.81,108.32,NASA POWER API
1800,1800,2024-12-05,18.94,0.16,67.87,2.37,99.58,12.85,华南_广西,22.81,108.32,NASA POWER API
1801,1801,2024-12-06,15.41,1.02,74.78,3.18,99.71,3.78,华南_广西,22.81,108.32,NASA POWER API
1802,1802,2024-12-07,13.36,0.71,76.83,3.89,100.08,2.38,华南_广西,22.81,108.32,NASA POWER API
1803,1803,2024-12-08,13.7,0.0,61.37,3.25,100.23,9.97,华南_广西,22.81,108.32,NASA POWER API
1804,1804,2024-12-09,15.07,0.01,71.14,1.91,99.83,5.4,华南_广西,22.81,108.32,NASA POWER API
1805,1805,2024-12-10,17.91,0.59,83.24,2.16,99.45,4.48,华南_广西,22.81,108.32,NASA POWER API
1806,1806,2024-12-11,13.73,1.2,72.01,4.27,99.92,3.2,华南_广西,22.81,108.32,NASA POWER API
1807,1807,2024-12-12,12.27,0.15,64.38,3.64,100.05,3.58,华南_广西,22.81,108.32,NASA POWER API
1808,1808,2024-12-13,11.78,0.0,58.99,4.66,100.36,6.68,华南_广西,22.81,108.32,NASA POWER API
1809,1809,2024-12-14,10.54,0.0,44.09,4.43,100.76,8.92,华南_广西,22.81,108.32,NASA POWER API
1810,1810,2024-12-15,10.93,0.0,39.73,2.96,100.63,8.43,华南_广西,22.81,108.32,NASA POWER API
1811,1811,2024-12-16,12.23,0.0,51.68,1.86,100.27,13.72,华南_广西,22.81,108.32,NASA POWER API
1812,1812,2024-12-17,14.17,0.0,55.46,1.45,100.05,9.25,华南_广西,22.81,108.32,NASA POWER API
1813,1813,2024-12-18,14.07,0.0,48.96,3.44,100.22,15.37,华南_广西,22.81,108.32,NASA POWER API
1814,1814,2024-12-19,11.71,0.0,44.59,3.03,100.28,15.61,华南_广西,22.81,108.32,NASA POWER API
1815,1815,2024-12-20,11.45,0.0,51.76,1.81,100.04,15.51,华南_广西,22.81,108.32,NASA POWER API
1816,1816,2024-12-21,12.51,0.0,51.95,2.81,100.12,12.82,华南_广西,22.81,108.32,NASA POWER API
1817,1817,2024-12-22,12.15,0.0,50.97,2.77,100.13,13.66,华南_广西,22.81,108.32,NASA POWER API
1818,1818,2024-12-23,11.9,0.0,50.76,3.05,100.13,14.9,华南_广西,22.81,108.32,NASA POWER API
1819,1819,2024-12-24,11.93,0.0,55.7,3.21,100.23,15.0,华南_广西,22.81,108.32,NASA POWER API
1820,1820,2024-12-25,13.36,0.0,60.04,1.97,100.11,10.12,华南_广西,22.81,108.32,NASA POWER API
1821,1821,2024-12-26,15.07,0.01,58.64,3.37,100.27,7.12,华南_广西,22.81,108.32,NASA POWER API
1822,1822,2024-12-27,14.51,0.25,59.31,4.17,100.53,3.85,华南_广西,22.81,108.32,NASA POWER API
1823,1823,2024-12-28,12.71,0.0,44.55,3.78,100.7,14.02,华南_广西,22.81,108.32,NASA POWER API
1824,1824,2024-12-29,12.32,0.0,50.16,1.95,100.15,14.44,华南_广西,22.81,108.32,NASA POWER API
1825,1825,2024-12-30,14.2,0.0,61.66,1.52,100.12,4.8,华南_广西,22.81,108.32,NASA POWER API
1826,1826,2024-12-31,14.99,0.0,56.3,2.68,100.05,11.96,华南_广西,22.81,108.32,NASA POWER API
1827,1827,2025-01-01,15.77,0.0,58.37,1.11,99.68,14.87,华南_广西,22.81,108.32,NASA POWER API
1828,1828,2025-01-02,17.23,0.0,57.24,2.02,99.85,15.15,华南_广西,22.81,108.32,NASA POWER API
1829,1829,2025-01-03,16.11,0.0,49.8,2.78,100.04,15.33,华南_广西,22.81,108.32,NASA POWER API
1830,1830,2025-01-04,14.94,0.0,49.41,1.69,99.95,15.56,华南_广西,22.81,108.32,NASA POWER API
1831,1831,2025-01-05,14.57,0.0,49.79,2.97,100.09,14.25,华南_广西,22.81,108.32,NASA POWER API
1832,1832,2025-01-06,14.22,0.0,52.33,1.46,99.83,14.89,华南_广西,22.81,108.32,NASA POWER API
1833,1833,2025-01-07,15.25,0.0,54.22,1.89,99.78,12.46,华南_广西,22.81,108.32,NASA POWER API
1834,1834,2025-01-08,14.65,0.0,52.4,3.14,99.95,8.97,华南_广西,22.81,108.32,NASA POWER API
1835,1835,2025-01-09,12.04,0.04,58.54,4.46,100.4,11.64,华南_广西,22.81,108.32,NASA POWER API
1836,1836,2025-01-10,10.39,0.01,46.93,4.3,100.92,13.56,华南_广西,22.81,108.32,NASA POWER API
1837,1837,2025-01-11,10.29,0.0,36.84,3.78,101.06,12.96,华南_广西,22.81,108.32,NASA POWER API
1838,1838,2025-01-12,11.23,0.0,34.91,2.06,100.55,17.85,华南_广西,22.81,108.32,NASA POWER API
1839,1839,2025-01-13,12.83,0.0,34.44,1.55,100.09,17.95,华南_广西,22.81,108.32,NASA POWER API
1840,1840,2025-01-14,16.26,0.56,57.87,1.61,100.07,8.3,华南_广西,22.81,108.32,NASA POWER API
1841,1841,2025-01-15,15.14,0.22,49.77,4.59,100.56,11.24,华南_广西,22.81,108.32,NASA POWER API
1842,1842,2025-01-16,13.39,0.14,46.65,3.02,100.52,15.33,华南_广西,22.81,108.32,NASA POWER API
1843,1843,2025-01-17,13.51,0.0,44.73,1.74,100.1,15.96,华南_广西,22.81,108.32,NASA POWER API
1844,1844,2025-01-18,15.37,0.0,52.0,0.97,99.85,13.52,华南_广西,22.81,108.32,NASA POWER API
1845,1845,2025-01-19,16.31,0.0,48.98,1.15,99.6,16.03,华南_广西,22.81,108.32,NASA POWER API
1846,1846,2025-01-20,16.98,0.0,49.55,1.61,99.51,15.84,华南_广西,22.81,108.32,NASA POWER API
1847,1847,2025-01-21,17.46,0.0,51.41,2.09,99.45,14.71,华南_广西,22.81,108.32,NASA POWER API
1848,1848,2025-01-22,18.65,0.0,60.02,2.18,99.51,9.67,华南_广西,22.81,108.32,NASA POWER API
1849,1849,2025-01-23,19.25,0.0,72.8,2.56,99.4,8.03,华南_广西,22.81,108.32,NASA POWER API
1850,1850,2025-01-24,20.05,0.07,75.39,3.71,99.1,7.5,华南_广西,22.81,108.32,NASA POWER API
1851,1851,2025-01-25,18.46,1.7,72.58,3.38,99.45,5.64,华南_广西,22.81,108.32,NASA POWER API
1852,1852,2025-01-26,10.62,1.1,49.4,6.77,100.58,4.16,华南_广西,22.81,108.32,NASA POWER API
1853,1853,2025-01-27,10.9,0.0,35.54,2.99,100.35,10.8,华南_广西,22.81,108.32,NASA POWER API
1854,1854,2025-01-28,12.77,0.0,36.11,2.1,100.39,15.03,华南_广西,22.81,108.32,NASA POWER API
1855,1855,2025-01-29,14.24,0.0,42.2,1.68,100.15,15.81,华南_广西,22.81,108.32,NASA POWER API
1856,1856,2025-01-30,16.64,0.18,69.93,3.28,99.55,4.63,华南_广西,22.81,108.32,NASA POWER API
1857,1857,2025-01-31,19.01,0.42,77.51,3.54,99.25,5.0,华南_广西,22.81,108.32,NASA POWER API
1858,1858,2025-02-01,19.23,0.57,73.79,2.15,99.17,8.81,华南_广西,22.81,108.32,NASA POWER API
1859,1859,2025-02-02,15.46,0.08,59.5,4.43,99.52,4.19,华南_广西,22.81,108.32,NASA POWER API
1860,1860,2025-02-03,12.8,0.06,55.19,5.59,100.23,4.88,华南_广西,22.81,108.32,NASA POWER API
1861,1861,2025-02-04,12.26,0.0,51.65,2.73,100.19,17.7,华南_广西,22.81,108.32,NASA POWER API
1862,1862,2025-02-05,14.5,0.59,57.63,2.27,99.72,4.1,华南_广西,22.81,108.32,NASA POWER API
1863,1863,2025-02-06,13.66,3.29,71.97,3.14,99.76,2.55,华南_广西,22.81,108.32,NASA POWER API
1864,1864,2025-02-07,11.11,2.41,63.91,5.36,100.35,3.11,华南_广西,22.81,108.32,NASA POWER API
1865,1865,2025-02-08,10.12,0.0,40.55,4.74,100.56,8.46,华南_广西,22.81,108.32,NASA POWER API
1866,1866,2025-02-09,10.41,0.0,40.18,2.46,100.28,9.28,华南_广西,22.81,108.32,NASA POWER API
1867,1867,2025-02-10,13.29,0.0,58.11,1.58,99.96,6.29,华南_广西,22.81,108.32,NASA POWER API
1868,1868,2025-02-11,17.22,0.0,72.16,3.24,99.56,10.95,华南_广西,22.81,108.32,NASA POWER API
1869,1869,2025-02-12,18.25,0.17,70.74,3.19,99.76,8.08,华南_广西,22.81,108.32,NASA POWER API
1870,1870,2025-02-13,15.42,0.01,56.25,3.14,99.93,13.16,华南_广西,22.81,108.32,NASA POWER API
1871,1871,2025-02-14,17.94,0.41,68.45,2.49,99.5,7.51,华南_广西,22.81,108.32,NASA POWER API
1872,1872,2025-02-15,18.67,2.35,74.88,2.38,99.4,3.73,华南_广西,22.81,108.32,NASA POWER API
1873,1873,2025-02-16,14.96,1.24,72.23,3.14,99.85,3.31,华南_广西,22.81,108.32,NASA POWER API
1874,1874,2025-02-17,14.57,1.56,76.26,2.87,99.98,3.81,华南_广西,22.81,108.32,NASA POWER API
1875,1875,2025-02-18,13.51,1.03,73.36,2.81,100.09,4.33,华南_广西,22.81,108.32,NASA POWER API
1876,1876,2025-02-19,15.89,1.58,81.5,1.94,99.88,5.59,华南_广西,22.81,108.32,NASA POWER API
1877,1877,2025-02-20,17.4,1.74,82.49,2.66,99.91,5.24,华南_广西,22.81,108.32,NASA POWER API
1878,1878,2025-02-21,14.55,0.87,72.78,3.31,100.13,4.86,华南_广西,22.81,108.32,NASA POWER API
1879,1879,2025-02-22,14.21,3.91,79.06,2.98,100.17,3.6,华南_广西,22.81,108.32,NASA POWER API
1880,1880,2025-02-23,12.54,1.64,67.3,5.18,100.69,4.66,华南_广西,22.81,108.32,NASA POWER API
1881,1881,2025-02-24,12.33,0.22,64.41,3.19,100.73,6.94,华南_广西,22.81,108.32,NASA POWER API
1882,1882,2025-02-25,13.31,3.29,74.1,2.53,100.56,3.56,华南_广西,22.81,108.32,NASA POWER API
1883,1883,2025-02-26,13.81,4.03,80.93,1.6,100.22,4.24,华南_广西,22.81,108.32,NASA POWER API
1884,1884,2025-02-27,18.42,1.62,78.99,2.85,99.56,6.4,华南_广西,22.81,108.32,NASA POWER API
1885,1885,2025-02-28,21.06,0.25,75.63,4.1,99.33,11.97,华南_广西,22.81,108.32,NASA POWER API
1886,1886,2025-03-01,22.42,0.02,73.72,4.31,99.01,13.7,华南_广西,22.81,108.32,NASA POWER API
1887,1887,2025-03-02,24.1,0.01,72.22,3.79,98.8,18.34,华南_广西,22.81,108.32,NASA POWER API
1888,1888,2025-03-03,24.98,0.26,71.58,2.96,98.76,16.2,华南_广西,22.81,108.32,NASA POWER API
1889,1889,2025-03-04,17.99,0.54,65.1,4.11,99.07,13.73,华南_广西,22.81,108.32,NASA POWER API
1890,1890,2025-03-05,15.81,0.1,57.66,5.09,99.39,5.46,华南_广西,22.81,108.32,NASA POWER API
1891,1891,2025-03-06,11.12,2.38,62.83,5.94,100.18,3.06,华南_广西,22.81,108.32,NASA POWER API
1892,1892,2025-03-07,13.41,0.25,59.09,4.22,100.15,7.15,华南_广西,22.81,108.32,NASA POWER API
1893,1893,2025-03-08,14.39,0.38,66.26,2.08,99.98,7.49,华南_广西,22.81,108.32,NASA POWER API
1894,1894,2025-03-09,16.64,2.41,79.48,1.45,99.99,4.6,华南_广西,22.81,108.32,NASA POWER API
1895,1895,2025-03-10,20.2,0.77,74.95,2.47,99.79,8.95,华南_广西,22.81,108.32,NASA POWER API
1896,1896,2025-03-11,23.04,0.68,74.86,3.79,99.32,8.96,华南_广西,22.81,108.32,NASA POWER API
1897,1897,2025-03-12,23.94,1.1,75.77,3.21,99.1,9.33,华南_广西,22.81,108.32,NASA POWER API
1898,1898,2025-03-13,24.18,1.48,77.87,3.2,99.06,7.16,华南_广西,22.81,108.32,NASA POWER API
1899,1899,2025-03-14,25.31,1.61,73.97,3.42,99.02,11.74,华南_广西,22.81,108.32,NASA POWER API
1900,1900,2025-03-15,19.34,4.32,66.61,5.25,99.65,6.18,华南_广西,22.81,108.32,NASA POWER API
1901,1901,2025-03-16,15.42,1.23,52.17,5.28,100.12,10.09,华南_广西,22.81,108.32,NASA POWER API
1902,1902,2025-03-17,15.49,0.03,51.73,3.28,100.09,7.67,华南_广西,22.81,108.32,NASA POWER API
1903,1903,2025-03-18,15.68,0.01,50.55,4.28,100.38,14.51,华南_广西,22.81,108.32,NASA POWER API
1904,1904,2025-03-19,17.21,0.0,43.52,2.86,100.46,18.5,华南_广西,22.81,108.32,NASA POWER API
1905,1905,2025-03-20,18.77,0.0,38.31,2.29,100.33,23.72,华南_广西,22.81,108.32,NASA POWER API
1906,1906,2025-03-21,20.44,0.0,41.4,1.5,100.07,21.4,华南_广西,22.81,108.32,NASA POWER API
1907,1907,2025-03-22,21.79,0.0,45.05,2.04,99.83,21.84,华南_广西,22.81,108.32,NASA POWER API
1908,1908,2025-03-23,23.46,0.0,47.3,1.45,99.56,22.83,华南_广西,22.81,108.32,NASA POWER API
1909,1909,2025-03-24,25.88,0.0,51.78,1.55,99.17,21.64,华南_广西,22.81,108.32,NASA POWER API
1910,1910,2025-03-25,26.47,0.0,56.9,3.38,98.62,20.22,华南_广西,22.81,108.32,NASA POWER API
1911,1911,2025-03-26,26.59,0.0,59.45,4.63,98.3,20.57,华南_广西,22.81,108.32,NASA POWER API
1912,1912,2025-03-27,27.5,0.07,63.0,4.33,98.19,21.1,华南_广西,22.81,108.32,NASA POWER API
1913,1913,2025-03-28,22.12,0.5,61.16,5.22,99.03,10.17,华南_广西,22.81,108.32,NASA POWER API
1914,1914,2025-03-29,13.17,3.28,56.69,6.6,99.96,3.07,华南_广西,22.81,108.32,NASA POWER API
1915,1915,2025-03-30,13.23,1.1,56.0,4.88,100.21,6.1,华南_广西,22.81,108.32,NASA POWER API
1916,1916,2025-03-31,14.42,0.18,54.07,3.36,100.02,7.97,华南_广西,22.81,108.32,NASA POWER API
1917,1917,2025-04-01,17.92,0.0,44.89,2.91,99.83,21.77,华南_广西,22.81,108.32,NASA POWER API
1918,1918,2025-04-02,20.2,0.0,40.87,1.95,99.78,22.63,华南_广西,22.81,108.32,NASA POWER API
1919,1919,2025-04-03,22.1,0.0,42.71,2.23,99.62,21.66,华南_广西,22.81,108.32,NASA POWER API
1920,1920,2025-04-04,22.76,0.01,57.94,3.65,99.27,11.67,华南_广西,22.81,108.32,NASA POWER API
1921,1921,2025-04-05,22.71,0.24,57.4,2.08,99.39,9.14,华南_广西,22.81,108.32,NASA POWER API
1922,1922,2025-04-06,23.29,0.26,57.48,2.07,99.43,5.49,华南_广西,22.81,108.32,NASA POWER API
1923,1923,2025-04-07,24.5,0.17,64.25,2.26,99.45,10.63,华南_广西,22.81,108.32,NASA POWER API
1924,1924,2025-04-08,25.38,0.31,68.73,3.19,99.34,8.19,华南_广西,22.81,108.32,NASA POWER API
1925,1925,2025-04-09,26.14,0.06,67.51,2.95,98.98,11.89,华南_广西,22.81,108.32,NASA POWER API
1926,1926,2025-04-10,28.02,0.0,61.55,3.2,98.6,15.01,华南_广西,22.81,108.32,NASA POWER API
1927,1927,2025-04-11,28.84,0.0,61.85,4.59,98.36,12.26,华南_广西,22.81,108.32,NASA POWER API
1928,1928,2025-04-12,24.92,1.83,55.36,5.83,99.08,12.98,华南_广西,22.81,108.32,NASA POWER API
1929,1929,2025-04-13,23.05,0.1,38.31,2.08,99.63,11.66,华南_广西,22.81,108.32,NASA POWER API
1930,1930,2025-04-14,25.06,0.0,30.49,1.54,99.36,22.72,华南_广西,22.81,108.32,NASA POWER API
1931,1931,2025-04-15,28.18,0.0,26.43,2.46,99.11,21.42,华南_广西,22.81,108.32,NASA POWER API
1932,1932,2025-04-16,27.76,0.0,32.58,3.78,98.77,21.91,华南_广西,22.81,108.32,NASA POWER API
1933,1933,2025-04-17,27.93,0.0,58.62,4.1,98.54,14.26,华南_广西,22.81,108.32,NASA POWER API
1934,1934,2025-04-18,30.03,0.0,59.04,4.0,98.43,16.7,华南_广西,22.81,108.32,NASA POWER API
1935,1935,2025-04-19,31.08,1.44,55.61,4.08,98.46,17.9,华南_广西,22.81,108.32,NASA POWER API
1936,1936,2025-04-20,30.31,0.21,61.34,4.1,98.62,19.85,华南_广西,22.81,108.32,NASA POWER API
1937,1937,2025-04-21,31.76,0.0,55.37,4.98,98.67,21.99,华南_广西,22.81,108.32,NASA POWER API
1938,1938,2025-04-22,31.64,1.26,55.85,2.53,98.68,21.6,华南_广西,22.81,108.32,NASA POWER API
1939,1939,2025-04-23,29.07,1.34,55.36,2.9,98.75,15.89,华南_广西,22.81,108.32,NASA POWER API
1940,1940,2025-04-24,26.04,5.24,56.28,2.75,98.91,10.14,华南_广西,22.81,108.32,NASA POWER API
1941,1941,2025-04-25,24.68,8.25,66.93,2.9,99.09,17.52,华南_广西,22.81,108.32,NASA POWER API
1942,1942,2025-04-26,26.22,1.0,69.34,3.09,99.08,10.34,华南_广西,22.81,108.32,NASA POWER API
1943,1943,2025-04-27,29.07,1.2,68.12,2.91,99.02,11.61,华南_广西,22.81,108.32,NASA POWER API
1944,1944,2025-04-28,25.06,4.77,63.85,3.16,99.27,15.79,华南_广西,22.81,108.32,NASA POWER API
1945,1945,2025-04-29,26.74,0.3,62.88,1.29,99.18,16.1,华南_广西,22.81,108.32,NASA POWER API
1946,1946,2025-04-30,25.75,25.48,80.13,1.38,99.18,11.65,华南_广西,22.81,108.32,NASA POWER API
1947,1947,2025-05-01,26.17,12.38,66.57,1.83,99.31,14.1,华南_广西,22.81,108.32,NASA POWER API
1948,1948,2025-05-02,27.92,0.52,58.7,1.5,98.97,20.39,华南_广西,22.81,108.32,NASA POWER API
1949,1949,2025-05-03,28.76,0.25,66.28,2.71,98.72,20.94,华南_广西,22.81,108.32,NASA POWER API
1950,1950,2025-05-04,28.86,1.13,70.11,3.73,98.5,16.95,华南_广西,22.81,108.32,NASA POWER API
1951,1951,2025-05-05,29.66,8.93,70.04,2.63,98.52,21.45,华南_广西,22.81,108.32,NASA POWER API
1952,1952,2025-05-06,28.56,3.97,70.44,1.7,98.68,14.42,华南_广西,22.81,108.32,NASA POWER API
1953,1953,2025-05-07,28.76,1.44,73.53,2.95,98.42,15.52,华南_广西,22.81,108.32,NASA POWER API
1954,1954,2025-05-08,29.68,8.58,73.95,3.94,98.26,13.77,华南_广西,22.81,108.32,NASA POWER API
1955,1955,2025-05-09,27.39,16.79,74.14,2.59,98.73,14.57,华南_广西,22.81,108.32,NASA POWER API
1956,1956,2025-05-10,23.87,20.12,80.3,4.03,99.0,9.61,华南_广西,22.81,108.32,NASA POWER API
1957,1957,2025-05-11,21.05,0.0,63.6,3.18,99.27,13.51,华南_广西,22.81,108.32,NASA POWER API
1958,1958,2025-05-12,23.37,0.48,56.68,1.59,98.99,28.49,华南_广西,22.81,108.32,NASA POWER API
1959,1959,2025-05-13,25.05,0.28,70.76,2.79,98.94,22.59,华南_广西,22.81,108.32,NASA POWER API
1960,1960,2025-05-14,27.09,8.04,78.1,2.62,99.0,15.39,华南_广西,22.81,108.32,NASA POWER API
1961,1961,2025-05-15,26.67,27.79,83.88,1.82,99.01,14.17,华南_广西,22.81,108.32,NASA POWER API
1962,1962,2025-05-16,26.73,24.07,84.3,2.22,98.93,10.45,华南_广西,22.81,108.32,NASA POWER API
1963,1963,2025-05-17,26.85,21.71,86.27,2.37,98.88,13.05,华南_广西,22.81,108.32,NASA POWER API
1964,1964,2025-05-18,26.12,43.0,89.21,1.69,98.89,11.49,华南_广西,22.81,108.32,NASA POWER API
1965,1965,2025-05-19,26.02,20.98,89.03,1.66,98.73,14.2,华南_广西,22.81,108.32,NASA POWER API
1966,1966,2025-05-20,26.43,1.65,89.78,3.39,98.58,12.37,华南_广西,22.81,108.32,NASA POWER API
1967,1967,2025-05-21,27.92,0.52,85.7,3.29,98.58,17.06,华南_广西,22.81,108.32,NASA POWER API
1968,1968,2025-05-22,27.53,2.41,87.02,2.75,98.52,18.39,华南_广西,22.81,108.32,NASA POWER API
1969,1969,2025-05-23,27.1,13.5,85.08,0.97,98.65,14.03,华南_广西,22.81,108.32,NASA POWER API
1970,1970,2025-05-24,23.08,23.1,81.52,3.96,99.23,7.35,华南_广西,22.81,108.32,NASA POWER API
1971,1971,2025-05-25,21.25,1.47,81.12,2.94,99.52,9.64,华南_广西,22.81,108.32,NASA POWER API
1972,1972,2025-05-26,20.47,1.39,86.14,2.12,99.48,12.48,华南_广西,22.81,108.32,NASA POWER API
1973,1973,2025-05-27,23.72,0.12,85.0,1.61,99.15,15.34,华南_广西,22.81,108.32,NASA POWER API
1974,1974,2025-05-28,25.62,18.12,86.29,1.67,98.84,10.64,华南_广西,22.81,108.32,NASA POWER API
1975,1975,2025-05-29,23.74,9.77,89.31,2.31,98.89,8.9,华南_广西,22.81,108.32,NASA POWER API
1976,1976,2025-05-30,24.77,0.98,87.03,1.52,98.73,10.53,华南_广西,22.81,108.32,NASA POWER API
1977,1977,2025-05-31,27.16,0.94,86.53,3.08,98.42,10.78,华南_广西,22.81,108.32,NASA POWER API
1978,1978,2025-06-01,29.23,1.32,83.76,2.75,97.99,21.38,华南_广西,22.81,108.32,NASA POWER API
1979,1979,2025-06-02,27.21,2.07,86.79,2.54,98.13,16.06,华南_广西,22.81,108.32,NASA POWER API
1980,1980,2025-06-03,25.24,3.96,79.55,2.21,98.5,19.58,华南_广西,22.81,108.32,NASA POWER API
1981,1981,2025-06-04,26.46,0.86,77.14,1.88,98.74,21.23,华南_广西,22.81,108.32,NASA POWER API
1982,1982,2025-06-05,27.5,3.74,81.04,1.65,98.74,17.29,华南_广西,22.81,108.32,NASA POWER API
1983,1983,2025-06-06,27.96,2.52,85.29,2.53,98.6,18.97,华南_广西,22.81,108.32,NASA POWER API
1984,1984,2025-06-07,28.59,0.57,84.9,2.51,98.51,21.15,华南_广西,22.81,108.32,NASA POWER API
1985,1985,2025-06-08,27.73,5.16,89.22,1.81,98.48,13.4,华南_广西,22.81,108.32,NASA POWER API
1986,1986,2025-06-09,28.27,36.13,83.83,0.77,98.43,17.27,华南_广西,22.81,108.32,NASA POWER API
1987,1987,2025-06-10,27.22,64.3,87.7,2.08,98.46,10.41,华南_广西,22.81,108.32,NASA POWER API
1988,1988,2025-06-11,27.29,8.84,87.51,2.46,98.49,14.28,华南_广西,22.81,108.32,NASA POWER API
1989,1989,2025-06-12,26.96,14.36,85.31,3.14,98.5,12.47,华南_广西,22.81,108.32,NASA POWER API
1990,1990,2025-06-13,26.21,11.95,89.07,2.52,98.42,16.93,华南_广西,22.81,108.32,NASA POWER API
1991,1991,2025-06-14,27.06,2.79,86.43,1.93,98.17,7.58,华南_广西,22.81,108.32,NASA POWER API
1992,1992,2025-06-15,28.43,8.6,82.74,1.12,98.3,18.38,华南_广西,22.81,108.32,NASA POWER API
1993,1993,2025-06-16,27.17,24.3,91.32,2.43,98.52,13.27,华南_广西,22.81,108.32,NASA POWER API
1994,1994,2025-06-17,27.61,13.08,90.31,3.09,98.5,10.19,华南_广西,22.81,108.32,NASA POWER API
1995,1995,2025-06-18,27.18,10.83,92.68,3.86,98.43,10.75,华南_广西,22.81,108.32,NASA POWER API
1996,1996,2025-06-19,27.07,10.43,93.14,3.49,98.45,11.49,华南_广西,22.81,108.32,NASA POWER API
1997,1997,2025-06-20,27.36,13.83,90.09,3.2,98.46,11.19,华南_广西,22.81,108.32,NASA POWER API
1998,1998,2025-06-21,27.1,13.98,91.77,2.53,98.55,14.46,华南_广西,22.81,108.32,NASA POWER API
1999,1999,2025-06-22,27.17,8.04,90.39,2.25,98.62,16.82,华南_广西,22.81,108.32,NASA POWER API
2000,2000,2025-06-23,27.37,1.38,88.83,2.14,98.5,19.56,华南_广西,22.81,108.32,NASA POWER API
2001,2001,2025-06-24,26.99,3.32,90.33,1.9,98.6,20.27,华南_广西,22.81,108.32,NASA POWER API
2002,2002,2025-06-25,27.54,3.34,87.27,1.9,98.7,21.43,华南_广西,22.81,108.32,NASA POWER API
2003,2003,2025-06-26,27.5,22.1,84.66,1.18,98.6,17.82,华南_广西,22.81,108.32,NASA POWER API
2004,2004,2025-06-27,26.06,58.9,93.7,2.46,98.4,12.59,华南_广西,22.81,108.32,NASA POWER API
2005,2005,2025-06-28,26.72,17.89,90.83,2.11,98.44,18.11,华南_广西,22.81,108.32,NASA POWER API
2006,2006,2025-06-29,26.71,24.34,91.27,2.37,98.28,12.88,华南_广西,22.81,108.32,NASA POWER API
2007,2007,2025-06-30,26.92,18.14,89.78,2.54,98.36,14.01,华南_广西,22.81,108.32,NASA POWER API
2008,2008,2025-07-01,27.01,15.94,91.19,2.37,98.52,13.6,华南_广西,22.81,108.32,NASA POWER API
2009,2009,2025-07-02,26.54,8.75,92.27,2.13,98.75,14.47,华南_广西,22.81,108.32,NASA POWER API
2010,2010,2025-07-03,26.83,2.56,88.52,1.75,98.73,19.15,华南_广西,22.81,108.32,NASA POWER API
2011,2011,2025-07-04,28.26,0.26,80.42,0.84,98.54,23.45,华南_广西,22.81,108.32,NASA POWER API
2012,2012,2025-07-05,28.48,0.33,79.39,1.0,98.41,24.28,华南_广西,22.81,108.32,NASA POWER API
2013,2013,2025-07-06,28.8,0.82,78.72,1.08,98.36,21.6,华南_广西,22.81,108.32,NASA POWER API
2014,2014,2025-07-07,28.24,6.76,84.12,1.59,98.29,21.56,华南_广西,22.81,108.32,NASA POWER API
2015,2015,2025-07-08,28.56,4.49,84.94,1.12,98.16,15.79,华南_广西,22.81,108.32,NASA POWER API
2016,2016,2025-07-09,29.06,4.8,84.18,1.0,98.02,19.21,华南_广西,22.81,108.32,NASA POWER API
2017,2017,2025-07-10,28.76,4.45,86.54,1.35,97.84,16.81,华南_广西,22.81,108.32,NASA POWER API
2018,2018,2025-07-11,28.51,17.13,82.67,1.76,98.06,14.74,华南_广西,22.81,108.32,NASA POWER API
2019,2019,2025-07-12,27.58,5.57,88.03,1.51,98.45,13.56,华南_广西,22.81,108.32,NASA POWER API
2020,2020,2025-07-13,27.84,6.72,86.87,1.02,98.54,15.37,华南_广西,22.81,108.32,NASA POWER API
2021,2021,2025-07-14,28.19,5.99,84.77,0.63,98.43,10.0,华南_广西,22.81,108.32,NASA POWER API
2022,2022,2025-07-15,27.11,2.59,90.79,1.27,98.26,15.22,华南_广西,22.81,108.32,NASA POWER API
2023,2023,2025-07-16,28.34,2.69,87.54,1.47,98.3,18.53,华南_广西,22.81,108.32,NASA POWER API
2024,2024,2025-07-17,28.99,0.45,84.11,1.07,98.29,22.07,华南_广西,22.81,108.32,NASA POWER API
2025,2025,2025-07-18,29.47,0.17,82.51,1.07,98.07,20.98,华南_广西,22.81,108.32,NASA POWER API
2026,2026,2025-07-19,28.68,36.83,89.01,1.64,97.73,13.98,华南_广西,22.81,108.32,NASA POWER API
2027,2027,2025-07-20,28.48,10.75,87.21,3.18,97.51,12.8,华南_广西,22.81,108.32,NASA POWER API
2028,2028,2025-07-21,27.76,25.04,89.11,5.63,97.28,4.57,华南_广西,22.81,108.32,NASA POWER API
2029,2029,2025-07-22,27.31,16.57,89.67,3.98,97.68,9.69,华南_广西,22.81,108.32,NASA POWER API
2030,2030,2025-07-23,27.05,23.33,90.61,2.66,98.11,14.08,华南_广西,22.81,108.32,NASA POWER API
2031,2031,2025-07-24,27.24,8.62,86.92,2.14,98.28,13.62,华南_广西,22.81,108.32,NASA POWER API
2032,2032,2025-07-25,28.1,3.15,80.5,0.66,98.18,18.0,华南_广西,22.81,108.32,NASA POWER API
2033,2033,2025-07-26,28.7,0.88,79.38,1.08,98.12,24.27,华南_广西,22.81,108.32,NASA POWER API
2034,2034,2025-07-27,29.32,2.88,79.51,1.24,98.07,22.09,华南_广西,22.81,108.32,NASA POWER API
2035,2035,2025-07-28,29.4,0.79,79.49,1.34,97.92,22.57,华南_广西,22.81,108.32,NASA POWER API
2036,2036,2025-07-29,29.88,12.48,80.51,0.75,97.77,16.55,华南_广西,22.81,108.32,NASA POWER API
2037,2037,2025-07-30,30.08,7.02,82.33,0.82,97.78,20.55,华南_广西,22.81,108.32,NASA POWER API
2038,2038,2025-07-31,29.09,10.4,83.62,0.68,97.88,16.0,华南_广西,22.81,108.32,NASA POWER API
2039,2039,2025-08-01,28.12,8.67,83.19,0.92,98.0,7.69,华南_广西,22.81,108.32,NASA POWER API
2040,2040,2025-08-02,28.36,7.67,82.22,0.72,98.1,18.39,华南_广西,22.81,108.32,NASA POWER API
2041,2041,2025-08-03,28.84,0.81,89.04,2.08,98.07,20.9,华南_广西,22.81,108.32,NASA POWER API
2042,2042,2025-08-04,28.52,5.44,92.09,1.76,98.09,15.28,华南_广西,22.81,108.32,NASA POWER API
2043,2043,2025-08-05,27.6,21.17,94.07,2.42,98.21,2.29,华南_广西,22.81,108.32,NASA POWER API
2044,2044,2025-08-06,26.83,29.85,93.02,2.91,98.36,8.28,华南_广西,22.81,108.32,NASA POWER API
2045,2045,2025-08-07,26.62,8.3,93.91,2.17,98.66,11.28,华南_广西,22.81,108.32,NASA POWER API
2046,2046,2025-08-08,27.61,5.07,90.45,2.54,98.69,19.9,华南_广西,22.81,108.32,NASA POWER API
2047,2047,2025-08-09,28.3,0.34,89.42,2.61,98.59,20.82,华南_广西,22.81,108.32,NASA POWER API
2048,2048,2025-08-10,28.24,1.5,88.56,2.34,98.56,20.28,华南_广西,22.81,108.32,NASA POWER API
2049,2049,2025-08-11,27.81,1.21,90.19,1.91,98.51,19.86,华南_广西,22.81,108.32,NASA POWER API
2050,2050,2025-08-12,28.53,0.86,85.39,1.66,98.53,21.11,华南_广西,22.81,108.32,NASA POWER API
2051,2051,2025-08-13,28.53,0.0,78.89,0.79,98.62,21.79,华南_广西,22.81,108.32,NASA POWER API
2052,2052,2025-08-14,27.36,7.6,85.15,1.47,98.49,14.98,华南_广西,22.81,108.32,NASA POWER API
2053,2053,2025-08-15,25.56,23.27,93.91,2.12,98.62,11.32,华南_广西,22.81,108.32,NASA POWER API
2054,2054,2025-08-16,26.56,16.16,86.46,1.38,98.82,15.74,华南_广西,22.81,108.32,NASA POWER API
2055,2055,2025-08-17,27.03,1.08,84.69,2.08,98.79,21.32,华南_广西,22.81,108.32,NASA POWER API
2056,2056,2025-08-18,25.89,21.12,89.55,2.61,98.74,9.77,华南_广西,22.81,108.32,NASA POWER API
2057,2057,2025-08-19,26.23,37.74,92.76,3.99,98.66,7.18,华南_广西,22.81,108.32,NASA POWER API
2058,2058,2025-08-20,26.37,9.92,93.58,3.01,98.73,12.16,华南_广西,22.81,108.32,NASA POWER API
2059,2059,2025-08-21,26.45,7.24,94.77,2.64,98.87,8.44,华南_广西,22.81,108.32,NASA POWER API
2060,2060,2025-08-22,26.41,1.53,92.1,2.32,98.85,17.57,华南_广西,22.81,108.32,NASA POWER API
2061,2061,2025-08-23,27.37,0.35,83.59,0.71,98.85,21.47,华南_广西,22.81,108.32,NASA POWER API
2062,2062,2025-08-24,26.88,2.83,87.96,1.9,98.85,18.22,华南_广西,22.81,108.32,NASA POWER API
2063,2063,2025-08-25,26.38,8.7,88.63,3.02,98.84,13.02,华南_广西,22.81,108.32,NASA POWER API
2064,2064,2025-08-26,26.26,9.45,88.18,1.89,98.93,17.41,华南_广西,22.81,108.32,NASA POWER API
2065,2065,2025-08-27,26.75,1.68,85.46,1.2,98.78,19.82,华南_广西,22.81,108.32,NASA POWER API
2066,2066,2025-08-28,26.95,4.39,83.72,0.99,98.8,18.2,华南_广西,22.81,108.32,NASA POWER API
2067,2067,2025-08-29,26.52,9.96,87.17,1.98,98.94,9.57,华南_广西,22.81,108.32,NASA POWER API
2068,2068,2025-08-30,26.85,2.17,87.76,2.46,98.94,17.65,华南_广西,22.81,108.32,NASA POWER API
2069,2069,2025-08-31,27.11,0.49,82.18,0.83,98.88,18.32,华南_广西,22.81,108.32,NASA POWER API
2070,2070,2025-09-01,27.6,0.19,84.53,1.14,98.71,20.12,华南_广西,22.81,108.32,NASA POWER API
2071,2071,2025-09-02,27.37,0.27,86.7,1.26,98.73,18.81,华南_广西,22.81,108.32,NASA POWER API
2072,2072,2025-09-03,27.5,0.03,86.47,1.21,98.73,18.71,华南_广西,22.81,108.32,NASA POWER API
2073,2073,2025-09-04,27.74,0.14,85.33,1.6,98.7,20.62,华南_广西,22.81,108.32,NASA POWER API
2074,2074,2025-09-05,28.0,0.05,84.46,1.32,98.72,20.36,华南_广西,22.81,108.32,NASA POWER API
2075,2075,2025-09-06,28.2,0.0,82.35,0.96,98.8,20.02,华南_广西,22.81,108.32,NASA POWER API
2076,2076,2025-09-07,28.69,0.91,81.01,0.94,98.63,20.93,华南_广西,22.81,108.32,NASA POWER API
2077,2077,2025-09-08,28.07,21.01,84.13,1.44,98.51,14.36,华南_广西,22.81,108.32,NASA POWER API
2078,2078,2025-09-09,26.63,20.54,91.55,1.6,98.71,12.83,华南_广西,22.81,108.32,NASA POWER API
2079,2079,2025-09-10,26.47,7.85,92.83,1.66,98.86,17.07,华南_广西,22.81,108.32,NASA POWER API
2080,2080,2025-09-11,26.73,7.71,91.49,2.19,98.91,17.4,华南_广西,22.81,108.32,NASA POWER API
2081,2081,2025-09-12,26.64,3.29,89.05,1.9,99.0,18.04,华南_广西,22.81,108.32,NASA POWER API
2082,2082,2025-09-13,27.04,0.44,85.55,1.32,99.04,19.77,华南_广西,22.81,108.32,NASA POWER API
2083,2083,2025-09-14,26.58,0.13,87.62,1.49,99.03,18.99,华南_广西,22.81,108.32,NASA POWER API
2084,2084,2025-09-15,26.62,3.97,89.62,1.6,99.07,17.92,华南_广西,22.81,108.32,NASA POWER API
2085,2085,2025-09-16,26.86,14.33,86.65,1.11,99.07,17.41,华南_广西,22.81,108.32,NASA POWER API
2086,2086,2025-09-17,26.05,12.41,89.51,1.45,99.0,17.65,华南_广西,22.81,108.32,NASA POWER API
2087,2087,2025-09-18,27.15,3.82,84.28,1.14,98.95,19.52,华南_广西,22.81,108.32,NASA POWER API
2088,2088,2025-09-19,28.09,2.02,81.68,0.75,98.87,18.23,华南_广西,22.81,108.32,NASA POWER API
2089,2089,2025-09-20,27.36,3.85,86.56,1.46,98.71,18.28,华南_广西,22.81,108.32,NASA POWER API
2090,2090,2025-09-21,25.43,1.43,85.03,2.43,98.74,13.95,华南_广西,22.81,108.32,NASA POWER API
2091,2091,2025-09-22,25.65,9.99,88.79,2.2,98.79,9.25,华南_广西,22.81,108.32,NASA POWER API
2092,2092,2025-09-23,25.66,0.7,83.25,3.18,98.63,18.44,华南_广西,22.81,108.32,NASA POWER API
2093,2093,2025-09-24,24.38,2.02,80.7,5.39,98.35,14.74,华南_广西,22.81,108.32,NASA POWER API
2094,2094,2025-09-25,24.25,42.14,91.83,5.78,98.31,4.23,华南_广西,22.81,108.32,NASA POWER API
2095,2095,2025-09-26,25.91,22.83,90.51,3.05,99.22,9.39,华南_广西,22.81,108.32,NASA POWER API
2096,2096,2025-09-27,25.86,0.65,88.38,2.19,99.31,18.29,华南_广西,22.81,108.32,NASA POWER API
2097,2097,2025-09-28,26.24,14.16,88.64,2.9,99.14,9.89,华南_广西,22.81,108.32,NASA POWER API
2098,2098,2025-09-29,25.08,18.68,92.38,3.12,99.14,9.97,华南_广西,22.81,108.32,NASA POWER API
2099,2099,2025-09-30,25.04,21.32,94.01,2.2,99.22,13.85,华南_广西,22.81,108.32,NASA POWER API
2100,2100,2025-10-01,26.29,1.6,87.56,1.45,99.14,18.64,华南_广西,22.81,108.32,NASA POWER API
2101,2101,2025-10-02,25.75,0.04,88.33,1.53,99.13,19.74,华南_广西,22.81,108.32,NASA POWER API
2102,2102,2025-10-03,26.02,0.06,89.2,1.61,99.16,16.44,华南_广西,22.81,108.32,NASA POWER API
2103,2103,2025-10-04,27.05,0.16,85.98,1.23,99.12,20.69,华南_广西,22.81,108.32,NASA POWER API
2104,2104,2025-10-05,26.53,7.18,84.43,4.32,98.67,14.11,华南_广西,22.81,108.32,NASA POWER API
2105,2105,2025-10-06,24.42,50.92,92.55,7.67,98.52,3.07,华南_广西,22.81,108.32,NASA POWER API
2106,2106,2025-10-07,25.48,25.31,89.46,2.18,99.32,14.66,华南_广西,22.81,108.32,NASA POWER API
2107,2107,2025-10-08,27.01,1.69,80.6,0.74,99.29,19.04,华南_广西,22.81,108.32,NASA POWER API
2108,2108,2025-10-09,26.47,0.85,84.28,1.12,99.22,16.03,华南_广西,22.81,108.32,NASA POWER API
2109,2109,2025-10-10,26.09,0.65,84.83,1.05,99.16,16.66,华南_广西,22.81,108.32,NASA POWER API
2110,2110,2025-10-11,26.23,0.34,84.95,1.07,99.09,18.34,华南_广西,22.81,108.32,NASA POWER API
2111,2111,2025-10-12,26.18,0.14,86.7,1.28,99.06,17.67,华南_广西,22.81,108.32,NASA POWER API
2112,2112,2025-10-13,25.95,1.95,89.21,1.38,99.17,15.75,华南_广西,22.81,108.32,NASA POWER API
2113,2113,2025-10-14,25.58,17.89,91.93,1.72,99.22,13.32,华南_广西,22.81,108.32,NASA POWER API
2114,2114,2025-10-15,25.52,19.89,90.61,1.4,99.25,10.89,华南_广西,22.81,108.32,NASA POWER API
2115,2115,2025-10-16,26.14,0.56,85.48,1.04,99.37,17.95,华南_广西,22.81,108.32,NASA POWER API
2116,2116,2025-10-17,26.6,0.01,82.1,0.87,99.38,16.61,华南_广西,22.81,108.32,NASA POWER API
2117,2117,2025-10-18,26.14,0.49,83.13,1.21,99.37,17.86,华南_广西,22.81,108.32,NASA POWER API
2118,2118,2025-10-19,22.46,0.71,84.44,3.68,99.48,15.46,华南_广西,22.81,108.32,NASA POWER API
2119,2119,2025-10-20,19.4,0.04,82.37,4.31,99.64,16.65,华南_广西,22.81,108.32,NASA POWER API
2120,2120,2025-10-21,16.24,0.0,77.96,5.5,99.92,10.82,华南_广西,22.81,108.32,NASA POWER API
2121,2121,2025-10-22,15.09,0.0,76.89,5.09,100.07,9.53,华南_广西,22.81,108.32,NASA POWER API
2122,2122,2025-10-23,15.23,0.22,81.46,3.89,100.08,8.35,华南_广西,22.81,108.32,NASA POWER API
2123,2123,2025-10-24,17.01,0.32,83.11,2.95,99.93,13.33,华南_广西,22.81,108.32,NASA POWER API
2124,2124,2025-10-25,18.84,0.02,80.42,2.77,99.78,16.46,华南_广西,22.81,108.32,NASA POWER API
2125,2125,2025-10-26,18.66,0.0,80.97,3.33,99.82,13.22,华南_广西,22.81,108.32,NASA POWER API
2126,2126,2025-10-27,18.19,0.0,79.79,2.89,99.87,13.78,华南_广西,22.81,108.32,NASA POWER API
2127,2127,2025-10-28,18.52,0.0,80.73,2.41,99.79,13.96,华南_广西,22.81,108.32,NASA POWER API
2128,2128,2025-10-29,20.23,0.29,82.53,1.55,99.63,11.4,华南_广西,22.81,108.32,NASA POWER API
2129,2129,2025-10-30,21.54,9.6,90.58,1.8,99.65,4.88,华南_广西,22.81,108.32,NASA POWER API
2130,2130,2025-10-31,20.74,5.41,86.27,2.67,99.78,6.89,华南_广西,22.81,108.32,NASA POWER API
2131,2131,2025-11-01,19.07,1.86,84.77,2.41,99.85,6.34,华南_广西,22.81,108.32,NASA POWER API
2132,2132,2025-11-02,17.8,5.28,88.2,3.14,99.88,4.17,华南_广西,22.81,108.32,NASA POWER API
2133,2133,2025-11-03,16.14,4.24,88.77,3.23,99.93,4.41,华南_广西,22.81,108.32,NASA POWER API
2134,2134,2025-11-04,16.46,8.23,89.03,2.83,99.83,5.44,华南_广西,22.81,108.32,NASA POWER API
2135,2135,2025-11-05,18.37,2.1,87.46,1.52,99.45,7.03,华南_广西,22.81,108.32,NASA POWER API
2136,2136,2025-11-06,20.9,0.19,89.07,1.16,99.3,10.01,华南_广西,22.81,108.32,NASA POWER API
2137,2137,2025-11-07,21.99,2.44,92.34,2.08,99.34,4.7,华南_广西,22.81,108.32,NASA POWER API
2138,2138,2025-11-08,24.14,3.49,89.61,1.79,99.43,8.26,华南_广西,22.81,108.32,NASA POWER API
2139,2139,2025-11-09,20.58,2.27,85.3,3.31,99.47,8.07,华南_广西,22.81,108.32,NASA POWER API
2140,2140,2025-11-10,18.78,0.85,83.11,3.17,99.33,9.76,华南_广西,22.81,108.32,NASA POWER API
2141,2141,2025-11-11,17.49,0.11,81.07,3.32,99.39,12.68,华南_广西,22.81,108.32,NASA POWER API
2142,2142,2025-11-12,16.57,0.0,79.13,3.09,99.67,18.19,华南_广西,22.81,108.32,NASA POWER API
2143,2143,2025-11-13,15.85,0.0,76.83,2.66,99.85,18.86,华南_广西,22.81,108.32,NASA POWER API
2144,2144,2025-11-14,16.67,0.0,78.68,1.93,99.83,18.34,华南_广西,22.81,108.32,NASA POWER API
2145,2145,2025-11-15,18.8,0.0,81.79,1.87,99.96,18.04,华南_广西,22.81,108.32,NASA POWER API
2146,2146,2025-11-16,20.71,0.0,78.38,1.46,99.98,12.3,华南_广西,22.81,108.32,NASA POWER API
2147,2147,2025-11-17,19.42,2.93,84.94,2.96,100.13,10.49,华南_广西,22.81,108.32,NASA POWER API
2148,2148,2025-11-18,10.45,11.11,74.15,5.58,100.83,2.93,华南_广西,22.81,108.32,NASA POWER API
2149,2149,2025-11-19,10.56,2.22,72.62,3.64,100.73,11.3,华南_广西,22.81,108.32,NASA POWER API
2150,2150,2025-11-20,12.35,0.0,69.79,2.52,100.5,16.99,华南_广西,22.81,108.32,NASA POWER API
2151,2151,2025-11-21,13.85,0.0,70.81,2.48,100.4,15.91,华南_广西,22.81,108.32,NASA POWER API
2152,2152,2025-11-22,15.21,0.0,68.65,1.74,100.16,15.4,华南_广西,22.81,108.32,NASA POWER API
2153,2153,2025-11-23,16.42,0.0,71.23,1.62,99.98,16.81,华南_广西,22.81,108.32,NASA POWER API
2154,2154,2025-11-24,15.75,0.0,76.03,3.07,100.12,17.89,华南_广西,22.81,108.32,NASA POWER API
2155,2155,2025-11-25,13.75,0.0,70.62,3.15,100.2,17.73,华南_广西,22.81,108.32,NASA POWER API
2156,2156,2025-11-26,12.19,0.0,66.9,2.36,100.1,18.25,华南_广西,22.81,108.32,NASA POWER API
2157,2157,2025-11-27,12.78,0.0,68.0,3.42,100.36,17.31,华南_广西,22.81,108.32,NASA POWER API
2158,2158,2025-11-28,13.3,0.0,59.42,1.98,99.84,17.41,华南_广西,22.81,108.32,NASA POWER API
2159,2159,2025-11-29,14.1,0.0,61.46,1.05,99.5,18.32,华南_广西,22.81,108.32,NASA POWER API
2160,2160,2025-11-30,16.32,0.05,77.06,0.75,99.44,8.1,华南_广西,22.81,108.32,NASA POWER API
2161,2161,2025-12-01,17.79,0.17,85.13,1.28,99.43,13.09,华南_广西,22.81,108.32,NASA POWER API
2162,2162,2025-12-02,19.9,0.49,84.62,1.17,99.44,12.03,华南_广西,22.81,108.32,NASA POWER API
2163,2163,2025-12-03,15.25,1.12,76.29,3.64,100.09,9.4,华南_广西,22.81,108.32,NASA POWER API
2164,2164,2025-12-04,14.67,0.04,78.26,1.71,100.07,9.1,华南_广西,22.81,108.32,NASA POWER API
2165,2165,2025-12-05,14.3,0.02,79.17,2.5,100.21,5.65,华南_广西,22.81,108.32,NASA POWER API
2166,2166,2025-12-06,14.54,0.0,82.23,1.38,99.9,12.9,华南_广西,22.81,108.32,NASA POWER API
2167,2167,2025-12-07,16.8,0.0,88.91,1.45,99.96,10.48,华南_广西,22.81,108.32,NASA POWER API
2168,2168,2025-12-08,16.59,0.0,79.26,2.31,100.07,15.36,华南_广西,22.81,108.32,NASA POWER API
2169,2169,2025-12-09,16.79,0.0,77.44,1.64,99.89,14.86,华南_广西,22.81,108.32,NASA POWER API
2170,2170,2025-12-10,18.63,0.0,75.09,0.73,99.78,11.75,华南_广西,22.81,108.32,NASA POWER API
2171,2171,2025-12-11,18.83,0.39,79.61,0.95,99.75,6.82,华南_广西,22.81,108.32,NASA POWER API
2172,2172,2025-12-12,19.08,5.74,91.77,1.91,99.53,4.33,华南_广西,22.81,108.32,NASA POWER API
2173,2173,2025-12-13,14.27,15.67,80.64,4.11,100.18,2.88,华南_广西,22.81,108.32,NASA POWER API
2174,2174,2025-12-14,11.19,0.0,64.69,2.75,100.3,11.82,华南_广西,22.81,108.32,NASA POWER API
2175,2175,2025-12-15,12.77,0.0,75.25,1.41,99.93,9.38,华南_广西,22.81,108.32,NASA POWER API
2176,2176,2025-12-16,15.68,0.32,87.81,1.04,99.87,6.05,华南_广西,22.81,108.32,NASA POWER API
2177,2177,2025-12-17,16.67,0.55,81.9,2.6,100.09,11.79,华南_广西,22.81,108.32,NASA POWER API
2178,2178,2025-12-18,16.56,0.03,78.66,1.5,99.83,15.27,华南_广西,22.81,108.32,NASA POWER API
2179,2179,2025-12-19,17.79,0.01,85.81,1.68,99.43,14.01,华南_广西,22.81,108.32,NASA POWER API
2180,2180,2025-12-20,19.13,0.01,83.91,1.11,99.62,11.14,华南_广西,22.81,108.32,NASA POWER API
2181,2181,2025-12-21,16.48,0.02,75.54,2.99,99.93,11.34,华南_广西,22.81,108.32,NASA POWER API
2182,2182,2025-12-22,16.29,0.19,85.41,2.72,99.62,9.71,华南_广西,22.81,108.32,NASA POWER API
2183,2183,2025-12-23,18.44,4.53,90.15,2.41,99.51,6.23,华南_广西,22.81,108.32,NASA POWER API
2184,2184,2025-12-24,13.49,3.51,83.19,3.57,99.69,3.21,华南_广西,22.81,108.32,NASA POWER API
2185,2185,2025-12-25,10.69,0.89,66.71,4.59,100.25,12.48,华南_广西,22.81,108.32,NASA POWER API
2186,2186,2025-12-26,9.55,0.0,66.3,2.12,100.1,14.37,华南_广西,22.81,108.32,NASA POWER API
2187,2187,2025-12-27,11.69,0.0,67.25,1.72,100.02,8.32,华南_广西,22.81,108.32,NASA POWER API
2188,2188,2025-12-28,14.04,0.0,69.95,0.91,99.85,8.14,华南_广西,22.81,108.32,NASA POWER API
2189,2189,2025-12-29,15.56,0.0,76.88,0.88,99.62,10.33,华南_广西,22.81,108.32,NASA POWER API
2190,2190,2025-12-30,16.82,0.0,78.05,1.16,99.5,11.36,华南_广西,22.81,108.32,NASA POWER API
2191,2191,2025-12-31,17.54,0.23,82.57,2.29,99.25,11.48,华南_广西,22.81,108.32,NASA POWER API
