,Unnamed: 0,date,temperature,precipitation,humidity,wind_speed,surface_pressure,solar_radiation,region,latitude,longitude,data_source
0,0,2020-01-01,-1.69,0.0,62.16,2.01,100.91,7.89,华北_山东,36.65,117.0,NASA POWER API
1,1,2020-01-02,0.84,0.0,61.63,0.84,100.85,7.92,华北_山东,36.65,117.0,NASA POWER API
2,2,2020-01-03,1.91,0.0,65.36,0.77,100.7,7.12,华北_山东,36.65,117.0,NASA POWER API
3,3,2020-01-04,2.1,0.0,74.73,1.13,100.56,5.91,华北_山东,36.65,117.0,NASA POWER API
4,4,2020-01-05,0.74,9.72,89.36,1.78,100.56,2.14,华北_山东,36.65,117.0,NASA POWER API
5,5,2020-01-06,0.27,7.49,96.06,2.92,100.11,2.84,华北_山东,36.65,117.0,NASA POWER API
6,6,2020-01-07,-2.12,11.01,92.63,4.39,99.99,2.74,华北_山东,36.65,117.0,NASA POWER API
7,7,2020-01-08,-5.12,0.0,78.05,1.75,100.71,11.01,华北_山东,36.65,117.0,NASA POWER API
8,8,2020-01-09,-2.2,0.0,67.61,1.01,100.57,9.96,华北_山东,36.65,117.0,NASA POWER API
9,9,2020-01-10,-0.86,0.0,73.98,1.18,100.37,6.06,华北_山东,36.65,117.0,NASA POWER API
10,10,2020-01-11,-2.82,0.0,77.05,1.78,100.34,5.93,华北_山东,36.65,117.0,NASA POWER API
11,11,2020-01-12,-2.55,0.0,82.36,1.0,100.25,8.29,华北_山东,36.65,117.0,NASA POWER API
12,12,2020-01-13,-4.31,0.35,73.72,1.92,100.35,4.78,华北_山东,36.65,117.0,NASA POWER API
13,13,2020-01-14,-5.02,0.0,61.08,1.33,100.76,11.26,华北_山东,36.65,117.0,NASA POWER API
14,14,2020-01-15,-2.88,0.0,64.5,0.88,100.79,8.33,华北_山东,36.65,117.0,NASA POWER API
15,15,2020-01-16,-1.55,0.51,69.87,0.68,100.79,4.63,华北_山东,36.65,117.0,NASA POWER API
16,16,2020-01-17,-1.77,0.01,65.71,0.93,100.59,6.42,华北_山东,36.65,117.0,NASA POWER API
17,17,2020-01-18,-1.2,0.0,83.93,2.1,100.29,6.75,华北_山东,36.65,117.0,NASA POWER API
18,18,2020-01-19,-0.4,0.0,63.89,1.5,100.13,11.44,华北_山东,36.65,117.0,NASA POWER API
19,19,2020-01-20,-0.57,0.0,61.93,1.92,100.44,11.92,华北_山东,36.65,117.0,NASA POWER API
20,20,2020-01-21,0.36,0.0,82.04,2.7,100.35,4.88,华北_山东,36.65,117.0,NASA POWER API
21,21,2020-01-22,1.95,0.0,82.19,1.12,100.14,7.93,华北_山东,36.65,117.0,NASA POWER API
22,22,2020-01-23,2.28,0.0,80.01,1.16,100.51,5.62,华北_山东,36.65,117.0,NASA POWER API
23,23,2020-01-24,0.67,0.0,71.53,2.83,101.19,9.36,华北_山东,36.65,117.0,NASA POWER API
24,24,2020-01-25,1.15,0.0,62.14,1.45,101.0,8.84,华北_山东,36.65,117.0,NASA POWER API
25,25,2020-01-26,-0.05,0.35,74.14,2.26,100.75,3.49,华北_山东,36.65,117.0,NASA POWER API
26,26,2020-01-27,-0.17,0.06,72.8,1.92,100.23,8.3,华北_山东,36.65,117.0,NASA POWER API
27,27,2020-01-28,0.64,0.0,64.41,1.44,100.14,8.2,华北_山东,36.65,117.0,NASA POWER API
28,28,2020-01-29,-0.31,0.0,77.06,1.97,100.3,7.0,华北_山东,36.65,117.0,NASA POWER API
29,29,2020-01-30,-0.68,0.0,61.32,1.77,100.32,13.83,华北_山东,36.65,117.0,NASA POWER API
30,30,2020-01-31,0.99,0.0,72.92,2.49,100.21,10.38,华北_山东,36.65,117.0,NASA POWER API
31,31,2020-02-01,2.12,0.0,74.1,1.8,100.48,9.76,华北_山东,36.65,117.0,NASA POWER API
32,32,2020-02-02,0.9,0.09,84.29,2.35,100.51,5.09,华北_山东,36.65,117.0,NASA POWER API
33,33,2020-02-03,-0.35,0.01,68.31,2.34,100.67,14.12,华北_山东,36.65,117.0,NASA POWER API
34,34,2020-02-04,-0.15,0.11,78.2,3.97,100.47,1.93,华北_山东,36.65,117.0,NASA POWER API
35,35,2020-02-05,-1.69,0.03,64.24,2.86,101.09,7.71,华北_山东,36.65,117.0,NASA POWER API
36,36,2020-02-06,-1.35,0.91,77.51,1.69,101.09,6.17,华北_山东,36.65,117.0,NASA POWER API
37,37,2020-02-07,-0.04,0.03,87.8,1.86,100.86,8.21,华北_山东,36.65,117.0,NASA POWER API
38,38,2020-02-08,1.74,0.0,79.34,1.22,100.98,9.15,华北_山东,36.65,117.0,NASA POWER API
39,39,2020-02-09,3.49,0.0,69.65,2.65,100.39,10.66,华北_山东,36.65,117.0,NASA POWER API
40,40,2020-02-10,4.51,0.0,69.5,2.92,99.81,13.23,华北_山东,36.65,117.0,NASA POWER API
41,41,2020-02-11,6.8,0.0,80.93,3.04,99.7,11.83,华北_山东,36.65,117.0,NASA POWER API
42,42,2020-02-12,8.01,0.03,79.22,3.13,99.44,12.67,华北_山东,36.65,117.0,NASA POWER API
43,43,2020-02-13,9.97,0.34,82.17,4.28,99.1,13.28,华北_山东,36.65,117.0,NASA POWER API
44,44,2020-02-14,4.83,9.74,90.29,5.1,99.63,2.12,华北_山东,36.65,117.0,NASA POWER API
45,45,2020-02-15,-4.91,13.8,75.95,5.1,100.73,7.59,华北_山东,36.65,117.0,NASA POWER API
46,46,2020-02-16,-7.58,0.7,70.18,3.08,100.66,15.77,华北_山东,36.65,117.0,NASA POWER API
47,47,2020-02-17,-4.29,0.0,64.78,2.76,100.9,17.07,华北_山东,36.65,117.0,NASA POWER API
48,48,2020-02-18,0.54,0.0,65.02,3.25,100.56,15.5,华北_山东,36.65,117.0,NASA POWER API
49,49,2020-02-19,2.18,0.0,73.47,3.16,100.3,12.39,华北_山东,36.65,117.0,NASA POWER API
50,50,2020-02-20,3.79,0.01,77.33,1.68,100.73,11.52,华北_山东,36.65,117.0,NASA POWER API
51,51,2020-02-21,5.37,4.42,70.39,2.32,100.62,10.19,华北_山东,36.65,117.0,NASA POWER API
52,52,2020-02-22,2.26,0.08,51.41,2.26,101.0,18.12,华北_山东,36.65,117.0,NASA POWER API
53,53,2020-02-23,6.4,0.0,59.76,4.55,100.16,14.82,华北_山东,36.65,117.0,NASA POWER API
54,54,2020-02-24,7.97,10.82,90.17,2.59,99.45,2.34,华北_山东,36.65,117.0,NASA POWER API
55,55,2020-02-25,6.14,1.79,89.2,3.03,99.89,4.74,华北_山东,36.65,117.0,NASA POWER API
56,56,2020-02-26,3.89,0.1,68.07,3.44,100.79,9.82,华北_山东,36.65,117.0,NASA POWER API
57,57,2020-02-27,2.58,5.24,62.94,1.73,100.74,7.2,华北_山东,36.65,117.0,NASA POWER API
58,58,2020-02-28,1.9,8.59,88.97,1.42,99.87,8.22,华北_山东,36.65,117.0,NASA POWER API
59,59,2020-02-29,3.9,4.28,86.88,1.56,99.69,4.43,华北_山东,36.65,117.0,NASA POWER API
60,60,2020-03-01,4.4,0.42,74.78,2.45,100.24,9.01,华北_山东,36.65,117.0,NASA POWER API
61,61,2020-03-02,3.25,0.0,62.48,2.75,100.4,13.61,华北_山东,36.65,117.0,NASA POWER API
62,62,2020-03-03,3.03,0.0,59.55,3.31,100.33,15.53,华北_山东,36.65,117.0,NASA POWER API
63,63,2020-03-04,0.23,0.0,57.68,2.86,100.84,19.54,华北_山东,36.65,117.0,NASA POWER API
64,64,2020-03-05,2.84,0.0,60.62,3.5,100.29,18.29,华北_山东,36.65,117.0,NASA POWER API
65,65,2020-03-06,7.34,0.16,69.78,4.71,99.38,11.94,华北_山东,36.65,117.0,NASA POWER API
66,66,2020-03-07,7.97,0.84,75.99,2.21,99.45,15.45,华北_山东,36.65,117.0,NASA POWER API
67,67,2020-03-08,8.42,1.01,79.68,2.68,99.29,13.72,华北_山东,36.65,117.0,NASA POWER API
68,68,2020-03-09,5.44,4.26,89.4,3.2,99.4,3.18,华北_山东,36.65,117.0,NASA POWER API
69,69,2020-03-10,5.02,0.0,63.21,2.12,99.79,18.02,华北_山东,36.65,117.0,NASA POWER API
70,70,2020-03-11,7.8,0.0,58.22,3.83,99.5,19.18,华北_山东,36.65,117.0,NASA POWER API
71,71,2020-03-12,9.98,0.06,63.96,5.28,99.5,14.79,华北_山东,36.65,117.0,NASA POWER API
72,72,2020-03-13,6.08,0.0,46.73,2.99,100.53,17.61,华北_山东,36.65,117.0,NASA POWER API
73,73,2020-03-14,6.13,0.17,50.28,3.07,99.85,21.24,华北_山东,36.65,117.0,NASA POWER API
74,74,2020-03-15,8.82,0.0,48.27,2.94,99.75,20.64,华北_山东,36.65,117.0,NASA POWER API
75,75,2020-03-16,8.5,0.0,61.08,4.37,99.9,14.51,华北_山东,36.65,117.0,NASA POWER API
76,76,2020-03-17,11.6,0.0,57.0,2.2,99.44,20.36,华北_山东,36.65,117.0,NASA POWER API
77,77,2020-03-18,13.98,0.0,44.88,5.5,98.7,20.61,华北_山东,36.65,117.0,NASA POWER API
78,78,2020-03-19,9.0,0.0,37.31,3.33,99.44,23.61,华北_山东,36.65,117.0,NASA POWER API
79,79,2020-03-20,12.93,0.0,50.64,4.85,98.73,18.84,华北_山东,36.65,117.0,NASA POWER API
80,80,2020-03-21,13.64,0.0,63.11,4.01,98.87,14.43,华北_山东,36.65,117.0,NASA POWER API
81,81,2020-03-22,11.76,0.0,51.31,1.73,99.72,22.43,华北_山东,36.65,117.0,NASA POWER API
82,82,2020-03-23,13.5,0.0,57.51,2.17,99.77,20.02,华北_山东,36.65,117.0,NASA POWER API
83,83,2020-03-24,13.74,0.0,53.61,3.54,99.49,13.82,华北_山东,36.65,117.0,NASA POWER API
84,84,2020-03-25,13.85,0.01,73.78,3.45,98.95,13.28,华北_山东,36.65,117.0,NASA POWER API
85,85,2020-03-26,9.14,1.44,86.7,5.11,99.5,4.69,华北_山东,36.65,117.0,NASA POWER API
86,86,2020-03-27,6.38,0.0,41.41,3.71,100.52,19.71,华北_山东,36.65,117.0,NASA POWER API
87,87,2020-03-28,6.72,0.0,44.61,1.83,100.44,21.84,华北_山东,36.65,117.0,NASA POWER API
88,88,2020-03-29,7.97,0.0,57.58,2.09,99.89,15.89,华北_山东,36.65,117.0,NASA POWER API
89,89,2020-03-30,9.14,0.03,64.22,1.89,99.75,18.64,华北_山东,36.65,117.0,NASA POWER API
90,90,2020-03-31,9.96,0.0,73.03,2.15,99.62,12.14,华北_山东,36.65,117.0,NASA POWER API
91,91,2020-04-01,9.74,0.09,53.75,3.02,100.24,16.32,华北_山东,36.65,117.0,NASA POWER API
92,92,2020-04-02,8.43,1.19,70.27,1.46,100.32,6.29,华北_山东,36.65,117.0,NASA POWER API
93,93,2020-04-03,11.37,0.0,53.22,1.33,100.12,23.95,华北_山东,36.65,117.0,NASA POWER API
94,94,2020-04-04,10.18,0.01,44.67,3.66,100.48,24.49,华北_山东,36.65,117.0,NASA POWER API
95,95,2020-04-05,9.79,0.0,53.05,2.34,100.43,21.22,华北_山东,36.65,117.0,NASA POWER API
96,96,2020-04-06,13.56,0.0,51.33,3.55,99.8,18.1,华北_山东,36.65,117.0,NASA POWER API
97,97,2020-04-07,14.56,0.0,52.85,2.25,99.6,18.27,华北_山东,36.65,117.0,NASA POWER API
98,98,2020-04-08,12.3,1.42,72.87,1.41,99.67,9.81,华北_山东,36.65,117.0,NASA POWER API
99,99,2020-04-09,8.28,13.63,81.18,3.26,100.09,2.85,华北_山东,36.65,117.0,NASA POWER API
100,100,2020-04-10,6.69,7.43,75.38,3.29,100.58,6.18,华北_山东,36.65,117.0,NASA POWER API
101,101,2020-04-11,9.51,0.1,61.42,2.34,100.23,20.61,华北_山东,36.65,117.0,NASA POWER API
102,102,2020-04-12,10.25,0.0,48.62,3.46,99.76,24.88,华北_山东,36.65,117.0,NASA POWER API
103,103,2020-04-13,13.81,0.0,41.93,1.77,99.71,23.81,华北_山东,36.65,117.0,NASA POWER API
104,104,2020-04-14,14.88,0.0,50.95,3.23,99.2,20.3,华北_山东,36.65,117.0,NASA POWER API
105,105,2020-04-15,16.79,0.0,56.53,3.63,98.8,21.4,华北_山东,36.65,117.0,NASA POWER API
106,106,2020-04-16,16.26,16.79,61.32,3.15,98.72,16.2,华北_山东,36.65,117.0,NASA POWER API
107,107,2020-04-17,12.59,0.0,56.73,3.11,99.35,21.5,华北_山东,36.65,117.0,NASA POWER API
108,108,2020-04-18,14.41,0.76,59.66,1.8,99.66,17.14,华北_山东,36.65,117.0,NASA POWER API
109,109,2020-04-19,13.05,5.59,77.53,2.05,99.09,9.27,华北_山东,36.65,117.0,NASA POWER API
110,110,2020-04-20,13.12,0.0,45.83,3.89,99.52,26.83,华北_山东,36.65,117.0,NASA POWER API
111,111,2020-04-21,10.26,0.0,41.71,2.89,100.01,25.81,华北_山东,36.65,117.0,NASA POWER API
112,112,2020-04-22,8.83,0.0,31.01,3.4,100.23,28.08,华北_山东,36.65,117.0,NASA POWER API
113,113,2020-04-23,9.01,0.0,37.16,2.48,100.16,28.74,华北_山东,36.65,117.0,NASA POWER API
114,114,2020-04-24,13.08,0.0,34.55,4.74,99.34,28.29,华北_山东,36.65,117.0,NASA POWER API
115,115,2020-04-25,13.05,0.0,44.14,4.05,99.18,27.22,华北_山东,36.65,117.0,NASA POWER API
116,116,2020-04-26,13.08,0.0,43.41,2.39,99.68,20.72,华北_山东,36.65,117.0,NASA POWER API
117,117,2020-04-27,14.75,0.0,46.11,1.82,100.12,24.95,华北_山东,36.65,117.0,NASA POWER API
118,118,2020-04-28,16.58,0.0,44.87,4.53,99.59,25.86,华北_山东,36.65,117.0,NASA POWER API
119,119,2020-04-29,19.37,0.0,49.77,4.32,98.96,26.18,华北_山东,36.65,117.0,NASA POWER API
120,120,2020-04-30,24.14,0.0,58.32,3.47,98.66,25.47,华北_山东,36.65,117.0,NASA POWER API
121,121,2020-05-01,24.89,0.0,58.98,4.34,98.44,22.49,华北_山东,36.65,117.0,NASA POWER API
122,122,2020-05-02,24.34,0.0,60.4,1.65,98.15,24.88,华北_山东,36.65,117.0,NASA POWER API
123,123,2020-05-03,25.42,0.16,63.46,2.7,98.17,21.73,华北_山东,36.65,117.0,NASA POWER API
124,124,2020-05-04,16.26,1.81,58.16,5.77,99.19,11.26,华北_山东,36.65,117.0,NASA POWER API
125,125,2020-05-05,16.86,6.64,57.48,1.96,99.02,25.08,华北_山东,36.65,117.0,NASA POWER API
126,126,2020-05-06,19.42,4.19,63.34,2.52,99.1,27.66,华北_山东,36.65,117.0,NASA POWER API
127,127,2020-05-07,19.02,2.66,72.2,2.7,98.9,10.8,华北_山东,36.65,117.0,NASA POWER API
128,128,2020-05-08,15.05,35.72,85.25,4.03,98.51,5.29,华北_山东,36.65,117.0,NASA POWER API
129,129,2020-05-09,14.25,1.03,79.85,3.18,98.84,11.13,华北_山东,36.65,117.0,NASA POWER API
130,130,2020-05-10,19.13,0.24,61.46,2.1,98.94,27.35,华北_山东,36.65,117.0,NASA POWER API
131,131,2020-05-11,16.87,5.54,51.32,3.15,98.96,18.65,华北_山东,36.65,117.0,NASA POWER API
132,132,2020-05-12,17.79,0.0,46.5,2.81,98.89,27.08,华北_山东,36.65,117.0,NASA POWER API
133,133,2020-05-13,21.34,0.0,48.77,4.53,98.92,24.99,华北_山东,36.65,117.0,NASA POWER API
134,134,2020-05-14,19.95,0.27,69.18,2.46,98.46,8.37,华北_山东,36.65,117.0,NASA POWER API
135,135,2020-05-15,21.47,0.0,70.26,1.01,98.32,20.94,华北_山东,36.65,117.0,NASA POWER API
136,136,2020-05-16,23.16,2.39,66.79,3.47,98.16,15.74,华北_山东,36.65,117.0,NASA POWER API
137,137,2020-05-17,21.58,2.18,58.11,3.1,98.0,24.09,华北_山东,36.65,117.0,NASA POWER API
138,138,2020-05-18,15.89,0.8,55.39,3.69,98.34,23.57,华北_山东,36.65,117.0,NASA POWER API
139,139,2020-05-19,19.11,0.01,46.41,2.17,98.5,29.22,华北_山东,36.65,117.0,NASA POWER API
140,140,2020-05-20,22.67,0.0,46.87,3.24,98.62,27.91,华北_山东,36.65,117.0,NASA POWER API
141,141,2020-05-21,24.64,0.0,46.72,5.15,98.47,24.79,华北_山东,36.65,117.0,NASA POWER API
142,142,2020-05-22,24.12,0.16,47.54,2.05,98.4,27.57,华北_山东,36.65,117.0,NASA POWER API
143,143,2020-05-23,21.78,1.38,59.44,3.75,98.48,13.38,华北_山东,36.65,117.0,NASA POWER API
144,144,2020-05-24,22.25,0.0,49.86,1.9,99.03,23.29,华北_山东,36.65,117.0,NASA POWER API
145,145,2020-05-25,23.63,0.51,47.51,2.12,98.83,22.35,华北_山东,36.65,117.0,NASA POWER API
146,146,2020-05-26,20.54,3.19,59.94,2.49,98.92,24.79,华北_山东,36.65,117.0,NASA POWER API
147,147,2020-05-27,21.74,0.68,48.58,3.11,98.74,27.17,华北_山东,36.65,117.0,NASA POWER API
148,148,2020-05-28,24.51,0.0,40.04,2.47,98.64,29.69,华北_山东,36.65,117.0,NASA POWER API
149,149,2020-05-29,25.27,0.0,48.41,4.19,98.69,17.98,华北_山东,36.65,117.0,NASA POWER API
150,150,2020-05-30,20.74,3.48,65.8,4.22,98.93,8.25,华北_山东,36.65,117.0,NASA POWER API
151,151,2020-05-31,22.14,1.88,60.17,3.28,98.81,22.04,华北_山东,36.65,117.0,NASA POWER API
152,152,2020-06-01,23.39,17.67,54.76,3.69,98.6,17.82,华北_山东,36.65,117.0,NASA POWER API
153,153,2020-06-02,24.74,0.96,54.75,2.11,98.2,20.65,华北_山东,36.65,117.0,NASA POWER API
154,154,2020-06-03,27.4,0.47,39.9,3.03,97.87,27.72,华北_山东,36.65,117.0,NASA POWER API
155,155,2020-06-04,28.51,0.0,39.5,2.58,97.98,26.01,华北_山东,36.65,117.0,NASA POWER API
156,156,2020-06-05,26.36,0.0,56.35,1.08,98.33,19.96,华北_山东,36.65,117.0,NASA POWER API
157,157,2020-06-06,27.36,0.0,61.98,1.36,98.53,21.7,华北_山东,36.65,117.0,NASA POWER API
158,158,2020-06-07,28.58,0.0,48.13,3.06,98.57,24.1,华北_山东,36.65,117.0,NASA POWER API
159,159,2020-06-08,29.1,0.0,47.25,3.68,98.74,23.58,华北_山东,36.65,117.0,NASA POWER API
160,160,2020-06-09,25.28,0.09,61.24,2.99,98.87,9.45,华北_山东,36.65,117.0,NASA POWER API
161,161,2020-06-10,27.14,0.54,60.94,1.67,98.53,23.89,华北_山东,36.65,117.0,NASA POWER API
162,162,2020-06-11,27.22,0.92,54.54,2.04,98.31,23.13,华北_山东,36.65,117.0,NASA POWER API
163,163,2020-06-12,24.81,4.82,59.83,1.81,98.22,14.68,华北_山东,36.65,117.0,NASA POWER API
164,164,2020-06-13,25.73,1.9,58.24,1.18,98.21,21.5,华北_山东,36.65,117.0,NASA POWER API
165,165,2020-06-14,27.15,0.0,47.01,2.39,98.65,27.86,华北_山东,36.65,117.0,NASA POWER API
166,166,2020-06-15,28.29,0.0,45.3,1.17,98.6,15.11,华北_山东,36.65,117.0,NASA POWER API
167,167,2020-06-16,25.8,1.57,55.57,1.82,98.53,11.18,华北_山东,36.65,117.0,NASA POWER API
168,168,2020-06-17,20.28,16.19,79.52,2.37,98.35,5.97,华北_山东,36.65,117.0,NASA POWER API
169,169,2020-06-18,20.9,5.34,73.9,2.02,98.41,8.18,华北_山东,36.65,117.0,NASA POWER API
170,170,2020-06-19,22.53,0.11,68.17,1.65,98.76,20.12,华北_山东,36.65,117.0,NASA POWER API
171,171,2020-06-20,25.34,0.0,61.13,3.02,98.58,23.92,华北_山东,36.65,117.0,NASA POWER API
172,172,2020-06-21,26.07,0.0,57.78,2.93,98.37,27.61,华北_山东,36.65,117.0,NASA POWER API
173,173,2020-06-22,24.79,0.11,62.2,3.03,98.44,25.51,华北_山东,36.65,117.0,NASA POWER API
174,174,2020-06-23,23.52,7.12,74.26,3.24,98.25,7.87,华北_山东,36.65,117.0,NASA POWER API
175,175,2020-06-24,24.78,0.29,68.42,2.55,98.14,21.09,华北_山东,36.65,117.0,NASA POWER API
176,176,2020-06-25,25.65,16.94,71.71,1.9,98.16,22.05,华北_山东,36.65,117.0,NASA POWER API
177,177,2020-06-26,26.39,15.13,77.54,2.26,98.24,12.34,华北_山东,36.65,117.0,NASA POWER API
178,178,2020-06-27,28.62,1.12,63.17,0.82,98.26,22.57,华北_山东,36.65,117.0,NASA POWER API
179,179,2020-06-28,28.2,1.35,68.88,1.48,98.25,17.92,华北_山东,36.65,117.0,NASA POWER API
180,180,2020-06-29,26.86,2.95,67.59,1.29,97.93,18.21,华北_山东,36.65,117.0,NASA POWER API
181,181,2020-06-30,24.34,26.96,69.15,2.21,98.12,16.5,华北_山东,36.65,117.0,NASA POWER API
182,182,2020-07-01,24.79,0.0,64.62,1.61,98.48,23.3,华北_山东,36.65,117.0,NASA POWER API
183,183,2020-07-02,24.55,1.22,67.75,2.56,98.54,12.47,华北_山东,36.65,117.0,NASA POWER API
184,184,2020-07-03,23.07,31.04,80.84,2.28,98.64,13.47,华北_山东,36.65,117.0,NASA POWER API
185,185,2020-07-04,23.11,0.42,78.9,1.97,98.57,16.97,华北_山东,36.65,117.0,NASA POWER API
186,186,2020-07-05,25.64,8.57,78.03,2.42,97.86,14.31,华北_山东,36.65,117.0,NASA POWER API
187,187,2020-07-06,26.77,3.21,76.09,1.76,97.74,19.74,华北_山东,36.65,117.0,NASA POWER API
188,188,2020-07-07,27.43,0.14,67.23,1.67,98.38,26.97,华北_山东,36.65,117.0,NASA POWER API
189,189,2020-07-08,27.61,0.09,64.19,1.32,98.35,25.3,华北_山东,36.65,117.0,NASA POWER API
190,190,2020-07-09,23.0,8.66,78.93,2.54,98.04,6.94,华北_山东,36.65,117.0,NASA POWER API
191,191,2020-07-10,25.02,0.19,75.51,1.18,98.24,16.65,华北_山东,36.65,117.0,NASA POWER API
192,192,2020-07-11,26.36,4.53,72.91,1.68,98.44,10.42,华北_山东,36.65,117.0,NASA POWER API
193,193,2020-07-12,21.09,29.08,86.3,4.48,98.34,8.58,华北_山东,36.65,117.0,NASA POWER API
194,194,2020-07-13,23.27,1.42,78.26,2.1,98.58,11.48,华北_山东,36.65,117.0,NASA POWER API
195,195,2020-07-14,24.62,0.0,69.48,0.71,98.63,17.83,华北_山东,36.65,117.0,NASA POWER API
196,196,2020-07-15,25.07,1.39,75.06,1.32,98.47,22.57,华北_山东,36.65,117.0,NASA POWER API
197,197,2020-07-16,26.16,0.01,71.35,2.03,98.38,22.24,华北_山东,36.65,117.0,NASA POWER API
198,198,2020-07-17,24.86,0.03,75.32,2.58,98.39,12.55,华北_山东,36.65,117.0,NASA POWER API
199,199,2020-07-18,24.08,0.27,73.94,1.66,98.17,12.61,华北_山东,36.65,117.0,NASA POWER API
200,200,2020-07-19,23.51,1.05,76.34,2.3,98.11,9.3,华北_山东,36.65,117.0,NASA POWER API
201,201,2020-07-20,26.07,0.0,65.3,1.9,98.6,27.94,华北_山东,36.65,117.0,NASA POWER API
202,202,2020-07-21,25.74,0.06,70.65,2.36,98.83,22.68,华北_山东,36.65,117.0,NASA POWER API
203,203,2020-07-22,22.6,37.56,87.74,3.9,98.37,8.04,华北_山东,36.65,117.0,NASA POWER API
204,204,2020-07-23,23.79,0.81,75.92,2.78,98.48,20.97,华北_山东,36.65,117.0,NASA POWER API
205,205,2020-07-24,25.46,0.16,64.56,1.15,98.73,27.4,华北_山东,36.65,117.0,NASA POWER API
206,206,2020-07-25,26.33,0.01,71.67,1.28,98.56,18.38,华北_山东,36.65,117.0,NASA POWER API
207,207,2020-07-26,23.73,7.9,86.14,1.8,98.51,5.54,华北_山东,36.65,117.0,NASA POWER API
208,208,2020-07-27,24.98,0.09,74.48,0.7,98.45,12.66,华北_山东,36.65,117.0,NASA POWER API
209,209,2020-07-28,26.14,0.18,73.3,0.93,98.67,17.73,华北_山东,36.65,117.0,NASA POWER API
210,210,2020-07-29,26.4,0.09,77.96,1.84,98.86,18.93,华北_山东,36.65,117.0,NASA POWER API
211,211,2020-07-30,27.38,2.69,76.16,2.17,98.91,25.17,华北_山东,36.65,117.0,NASA POWER API
212,212,2020-07-31,27.25,10.91,85.6,2.89,98.69,18.39,华北_山东,36.65,117.0,NASA POWER API
213,213,2020-08-01,27.76,13.49,84.36,2.29,98.46,19.94,华北_山东,36.65,117.0,NASA POWER API
214,214,2020-08-02,27.01,60.08,89.77,2.92,98.19,16.8,华北_山东,36.65,117.0,NASA POWER API
215,215,2020-08-03,28.73,7.68,89.79,2.73,98.14,17.05,华北_山东,36.65,117.0,NASA POWER API
216,216,2020-08-04,28.55,5.69,86.46,1.6,98.24,19.25,华北_山东,36.65,117.0,NASA POWER API
217,217,2020-08-05,26.8,5.64,90.15,1.6,98.37,10.02,华北_山东,36.65,117.0,NASA POWER API
218,218,2020-08-06,26.11,45.98,93.14,1.83,98.4,4.67,华北_山东,36.65,117.0,NASA POWER API
219,219,2020-08-07,26.99,27.81,89.37,1.97,98.04,6.27,华北_山东,36.65,117.0,NASA POWER API
220,220,2020-08-08,25.88,2.57,85.35,1.96,97.85,11.97,华北_山东,36.65,117.0,NASA POWER API
221,221,2020-08-09,26.86,0.53,80.55,0.8,97.76,21.32,华北_山东,36.65,117.0,NASA POWER API
222,222,2020-08-10,27.15,0.02,82.69,1.46,97.99,21.17,华北_山东,36.65,117.0,NASA POWER API
223,223,2020-08-11,27.28,0.2,83.74,1.39,98.5,17.5,华北_山东,36.65,117.0,NASA POWER API
224,224,2020-08-12,26.83,21.0,90.43,3.37,98.48,8.37,华北_山东,36.65,117.0,NASA POWER API
225,225,2020-08-13,26.26,46.21,93.73,2.99,98.11,5.41,华北_山东,36.65,117.0,NASA POWER API
226,226,2020-08-14,28.18,6.36,87.14,2.09,98.16,20.84,华北_山东,36.65,117.0,NASA POWER API
227,227,2020-08-15,26.42,31.03,92.72,2.82,98.28,11.8,华北_山东,36.65,117.0,NASA POWER API
228,228,2020-08-16,26.61,4.01,86.12,1.12,98.59,17.06,华北_山东,36.65,117.0,NASA POWER API
229,229,2020-08-17,28.4,1.71,86.47,1.97,98.72,22.68,华北_山东,36.65,117.0,NASA POWER API
230,230,2020-08-18,28.6,2.26,85.91,2.52,98.67,20.95,华北_山东,36.65,117.0,NASA POWER API
231,231,2020-08-19,24.94,4.65,87.32,2.51,98.82,10.62,华北_山东,36.65,117.0,NASA POWER API
232,232,2020-08-20,21.38,18.92,89.76,3.45,99.25,6.25,华北_山东,36.65,117.0,NASA POWER API
233,233,2020-08-21,21.29,0.77,82.47,2.17,99.39,16.35,华北_山东,36.65,117.0,NASA POWER API
234,234,2020-08-22,22.39,0.01,78.16,0.96,99.09,21.24,华北_山东,36.65,117.0,NASA POWER API
235,235,2020-08-23,25.19,6.27,88.16,2.27,98.45,14.23,华北_山东,36.65,117.0,NASA POWER API
236,236,2020-08-24,24.41,20.46,88.75,3.22,97.94,6.6,华北_山东,36.65,117.0,NASA POWER API
237,237,2020-08-25,24.06,0.03,78.75,1.23,98.26,19.44,华北_山东,36.65,117.0,NASA POWER API
238,238,2020-08-26,21.82,1.99,84.42,2.83,98.23,6.8,华北_山东,36.65,117.0,NASA POWER API
239,239,2020-08-27,22.8,0.47,77.87,1.42,98.04,12.51,华北_山东,36.65,117.0,NASA POWER API
240,240,2020-08-28,24.86,0.0,73.87,0.81,98.42,22.24,华北_山东,36.65,117.0,NASA POWER API
241,241,2020-08-29,25.17,0.0,77.94,1.18,98.76,22.67,华北_山东,36.65,117.0,NASA POWER API
242,242,2020-08-30,25.32,0.19,79.93,1.21,98.88,22.93,华北_山东,36.65,117.0,NASA POWER API
243,243,2020-08-31,25.55,2.61,80.0,1.29,98.84,16.83,华北_山东,36.65,117.0,NASA POWER API
244,244,2020-09-01,24.22,1.57,76.34,1.42,98.78,20.52,华北_山东,36.65,117.0,NASA POWER API
245,245,2020-09-02,21.96,0.01,73.2,2.15,98.78,18.82,华北_山东,36.65,117.0,NASA POWER API
246,246,2020-09-03,20.11,0.0,68.72,2.38,98.75,23.78,华北_山东,36.65,117.0,NASA POWER API
247,247,2020-09-04,21.64,0.0,65.8,1.72,98.73,21.44,华北_山东,36.65,117.0,NASA POWER API
248,248,2020-09-05,23.76,0.0,73.42,2.7,98.64,21.87,华北_山东,36.65,117.0,NASA POWER API
249,249,2020-09-06,25.24,0.0,70.91,1.69,98.7,19.39,华北_山东,36.65,117.0,NASA POWER API
250,250,2020-09-07,24.23,6.56,72.89,1.18,98.54,19.03,华北_山东,36.65,117.0,NASA POWER API
251,251,2020-09-08,23.98,5.75,72.05,1.15,98.93,19.46,华北_山东,36.65,117.0,NASA POWER API
252,252,2020-09-09,22.99,0.18,69.63,1.42,98.94,20.62,华北_山东,36.65,117.0,NASA POWER API
253,253,2020-09-10,22.33,0.03,69.94,1.39,98.7,19.07,华北_山东,36.65,117.0,NASA POWER API
254,254,2020-09-11,19.57,0.13,81.28,2.23,99.21,11.96,华北_山东,36.65,117.0,NASA POWER API
255,255,2020-09-12,19.83,0.1,83.89,1.71,99.57,13.8,华北_山东,36.65,117.0,NASA POWER API
256,256,2020-09-13,20.95,0.06,82.72,1.41,99.6,17.83,华北_山东,36.65,117.0,NASA POWER API
257,257,2020-09-14,21.19,3.29,87.38,1.39,99.27,10.06,华北_山东,36.65,117.0,NASA POWER API
258,258,2020-09-15,22.09,5.51,84.6,2.91,98.76,11.87,华北_山东,36.65,117.0,NASA POWER API
259,259,2020-09-16,19.93,0.85,70.25,1.89,98.88,18.18,华北_山东,36.65,117.0,NASA POWER API
260,260,2020-09-17,18.04,0.32,60.28,1.43,99.2,20.41,华北_山东,36.65,117.0,NASA POWER API
261,261,2020-09-18,19.01,0.0,61.61,2.05,99.35,21.02,华北_山东,36.65,117.0,NASA POWER API
262,262,2020-09-19,20.04,0.0,69.59,1.87,99.44,20.69,华北_山东,36.65,117.0,NASA POWER API
263,263,2020-09-20,21.24,0.0,67.29,1.59,99.54,18.42,华北_山东,36.65,117.0,NASA POWER API
264,264,2020-09-21,21.66,1.17,69.09,0.77,99.53,14.85,华北_山东,36.65,117.0,NASA POWER API
265,265,2020-09-22,21.63,0.52,71.58,0.79,99.49,13.24,华北_山东,36.65,117.0,NASA POWER API
266,266,2020-09-23,19.87,2.27,84.99,1.22,99.52,9.43,华北_山东,36.65,117.0,NASA POWER API
267,267,2020-09-24,18.76,3.65,87.44,1.0,99.4,8.43,华北_山东,36.65,117.0,NASA POWER API
268,268,2020-09-25,18.13,0.29,83.54,1.25,99.45,12.02,华北_山东,36.65,117.0,NASA POWER API
269,269,2020-09-26,18.7,0.0,76.87,1.44,99.61,19.62,华北_山东,36.65,117.0,NASA POWER API
270,270,2020-09-27,19.47,0.0,71.27,1.15,99.64,17.62,华北_山东,36.65,117.0,NASA POWER API
271,271,2020-09-28,19.55,0.04,76.05,1.6,99.4,14.79,华北_山东,36.65,117.0,NASA POWER API
272,272,2020-09-29,18.59,0.6,78.09,1.67,99.25,5.2,华北_山东,36.65,117.0,NASA POWER API
273,273,2020-09-30,17.14,0.02,73.59,1.73,99.41,17.85,华北_山东,36.65,117.0,NASA POWER API
274,274,2020-10-01,18.5,0.2,83.22,2.46,99.02,8.24,华北_山东,36.65,117.0,NASA POWER API
275,275,2020-10-02,14.96,0.01,68.66,1.75,99.49,7.65,华北_山东,36.65,117.0,NASA POWER API
276,276,2020-10-03,14.35,0.03,56.65,1.34,99.55,7.76,华北_山东,36.65,117.0,NASA POWER API
277,277,2020-10-04,10.41,0.0,54.62,3.58,99.99,17.02,华北_山东,36.65,117.0,NASA POWER API
278,278,2020-10-05,9.71,0.0,60.41,1.42,100.29,12.82,华北_山东,36.65,117.0,NASA POWER API
279,279,2020-10-06,11.1,0.0,59.14,1.41,100.28,11.75,华北_山东,36.65,117.0,NASA POWER API
280,280,2020-10-07,13.56,0.0,58.85,1.49,100.4,15.02,华北_山东,36.65,117.0,NASA POWER API
281,281,2020-10-08,14.24,0.0,71.52,1.05,100.51,13.0,华北_山东,36.65,117.0,NASA POWER API
282,282,2020-10-09,15.67,0.0,68.86,1.38,100.18,13.41,华北_山东,36.65,117.0,NASA POWER API
283,283,2020-10-10,16.21,0.06,77.86,1.38,99.83,6.06,华北_山东,36.65,117.0,NASA POWER API
284,284,2020-10-11,16.4,0.81,80.12,1.8,99.55,9.32,华北_山东,36.65,117.0,NASA POWER API
285,285,2020-10-12,14.2,0.12,65.49,2.25,99.97,13.84,华北_山东,36.65,117.0,NASA POWER API
286,286,2020-10-13,14.63,2.37,69.68,1.77,100.07,8.05,华北_山东,36.65,117.0,NASA POWER API
287,287,2020-10-14,12.22,6.15,84.08,1.19,100.62,3.9,华北_山东,36.65,117.0,NASA POWER API
288,288,2020-10-15,11.96,0.11,87.53,1.67,100.42,8.41,华北_山东,36.65,117.0,NASA POWER API
289,289,2020-10-16,12.05,0.52,76.46,1.8,100.34,8.23,华北_山东,36.65,117.0,NASA POWER API
290,290,2020-10-17,11.3,0.0,50.39,1.92,100.3,17.69,华北_山东,36.65,117.0,NASA POWER API
291,291,2020-10-18,11.93,0.0,61.29,1.83,100.23,15.14,华北_山东,36.65,117.0,NASA POWER API
292,292,2020-10-19,13.32,0.0,61.21,1.48,100.31,13.68,华北_山东,36.65,117.0,NASA POWER API
293,293,2020-10-20,12.21,0.0,71.94,2.93,100.14,11.01,华北_山东,36.65,117.0,NASA POWER API
294,294,2020-10-21,11.75,0.0,59.06,2.99,99.7,11.94,华北_山东,36.65,117.0,NASA POWER API
295,295,2020-10-22,10.38,0.0,43.44,1.82,99.95,15.89,华北_山东,36.65,117.0,NASA POWER API
296,296,2020-10-23,8.1,0.0,48.07,1.79,100.25,16.8,华北_山东,36.65,117.0,NASA POWER API
297,297,2020-10-24,9.75,0.0,51.53,1.52,100.13,15.69,华北_山东,36.65,117.0,NASA POWER API
298,298,2020-10-25,12.21,0.0,63.25,2.55,99.77,11.85,华北_山东,36.65,117.0,NASA POWER API
299,299,2020-10-26,15.15,0.0,60.02,1.21,99.76,12.27,华北_山东,36.65,117.0,NASA POWER API
300,300,2020-10-27,12.0,0.18,67.52,2.62,100.2,7.0,华北_山东,36.65,117.0,NASA POWER API
301,301,2020-10-28,11.24,0.04,67.36,1.56,100.54,9.51,华北_山东,36.65,117.0,NASA POWER API
302,302,2020-10-29,11.27,0.28,72.6,1.13,100.47,5.11,华北_山东,36.65,117.0,NASA POWER API
303,303,2020-10-30,11.97,0.01,76.26,1.05,100.47,10.7,华北_山东,36.65,117.0,NASA POWER API
304,304,2020-10-31,13.49,0.76,78.66,2.66,99.9,3.1,华北_山东,36.65,117.0,NASA POWER API
305,305,2020-11-01,11.1,0.0,69.97,1.38,99.99,8.03,华北_山东,36.65,117.0,NASA POWER API
306,306,2020-11-02,7.77,0.0,57.79,2.58,100.35,12.9,华北_山东,36.65,117.0,NASA POWER API
307,307,2020-11-03,7.01,0.0,43.53,1.37,100.59,15.18,华北_山东,36.65,117.0,NASA POWER API
308,308,2020-11-04,8.57,0.0,55.91,3.34,100.16,12.42,华北_山东,36.65,117.0,NASA POWER API
309,309,2020-11-05,11.09,0.0,66.82,2.87,99.99,4.79,华北_山东,36.65,117.0,NASA POWER API
310,310,2020-11-06,11.66,0.01,60.54,2.5,99.83,10.4,华北_山东,36.65,117.0,NASA POWER API
311,311,2020-11-07,9.51,0.01,53.93,2.08,100.06,12.94,华北_山东,36.65,117.0,NASA POWER API
312,312,2020-11-08,6.55,0.0,51.92,2.12,100.78,14.55,华北_山东,36.65,117.0,NASA POWER API
313,313,2020-11-09,8.06,0.0,45.7,1.48,100.53,13.18,华北_山东,36.65,117.0,NASA POWER API
314,314,2020-11-10,9.1,0.0,55.77,1.62,100.61,12.12,华北_山东,36.65,117.0,NASA POWER API
315,315,2020-11-11,10.54,0.0,65.11,3.06,100.66,10.46,华北_山东,36.65,117.0,NASA POWER API
316,316,2020-11-12,12.24,0.0,69.96,2.9,100.53,8.73,华北_山东,36.65,117.0,NASA POWER API
317,317,2020-11-13,10.27,0.0,78.77,2.04,100.78,9.67,华北_山东,36.65,117.0,NASA POWER API
318,318,2020-11-14,11.58,0.0,84.22,2.03,100.54,7.86,华北_山东,36.65,117.0,NASA POWER API
319,319,2020-11-15,12.01,0.01,81.83,1.66,100.37,8.03,华北_山东,36.65,117.0,NASA POWER API
320,320,2020-11-16,12.52,0.0,78.48,1.53,100.22,8.96,华北_山东,36.65,117.0,NASA POWER API
321,321,2020-11-17,12.35,32.77,92.05,2.5,99.46,2.43,华北_山东,36.65,117.0,NASA POWER API
322,322,2020-11-18,12.48,85.88,95.5,2.45,98.4,2.26,华北_山东,36.65,117.0,NASA POWER API
323,323,2020-11-19,6.5,0.2,79.74,2.56,99.35,3.38,华北_山东,36.65,117.0,NASA POWER API
324,324,2020-11-20,2.82,0.24,78.84,1.95,100.35,10.93,华北_山东,36.65,117.0,NASA POWER API
325,325,2020-11-21,3.04,5.68,85.18,2.13,100.42,2.46,华北_山东,36.65,117.0,NASA POWER API
326,326,2020-11-22,0.07,1.01,74.34,3.26,101.12,7.37,华北_山东,36.65,117.0,NASA POWER API
327,327,2020-11-23,-0.14,0.6,63.11,1.08,101.12,7.61,华北_山东,36.65,117.0,NASA POWER API
328,328,2020-11-24,1.62,0.01,74.86,1.21,100.75,8.62,华北_山东,36.65,117.0,NASA POWER API
329,329,2020-11-25,2.87,0.16,77.15,1.23,100.66,8.22,华北_山东,36.65,117.0,NASA POWER API
330,330,2020-11-26,3.24,0.03,83.64,1.38,100.9,2.54,华北_山东,36.65,117.0,NASA POWER API
331,331,2020-11-27,1.65,0.0,80.01,2.01,101.33,6.0,华北_山东,36.65,117.0,NASA POWER API
332,332,2020-11-28,-2.04,0.0,69.38,1.38,101.34,6.53,华北_山东,36.65,117.0,NASA POWER API
333,333,2020-11-29,-0.43,0.0,74.54,1.17,101.07,3.34,华北_山东,36.65,117.0,NASA POWER API
334,334,2020-11-30,-0.81,0.0,71.33,1.38,101.53,7.92,华北_山东,36.65,117.0,NASA POWER API
335,335,2020-12-01,-0.37,2.83,81.88,0.86,101.45,3.22,华北_山东,36.65,117.0,NASA POWER API
336,336,2020-12-02,-1.18,2.27,92.58,1.23,101.28,3.8,华北_山东,36.65,117.0,NASA POWER API
337,337,2020-12-03,-2.55,0.0,66.59,2.26,101.55,11.3,华北_山东,36.65,117.0,NASA POWER API
338,338,2020-12-04,-0.64,0.0,58.31,1.05,101.19,10.89,华北_山东,36.65,117.0,NASA POWER API
339,339,2020-12-05,-0.04,0.0,70.88,1.46,100.84,8.82,华北_山东,36.65,117.0,NASA POWER API
340,340,2020-12-06,0.62,0.0,78.52,2.19,100.62,7.3,华北_山东,36.65,117.0,NASA POWER API
341,341,2020-12-07,-1.39,0.0,64.28,2.91,101.22,8.3,华北_山东,36.65,117.0,NASA POWER API
342,342,2020-12-08,-0.96,0.0,55.45,1.05,100.88,10.19,华北_山东,36.65,117.0,NASA POWER API
343,343,2020-12-09,0.02,0.07,82.99,2.52,100.26,1.75,华北_山东,36.65,117.0,NASA POWER API
344,344,2020-12-10,2.1,0.32,72.82,1.27,100.15,6.77,华北_山东,36.65,117.0,NASA POWER API
345,345,2020-12-11,2.42,0.03,69.91,0.99,100.02,6.0,华北_山东,36.65,117.0,NASA POWER API
346,346,2020-12-12,2.05,0.0,72.18,1.57,99.83,5.92,华北_山东,36.65,117.0,NASA POWER API
347,347,2020-12-13,-3.03,0.06,53.79,5.09,100.75,6.79,华北_山东,36.65,117.0,NASA POWER API
348,348,2020-12-14,-4.56,0.0,48.35,1.59,101.33,11.31,华北_山东,36.65,117.0,NASA POWER API
349,349,2020-12-15,-3.34,0.0,54.64,1.3,101.23,10.45,华北_山东,36.65,117.0,NASA POWER API
350,350,2020-12-16,-3.53,0.0,53.88,1.37,101.31,10.06,华北_山东,36.65,117.0,NASA POWER API
351,351,2020-12-17,-2.38,0.0,64.73,1.76,100.91,8.49,华北_山东,36.65,117.0,NASA POWER API
352,352,2020-12-18,-2.62,0.0,67.68,2.91,101.28,9.25,华北_山东,36.65,117.0,NASA POWER API
353,353,2020-12-19,-2.58,0.0,62.9,1.19,101.45,10.83,华北_山东,36.65,117.0,NASA POWER API
354,354,2020-12-20,-1.28,0.0,68.5,1.25,101.17,8.56,华北_山东,36.65,117.0,NASA POWER API
355,355,2020-12-21,-0.67,0.0,65.93,1.87,100.7,8.97,华北_山东,36.65,117.0,NASA POWER API
356,356,2020-12-22,-0.02,0.0,80.13,2.74,100.16,8.01,华北_山东,36.65,117.0,NASA POWER API
357,357,2020-12-23,1.07,0.0,68.71,2.55,100.05,6.22,华北_山东,36.65,117.0,NASA POWER API
358,358,2020-12-24,0.74,0.0,48.99,1.44,100.29,10.2,华北_山东,36.65,117.0,NASA POWER API
359,359,2020-12-25,-0.33,0.0,64.34,2.33,100.19,9.66,华北_山东,36.65,117.0,NASA POWER API
360,360,2020-12-26,1.31,0.0,78.29,2.49,99.85,5.84,华北_山东,36.65,117.0,NASA POWER API
361,361,2020-12-27,3.21,0.0,74.73,1.1,99.72,7.13,华北_山东,36.65,117.0,NASA POWER API
362,362,2020-12-28,1.18,1.99,87.6,2.33,100.1,2.62,华北_山东,36.65,117.0,NASA POWER API
363,363,2020-12-29,-6.45,3.25,59.37,6.47,101.35,3.75,华北_山东,36.65,117.0,NASA POWER API
364,364,2020-12-30,-11.36,0.0,55.76,3.47,101.57,8.81,华北_山东,36.65,117.0,NASA POWER API
365,365,2020-12-31,-7.58,0.0,59.88,2.08,101.01,9.29,华北_山东,36.65,117.0,NASA POWER API
366,366,2021-01-01,-5.08,0.0,65.32,2.31,100.43,8.95,华北_山东,36.65,117.0,NASA POWER API
367,367,2021-01-02,-2.37,0.0,64.88,1.56,100.68,7.72,华北_山东,36.65,117.0,NASA POWER API
368,368,2021-01-03,-1.92,0.0,78.51,1.12,100.95,6.41,华北_山东,36.65,117.0,NASA POWER API
369,369,2021-01-04,-3.29,0.0,83.43,2.57,100.91,4.35,华北_山东,36.65,117.0,NASA POWER API
370,370,2021-01-05,-6.3,0.0,62.73,2.54,101.3,10.8,华北_山东,36.65,117.0,NASA POWER API
371,371,2021-01-06,-10.22,0.0,54.69,4.89,101.12,9.94,华北_山东,36.65,117.0,NASA POWER API
372,372,2021-01-07,-14.61,0.0,46.94,3.27,101.53,12.16,华北_山东,36.65,117.0,NASA POWER API
373,373,2021-01-08,-10.51,0.0,55.94,2.15,100.92,11.66,华北_山东,36.65,117.0,NASA POWER API
374,374,2021-01-09,-7.19,0.0,52.74,1.8,100.74,11.76,华北_山东,36.65,117.0,NASA POWER API
375,375,2021-01-10,-6.4,0.0,62.59,2.32,100.88,11.51,华北_山东,36.65,117.0,NASA POWER API
376,376,2021-01-11,-4.55,0.0,57.99,2.5,100.5,9.16,华北_山东,36.65,117.0,NASA POWER API
377,377,2021-01-12,-2.52,0.0,61.99,3.22,99.28,10.7,华北_山东,36.65,117.0,NASA POWER API
378,378,2021-01-13,0.49,0.0,72.95,2.27,99.18,10.53,华北_山东,36.65,117.0,NASA POWER API
379,379,2021-01-14,2.24,0.0,82.88,3.24,99.22,8.62,华北_山东,36.65,117.0,NASA POWER API
380,380,2021-01-15,-0.46,0.0,75.72,3.34,100.06,6.29,华北_山东,36.65,117.0,NASA POWER API
381,381,2021-01-16,-2.64,0.0,63.04,1.78,101.11,10.22,华北_山东,36.65,117.0,NASA POWER API
382,382,2021-01-17,-3.8,0.0,61.47,2.53,100.69,12.16,华北_山东,36.65,117.0,NASA POWER API
383,383,2021-01-18,-1.29,0.0,59.63,1.83,100.15,11.9,华北_山东,36.65,117.0,NASA POWER API
384,384,2021-01-19,-0.12,0.0,80.41,3.7,100.35,10.36,华北_山东,36.65,117.0,NASA POWER API
385,385,2021-01-20,1.02,0.0,91.15,2.01,100.12,8.72,华北_山东,36.65,117.0,NASA POWER API
386,386,2021-01-21,1.55,0.0,90.03,1.19,99.92,5.61,华北_山东,36.65,117.0,NASA POWER API
387,387,2021-01-22,-0.02,0.0,84.42,2.46,100.06,6.88,华北_山东,36.65,117.0,NASA POWER API
388,388,2021-01-23,0.69,0.0,69.43,1.97,100.06,10.79,华北_山东,36.65,117.0,NASA POWER API
389,389,2021-01-24,1.96,0.0,67.77,1.17,100.28,5.78,华北_山东,36.65,117.0,NASA POWER API
390,390,2021-01-25,1.31,4.47,86.36,0.83,100.29,2.82,华北_山东,36.65,117.0,NASA POWER API
391,391,2021-01-26,1.83,0.01,76.56,1.56,100.36,9.87,华北_山东,36.65,117.0,NASA POWER API
392,392,2021-01-27,2.69,0.27,67.02,4.31,100.09,8.14,华北_山东,36.65,117.0,NASA POWER API
393,393,2021-01-28,-2.82,0.0,49.79,4.17,100.67,14.55,华北_山东,36.65,117.0,NASA POWER API
394,394,2021-01-29,-0.15,0.01,59.84,3.68,100.18,13.24,华北_山东,36.65,117.0,NASA POWER API
395,395,2021-01-30,4.02,0.0,54.27,1.32,100.08,12.15,华北_山东,36.65,117.0,NASA POWER API
396,396,2021-01-31,3.27,0.0,63.74,2.74,99.74,10.56,华北_山东,36.65,117.0,NASA POWER API
397,397,2021-02-01,0.36,0.0,59.87,3.32,100.02,13.42,华北_山东,36.65,117.0,NASA POWER API
398,398,2021-02-02,-0.89,0.0,57.26,1.61,100.66,14.78,华北_山东,36.65,117.0,NASA POWER API
399,399,2021-02-03,0.58,0.0,68.86,3.38,100.2,7.9,华北_山东,36.65,117.0,NASA POWER API
400,400,2021-02-04,0.55,0.0,57.43,3.21,100.5,12.1,华北_山东,36.65,117.0,NASA POWER API
401,401,2021-02-05,3.09,0.0,67.14,3.41,99.52,10.22,华北_山东,36.65,117.0,NASA POWER API
402,402,2021-02-06,5.95,0.0,57.14,1.97,99.34,13.21,华北_山东,36.65,117.0,NASA POWER API
403,403,2021-02-07,1.28,0.0,67.11,4.72,100.46,11.4,华北_山东,36.65,117.0,NASA POWER API
404,404,2021-02-08,0.46,0.0,53.36,1.17,101.04,14.54,华北_山东,36.65,117.0,NASA POWER API
405,405,2021-02-09,1.8,0.0,64.75,3.73,100.39,12.54,华北_山东,36.65,117.0,NASA POWER API
406,406,2021-02-10,4.24,0.0,78.07,2.14,100.11,12.33,华北_山东,36.65,117.0,NASA POWER API
407,407,2021-02-11,6.01,0.0,80.54,3.72,99.88,13.03,华北_山东,36.65,117.0,NASA POWER API
408,408,2021-02-12,8.6,0.32,86.08,3.85,99.84,13.14,华北_山东,36.65,117.0,NASA POWER API
409,409,2021-02-13,7.94,0.69,92.4,2.56,99.9,9.38,华北_山东,36.65,117.0,NASA POWER API
410,410,2021-02-14,8.16,8.92,86.91,2.32,99.38,4.62,华北_山东,36.65,117.0,NASA POWER API
411,411,2021-02-15,0.11,0.03,65.47,3.4,100.0,16.73,华北_山东,36.65,117.0,NASA POWER API
412,412,2021-02-16,-0.73,0.0,51.13,4.76,100.13,16.61,华北_山东,36.65,117.0,NASA POWER API
413,413,2021-02-17,-2.98,0.0,46.43,3.14,100.87,17.2,华北_山东,36.65,117.0,NASA POWER API
414,414,2021-02-18,1.69,0.0,55.4,2.88,100.56,16.77,华北_山东,36.65,117.0,NASA POWER API
415,415,2021-02-19,6.16,0.0,66.94,3.84,99.27,15.77,华北_山东,36.65,117.0,NASA POWER API
416,416,2021-02-20,9.29,0.0,53.24,3.24,98.79,16.04,华北_山东,36.65,117.0,NASA POWER API
417,417,2021-02-21,12.37,0.0,55.62,2.58,98.53,15.34,华北_山东,36.65,117.0,NASA POWER API
418,418,2021-02-22,5.56,0.0,53.1,5.4,100.0,16.84,华北_山东,36.65,117.0,NASA POWER API
419,419,2021-02-23,3.56,0.0,55.79,2.55,100.46,13.02,华北_山东,36.65,117.0,NASA POWER API
420,420,2021-02-24,2.52,12.76,78.01,1.96,100.22,3.35,华北_山东,36.65,117.0,NASA POWER API
421,421,2021-02-25,1.93,6.84,86.58,2.49,100.15,5.87,华北_山东,36.65,117.0,NASA POWER API
422,422,2021-02-26,0.41,2.49,81.5,2.17,100.38,11.59,华北_山东,36.65,117.0,NASA POWER API
423,423,2021-02-27,4.46,0.0,63.49,2.11,100.19,17.09,华北_山东,36.65,117.0,NASA POWER API
424,424,2021-02-28,6.95,21.34,89.59,2.8,99.91,3.54,华北_山东,36.65,117.0,NASA POWER API
425,425,2021-03-01,-1.2,4.69,81.45,4.98,100.43,6.26,华北_山东,36.65,117.0,NASA POWER API
426,426,2021-03-02,1.82,0.0,69.43,2.61,100.6,17.84,华北_山东,36.65,117.0,NASA POWER API
427,427,2021-03-03,5.46,0.0,68.96,5.03,99.99,16.91,华北_山东,36.65,117.0,NASA POWER API
428,428,2021-03-04,7.62,0.01,76.62,3.75,99.62,17.04,华北_山东,36.65,117.0,NASA POWER API
429,429,2021-03-05,8.57,0.13,71.87,4.79,99.91,12.39,华北_山东,36.65,117.0,NASA POWER API
430,430,2021-03-06,-0.89,0.12,61.9,5.38,101.11,5.06,华北_山东,36.65,117.0,NASA POWER API
431,431,2021-03-07,2.63,0.0,62.49,1.15,100.79,13.76,华北_山东,36.65,117.0,NASA POWER API
432,432,2021-03-08,5.28,0.0,78.36,1.68,100.45,13.24,华北_山东,36.65,117.0,NASA POWER API
433,433,2021-03-09,8.37,0.0,72.85,2.0,100.4,14.21,华北_山东,36.65,117.0,NASA POWER API
434,434,2021-03-10,8.75,0.0,81.19,2.25,100.46,12.78,华北_山东,36.65,117.0,NASA POWER API
435,435,2021-03-11,7.53,2.1,76.28,1.89,100.22,6.49,华北_山东,36.65,117.0,NASA POWER API
436,436,2021-03-12,8.68,0.0,72.1,1.53,100.34,16.65,华北_山东,36.65,117.0,NASA POWER API
437,437,2021-03-13,9.8,0.0,73.6,1.16,100.13,13.85,华北_山东,36.65,117.0,NASA POWER API
438,438,2021-03-14,9.96,0.01,79.81,3.17,99.48,14.99,华北_山东,36.65,117.0,NASA POWER API
439,439,2021-03-15,11.25,0.62,72.33,3.34,99.23,3.61,华北_山东,36.65,117.0,NASA POWER API
440,440,2021-03-16,6.79,0.0,54.27,2.53,99.96,19.17,华北_山东,36.65,117.0,NASA POWER API
441,441,2021-03-17,9.23,0.0,57.31,1.25,99.86,16.36,华北_山东,36.65,117.0,NASA POWER API
442,442,2021-03-18,7.01,1.24,62.51,2.16,99.95,7.98,华北_山东,36.65,117.0,NASA POWER API
443,443,2021-03-19,6.73,1.94,66.32,2.16,99.76,9.81,华北_山东,36.65,117.0,NASA POWER API
444,444,2021-03-20,5.6,1.55,78.73,2.45,99.78,11.38,华北_山东,36.65,117.0,NASA POWER API
445,445,2021-03-21,3.7,0.0,48.1,3.7,100.5,23.85,华北_山东,36.65,117.0,NASA POWER API
446,446,2021-03-22,6.24,0.0,49.93,2.74,100.28,22.58,华北_山东,36.65,117.0,NASA POWER API
447,447,2021-03-23,10.2,0.0,58.34,4.65,99.36,22.0,华北_山东,36.65,117.0,NASA POWER API
448,448,2021-03-24,11.63,0.0,71.69,2.36,99.4,15.68,华北_山东,36.65,117.0,NASA POWER API
449,449,2021-03-25,13.17,0.0,65.47,2.38,99.78,18.01,华北_山东,36.65,117.0,NASA POWER API
450,450,2021-03-26,13.01,4.06,75.48,2.22,99.26,6.03,华北_山东,36.65,117.0,NASA POWER API
451,451,2021-03-27,11.95,2.35,87.73,1.39,98.68,7.63,华北_山东,36.65,117.0,NASA POWER API
452,452,2021-03-28,13.01,0.16,62.8,3.91,98.5,14.43,华北_山东,36.65,117.0,NASA POWER API
453,453,2021-03-29,10.88,0.16,60.32,1.71,98.97,8.52,华北_山东,36.65,117.0,NASA POWER API
454,454,2021-03-30,13.72,0.0,59.01,1.37,99.0,22.86,华北_山东,36.65,117.0,NASA POWER API
455,455,2021-03-31,12.88,0.0,57.81,1.88,99.01,17.02,华北_山东,36.65,117.0,NASA POWER API
456,456,2021-04-01,13.56,0.02,58.8,1.61,99.29,13.29,华北_山东,36.65,117.0,NASA POWER API
457,457,2021-04-02,12.49,14.83,76.91,2.58,99.51,3.9,华北_山东,36.65,117.0,NASA POWER API
458,458,2021-04-03,7.76,6.5,68.94,5.27,100.08,7.43,华北_山东,36.65,117.0,NASA POWER API
459,459,2021-04-04,9.2,0.0,45.08,1.74,100.47,24.71,华北_山东,36.65,117.0,NASA POWER API
460,460,2021-04-05,11.14,0.0,48.88,2.4,100.15,17.23,华北_山东,36.65,117.0,NASA POWER API
461,461,2021-04-06,12.5,0.0,53.3,1.25,100.06,21.51,华北_山东,36.65,117.0,NASA POWER API
462,462,2021-04-07,14.03,0.0,55.29,1.64,100.01,17.51,华北_山东,36.65,117.0,NASA POWER API
463,463,2021-04-08,13.81,0.0,64.69,1.12,100.06,21.12,华北_山东,36.65,117.0,NASA POWER API
464,464,2021-04-09,14.24,0.0,66.55,2.64,100.16,17.56,华北_山东,36.65,117.0,NASA POWER API
465,465,2021-04-10,14.88,0.0,58.6,2.92,100.34,15.94,华北_山东,36.65,117.0,NASA POWER API
466,466,2021-04-11,13.6,0.38,69.97,2.93,100.1,14.54,华北_山东,36.65,117.0,NASA POWER API
467,467,2021-04-12,15.39,0.82,72.21,1.86,99.45,15.32,华北_山东,36.65,117.0,NASA POWER API
468,468,2021-04-13,10.45,1.03,51.8,3.53,100.08,24.97,华北_山东,36.65,117.0,NASA POWER API
469,469,2021-04-14,11.21,0.36,45.14,2.43,99.78,26.66,华北_山东,36.65,117.0,NASA POWER API
470,470,2021-04-15,13.96,1.6,62.39,5.27,99.02,18.47,华北_山东,36.65,117.0,NASA POWER API
471,471,2021-04-16,12.65,0.0,41.74,3.02,99.43,23.39,华北_山东,36.65,117.0,NASA POWER API
472,472,2021-04-17,10.11,0.03,43.18,2.69,100.09,27.37,华北_山东,36.65,117.0,NASA POWER API
473,473,2021-04-18,12.63,0.03,43.35,3.55,99.76,27.07,华北_山东,36.65,117.0,NASA POWER API
474,474,2021-04-19,15.71,0.0,53.46,3.71,99.3,24.87,华北_山东,36.65,117.0,NASA POWER API
475,475,2021-04-20,14.65,0.04,63.29,2.75,99.51,11.1,华北_山东,36.65,117.0,NASA POWER API
476,476,2021-04-21,14.11,0.83,71.7,2.34,99.5,6.9,华北_山东,36.65,117.0,NASA POWER API
477,477,2021-04-22,13.52,14.17,84.8,2.24,99.15,5.63,华北_山东,36.65,117.0,NASA POWER API
478,478,2021-04-23,12.59,0.8,81.91,4.14,99.42,6.95,华北_山东,36.65,117.0,NASA POWER API
479,479,2021-04-24,12.87,0.52,75.91,5.16,99.98,11.88,华北_山东,36.65,117.0,NASA POWER API
480,480,2021-04-25,13.21,1.29,69.39,3.18,100.09,19.12,华北_山东,36.65,117.0,NASA POWER API
481,481,2021-04-26,13.58,10.82,82.42,1.11,99.59,5.33,华北_山东,36.65,117.0,NASA POWER API
482,482,2021-04-27,15.56,0.03,57.05,2.85,99.45,25.15,华北_山东,36.65,117.0,NASA POWER API
483,483,2021-04-28,14.93,0.0,47.18,2.37,99.41,24.79,华北_山东,36.65,117.0,NASA POWER API
484,484,2021-04-29,13.89,0.0,46.66,3.56,98.28,20.16,华北_山东,36.65,117.0,NASA POWER API
485,485,2021-04-30,12.66,1.34,51.53,3.48,98.42,14.21,华北_山东,36.65,117.0,NASA POWER API
486,486,2021-05-01,13.23,0.0,51.71,3.5,99.11,27.54,华北_山东,36.65,117.0,NASA POWER API
487,487,2021-05-02,13.4,0.0,48.23,1.88,99.83,27.34,华北_山东,36.65,117.0,NASA POWER API
488,488,2021-05-03,13.6,6.17,69.62,2.69,99.03,7.28,华北_山东,36.65,117.0,NASA POWER API
489,489,2021-05-04,15.8,0.27,57.37,2.95,99.04,23.86,华北_山东,36.65,117.0,NASA POWER API
490,490,2021-05-05,17.37,0.88,38.78,3.33,99.23,28.88,华北_山东,36.65,117.0,NASA POWER API
491,491,2021-05-06,20.0,0.0,41.78,5.33,98.47,25.48,华北_山东,36.65,117.0,NASA POWER API
492,492,2021-05-07,16.65,0.0,40.64,3.29,98.85,28.11,华北_山东,36.65,117.0,NASA POWER API
493,493,2021-05-08,18.57,0.0,41.98,3.75,98.3,25.04,华北_山东,36.65,117.0,NASA POWER API
494,494,2021-05-09,21.0,0.0,51.72,3.35,98.44,19.52,华北_山东,36.65,117.0,NASA POWER API
495,495,2021-05-10,19.92,0.0,71.17,3.94,98.58,10.93,华北_山东,36.65,117.0,NASA POWER API
496,496,2021-05-11,17.87,0.0,68.71,2.83,98.86,24.35,华北_山东,36.65,117.0,NASA POWER API
497,497,2021-05-12,21.0,0.0,63.91,1.34,98.74,25.35,华北_山东,36.65,117.0,NASA POWER API
498,498,2021-05-13,22.35,0.03,70.94,2.61,98.7,17.93,华北_山东,36.65,117.0,NASA POWER API
499,499,2021-05-14,21.56,1.56,75.87,1.9,98.43,9.14,华北_山东,36.65,117.0,NASA POWER API
500,500,2021-05-15,18.75,5.88,78.05,4.56,98.37,9.7,华北_山东,36.65,117.0,NASA POWER API
501,501,2021-05-16,14.86,8.41,63.34,4.1,98.89,11.97,华北_山东,36.65,117.0,NASA POWER API
502,502,2021-05-17,18.23,0.0,51.5,2.09,99.1,27.69,华北_山东,36.65,117.0,NASA POWER API
503,503,2021-05-18,19.83,0.0,58.4,3.34,98.86,26.6,华北_山东,36.65,117.0,NASA POWER API
504,504,2021-05-19,19.82,0.0,70.15,3.49,98.7,20.35,华北_山东,36.65,117.0,NASA POWER API
505,505,2021-05-20,20.02,0.0,66.58,3.08,98.61,21.49,华北_山东,36.65,117.0,NASA POWER API
506,506,2021-05-21,22.44,0.0,64.19,3.08,98.6,24.51,华北_山东,36.65,117.0,NASA POWER API
507,507,2021-05-22,25.03,0.41,65.27,3.76,98.52,22.79,华北_山东,36.65,117.0,NASA POWER API
508,508,2021-05-23,19.92,2.76,56.82,3.23,98.97,8.41,华北_山东,36.65,117.0,NASA POWER API
509,509,2021-05-24,21.63,0.04,42.39,3.73,98.77,28.49,华北_山东,36.65,117.0,NASA POWER API
510,510,2021-05-25,21.63,0.04,32.17,4.45,98.61,29.06,华北_山东,36.65,117.0,NASA POWER API
511,511,2021-05-26,23.09,5.39,56.43,5.01,97.92,22.34,华北_山东,36.65,117.0,NASA POWER API
512,512,2021-05-27,24.29,0.07,38.59,4.11,97.99,29.59,华北_山东,36.65,117.0,NASA POWER API
513,513,2021-05-28,21.48,0.07,36.79,3.35,98.47,29.44,华北_山东,36.65,117.0,NASA POWER API
514,514,2021-05-29,22.83,0.0,41.96,4.95,98.16,27.75,华北_山东,36.65,117.0,NASA POWER API
515,515,2021-05-30,22.21,0.0,61.3,1.73,98.38,19.49,华北_山东,36.65,117.0,NASA POWER API
516,516,2021-05-31,25.68,2.0,61.71,3.45,98.39,20.51,华北_山东,36.65,117.0,NASA POWER API
517,517,2021-06-01,22.98,3.75,66.04,2.76,98.66,13.8,华北_山东,36.65,117.0,NASA POWER API
518,518,2021-06-02,25.39,12.6,70.75,2.7,98.39,20.27,华北_山东,36.65,117.0,NASA POWER API
519,519,2021-06-03,21.54,4.35,59.25,2.31,98.56,14.67,华北_山东,36.65,117.0,NASA POWER API
520,520,2021-06-04,22.92,0.1,43.42,3.24,98.04,29.49,华北_山东,36.65,117.0,NASA POWER API
521,521,2021-06-05,24.68,0.0,43.6,1.88,97.89,29.36,华北_山东,36.65,117.0,NASA POWER API
522,522,2021-06-06,27.04,0.0,43.05,3.15,98.06,26.31,华北_山东,36.65,117.0,NASA POWER API
523,523,2021-06-07,26.85,0.0,56.81,3.3,98.49,17.69,华北_山东,36.65,117.0,NASA POWER API
524,524,2021-06-08,27.43,0.0,51.49,2.07,98.82,23.72,华北_山东,36.65,117.0,NASA POWER API
525,525,2021-06-09,26.19,1.01,64.35,1.5,98.74,22.59,华北_山东,36.65,117.0,NASA POWER API
526,526,2021-06-10,23.86,3.52,67.54,1.84,98.66,9.34,华北_山东,36.65,117.0,NASA POWER API
527,527,2021-06-11,26.82,0.0,56.97,1.16,98.73,27.15,华北_山东,36.65,117.0,NASA POWER API
528,528,2021-06-12,27.21,1.34,65.38,3.05,98.81,19.16,华北_山东,36.65,117.0,NASA POWER API
529,529,2021-06-13,27.88,1.6,63.85,3.85,98.47,19.88,华北_山东,36.65,117.0,NASA POWER API
530,530,2021-06-14,25.24,52.98,83.03,2.45,97.93,6.47,华北_山东,36.65,117.0,NASA POWER API
531,531,2021-06-15,24.69,1.31,77.36,2.93,97.86,10.75,华北_山东,36.65,117.0,NASA POWER API
532,532,2021-06-16,24.08,2.05,78.15,1.65,98.29,14.69,华北_山东,36.65,117.0,NASA POWER API
533,533,2021-06-17,22.96,16.59,79.28,2.17,98.39,7.65,华北_山东,36.65,117.0,NASA POWER API
534,534,2021-06-18,24.07,0.0,59.44,1.72,98.23,24.64,华北_山东,36.65,117.0,NASA POWER API
535,535,2021-06-19,25.39,0.0,54.19,2.36,98.03,28.73,华北_山东,36.65,117.0,NASA POWER API
536,536,2021-06-20,26.89,0.0,54.22,1.41,98.07,26.29,华北_山东,36.65,117.0,NASA POWER API
537,537,2021-06-21,27.68,0.0,52.4,2.32,98.19,25.02,华北_山东,36.65,117.0,NASA POWER API
538,538,2021-06-22,28.13,0.0,50.19,1.95,98.59,26.04,华北_山东,36.65,117.0,NASA POWER API
539,539,2021-06-23,26.33,0.07,59.27,2.36,98.82,17.34,华北_山东,36.65,117.0,NASA POWER API
540,540,2021-06-24,26.87,0.0,59.47,2.82,98.69,13.25,华北_山东,36.65,117.0,NASA POWER API
541,541,2021-06-25,26.14,0.22,64.51,3.5,98.43,10.85,华北_山东,36.65,117.0,NASA POWER API
542,542,2021-06-26,27.04,0.25,64.68,3.27,98.21,25.97,华北_山东,36.65,117.0,NASA POWER API
543,543,2021-06-27,27.66,5.83,70.86,1.7,98.27,17.55,华北_山东,36.65,117.0,NASA POWER API
544,544,2021-06-28,28.99,0.74,63.44,1.47,98.22,22.46,华北_山东,36.65,117.0,NASA POWER API
545,545,2021-06-29,25.45,23.05,81.49,2.74,98.18,5.12,华北_山东,36.65,117.0,NASA POWER API
546,546,2021-06-30,27.25,10.21,74.55,2.55,98.17,17.55,华北_山东,36.65,117.0,NASA POWER API
547,547,2021-07-01,24.86,1.62,79.97,1.52,98.33,16.89,华北_山东,36.65,117.0,NASA POWER API
548,548,2021-07-02,25.96,0.99,72.41,1.32,98.42,18.93,华北_山东,36.65,117.0,NASA POWER API
549,549,2021-07-03,24.72,8.92,73.97,1.8,98.21,22.68,华北_山东,36.65,117.0,NASA POWER API
550,550,2021-07-04,27.3,0.01,69.1,3.05,98.4,20.43,华北_山东,36.65,117.0,NASA POWER API
551,551,2021-07-05,27.13,13.32,70.04,2.04,98.55,20.24,华北_山东,36.65,117.0,NASA POWER API
552,552,2021-07-06,25.47,0.0,69.29,2.03,98.46,17.41,华北_山东,36.65,117.0,NASA POWER API
553,553,2021-07-07,26.76,3.03,77.92,1.13,98.48,10.6,华北_山东,36.65,117.0,NASA POWER API
554,554,2021-07-08,27.18,1.98,70.15,1.9,98.37,18.64,华北_山东,36.65,117.0,NASA POWER API
555,555,2021-07-09,28.58,8.83,69.52,3.11,98.15,20.58,华北_山东,36.65,117.0,NASA POWER API
556,556,2021-07-10,29.16,9.99,75.75,3.19,98.25,22.88,华北_山东,36.65,117.0,NASA POWER API
557,557,2021-07-11,27.45,24.0,84.47,3.97,98.35,16.66,华北_山东,36.65,117.0,NASA POWER API
558,558,2021-07-12,27.67,52.54,86.54,5.65,97.75,9.33,华北_山东,36.65,117.0,NASA POWER API
559,559,2021-07-13,28.11,19.14,84.85,3.86,97.73,19.86,华北_山东,36.65,117.0,NASA POWER API
560,560,2021-07-14,28.11,16.64,87.33,2.49,98.18,17.61,华北_山东,36.65,117.0,NASA POWER API
561,561,2021-07-15,25.91,10.92,90.93,2.18,98.6,12.56,华北_山东,36.65,117.0,NASA POWER API
562,562,2021-07-16,26.34,21.57,87.25,1.71,98.64,13.3,华北_山东,36.65,117.0,NASA POWER API
563,563,2021-07-17,25.25,6.11,86.63,3.63,98.57,18.33,华北_山东,36.65,117.0,NASA POWER API
564,564,2021-07-18,26.02,0.16,83.22,2.11,98.68,18.58,华北_山东,36.65,117.0,NASA POWER API
565,565,2021-07-19,26.15,0.0,77.29,1.66,98.8,26.23,华北_山东,36.65,117.0,NASA POWER API
566,566,2021-07-20,24.99,0.9,81.79,1.74,98.98,16.98,华北_山东,36.65,117.0,NASA POWER API
567,567,2021-07-21,25.49,4.58,87.78,2.39,98.95,15.05,华北_山东,36.65,117.0,NASA POWER API
568,568,2021-07-22,25.04,0.4,83.05,1.79,98.86,12.29,华北_山东,36.65,117.0,NASA POWER API
569,569,2021-07-23,26.69,0.02,74.27,0.87,98.75,17.23,华北_山东,36.65,117.0,NASA POWER API
570,570,2021-07-24,27.25,1.09,74.98,1.16,98.63,23.91,华北_山东,36.65,117.0,NASA POWER API
571,571,2021-07-25,26.8,0.0,76.93,1.39,98.35,24.59,华北_山东,36.65,117.0,NASA POWER API
572,572,2021-07-26,27.55,0.02,77.74,2.0,98.07,24.29,华北_山东,36.65,117.0,NASA POWER API
573,573,2021-07-27,25.64,9.77,88.2,1.92,98.06,14.99,华北_山东,36.65,117.0,NASA POWER API
574,574,2021-07-28,23.47,36.2,88.12,4.07,98.01,6.83,华北_山东,36.65,117.0,NASA POWER API
575,575,2021-07-29,22.51,102.33,93.11,5.16,97.34,4.75,华北_山东,36.65,117.0,NASA POWER API
576,576,2021-07-30,23.47,1.67,84.71,3.58,97.54,13.54,华北_山东,36.65,117.0,NASA POWER API
577,577,2021-07-31,27.28,6.48,85.58,2.5,97.63,24.89,华北_山东,36.65,117.0,NASA POWER API
578,578,2021-08-01,26.28,24.83,86.14,2.11,97.79,20.32,华北_山东,36.65,117.0,NASA POWER API
579,579,2021-08-02,24.75,0.11,79.25,1.73,98.24,24.05,华北_山东,36.65,117.0,NASA POWER API
580,580,2021-08-03,25.78,0.0,75.22,0.86,98.5,23.49,华北_山东,36.65,117.0,NASA POWER API
581,581,2021-08-04,26.87,0.0,80.83,1.9,98.46,22.98,华北_山东,36.65,117.0,NASA POWER API
582,582,2021-08-05,26.06,5.07,89.12,1.46,98.26,11.75,华北_山东,36.65,117.0,NASA POWER API
583,583,2021-08-06,26.7,0.5,80.24,0.97,98.23,22.05,华北_山东,36.65,117.0,NASA POWER API
584,584,2021-08-07,26.09,14.08,75.87,0.92,98.42,15.45,华北_山东,36.65,117.0,NASA POWER API
585,585,2021-08-08,25.8,0.0,70.12,1.14,98.53,23.42,华北_山东,36.65,117.0,NASA POWER API
586,586,2021-08-09,25.72,0.62,78.39,1.6,98.37,14.03,华北_山东,36.65,117.0,NASA POWER API
587,587,2021-08-10,26.05,1.52,79.41,1.83,98.51,17.95,华北_山东,36.65,117.0,NASA POWER API
588,588,2021-08-11,26.28,0.42,74.8,1.05,98.87,17.6,华北_山东,36.65,117.0,NASA POWER API
589,589,2021-08-12,24.74,6.99,81.46,1.85,98.95,11.04,华北_山东,36.65,117.0,NASA POWER API
590,590,2021-08-13,22.56,0.28,87.18,1.75,98.82,11.76,华北_山东,36.65,117.0,NASA POWER API
591,591,2021-08-14,22.64,0.05,80.22,1.84,98.87,22.25,华北_山东,36.65,117.0,NASA POWER API
592,592,2021-08-15,24.19,0.0,74.52,1.12,99.09,23.14,华北_山东,36.65,117.0,NASA POWER API
593,593,2021-08-16,24.97,0.2,75.09,0.88,99.18,20.17,华北_山东,36.65,117.0,NASA POWER API
594,594,2021-08-17,24.79,0.54,79.33,1.52,99.11,16.78,华北_山东,36.65,117.0,NASA POWER API
595,595,2021-08-18,23.39,0.01,78.49,1.71,98.99,23.73,华北_山东,36.65,117.0,NASA POWER API
596,596,2021-08-19,23.47,1.26,84.51,2.16,98.7,13.11,华北_山东,36.65,117.0,NASA POWER API
597,597,2021-08-20,23.23,15.86,89.07,2.13,98.43,4.72,华北_山东,36.65,117.0,NASA POWER API
598,598,2021-08-21,23.75,0.17,82.64,1.1,98.53,21.49,华北_山东,36.65,117.0,NASA POWER API
599,599,2021-08-22,24.43,4.53,87.62,2.24,98.48,9.99,华北_山东,36.65,117.0,NASA POWER API
600,600,2021-08-23,24.48,7.67,84.32,1.61,98.17,11.58,华北_山东,36.65,117.0,NASA POWER API
601,601,2021-08-24,23.0,0.0,71.08,2.23,98.05,23.43,华北_山东,36.65,117.0,NASA POWER API
602,602,2021-08-25,22.91,0.07,67.09,2.51,98.3,24.33,华北_山东,36.65,117.0,NASA POWER API
603,603,2021-08-26,23.33,0.06,74.18,1.75,98.93,15.1,华北_山东,36.65,117.0,NASA POWER API
604,604,2021-08-27,21.51,0.01,80.6,3.12,99.18,15.62,华北_山东,36.65,117.0,NASA POWER API
605,605,2021-08-28,20.52,4.31,86.48,1.28,99.23,16.62,华北_山东,36.65,117.0,NASA POWER API
606,606,2021-08-29,21.86,17.95,87.74,1.02,99.23,7.2,华北_山东,36.65,117.0,NASA POWER API
607,607,2021-08-30,22.42,53.63,92.49,1.91,99.25,6.94,华北_山东,36.65,117.0,NASA POWER API
608,608,2021-08-31,21.7,50.01,91.86,2.91,99.15,4.22,华北_山东,36.65,117.0,NASA POWER API
609,609,2021-09-01,20.69,3.97,86.14,1.95,99.22,13.75,华北_山东,36.65,117.0,NASA POWER API
610,610,2021-09-02,22.93,0.83,78.92,0.64,98.89,15.2,华北_山东,36.65,117.0,NASA POWER API
611,611,2021-09-03,23.09,0.05,85.77,1.42,98.77,16.43,华北_山东,36.65,117.0,NASA POWER API
612,612,2021-09-04,22.04,45.75,88.0,2.34,98.98,4.83,华北_山东,36.65,117.0,NASA POWER API
613,613,2021-09-05,20.97,7.31,90.17,3.37,99.2,6.31,华北_山东,36.65,117.0,NASA POWER API
614,614,2021-09-06,20.09,10.58,91.66,3.73,99.34,6.59,华北_山东,36.65,117.0,NASA POWER API
615,615,2021-09-07,20.04,0.49,79.78,1.52,99.34,22.3,华北_山东,36.65,117.0,NASA POWER API
616,616,2021-09-08,20.82,0.1,81.3,3.39,98.94,22.44,华北_山东,36.65,117.0,NASA POWER API
617,617,2021-09-09,22.56,0.0,84.4,3.72,98.77,21.35,华北_山东,36.65,117.0,NASA POWER API
618,618,2021-09-10,23.92,0.0,87.31,2.73,98.87,20.61,华北_山东,36.65,117.0,NASA POWER API
619,619,2021-09-11,24.86,0.0,83.24,2.39,98.85,20.46,华北_山东,36.65,117.0,NASA POWER API
620,620,2021-09-12,25.15,0.0,82.99,1.46,99.03,18.89,华北_山东,36.65,117.0,NASA POWER API
621,621,2021-09-13,23.9,0.0,82.71,1.62,99.37,19.88,华北_山东,36.65,117.0,NASA POWER API
622,622,2021-09-14,21.7,0.0,83.16,2.49,99.68,17.55,华北_山东,36.65,117.0,NASA POWER API
623,623,2021-09-15,20.1,0.0,78.76,1.51,99.53,21.67,华北_山东,36.65,117.0,NASA POWER API
624,624,2021-09-16,21.58,0.04,81.73,1.6,99.23,18.15,华北_山东,36.65,117.0,NASA POWER API
625,625,2021-09-17,20.77,0.29,86.64,2.18,99.31,11.05,华北_山东,36.65,117.0,NASA POWER API
626,626,2021-09-18,19.95,6.66,82.18,1.86,99.42,6.19,华北_山东,36.65,117.0,NASA POWER API
627,627,2021-09-19,20.84,49.79,91.83,3.43,98.86,2.74,华北_山东,36.65,117.0,NASA POWER API
628,628,2021-09-20,19.06,29.61,89.03,4.25,98.09,5.75,华北_山东,36.65,117.0,NASA POWER API
629,629,2021-09-21,21.26,0.96,79.46,2.04,98.25,20.68,华北_山东,36.65,117.0,NASA POWER API
630,630,2021-09-22,21.82,0.0,74.67,1.68,98.9,20.83,华北_山东,36.65,117.0,NASA POWER API
631,631,2021-09-23,22.48,9.37,85.28,2.96,99.41,8.97,华北_山东,36.65,117.0,NASA POWER API
632,632,2021-09-24,22.22,2.57,88.66,3.49,99.58,8.03,华北_山东,36.65,117.0,NASA POWER API
633,633,2021-09-25,19.53,35.55,93.32,3.34,99.48,4.03,华北_山东,36.65,117.0,NASA POWER API
634,634,2021-09-26,20.88,8.95,92.31,1.54,99.42,3.29,华北_山东,36.65,117.0,NASA POWER API
635,635,2021-09-27,20.06,1.14,91.84,2.17,99.29,5.87,华北_山东,36.65,117.0,NASA POWER API
636,636,2021-09-28,18.83,2.61,89.15,0.98,99.15,4.54,华北_山东,36.65,117.0,NASA POWER API
637,637,2021-09-29,20.12,0.02,79.34,1.24,98.94,19.11,华北_山东,36.65,117.0,NASA POWER API
638,638,2021-09-30,20.37,0.0,82.92,3.24,98.75,18.65,华北_山东,36.65,117.0,NASA POWER API
639,639,2021-10-01,20.25,0.0,88.67,1.47,98.81,15.66,华北_山东,36.65,117.0,NASA POWER API
640,640,2021-10-02,21.55,0.04,88.05,2.54,98.9,14.95,华北_山东,36.65,117.0,NASA POWER API
641,641,2021-10-03,22.88,12.2,91.87,3.12,98.75,3.6,华北_山东,36.65,117.0,NASA POWER API
642,642,2021-10-04,19.33,10.98,88.69,4.95,99.57,2.75,华北_山东,36.65,117.0,NASA POWER API
643,643,2021-10-05,14.35,10.94,90.36,4.49,100.22,2.71,华北_山东,36.65,117.0,NASA POWER API
644,644,2021-10-06,13.92,5.96,91.33,3.06,100.0,3.31,华北_山东,36.65,117.0,NASA POWER API
645,645,2021-10-07,13.47,6.34,86.0,2.66,99.95,4.92,华北_山东,36.65,117.0,NASA POWER API
646,646,2021-10-08,15.22,3.54,87.24,1.62,99.88,8.45,华北_山东,36.65,117.0,NASA POWER API
647,647,2021-10-09,17.28,1.39,88.2,1.47,99.84,6.73,华北_山东,36.65,117.0,NASA POWER API
648,648,2021-10-10,13.38,1.06,77.3,3.81,100.37,10.75,华北_山东,36.65,117.0,NASA POWER API
649,649,2021-10-11,10.75,0.0,71.25,2.02,100.57,17.55,华北_山东,36.65,117.0,NASA POWER API
650,650,2021-10-12,11.61,0.0,76.45,1.85,100.47,16.69,华北_山东,36.65,117.0,NASA POWER API
651,651,2021-10-13,14.68,0.0,75.42,1.05,100.23,16.59,华北_山东,36.65,117.0,NASA POWER API
652,652,2021-10-14,15.97,5.0,76.74,1.34,100.1,8.48,华北_山东,36.65,117.0,NASA POWER API
653,653,2021-10-15,14.56,1.03,79.49,1.92,100.32,5.7,华北_山东,36.65,117.0,NASA POWER API
654,654,2021-10-16,7.53,0.0,59.84,4.4,101.34,15.53,华北_山东,36.65,117.0,NASA POWER API
655,655,2021-10-17,6.36,0.0,54.63,1.46,100.97,18.44,华北_山东,36.65,117.0,NASA POWER API
656,656,2021-10-18,9.29,0.0,75.23,3.02,99.96,10.47,华北_山东,36.65,117.0,NASA POWER API
657,657,2021-10-19,8.65,0.0,82.04,2.91,100.58,11.35,华北_山东,36.65,117.0,NASA POWER API
658,658,2021-10-20,8.88,0.02,81.17,1.2,100.36,10.42,华北_山东,36.65,117.0,NASA POWER API
659,659,2021-10-21,10.4,0.03,81.92,1.73,100.2,10.45,华北_山东,36.65,117.0,NASA POWER API
660,660,2021-10-22,8.68,0.0,78.03,1.68,100.67,16.65,华北_山东,36.65,117.0,NASA POWER API
661,661,2021-10-23,10.46,0.0,68.01,1.19,100.72,15.97,华北_山东,36.65,117.0,NASA POWER API
662,662,2021-10-24,10.26,0.0,77.2,1.57,100.41,12.05,华北_山东,36.65,117.0,NASA POWER API
663,663,2021-10-25,10.68,0.0,79.48,2.26,100.05,11.23,华北_山东,36.65,117.0,NASA POWER API
664,664,2021-10-26,11.13,0.0,85.22,1.64,99.93,6.32,华北_山东,36.65,117.0,NASA POWER API
665,665,2021-10-27,12.59,0.0,70.82,1.12,100.26,14.42,华北_山东,36.65,117.0,NASA POWER API
666,666,2021-10-28,13.53,0.0,77.8,1.39,100.23,9.35,华北_山东,36.65,117.0,NASA POWER API
667,667,2021-10-29,12.3,0.23,90.48,1.99,100.1,8.26,华北_山东,36.65,117.0,NASA POWER API
668,668,2021-10-30,13.33,0.22,83.41,1.66,100.04,9.86,华北_山东,36.65,117.0,NASA POWER API
669,669,2021-10-31,12.3,1.04,83.12,1.75,100.34,6.34,华北_山东,36.65,117.0,NASA POWER API
670,670,2021-11-01,9.7,0.19,84.71,2.23,100.67,13.62,华北_山东,36.65,117.0,NASA POWER API
671,671,2021-11-02,9.27,0.11,89.14,2.23,100.23,5.16,华北_山东,36.65,117.0,NASA POWER API
672,672,2021-11-03,11.26,0.01,89.39,2.0,99.79,9.38,华北_山东,36.65,117.0,NASA POWER API
673,673,2021-11-04,11.92,0.0,89.44,2.44,99.56,10.72,华北_山东,36.65,117.0,NASA POWER API
674,674,2021-11-05,13.97,3.49,89.78,1.81,99.41,6.85,华北_山东,36.65,117.0,NASA POWER API
675,675,2021-11-06,14.48,3.21,90.58,1.47,99.65,4.88,华北_山东,36.65,117.0,NASA POWER API
676,676,2021-11-07,-1.05,43.45,95.46,5.73,100.21,2.06,华北_山东,36.65,117.0,NASA POWER API
677,677,2021-11-08,-7.3,0.0,91.21,2.48,100.28,14.5,华北_山东,36.65,117.0,NASA POWER API
678,678,2021-11-09,-4.42,0.0,91.77,1.93,99.82,13.59,华北_山东,36.65,117.0,NASA POWER API
679,679,2021-11-10,0.46,0.0,88.12,2.02,99.59,13.59,华北_山东,36.65,117.0,NASA POWER API
680,680,2021-11-11,2.48,0.23,75.21,1.96,99.96,14.04,华北_山东,36.65,117.0,NASA POWER API
681,681,2021-11-12,5.52,0.0,62.41,1.29,99.99,12.45,华北_山东,36.65,117.0,NASA POWER API
682,682,2021-11-13,6.06,0.0,74.1,1.9,99.57,12.26,华北_山东,36.65,117.0,NASA POWER API
683,683,2021-11-14,8.79,0.59,60.11,1.47,99.71,12.09,华北_山东,36.65,117.0,NASA POWER API
684,684,2021-11-15,8.46,0.0,74.29,1.23,99.91,8.73,华北_山东,36.65,117.0,NASA POWER API
685,685,2021-11-16,7.21,0.0,88.72,1.98,100.32,9.54,华北_山东,36.65,117.0,NASA POWER API
686,686,2021-11-17,8.19,0.0,89.91,2.57,99.98,7.72,华北_山东,36.65,117.0,NASA POWER API
687,687,2021-11-18,9.46,0.07,86.21,3.4,99.38,10.54,华北_山东,36.65,117.0,NASA POWER API
688,688,2021-11-19,10.71,0.01,84.15,1.28,99.58,8.54,华北_山东,36.65,117.0,NASA POWER API
689,689,2021-11-20,9.43,4.7,94.25,1.42,99.79,4.49,华北_山东,36.65,117.0,NASA POWER API
690,690,2021-11-21,3.54,2.96,73.91,4.49,100.11,7.22,华北_山东,36.65,117.0,NASA POWER API
691,691,2021-11-22,-1.85,0.0,59.84,3.19,100.63,12.86,华北_山东,36.65,117.0,NASA POWER API
692,692,2021-11-23,-0.07,0.0,63.26,2.24,100.18,12.01,华北_山东,36.65,117.0,NASA POWER API
693,693,2021-11-24,3.35,0.0,67.54,2.25,99.58,11.19,华北_山东,36.65,117.0,NASA POWER API
694,694,2021-11-25,7.03,0.0,51.3,1.05,99.88,11.07,华北_山东,36.65,117.0,NASA POWER API
695,695,2021-11-26,5.81,0.0,64.16,1.59,100.64,10.55,华北_山东,36.65,117.0,NASA POWER API
696,696,2021-11-27,4.94,0.0,80.39,1.87,101.03,9.68,华北_山东,36.65,117.0,NASA POWER API
697,697,2021-11-28,6.52,0.03,93.07,2.51,100.73,8.06,华北_山东,36.65,117.0,NASA POWER API
698,698,2021-11-29,4.83,8.68,94.39,2.27,100.29,4.39,华北_山东,36.65,117.0,NASA POWER API
699,699,2021-11-30,-0.71,1.1,72.69,3.98,100.55,11.04,华北_山东,36.65,117.0,NASA POWER API
700,700,2021-12-01,0.03,0.42,59.93,1.25,100.76,11.78,华北_山东,36.65,117.0,NASA POWER API
701,701,2021-12-02,0.5,0.0,75.84,2.56,99.93,10.93,华北_山东,36.65,117.0,NASA POWER API
702,702,2021-12-03,2.63,0.0,65.21,1.38,100.24,10.71,华北_山东,36.65,117.0,NASA POWER API
703,703,2021-12-04,3.52,0.0,69.57,1.96,100.47,10.79,华北_山东,36.65,117.0,NASA POWER API
704,704,2021-12-05,3.51,0.0,76.04,3.22,100.28,9.65,华北_山东,36.65,117.0,NASA POWER API
705,705,2021-12-06,2.37,0.0,85.43,3.36,100.6,7.5,华北_山东,36.65,117.0,NASA POWER API
706,706,2021-12-07,1.96,0.0,79.42,1.63,101.17,10.95,华北_山东,36.65,117.0,NASA POWER API
707,707,2021-12-08,2.71,0.0,80.98,1.5,100.93,7.73,华北_山东,36.65,117.0,NASA POWER API
708,708,2021-12-09,4.07,0.0,90.4,2.02,100.45,4.92,华北_山东,36.65,117.0,NASA POWER API
709,709,2021-12-10,4.78,0.07,81.59,1.04,100.66,5.65,华北_山东,36.65,117.0,NASA POWER API
710,710,2021-12-11,6.25,0.87,81.48,0.91,100.77,2.88,华北_山东,36.65,117.0,NASA POWER API
711,711,2021-12-12,-1.41,0.0,65.37,3.81,101.37,11.36,华北_山东,36.65,117.0,NASA POWER API
712,712,2021-12-13,-0.96,0.0,67.0,2.54,100.64,10.9,华北_山东,36.65,117.0,NASA POWER API
713,713,2021-12-14,1.73,0.0,91.5,3.08,99.67,6.19,华北_山东,36.65,117.0,NASA POWER API
714,714,2021-12-15,5.26,0.0,68.87,0.82,99.79,7.27,华北_山东,36.65,117.0,NASA POWER API
715,715,2021-12-16,0.59,0.0,68.94,2.72,100.36,5.26,华北_山东,36.65,117.0,NASA POWER API
716,716,2021-12-17,-4.42,0.0,60.38,3.27,101.33,11.62,华北_山东,36.65,117.0,NASA POWER API
717,717,2021-12-18,-1.85,0.0,63.3,2.62,100.65,10.66,华北_山东,36.65,117.0,NASA POWER API
718,718,2021-12-19,0.24,0.0,78.16,2.58,99.98,10.25,华北_山东,36.65,117.0,NASA POWER API
719,719,2021-12-20,1.94,0.0,79.91,2.15,99.43,9.47,华北_山东,36.65,117.0,NASA POWER API
720,720,2021-12-21,4.12,0.0,71.76,1.49,99.66,10.01,华北_山东,36.65,117.0,NASA POWER API
721,721,2021-12-22,0.66,0.0,94.83,1.79,100.08,6.79,华北_山东,36.65,117.0,NASA POWER API
722,722,2021-12-23,0.74,0.24,96.15,2.35,100.21,3.03,华北_山东,36.65,117.0,NASA POWER API
723,723,2021-12-24,-5.08,2.63,74.42,6.56,101.22,5.65,华北_山东,36.65,117.0,NASA POWER API
724,724,2021-12-25,-9.09,0.0,64.0,3.75,102.08,10.01,华北_山东,36.65,117.0,NASA POWER API
725,725,2021-12-26,-9.41,0.0,63.82,1.92,101.96,11.45,华北_山东,36.65,117.0,NASA POWER API
726,726,2021-12-27,-5.06,0.0,70.47,2.34,101.22,10.96,华北_山东,36.65,117.0,NASA POWER API
727,727,2021-12-28,-2.92,0.0,76.03,3.03,100.37,8.09,华北_山东,36.65,117.0,NASA POWER API
728,728,2021-12-29,-2.91,0.0,70.78,2.63,100.53,10.57,华北_山东,36.65,117.0,NASA POWER API
729,729,2021-12-30,-1.28,0.0,67.88,1.73,100.9,10.67,华北_山东,36.65,117.0,NASA POWER API
730,730,2021-12-31,-0.5,0.0,72.0,2.3,100.96,8.58,华北_山东,36.65,117.0,NASA POWER API
731,731,2022-01-01,-0.06,0.0,81.0,3.31,100.49,8.16,华北_山东,36.65,117.0,NASA POWER API
732,732,2022-01-02,-1.6,0.0,77.49,2.03,100.79,10.99,华北_山东,36.65,117.0,NASA POWER API
733,733,2022-01-03,-0.86,0.0,90.26,2.31,100.43,6.02,华北_山东,36.65,117.0,NASA POWER API
734,734,2022-01-04,-0.68,0.06,84.43,1.78,100.68,7.96,华北_山东,36.65,117.0,NASA POWER API
735,735,2022-01-05,0.15,1.11,91.97,0.74,100.66,4.66,华北_山东,36.65,117.0,NASA POWER API
736,736,2022-01-06,0.04,0.06,85.73,1.13,101.11,7.13,华北_山东,36.65,117.0,NASA POWER API
737,737,2022-01-07,-0.11,0.0,84.95,1.63,100.9,4.58,华北_山东,36.65,117.0,NASA POWER API
738,738,2022-01-08,1.13,0.0,86.82,1.9,100.44,7.27,华北_山东,36.65,117.0,NASA POWER API
739,739,2022-01-09,1.55,0.0,85.95,1.18,100.21,7.59,华北_山东,36.65,117.0,NASA POWER API
740,740,2022-01-10,-0.71,1.11,88.92,2.36,100.34,2.37,华北_山东,36.65,117.0,NASA POWER API
741,741,2022-01-11,-2.55,0.0,78.7,1.2,100.53,11.67,华北_山东,36.65,117.0,NASA POWER API
742,742,2022-01-12,-2.88,0.08,88.34,3.02,100.29,2.05,华北_山东,36.65,117.0,NASA POWER API
743,743,2022-01-13,-5.14,0.0,66.09,1.84,100.8,12.43,华北_山东,36.65,117.0,NASA POWER API
744,744,2022-01-14,-3.44,0.0,73.03,4.11,100.14,8.33,华北_山东,36.65,117.0,NASA POWER API
745,745,2022-01-15,-1.7,0.0,81.79,2.88,100.1,8.01,华北_山东,36.65,117.0,NASA POWER API
746,746,2022-01-16,-1.85,0.0,71.58,1.39,100.73,11.46,华北_山东,36.65,117.0,NASA POWER API
747,747,2022-01-17,-1.25,0.0,65.58,1.81,100.85,11.07,华北_山东,36.65,117.0,NASA POWER API
748,748,2022-01-18,-1.32,0.0,85.23,3.05,100.36,7.53,华北_山东,36.65,117.0,NASA POWER API
749,749,2022-01-19,-1.52,0.0,87.29,3.2,100.63,4.45,华北_山东,36.65,117.0,NASA POWER API
750,750,2022-01-20,-4.82,0.0,84.67,2.12,100.97,8.12,华北_山东,36.65,117.0,NASA POWER API
751,751,2022-01-21,-1.82,0.22,79.25,1.08,100.71,6.75,华北_山东,36.65,117.0,NASA POWER API
752,752,2022-01-22,-0.83,5.57,87.99,2.01,100.34,3.62,华北_山东,36.65,117.0,NASA POWER API
753,753,2022-01-23,-2.03,0.35,88.58,3.81,100.52,2.57,华北_山东,36.65,117.0,NASA POWER API
754,754,2022-01-24,-3.33,0.02,83.54,2.09,100.39,8.91,华北_山东,36.65,117.0,NASA POWER API
755,755,2022-01-25,-1.53,0.01,80.52,1.12,100.27,3.95,华北_山东,36.65,117.0,NASA POWER API
756,756,2022-01-26,-3.0,0.0,80.95,2.21,100.66,9.89,华北_山东,36.65,117.0,NASA POWER API
757,757,2022-01-27,-1.61,0.0,80.55,2.5,100.91,10.91,华北_山东,36.65,117.0,NASA POWER API
758,758,2022-01-28,-2.04,0.0,79.18,1.38,100.87,8.47,华北_山东,36.65,117.0,NASA POWER API
759,759,2022-01-29,-1.72,0.0,65.45,1.21,100.41,12.0,华北_山东,36.65,117.0,NASA POWER API
760,760,2022-01-30,-1.19,0.0,74.18,2.05,100.28,11.55,华北_山东,36.65,117.0,NASA POWER API
761,761,2022-01-31,-1.89,0.0,65.84,3.04,100.46,13.17,华北_山东,36.65,117.0,NASA POWER API
762,762,2022-02-01,-4.34,0.0,70.24,1.78,100.99,12.74,华北_山东,36.65,117.0,NASA POWER API
763,763,2022-02-02,-1.17,0.0,64.34,1.25,100.85,13.28,华北_山东,36.65,117.0,NASA POWER API
764,764,2022-02-03,-0.44,0.0,64.76,1.37,100.62,11.65,华北_山东,36.65,117.0,NASA POWER API
765,765,2022-02-04,-2.98,0.26,65.05,3.54,100.9,12.95,华北_山东,36.65,117.0,NASA POWER API
766,766,2022-02-05,-3.92,0.0,53.31,1.78,101.19,14.6,华北_山东,36.65,117.0,NASA POWER API
767,767,2022-02-06,-1.95,0.0,57.61,1.18,101.0,12.43,华北_山东,36.65,117.0,NASA POWER API
768,768,2022-02-07,0.15,0.0,63.2,1.04,100.65,9.14,华北_山东,36.65,117.0,NASA POWER API
769,769,2022-02-08,0.78,0.0,70.56,1.59,100.65,11.24,华北_山东,36.65,117.0,NASA POWER API
770,770,2022-02-09,1.16,0.0,76.15,2.49,100.25,9.76,华北_山东,36.65,117.0,NASA POWER API
771,771,2022-02-10,1.32,0.0,84.45,2.44,100.19,10.18,华北_山东,36.65,117.0,NASA POWER API
772,772,2022-02-11,2.08,0.0,81.94,1.19,100.36,8.88,华北_山东,36.65,117.0,NASA POWER API
773,773,2022-02-12,2.33,0.0,81.19,1.32,100.32,9.21,华北_山东,36.65,117.0,NASA POWER API
774,774,2022-02-13,1.35,0.05,86.91,2.32,100.09,8.12,华北_山东,36.65,117.0,NASA POWER API
775,775,2022-02-14,-2.16,0.43,77.57,3.55,100.51,8.41,华北_山东,36.65,117.0,NASA POWER API
776,776,2022-02-15,-3.01,0.07,68.74,2.22,100.53,6.18,华北_山东,36.65,117.0,NASA POWER API
777,777,2022-02-16,-3.26,0.02,70.06,3.28,100.7,12.41,华北_山东,36.65,117.0,NASA POWER API
778,778,2022-02-17,-3.5,0.06,69.93,2.39,100.87,15.67,华北_山东,36.65,117.0,NASA POWER API
779,779,2022-02-18,-2.58,0.31,82.09,1.4,100.78,8.57,华北_山东,36.65,117.0,NASA POWER API
780,780,2022-02-19,-3.49,0.0,55.66,3.73,101.19,17.56,华北_山东,36.65,117.0,NASA POWER API
781,781,2022-02-20,-2.43,0.0,63.69,1.94,100.87,17.37,华北_山东,36.65,117.0,NASA POWER API
782,782,2022-02-21,-1.28,0.0,64.61,2.31,100.89,17.01,华北_山东,36.65,117.0,NASA POWER API
783,783,2022-02-22,-2.61,0.0,59.03,3.05,101.39,17.05,华北_山东,36.65,117.0,NASA POWER API
784,784,2022-02-23,-1.13,0.0,54.8,1.32,101.29,17.28,华北_山东,36.65,117.0,NASA POWER API
785,785,2022-02-24,0.88,0.0,77.68,2.83,100.79,12.29,华北_山东,36.65,117.0,NASA POWER API
786,786,2022-02-25,4.05,0.0,76.1,4.3,100.11,13.58,华北_山东,36.65,117.0,NASA POWER API
787,787,2022-02-26,3.68,0.0,59.92,3.71,100.02,17.08,华北_山东,36.65,117.0,NASA POWER API
788,788,2022-02-27,4.41,0.0,62.95,3.8,99.88,17.22,华北_山东,36.65,117.0,NASA POWER API
789,789,2022-02-28,6.17,0.0,74.51,3.42,99.39,8.92,华北_山东,36.65,117.0,NASA POWER API
790,790,2022-03-01,2.36,0.0,57.98,3.36,100.16,18.27,华北_山东,36.65,117.0,NASA POWER API
791,791,2022-03-02,4.71,0.0,53.05,2.53,99.73,18.46,华北_山东,36.65,117.0,NASA POWER API
792,792,2022-03-03,7.15,0.0,61.39,2.8,99.31,15.73,华北_山东,36.65,117.0,NASA POWER API
793,793,2022-03-04,5.63,0.0,65.27,3.83,99.23,14.58,华北_山东,36.65,117.0,NASA POWER API
794,794,2022-03-05,3.44,0.0,53.66,2.3,100.06,19.5,华北_山东,36.65,117.0,NASA POWER API
795,795,2022-03-06,3.89,0.0,62.04,3.47,100.12,15.65,华北_山东,36.65,117.0,NASA POWER API
796,796,2022-03-07,6.66,0.0,64.51,3.19,99.74,17.73,华北_山东,36.65,117.0,NASA POWER API
797,797,2022-03-08,8.58,0.0,62.45,2.62,99.47,17.39,华北_山东,36.65,117.0,NASA POWER API
798,798,2022-03-09,10.97,0.0,73.75,2.06,99.68,15.7,华北_山东,36.65,117.0,NASA POWER API
799,799,2022-03-10,11.26,0.0,75.81,2.78,99.25,14.35,华北_山东,36.65,117.0,NASA POWER API
800,800,2022-03-11,12.14,0.0,79.08,2.37,99.42,12.53,华北_山东,36.65,117.0,NASA POWER API
801,801,2022-03-12,8.58,3.17,94.95,2.12,99.01,3.15,华北_山东,36.65,117.0,NASA POWER API
802,802,2022-03-13,11.85,0.39,83.99,1.68,99.0,9.47,华北_山东,36.65,117.0,NASA POWER API
803,803,2022-03-14,11.47,0.74,72.8,2.33,99.36,19.17,华北_山东,36.65,117.0,NASA POWER API
804,804,2022-03-15,10.97,0.01,77.34,3.88,98.94,13.29,华北_山东,36.65,117.0,NASA POWER API
805,805,2022-03-16,8.28,1.88,78.91,4.81,99.41,6.39,华北_山东,36.65,117.0,NASA POWER API
806,806,2022-03-17,2.79,0.01,57.71,5.75,100.01,6.39,华北_山东,36.65,117.0,NASA POWER API
807,807,2022-03-18,2.0,0.81,79.91,1.63,99.26,8.02,华北_山东,36.65,117.0,NASA POWER API
808,808,2022-03-19,0.42,0.02,76.06,3.3,99.76,12.56,华北_山东,36.65,117.0,NASA POWER API
809,809,2022-03-20,2.39,0.0,71.81,2.15,99.91,13.33,华北_山东,36.65,117.0,NASA POWER API
810,810,2022-03-21,4.41,0.0,72.13,1.37,100.24,8.54,华北_山东,36.65,117.0,NASA POWER API
811,811,2022-03-22,6.85,0.0,67.18,1.43,100.3,16.72,华北_山东,36.65,117.0,NASA POWER API
812,812,2022-03-23,8.16,0.0,78.29,4.18,99.42,17.06,华北_山东,36.65,117.0,NASA POWER API
813,813,2022-03-24,9.28,0.09,84.16,4.22,98.96,15.02,华北_山东,36.65,117.0,NASA POWER API
814,814,2022-03-25,9.89,26.34,89.44,4.04,98.75,3.64,华北_山东,36.65,117.0,NASA POWER API
815,815,2022-03-26,7.89,0.02,71.59,2.67,99.37,18.82,华北_山东,36.65,117.0,NASA POWER API
816,816,2022-03-27,7.0,0.0,49.53,2.94,100.12,24.29,华北_山东,36.65,117.0,NASA POWER API
817,817,2022-03-28,8.03,0.0,64.36,4.06,100.01,22.21,华北_山东,36.65,117.0,NASA POWER API
818,818,2022-03-29,11.4,3.52,78.62,4.53,99.48,14.51,华北_山东,36.65,117.0,NASA POWER API
819,819,2022-03-30,8.88,0.95,82.58,3.84,100.07,9.95,华北_山东,36.65,117.0,NASA POWER API
820,820,2022-03-31,7.12,0.0,66.62,2.7,101.0,16.56,华北_山东,36.65,117.0,NASA POWER API
821,821,2022-04-01,7.64,0.0,56.44,1.62,101.12,24.12,华北_山东,36.65,117.0,NASA POWER API
822,822,2022-04-02,9.02,0.71,64.22,1.65,100.58,14.13,华北_山东,36.65,117.0,NASA POWER API
823,823,2022-04-03,10.06,0.0,62.86,2.13,100.45,20.18,华北_山东,36.65,117.0,NASA POWER API
824,824,2022-04-04,12.25,0.0,68.25,4.81,100.08,20.87,华北_山东,36.65,117.0,NASA POWER API
825,825,2022-04-05,14.13,0.0,71.12,3.95,99.62,17.95,华北_山东,36.65,117.0,NASA POWER API
826,826,2022-04-06,11.67,0.0,69.8,3.04,99.85,13.96,华北_山东,36.65,117.0,NASA POWER API
827,827,2022-04-07,12.02,0.0,66.11,1.39,99.72,23.96,华北_山东,36.65,117.0,NASA POWER API
828,828,2022-04-08,17.02,0.0,78.19,4.01,99.05,20.36,华北_山东,36.65,117.0,NASA POWER API
829,829,2022-04-09,19.52,0.0,74.63,4.34,98.45,17.9,华北_山东,36.65,117.0,NASA POWER API
830,830,2022-04-10,20.84,0.0,71.32,4.33,98.43,22.64,华北_山东,36.65,117.0,NASA POWER API
831,831,2022-04-11,21.88,0.06,70.62,4.33,98.41,21.53,华北_山东,36.65,117.0,NASA POWER API
832,832,2022-04-12,11.36,22.07,76.39,5.32,99.38,9.69,华北_山东,36.65,117.0,NASA POWER API
833,833,2022-04-13,10.45,0.0,60.95,2.7,99.56,21.46,华北_山东,36.65,117.0,NASA POWER API
834,834,2022-04-14,10.68,0.0,59.59,2.64,99.96,12.69,华北_山东,36.65,117.0,NASA POWER API
835,835,2022-04-15,9.55,0.0,60.61,3.54,100.46,23.57,华北_山东,36.65,117.0,NASA POWER API
836,836,2022-04-16,11.93,0.0,46.76,1.53,100.04,25.05,华北_山东,36.65,117.0,NASA POWER API
837,837,2022-04-17,11.64,0.0,59.35,2.82,99.67,19.13,华北_山东,36.65,117.0,NASA POWER API
838,838,2022-04-18,13.09,0.0,66.33,2.22,99.6,14.34,华北_山东,36.65,117.0,NASA POWER API
839,839,2022-04-19,15.01,0.0,55.71,2.05,99.59,23.92,华北_山东,36.65,117.0,NASA POWER API
840,840,2022-04-20,16.35,0.0,64.68,4.73,98.8,23.93,华北_山东,36.65,117.0,NASA POWER API
841,841,2022-04-21,18.3,0.0,75.24,5.02,98.26,21.79,华北_山东,36.65,117.0,NASA POWER API
842,842,2022-04-22,13.72,0.0,64.64,3.56,99.06,15.98,华北_山东,36.65,117.0,NASA POWER API
843,843,2022-04-23,16.8,0.0,66.67,3.73,98.79,26.23,华北_山东,36.65,117.0,NASA POWER API
844,844,2022-04-24,20.62,0.36,81.76,3.9,98.46,17.95,华北_山东,36.65,117.0,NASA POWER API
845,845,2022-04-25,20.51,0.03,83.55,1.98,98.27,13.96,华北_山东,36.65,117.0,NASA POWER API
846,846,2022-04-26,17.75,0.0,62.15,4.02,98.78,14.28,华北_山东,36.65,117.0,NASA POWER API
847,847,2022-04-27,15.4,0.01,54.25,2.11,99.63,16.35,华北_山东,36.65,117.0,NASA POWER API
848,848,2022-04-28,10.13,3.42,76.38,2.99,99.88,6.84,华北_山东,36.65,117.0,NASA POWER API
849,849,2022-04-29,10.89,0.02,77.16,1.39,99.82,18.38,华北_山东,36.65,117.0,NASA POWER API
850,850,2022-04-30,12.58,0.0,58.76,2.94,100.03,15.28,华北_山东,36.65,117.0,NASA POWER API
851,851,2022-05-01,14.1,0.0,51.38,2.86,99.44,27.58,华北_山东,36.65,117.0,NASA POWER API
852,852,2022-05-02,17.26,0.0,52.16,1.91,99.37,26.4,华北_山东,36.65,117.0,NASA POWER API
853,853,2022-05-03,19.1,0.0,55.43,3.87,99.24,26.53,华北_山东,36.65,117.0,NASA POWER API
854,854,2022-05-04,20.07,0.0,55.14,5.21,98.93,27.23,华北_山东,36.65,117.0,NASA POWER API
855,855,2022-05-05,21.12,0.0,56.03,5.84,98.72,26.96,华北_山东,36.65,117.0,NASA POWER API
856,856,2022-05-06,18.13,0.0,64.84,4.75,99.18,22.0,华北_山东,36.65,117.0,NASA POWER API
857,857,2022-05-07,13.39,0.01,59.74,4.23,100.05,5.43,华北_山东,36.65,117.0,NASA POWER API
858,858,2022-05-08,12.13,0.3,64.41,2.38,99.88,6.16,华北_山东,36.65,117.0,NASA POWER API
859,859,2022-05-09,9.16,6.53,84.98,1.52,99.81,6.25,华北_山东,36.65,117.0,NASA POWER API
860,860,2022-05-10,13.7,0.11,72.67,1.31,99.27,10.54,华北_山东,36.65,117.0,NASA POWER API
861,861,2022-05-11,15.0,0.15,75.74,2.13,99.48,13.22,华北_山东,36.65,117.0,NASA POWER API
862,862,2022-05-12,13.62,0.98,77.58,2.78,99.32,5.82,华北_山东,36.65,117.0,NASA POWER API
863,863,2022-05-13,14.59,0.73,61.83,2.19,99.31,22.38,华北_山东,36.65,117.0,NASA POWER API
864,864,2022-05-14,14.47,0.0,53.49,1.6,99.6,17.2,华北_山东,36.65,117.0,NASA POWER API
865,865,2022-05-15,16.67,0.0,60.12,2.31,99.43,26.22,华北_山东,36.65,117.0,NASA POWER API
866,866,2022-05-16,19.92,0.0,48.05,2.56,98.88,28.06,华北_山东,36.65,117.0,NASA POWER API
867,867,2022-05-17,21.06,0.0,42.92,3.56,98.62,27.94,华北_山东,36.65,117.0,NASA POWER API
868,868,2022-05-18,22.19,0.0,52.64,2.68,99.12,24.82,华北_山东,36.65,117.0,NASA POWER API
869,869,2022-05-19,21.59,0.0,60.6,2.41,99.21,20.31,华北_山东,36.65,117.0,NASA POWER API
870,870,2022-05-20,21.2,0.0,62.13,2.11,99.0,23.62,华北_山东,36.65,117.0,NASA POWER API
871,871,2022-05-21,22.91,0.0,57.02,2.9,98.72,27.69,华北_山东,36.65,117.0,NASA POWER API
872,872,2022-05-22,23.45,0.0,56.57,3.22,98.59,26.62,华北_山东,36.65,117.0,NASA POWER API
873,873,2022-05-23,23.87,0.0,56.26,2.14,98.72,23.25,华北_山东,36.65,117.0,NASA POWER API
874,874,2022-05-24,24.17,0.0,59.7,3.11,98.85,21.67,华北_山东,36.65,117.0,NASA POWER API
875,875,2022-05-25,20.22,0.12,59.44,3.6,99.03,15.8,华北_山东,36.65,117.0,NASA POWER API
876,876,2022-05-26,20.43,0.12,45.53,2.92,98.65,29.04,华北_山东,36.65,117.0,NASA POWER API
877,877,2022-05-27,23.37,0.0,42.3,2.92,98.2,29.21,华北_山东,36.65,117.0,NASA POWER API
878,878,2022-05-28,25.62,0.0,52.34,4.85,97.78,26.64,华北_山东,36.65,117.0,NASA POWER API
879,879,2022-05-29,24.32,1.56,60.45,4.92,97.81,22.77,华北_山东,36.65,117.0,NASA POWER API
880,880,2022-05-30,22.01,0.0,43.19,2.62,98.54,30.72,华北_山东,36.65,117.0,NASA POWER API
881,881,2022-05-31,24.87,0.0,42.3,5.44,98.16,25.99,华北_山东,36.65,117.0,NASA POWER API
882,882,2022-06-01,24.84,0.0,51.88,2.53,98.18,27.57,华北_山东,36.65,117.0,NASA POWER API
883,883,2022-06-02,27.45,0.0,45.66,0.92,98.17,22.68,华北_山东,36.65,117.0,NASA POWER API
884,884,2022-06-03,28.72,0.0,44.38,2.93,98.19,23.3,华北_山东,36.65,117.0,NASA POWER API
885,885,2022-06-04,27.07,0.0,56.66,2.81,98.12,18.53,华北_山东,36.65,117.0,NASA POWER API
886,886,2022-06-05,27.42,0.0,48.03,1.99,98.0,25.18,华北_山东,36.65,117.0,NASA POWER API
887,887,2022-06-06,22.49,0.0,46.38,3.72,98.25,26.48,华北_山东,36.65,117.0,NASA POWER API
888,888,2022-06-07,23.37,0.31,49.42,1.46,98.67,27.85,华北_山东,36.65,117.0,NASA POWER API
889,889,2022-06-08,25.68,0.29,50.44,3.95,98.48,23.84,华北_山东,36.65,117.0,NASA POWER API
890,890,2022-06-09,23.77,1.73,72.63,1.81,98.66,18.92,华北_山东,36.65,117.0,NASA POWER API
891,891,2022-06-10,22.29,9.39,78.45,1.61,98.74,6.62,华北_山东,36.65,117.0,NASA POWER API
892,892,2022-06-11,25.29,0.02,60.63,2.31,98.83,25.13,华北_山东,36.65,117.0,NASA POWER API
893,893,2022-06-12,24.41,0.01,57.11,3.47,98.59,15.34,华北_山东,36.65,117.0,NASA POWER API
894,894,2022-06-13,24.78,13.7,64.03,2.62,98.19,19.98,华北_山东,36.65,117.0,NASA POWER API
895,895,2022-06-14,21.35,3.89,72.75,1.82,98.37,14.53,华北_山东,36.65,117.0,NASA POWER API
896,896,2022-06-15,24.25,0.08,60.79,1.53,98.49,25.11,华北_山东,36.65,117.0,NASA POWER API
897,897,2022-06-16,26.87,12.31,60.73,2.99,98.12,16.49,华北_山东,36.65,117.0,NASA POWER API
898,898,2022-06-17,28.84,2.47,60.32,2.76,97.97,24.16,华北_山东,36.65,117.0,NASA POWER API
899,899,2022-06-18,29.7,0.23,48.72,3.44,98.12,21.12,华北_山东,36.65,117.0,NASA POWER API
900,900,2022-06-19,30.5,0.89,52.95,1.53,98.21,22.73,华北_山东,36.65,117.0,NASA POWER API
901,901,2022-06-20,30.76,0.03,51.6,1.92,98.06,21.5,华北_山东,36.65,117.0,NASA POWER API
902,902,2022-06-21,29.17,0.0,55.37,3.27,98.04,21.57,华北_山东,36.65,117.0,NASA POWER API
903,903,2022-06-22,29.91,23.3,63.4,3.43,98.0,20.79,华北_山东,36.65,117.0,NASA POWER API
904,904,2022-06-23,27.58,21.65,75.3,2.57,97.86,21.56,华北_山东,36.65,117.0,NASA POWER API
905,905,2022-06-24,27.75,2.74,58.79,2.26,97.9,27.09,华北_山东,36.65,117.0,NASA POWER API
906,906,2022-06-25,30.48,0.0,58.75,4.41,97.76,24.44,华北_山东,36.65,117.0,NASA POWER API
907,907,2022-06-26,30.25,15.53,75.29,3.22,97.82,13.81,华北_山东,36.65,117.0,NASA POWER API
908,908,2022-06-27,26.5,30.43,85.26,2.62,97.52,9.67,华北_山东,36.65,117.0,NASA POWER API
909,909,2022-06-28,26.24,3.62,78.54,1.36,97.6,18.19,华北_山东,36.65,117.0,NASA POWER API
910,910,2022-06-29,25.45,6.15,79.28,1.63,98.03,14.33,华北_山东,36.65,117.0,NASA POWER API
911,911,2022-06-30,25.45,8.41,73.21,0.88,98.46,17.11,华北_山东,36.65,117.0,NASA POWER API
912,912,2022-07-01,25.95,3.53,69.58,1.22,98.66,23.0,华北_山东,36.65,117.0,NASA POWER API
913,913,2022-07-02,27.91,4.42,74.14,1.12,98.65,22.68,华北_山东,36.65,117.0,NASA POWER API
914,914,2022-07-03,26.44,1.83,81.75,1.98,98.44,10.88,华北_山东,36.65,117.0,NASA POWER API
915,915,2022-07-04,27.09,8.04,83.82,2.45,98.16,18.14,华北_山东,36.65,117.0,NASA POWER API
916,916,2022-07-05,26.13,11.87,86.39,2.21,98.15,12.71,华北_山东,36.65,117.0,NASA POWER API
917,917,2022-07-06,24.19,107.14,91.62,3.65,97.83,4.84,华北_山东,36.65,117.0,NASA POWER API
918,918,2022-07-07,25.96,0.79,78.49,1.79,98.25,28.06,华北_山东,36.65,117.0,NASA POWER API
919,919,2022-07-08,26.69,0.18,74.51,2.97,98.19,28.11,华北_山东,36.65,117.0,NASA POWER API
920,920,2022-07-09,28.8,13.87,79.38,1.39,98.11,22.72,华北_山东,36.65,117.0,NASA POWER API
921,921,2022-07-10,24.4,23.57,89.65,2.63,98.16,11.57,华北_山东,36.65,117.0,NASA POWER API
922,922,2022-07-11,24.57,43.19,87.95,2.31,98.4,13.49,华北_山东,36.65,117.0,NASA POWER API
923,923,2022-07-12,26.18,44.14,91.97,2.95,98.09,3.22,华北_山东,36.65,117.0,NASA POWER API
924,924,2022-07-13,24.31,18.67,88.21,1.41,98.16,13.79,华北_山东,36.65,117.0,NASA POWER API
925,925,2022-07-14,27.31,1.3,82.28,1.18,98.13,20.08,华北_山东,36.65,117.0,NASA POWER API
926,926,2022-07-15,28.99,0.15,67.32,0.97,98.11,25.14,华北_山东,36.65,117.0,NASA POWER API
927,927,2022-07-16,26.6,16.27,77.62,1.86,97.91,7.92,华北_山东,36.65,117.0,NASA POWER API
928,928,2022-07-17,25.09,7.14,82.52,1.96,97.87,21.06,华北_山东,36.65,117.0,NASA POWER API
929,929,2022-07-18,26.68,1.35,77.58,1.43,98.03,21.33,华北_山东,36.65,117.0,NASA POWER API
930,930,2022-07-19,25.42,0.78,79.58,1.09,98.28,7.38,华北_山东,36.65,117.0,NASA POWER API
931,931,2022-07-20,24.44,7.01,85.01,1.13,98.4,6.58,华北_山东,36.65,117.0,NASA POWER API
932,932,2022-07-21,25.16,0.47,77.5,0.72,98.65,23.39,华北_山东,36.65,117.0,NASA POWER API
933,933,2022-07-22,25.6,9.76,81.24,1.58,98.64,17.93,华北_山东,36.65,117.0,NASA POWER API
934,934,2022-07-23,23.36,33.8,83.06,3.36,98.28,12.65,华北_山东,36.65,117.0,NASA POWER API
935,935,2022-07-24,25.2,0.0,82.18,2.49,98.4,27.46,华北_山东,36.65,117.0,NASA POWER API
936,936,2022-07-25,25.94,0.02,82.9,2.86,98.57,24.96,华北_山东,36.65,117.0,NASA POWER API
937,937,2022-07-26,26.55,19.55,85.54,1.67,98.44,17.58,华北_山东,36.65,117.0,NASA POWER API
938,938,2022-07-27,26.84,2.66,81.63,0.89,98.49,24.94,华北_山东,36.65,117.0,NASA POWER API
939,939,2022-07-28,25.19,15.36,88.37,1.17,98.49,10.2,华北_山东,36.65,117.0,NASA POWER API
940,940,2022-07-29,25.49,13.72,85.85,1.14,98.67,12.24,华北_山东,36.65,117.0,NASA POWER API
941,941,2022-07-30,26.56,5.06,85.77,1.62,98.63,17.88,华北_山东,36.65,117.0,NASA POWER API
942,942,2022-07-31,26.94,0.21,82.25,1.14,98.43,20.01,华北_山东,36.65,117.0,NASA POWER API
943,943,2022-08-01,28.24,0.0,78.86,1.09,98.47,24.27,华北_山东,36.65,117.0,NASA POWER API
944,944,2022-08-02,28.59,0.49,82.59,1.64,98.61,19.38,华北_山东,36.65,117.0,NASA POWER API
945,945,2022-08-03,28.99,0.1,83.21,2.17,98.64,22.17,华北_山东,36.65,117.0,NASA POWER API
946,946,2022-08-04,29.23,0.0,83.6,2.48,98.54,22.5,华北_山东,36.65,117.0,NASA POWER API
947,947,2022-08-05,29.7,2.55,83.45,2.63,98.32,22.01,华北_山东,36.65,117.0,NASA POWER API
948,948,2022-08-06,28.91,0.78,83.08,2.9,98.24,21.95,华北_山东,36.65,117.0,NASA POWER API
949,949,2022-08-07,28.21,1.68,89.39,2.9,98.08,13.25,华北_山东,36.65,117.0,NASA POWER API
950,950,2022-08-08,27.9,20.2,90.4,2.36,98.29,7.31,华北_山东,36.65,117.0,NASA POWER API
951,951,2022-08-09,23.17,42.09,90.86,3.1,98.54,3.95,华北_山东,36.65,117.0,NASA POWER API
952,952,2022-08-10,23.94,20.38,85.35,1.36,98.62,4.68,华北_山东,36.65,117.0,NASA POWER API
953,953,2022-08-11,25.26,21.04,89.85,1.6,98.43,11.95,华北_山东,36.65,117.0,NASA POWER API
954,954,2022-08-12,28.47,4.37,86.36,1.97,98.28,15.41,华北_山东,36.65,117.0,NASA POWER API
955,955,2022-08-13,28.55,9.57,89.12,1.81,98.19,15.05,华北_山东,36.65,117.0,NASA POWER API
956,956,2022-08-14,29.0,2.98,86.94,3.13,98.01,18.82,华北_山东,36.65,117.0,NASA POWER API
957,957,2022-08-15,28.91,0.12,81.98,2.04,98.0,14.39,华北_山东,36.65,117.0,NASA POWER API
958,958,2022-08-16,25.87,0.0,78.05,1.7,98.51,23.87,华北_山东,36.65,117.0,NASA POWER API
959,959,2022-08-17,26.16,0.0,80.97,1.71,98.6,24.82,华北_山东,36.65,117.0,NASA POWER API
960,960,2022-08-18,27.08,0.0,87.21,3.73,98.25,17.84,华北_山东,36.65,117.0,NASA POWER API
961,961,2022-08-19,26.57,22.63,88.8,2.66,98.06,6.09,华北_山东,36.65,117.0,NASA POWER API
962,962,2022-08-20,23.87,0.01,79.03,2.54,98.7,21.4,华北_山东,36.65,117.0,NASA POWER API
963,963,2022-08-21,25.0,0.02,82.07,2.7,98.34,22.96,华北_山东,36.65,117.0,NASA POWER API
964,964,2022-08-22,27.15,5.15,87.37,4.41,98.01,3.34,华北_山东,36.65,117.0,NASA POWER API
965,965,2022-08-23,22.3,0.06,74.97,3.18,99.17,25.6,华北_山东,36.65,117.0,NASA POWER API
966,966,2022-08-24,21.43,0.04,67.04,0.96,99.1,21.39,华北_山东,36.65,117.0,NASA POWER API
967,967,2022-08-25,22.6,2.24,78.83,1.24,98.85,10.18,华北_山东,36.65,117.0,NASA POWER API
968,968,2022-08-26,22.18,2.59,79.91,1.84,98.87,22.73,华北_山东,36.65,117.0,NASA POWER API
969,969,2022-08-27,19.78,0.49,72.31,1.88,99.35,21.92,华北_山东,36.65,117.0,NASA POWER API
970,970,2022-08-28,17.86,29.3,84.25,1.47,99.35,5.27,华北_山东,36.65,117.0,NASA POWER API
971,971,2022-08-29,19.47,8.3,86.66,1.4,99.21,8.81,华北_山东,36.65,117.0,NASA POWER API
972,972,2022-08-30,20.89,5.26,84.64,0.87,99.22,12.2,华北_山东,36.65,117.0,NASA POWER API
973,973,2022-08-31,22.03,0.09,79.78,1.37,99.17,22.03,华北_山东,36.65,117.0,NASA POWER API
974,974,2022-09-01,23.48,0.0,73.61,1.35,99.47,23.06,华北_山东,36.65,117.0,NASA POWER API
975,975,2022-09-02,22.01,0.0,78.76,1.63,99.51,23.41,华北_山东,36.65,117.0,NASA POWER API
976,976,2022-09-03,19.8,0.0,68.8,1.12,99.17,14.54,华北_山东,36.65,117.0,NASA POWER API
977,977,2022-09-04,22.17,0.0,68.01,0.85,98.79,20.6,华北_山东,36.65,117.0,NASA POWER API
978,978,2022-09-05,22.18,0.0,74.82,1.99,98.68,19.79,华北_山东,36.65,117.0,NASA POWER API
979,979,2022-09-06,22.34,0.0,63.22,1.71,98.96,21.63,华北_山东,36.65,117.0,NASA POWER API
980,980,2022-09-07,22.64,0.0,50.17,0.89,99.67,23.99,华北_山东,36.65,117.0,NASA POWER API
981,981,2022-09-08,20.98,0.0,68.89,1.62,99.79,19.74,华北_山东,36.65,117.0,NASA POWER API
982,982,2022-09-09,22.49,0.0,67.31,1.13,99.65,12.56,华北_山东,36.65,117.0,NASA POWER API
983,983,2022-09-10,23.13,0.0,68.73,0.89,99.46,18.39,华北_山东,36.65,117.0,NASA POWER API
984,984,2022-09-11,23.4,0.0,70.46,0.98,99.22,18.24,华北_山东,36.65,117.0,NASA POWER API
985,985,2022-09-12,22.72,0.0,72.81,0.96,99.19,19.58,华北_山东,36.65,117.0,NASA POWER API
986,986,2022-09-13,21.56,0.0,79.53,2.2,99.52,19.95,华北_山东,36.65,117.0,NASA POWER API
987,987,2022-09-14,20.11,1.91,88.85,2.79,99.38,10.91,华北_山东,36.65,117.0,NASA POWER API
988,988,2022-09-15,20.28,5.22,89.17,4.71,98.77,6.9,华北_山东,36.65,117.0,NASA POWER API
989,989,2022-09-16,21.06,0.87,80.45,2.79,98.53,16.75,华北_山东,36.65,117.0,NASA POWER API
990,990,2022-09-17,21.54,0.05,76.53,1.43,98.78,19.07,华北_山东,36.65,117.0,NASA POWER API
991,991,2022-09-18,21.64,0.0,77.59,2.15,99.02,18.81,华北_山东,36.65,117.0,NASA POWER API
992,992,2022-09-19,18.32,0.0,70.1,3.05,99.53,21.24,华北_山东,36.65,117.0,NASA POWER API
993,993,2022-09-20,18.06,0.0,65.19,1.18,99.75,12.64,华北_山东,36.65,117.0,NASA POWER API
994,994,2022-09-21,17.84,0.0,70.63,2.35,99.43,19.15,华北_山东,36.65,117.0,NASA POWER API
995,995,2022-09-22,18.35,0.0,68.12,3.53,99.04,19.12,华北_山东,36.65,117.0,NASA POWER API
996,996,2022-09-23,14.01,0.0,49.62,2.66,99.86,22.46,华北_山东,36.65,117.0,NASA POWER API
997,997,2022-09-24,14.82,0.0,62.39,2.2,99.69,14.53,华北_山东,36.65,117.0,NASA POWER API
998,998,2022-09-25,16.09,0.0,67.46,2.78,99.37,20.27,华北_山东,36.65,117.0,NASA POWER API
999,999,2022-09-26,18.02,0.0,70.39,1.83,99.47,19.73,华北_山东,36.65,117.0,NASA POWER API
1000,1000,2022-09-27,18.93,0.0,75.87,1.38,99.46,16.87,华北_山东,36.65,117.0,NASA POWER API
1001,1001,2022-09-28,19.16,0.0,72.74,2.22,99.13,18.53,华北_山东,36.65,117.0,NASA POWER API
1002,1002,2022-09-29,20.06,0.0,75.15,2.63,99.15,17.88,华北_山东,36.65,117.0,NASA POWER API
1003,1003,2022-09-30,20.64,0.0,77.94,3.08,99.19,17.03,华北_山东,36.65,117.0,NASA POWER API
1004,1004,2022-10-01,20.57,45.07,91.12,2.87,99.1,4.14,华北_山东,36.65,117.0,NASA POWER API
1005,1005,2022-10-02,21.89,34.19,90.6,1.78,98.88,4.33,华北_山东,36.65,117.0,NASA POWER API
1006,1006,2022-10-03,17.99,64.31,91.26,4.21,99.33,2.21,华北_山东,36.65,117.0,NASA POWER API
1007,1007,2022-10-04,8.75,0.12,71.32,3.8,100.65,9.91,华北_山东,36.65,117.0,NASA POWER API
1008,1008,2022-10-05,9.3,0.81,73.93,1.45,100.64,12.09,华北_山东,36.65,117.0,NASA POWER API
1009,1009,2022-10-06,10.48,0.01,77.96,1.19,100.42,6.73,华北_山东,36.65,117.0,NASA POWER API
1010,1010,2022-10-07,11.07,0.0,81.37,2.1,100.27,17.45,华北_山东,36.65,117.0,NASA POWER API
1011,1011,2022-10-08,11.9,1.95,83.01,3.42,100.01,13.81,华北_山东,36.65,117.0,NASA POWER API
1012,1012,2022-10-09,9.59,0.47,62.53,4.6,100.27,18.27,华北_山东,36.65,117.0,NASA POWER API
1013,1013,2022-10-10,7.63,2.31,59.08,2.59,100.45,19.23,华北_山东,36.65,117.0,NASA POWER API
1014,1014,2022-10-11,10.62,0.0,52.73,1.08,100.38,18.53,华北_山东,36.65,117.0,NASA POWER API
1015,1015,2022-10-12,10.21,0.0,68.3,2.07,100.39,16.06,华北_山东,36.65,117.0,NASA POWER API
1016,1016,2022-10-13,12.3,0.0,79.2,1.58,100.26,12.09,华北_山东,36.65,117.0,NASA POWER API
1017,1017,2022-10-14,14.44,0.0,71.86,1.09,99.96,7.38,华北_山东,36.65,117.0,NASA POWER API
1018,1018,2022-10-15,15.71,0.0,70.71,1.13,99.88,13.04,华北_山东,36.65,117.0,NASA POWER API
1019,1019,2022-10-16,13.53,0.0,77.55,2.56,100.18,7.76,华北_山东,36.65,117.0,NASA POWER API
1020,1020,2022-10-17,8.01,0.0,59.36,2.82,100.79,18.2,华北_山东,36.65,117.0,NASA POWER API
1021,1021,2022-10-18,8.37,0.0,53.59,1.73,100.52,17.54,华北_山东,36.65,117.0,NASA POWER API
1022,1022,2022-10-19,9.26,0.0,63.52,2.56,100.38,16.53,华北_山东,36.65,117.0,NASA POWER API
1023,1023,2022-10-20,10.93,0.0,73.19,3.47,100.24,14.15,华北_山东,36.65,117.0,NASA POWER API
1024,1024,2022-10-21,13.62,0.0,77.39,2.08,100.05,12.42,华北_山东,36.65,117.0,NASA POWER API
1025,1025,2022-10-22,12.9,0.0,76.98,2.29,100.23,12.41,华北_山东,36.65,117.0,NASA POWER API
1026,1026,2022-10-23,12.43,0.0,72.31,1.34,100.35,15.78,华北_山东,36.65,117.0,NASA POWER API
1027,1027,2022-10-24,12.78,0.0,67.35,1.68,100.26,15.21,华北_山东,36.65,117.0,NASA POWER API
1028,1028,2022-10-25,13.21,0.0,71.92,3.25,100.21,13.34,华北_山东,36.65,117.0,NASA POWER API
1029,1029,2022-10-26,12.94,0.0,78.67,2.57,100.21,8.45,华北_山东,36.65,117.0,NASA POWER API
1030,1030,2022-10-27,11.97,0.0,80.86,2.6,100.69,10.11,华北_山东,36.65,117.0,NASA POWER API
1031,1031,2022-10-28,10.44,0.0,79.63,1.54,100.78,11.78,华北_山东,36.65,117.0,NASA POWER API
1032,1032,2022-10-29,11.6,0.0,80.29,1.36,100.59,9.15,华北_山东,36.65,117.0,NASA POWER API
1033,1033,2022-10-30,12.11,0.02,77.77,1.43,100.26,8.42,华北_山东,36.65,117.0,NASA POWER API
1034,1034,2022-10-31,10.91,0.0,74.72,1.7,100.3,7.49,华北_山东,36.65,117.0,NASA POWER API
1035,1035,2022-11-01,9.59,0.0,58.83,1.61,100.34,14.71,华北_山东,36.65,117.0,NASA POWER API
1036,1036,2022-11-02,10.6,0.0,70.12,2.61,99.93,11.66,华北_山东,36.65,117.0,NASA POWER API
1037,1037,2022-11-03,8.68,0.03,87.03,2.54,100.31,3.99,华北_山东,36.65,117.0,NASA POWER API
1038,1038,2022-11-04,6.66,0.0,65.0,1.37,100.78,13.43,华北_山东,36.65,117.0,NASA POWER API
1039,1039,2022-11-05,7.88,0.0,66.22,2.04,100.49,13.56,华北_山东,36.65,117.0,NASA POWER API
1040,1040,2022-11-06,9.51,0.02,72.86,3.69,99.94,5.56,华北_山东,36.65,117.0,NASA POWER API
1041,1041,2022-11-07,9.44,0.0,74.61,1.9,100.11,10.03,华北_山东,36.65,117.0,NASA POWER API
1042,1042,2022-11-08,10.41,0.0,69.03,1.33,100.24,9.71,华北_山东,36.65,117.0,NASA POWER API
1043,1043,2022-11-09,11.61,0.0,93.09,2.08,100.02,6.14,华北_山东,36.65,117.0,NASA POWER API
1044,1044,2022-11-10,14.06,0.63,86.48,0.83,100.0,4.71,华北_山东,36.65,117.0,NASA POWER API
1045,1045,2022-11-11,14.79,0.16,89.86,1.81,99.85,8.42,华北_山东,36.65,117.0,NASA POWER API
1046,1046,2022-11-12,9.82,19.08,86.8,4.31,99.77,2.56,华北_山东,36.65,117.0,NASA POWER API
1047,1047,2022-11-13,3.8,0.0,67.99,2.13,100.61,9.77,华北_山东,36.65,117.0,NASA POWER API
1048,1048,2022-11-14,5.15,0.0,68.81,2.11,100.08,11.81,华北_山东,36.65,117.0,NASA POWER API
1049,1049,2022-11-15,7.21,0.0,71.2,2.05,99.77,12.18,华北_山东,36.65,117.0,NASA POWER API
1050,1050,2022-11-16,6.84,0.0,80.22,2.28,99.82,8.62,华北_山东,36.65,117.0,NASA POWER API
1051,1051,2022-11-17,9.09,0.0,73.21,2.1,99.85,10.41,华北_山东,36.65,117.0,NASA POWER API
1052,1052,2022-11-18,10.31,0.06,82.61,1.2,100.25,7.27,华北_山东,36.65,117.0,NASA POWER API
1053,1053,2022-11-19,10.29,0.46,86.14,1.07,99.93,6.05,华北_山东,36.65,117.0,NASA POWER API
1054,1054,2022-11-20,10.42,0.15,84.52,1.41,99.79,5.73,华北_山东,36.65,117.0,NASA POWER API
1055,1055,2022-11-21,9.53,1.85,88.25,2.48,100.11,1.89,华北_山东,36.65,117.0,NASA POWER API
1056,1056,2022-11-22,6.26,6.84,86.48,2.01,100.1,3.99,华北_山东,36.65,117.0,NASA POWER API
1057,1057,2022-11-23,7.57,0.04,87.44,2.03,99.9,9.2,华北_山东,36.65,117.0,NASA POWER API
1058,1058,2022-11-24,9.94,0.17,86.38,4.57,99.59,9.65,华北_山东,36.65,117.0,NASA POWER API
1059,1059,2022-11-25,9.11,0.0,74.61,3.09,99.51,9.94,华北_山东,36.65,117.0,NASA POWER API
1060,1060,2022-11-26,3.44,0.0,59.23,3.61,99.91,10.93,华北_山东,36.65,117.0,NASA POWER API
1061,1061,2022-11-27,8.13,0.78,94.58,2.34,99.08,2.06,华北_山东,36.65,117.0,NASA POWER API
1062,1062,2022-11-28,4.79,7.97,92.98,3.82,99.44,2.07,华北_山东,36.65,117.0,NASA POWER API
1063,1063,2022-11-29,-3.84,0.01,41.17,6.78,101.15,6.58,华北_山东,36.65,117.0,NASA POWER API
1064,1064,2022-11-30,-6.21,0.0,43.98,3.17,101.83,11.71,华北_山东,36.65,117.0,NASA POWER API
1065,1065,2022-12-01,-4.33,0.0,64.87,1.24,101.36,11.92,华北_山东,36.65,117.0,NASA POWER API
1066,1066,2022-12-02,-2.89,0.0,66.75,3.45,100.53,9.47,华北_山东,36.65,117.0,NASA POWER API
1067,1067,2022-12-03,-2.36,0.0,70.11,2.69,100.73,7.58,华北_山东,36.65,117.0,NASA POWER API
1068,1068,2022-12-04,-3.05,0.0,64.95,1.91,101.33,8.1,华北_山东,36.65,117.0,NASA POWER API
1069,1069,2022-12-05,-0.67,0.0,61.24,1.28,100.98,10.13,华北_山东,36.65,117.0,NASA POWER API
1070,1070,2022-12-06,0.05,0.0,72.8,1.46,100.48,8.97,华北_山东,36.65,117.0,NASA POWER API
1071,1071,2022-12-07,1.17,0.0,88.21,1.65,100.36,7.89,华北_山东,36.65,117.0,NASA POWER API
1072,1072,2022-12-08,2.1,0.0,89.08,1.34,100.33,5.67,华北_山东,36.65,117.0,NASA POWER API
1073,1073,2022-12-09,3.36,0.0,87.89,0.98,100.15,6.09,华北_山东,36.65,117.0,NASA POWER API
1074,1074,2022-12-10,-1.13,0.0,73.62,3.95,100.55,6.78,华北_山东,36.65,117.0,NASA POWER API
1075,1075,2022-12-11,-1.75,0.0,59.74,1.55,100.76,11.26,华北_山东,36.65,117.0,NASA POWER API
1076,1076,2022-12-12,-1.25,0.0,60.02,2.84,100.17,10.25,华北_山东,36.65,117.0,NASA POWER API
1077,1077,2022-12-13,-3.61,0.0,56.39,3.48,100.68,11.2,华北_山东,36.65,117.0,NASA POWER API
1078,1078,2022-12-14,-4.02,0.0,55.59,3.13,100.66,11.33,华北_山东,36.65,117.0,NASA POWER API
1079,1079,2022-12-15,-2.77,0.0,67.63,3.91,100.44,8.22,华北_山东,36.65,117.0,NASA POWER API
1080,1080,2022-12-16,-5.62,0.0,66.86,1.78,101.32,5.17,华北_山东,36.65,117.0,NASA POWER API
1081,1081,2022-12-17,-8.07,0.0,51.52,3.75,101.37,11.77,华北_山东,36.65,117.0,NASA POWER API
1082,1082,2022-12-18,-4.3,0.0,57.15,2.19,100.4,10.95,华北_山东,36.65,117.0,NASA POWER API
1083,1083,2022-12-19,-1.03,0.0,61.07,1.62,100.17,10.02,华北_山东,36.65,117.0,NASA POWER API
1084,1084,2022-12-20,-1.01,0.0,81.29,1.98,99.92,5.42,华北_山东,36.65,117.0,NASA POWER API
1085,1085,2022-12-21,-2.81,0.18,62.67,1.79,99.58,8.17,华北_山东,36.65,117.0,NASA POWER API
1086,1086,2022-12-22,-6.52,0.0,65.41,3.62,100.22,11.36,华北_山东,36.65,117.0,NASA POWER API
1087,1087,2022-12-23,-7.33,0.0,56.33,2.25,100.5,11.5,华北_山东,36.65,117.0,NASA POWER API
1088,1088,2022-12-24,-7.06,0.0,68.28,1.72,100.84,10.98,华北_山东,36.65,117.0,NASA POWER API
1089,1089,2022-12-25,-2.43,0.0,62.3,0.82,100.81,10.01,华北_山东,36.65,117.0,NASA POWER API
1090,1090,2022-12-26,-1.14,0.06,59.02,1.1,100.74,9.07,华北_山东,36.65,117.0,NASA POWER API
1091,1091,2022-12-27,-3.74,0.05,61.17,2.17,101.04,5.91,华北_山东,36.65,117.0,NASA POWER API
1092,1092,2022-12-28,-3.6,0.0,55.73,1.68,101.16,11.25,华北_山东,36.65,117.0,NASA POWER API
1093,1093,2022-12-29,-4.51,0.0,63.02,1.82,101.25,10.83,华北_山东,36.65,117.0,NASA POWER API
1094,1094,2022-12-30,-2.73,0.0,53.13,1.27,101.12,10.79,华北_山东,36.65,117.0,NASA POWER API
1095,1095,2022-12-31,-2.0,0.0,77.32,1.94,100.94,7.1,华北_山东,36.65,117.0,NASA POWER API
1096,1096,2023-01-01,-0.65,0.0,67.68,1.6,101.18,7.72,华北_山东,36.65,117.0,NASA POWER API
1097,1097,2023-01-02,-0.3,0.0,68.08,1.11,101.3,8.88,华北_山东,36.65,117.0,NASA POWER API
1098,1098,2023-01-03,-1.39,0.0,79.5,1.77,100.94,8.82,华北_山东,36.65,117.0,NASA POWER API
1099,1099,2023-01-04,-0.71,0.0,85.72,1.32,100.76,3.81,华北_山东,36.65,117.0,NASA POWER API
1100,1100,2023-01-05,1.04,0.0,82.63,1.31,100.74,5.18,华北_山东,36.65,117.0,NASA POWER API
1101,1101,2023-01-06,1.57,0.0,66.18,3.21,100.17,9.32,华北_山东,36.65,117.0,NASA POWER API
1102,1102,2023-01-07,3.26,0.0,57.09,1.94,99.92,11.01,华北_山东,36.65,117.0,NASA POWER API
1103,1103,2023-01-08,1.18,0.0,86.57,2.16,99.93,7.69,华北_山东,36.65,117.0,NASA POWER API
1104,1104,2023-01-09,0.36,0.0,75.39,3.6,100.84,11.47,华北_山东,36.65,117.0,NASA POWER API
1105,1105,2023-01-10,0.89,0.0,64.79,1.67,100.7,10.31,华北_山东,36.65,117.0,NASA POWER API
1106,1106,2023-01-11,1.31,0.0,89.67,2.8,99.98,6.82,华北_山东,36.65,117.0,NASA POWER API
1107,1107,2023-01-12,2.89,0.73,97.25,1.67,99.24,3.51,华北_山东,36.65,117.0,NASA POWER API
1108,1108,2023-01-13,1.53,0.17,89.95,3.96,99.51,2.13,华北_山东,36.65,117.0,NASA POWER API
1109,1109,2023-01-14,-4.8,2.81,60.11,7.24,100.74,5.24,华北_山东,36.65,117.0,NASA POWER API
1110,1110,2023-01-15,-5.72,0.0,54.48,3.12,100.98,9.29,华北_山东,36.65,117.0,NASA POWER API
1111,1111,2023-01-16,-5.12,0.0,61.47,2.02,100.77,9.29,华北_山东,36.65,117.0,NASA POWER API
1112,1112,2023-01-17,-2.88,0.0,68.26,1.72,100.59,9.31,华北_山东,36.65,117.0,NASA POWER API
1113,1113,2023-01-18,-2.44,0.0,58.76,2.9,100.45,11.84,华北_山东,36.65,117.0,NASA POWER API
1114,1114,2023-01-19,-1.75,0.0,68.31,3.16,100.2,10.28,华北_山东,36.65,117.0,NASA POWER API
1115,1115,2023-01-20,-5.04,0.0,52.41,2.03,101.03,13.25,华北_山东,36.65,117.0,NASA POWER API
1116,1116,2023-01-21,-1.48,0.0,74.47,3.15,100.24,9.03,华北_山东,36.65,117.0,NASA POWER API
1117,1117,2023-01-22,-0.03,0.0,75.33,1.31,100.21,8.81,华北_山东,36.65,117.0,NASA POWER API
1118,1118,2023-01-23,-4.81,0.48,82.42,3.94,101.01,5.53,华北_山东,36.65,117.0,NASA POWER API
1119,1119,2023-01-24,-11.64,0.0,47.93,3.4,101.85,14.35,华北_山东,36.65,117.0,NASA POWER API
1120,1120,2023-01-25,-8.68,0.48,62.84,4.09,100.55,12.78,华北_山东,36.65,117.0,NASA POWER API
1121,1121,2023-01-26,-7.21,0.0,74.51,2.21,100.52,3.44,华北_山东,36.65,117.0,NASA POWER API
1122,1122,2023-01-27,-6.63,0.0,56.01,2.43,101.12,14.19,华北_山东,36.65,117.0,NASA POWER API
1123,1123,2023-01-28,-4.84,0.0,58.26,1.99,100.47,13.78,华北_山东,36.65,117.0,NASA POWER API
1124,1124,2023-01-29,-0.76,0.0,59.0,2.07,100.05,13.32,华北_山东,36.65,117.0,NASA POWER API
1125,1125,2023-01-30,1.1,0.0,63.61,3.24,99.83,12.24,华北_山东,36.65,117.0,NASA POWER API
1126,1126,2023-01-31,2.81,0.0,69.43,1.63,99.43,11.78,华北_山东,36.65,117.0,NASA POWER API
1127,1127,2023-02-01,-0.64,0.0,52.08,4.84,100.69,12.85,华北_山东,36.65,117.0,NASA POWER API
1128,1128,2023-02-02,-0.32,0.0,50.51,0.72,100.89,8.29,华北_山东,36.65,117.0,NASA POWER API
1129,1129,2023-02-03,0.13,0.0,70.53,2.25,100.3,11.58,华北_山东,36.65,117.0,NASA POWER API
1130,1130,2023-02-04,2.16,0.0,60.46,0.93,100.37,13.09,华北_山东,36.65,117.0,NASA POWER API
1131,1131,2023-02-05,1.65,0.0,70.61,3.42,99.93,11.93,华北_山东,36.65,117.0,NASA POWER API
1132,1132,2023-02-06,3.0,0.0,82.76,1.97,99.88,9.15,华北_山东,36.65,117.0,NASA POWER API
1133,1133,2023-02-07,2.67,0.0,80.59,1.42,100.22,7.34,华北_山东,36.65,117.0,NASA POWER API
1134,1134,2023-02-08,1.9,0.0,74.14,2.51,100.68,10.59,华北_山东,36.65,117.0,NASA POWER API
1135,1135,2023-02-09,0.92,0.38,85.02,1.43,100.34,3.47,华北_山东,36.65,117.0,NASA POWER API
1136,1136,2023-02-10,2.15,0.23,82.58,1.35,100.04,10.48,华北_山东,36.65,117.0,NASA POWER API
1137,1137,2023-02-11,3.01,0.32,85.32,1.88,99.88,6.41,华北_山东,36.65,117.0,NASA POWER API
1138,1138,2023-02-12,2.19,9.73,89.1,3.32,100.13,2.6,华北_山东,36.65,117.0,NASA POWER API
1139,1139,2023-02-13,-0.79,0.4,69.1,4.35,100.9,15.37,华北_山东,36.65,117.0,NASA POWER API
1140,1140,2023-02-14,0.11,0.01,65.94,1.65,100.92,13.2,华北_山东,36.65,117.0,NASA POWER API
1141,1141,2023-02-15,-0.92,0.0,69.42,1.62,101.07,16.09,华北_山东,36.65,117.0,NASA POWER API
1142,1142,2023-02-16,1.25,0.0,72.53,3.36,100.62,11.83,华北_山东,36.65,117.0,NASA POWER API
1143,1143,2023-02-17,3.6,0.0,79.77,2.4,100.02,10.44,华北_山东,36.65,117.0,NASA POWER API
1144,1144,2023-02-18,5.02,0.0,78.52,2.9,99.91,4.26,华北_山东,36.65,117.0,NASA POWER API
1145,1145,2023-02-19,1.92,0.0,56.63,2.34,100.57,17.74,华北_山东,36.65,117.0,NASA POWER API
1146,1146,2023-02-20,1.44,0.0,57.44,3.33,101.0,17.54,华北_山东,36.65,117.0,NASA POWER API
1147,1147,2023-02-21,1.17,0.0,54.36,2.1,101.49,17.33,华北_山东,36.65,117.0,NASA POWER API
1148,1148,2023-02-22,0.05,0.0,72.3,3.45,100.7,10.54,华北_山东,36.65,117.0,NASA POWER API
1149,1149,2023-02-23,2.75,0.0,77.38,2.34,100.24,14.58,华北_山东,36.65,117.0,NASA POWER API
1150,1150,2023-02-24,1.5,0.0,75.74,3.29,100.91,10.67,华北_山东,36.65,117.0,NASA POWER API
1151,1151,2023-02-25,0.73,0.0,52.07,1.86,101.78,18.96,华北_山东,36.65,117.0,NASA POWER API
1152,1152,2023-02-26,2.46,0.0,57.33,2.08,101.49,17.81,华北_山东,36.65,117.0,NASA POWER API
1153,1153,2023-02-27,3.72,0.0,59.99,4.1,100.79,14.48,华北_山东,36.65,117.0,NASA POWER API
1154,1154,2023-02-28,4.46,0.0,72.59,3.44,100.24,11.97,华北_山东,36.65,117.0,NASA POWER API
1155,1155,2023-03-01,3.81,0.0,57.96,3.0,100.76,18.57,华北_山东,36.65,117.0,NASA POWER API
1156,1156,2023-03-02,3.92,0.0,52.99,2.98,100.82,18.85,华北_山东,36.65,117.0,NASA POWER API
1157,1157,2023-03-03,7.22,0.0,60.14,2.98,100.18,12.03,华北_山东,36.65,117.0,NASA POWER API
1158,1158,2023-03-04,9.8,0.0,51.19,1.46,100.19,13.33,华北_山东,36.65,117.0,NASA POWER API
1159,1159,2023-03-05,10.05,0.0,53.36,2.45,100.02,14.81,华北_山东,36.65,117.0,NASA POWER API
1160,1160,2023-03-06,11.01,0.0,64.74,2.85,99.58,14.73,华北_山东,36.65,117.0,NASA POWER API
1161,1161,2023-03-07,13.37,0.0,64.2,2.49,99.39,15.24,华北_山东,36.65,117.0,NASA POWER API
1162,1162,2023-03-08,9.46,0.0,68.74,3.18,99.47,16.17,华北_山东,36.65,117.0,NASA POWER API
1163,1163,2023-03-09,12.35,0.0,60.49,3.01,99.31,17.99,华北_山东,36.65,117.0,NASA POWER API
1164,1164,2023-03-10,14.83,0.0,63.08,3.68,99.1,17.86,华北_山东,36.65,117.0,NASA POWER API
1165,1165,2023-03-11,9.2,0.32,57.14,5.77,100.05,11.31,华北_山东,36.65,117.0,NASA POWER API
1166,1166,2023-03-12,3.79,0.0,45.08,4.12,101.01,21.79,华北_山东,36.65,117.0,NASA POWER API
1167,1167,2023-03-13,7.05,0.0,42.06,5.92,99.57,19.56,华北_山东,36.65,117.0,NASA POWER API
1168,1168,2023-03-14,11.27,0.0,51.65,4.96,98.67,18.76,华北_山东,36.65,117.0,NASA POWER API
1169,1169,2023-03-15,5.75,0.0,38.42,4.63,100.33,17.22,华北_山东,36.65,117.0,NASA POWER API
1170,1170,2023-03-16,4.08,0.78,58.3,1.52,100.84,8.76,华北_山东,36.65,117.0,NASA POWER API
1171,1171,2023-03-17,4.97,0.34,73.19,1.06,100.45,12.17,华北_山东,36.65,117.0,NASA POWER API
1172,1172,2023-03-18,6.9,0.06,69.59,1.47,100.22,16.32,华北_山东,36.65,117.0,NASA POWER API
1173,1173,2023-03-19,8.56,0.0,72.34,2.64,99.69,15.49,华北_山东,36.65,117.0,NASA POWER API
1174,1174,2023-03-20,9.4,0.0,70.74,3.14,99.05,12.72,华北_山东,36.65,117.0,NASA POWER API
1175,1175,2023-03-21,11.48,0.0,76.0,2.52,98.71,18.95,华北_山东,36.65,117.0,NASA POWER API
1176,1176,2023-03-22,10.3,0.0,71.59,2.72,98.97,9.64,华北_山东,36.65,117.0,NASA POWER API
1177,1177,2023-03-23,7.64,0.0,45.99,3.98,99.72,17.89,华北_山东,36.65,117.0,NASA POWER API
1178,1178,2023-03-24,8.08,0.0,47.99,1.77,100.15,14.58,华北_山东,36.65,117.0,NASA POWER API
1179,1179,2023-03-25,7.78,0.0,55.27,2.44,100.0,11.75,华北_山东,36.65,117.0,NASA POWER API
1180,1180,2023-03-26,8.14,0.0,54.61,1.6,100.0,21.03,华北_山东,36.65,117.0,NASA POWER API
1181,1181,2023-03-27,10.43,0.0,55.85,2.76,99.8,19.03,华北_山东,36.65,117.0,NASA POWER API
1182,1182,2023-03-28,12.48,0.0,58.39,3.24,99.92,19.92,华北_山东,36.65,117.0,NASA POWER API
1183,1183,2023-03-29,13.46,0.0,55.11,3.4,99.69,19.57,华北_山东,36.65,117.0,NASA POWER API
1184,1184,2023-03-30,12.94,0.0,58.13,2.83,99.57,21.47,华北_山东,36.65,117.0,NASA POWER API
1185,1185,2023-03-31,12.58,0.0,63.11,2.74,99.55,19.72,华北_山东,36.65,117.0,NASA POWER API
1186,1186,2023-04-01,13.29,0.0,66.49,2.83,99.31,21.47,华北_山东,36.65,117.0,NASA POWER API
1187,1187,2023-04-02,14.72,0.0,45.7,3.93,99.29,21.59,华北_山东,36.65,117.0,NASA POWER API
1188,1188,2023-04-03,12.17,12.51,62.86,4.63,99.23,6.73,华北_山东,36.65,117.0,NASA POWER API
1189,1189,2023-04-04,8.95,19.69,89.55,5.84,98.68,2.99,华北_山东,36.65,117.0,NASA POWER API
1190,1190,2023-04-05,7.49,0.59,78.07,3.89,99.37,5.57,华北_山东,36.65,117.0,NASA POWER API
1191,1191,2023-04-06,9.03,2.89,76.56,2.64,99.41,4.72,华北_山东,36.65,117.0,NASA POWER API
1192,1192,2023-04-07,7.76,0.0,54.39,3.03,100.15,25.82,华北_山东,36.65,117.0,NASA POWER API
1193,1193,2023-04-08,9.63,0.0,49.31,2.7,100.09,24.86,华北_山东,36.65,117.0,NASA POWER API
1194,1194,2023-04-09,14.8,0.0,62.09,5.22,99.06,19.49,华北_山东,36.65,117.0,NASA POWER API
1195,1195,2023-04-10,17.79,0.0,64.82,4.72,98.53,21.74,华北_山东,36.65,117.0,NASA POWER API
1196,1196,2023-04-11,12.95,0.0,38.0,3.21,99.36,19.31,华北_山东,36.65,117.0,NASA POWER API
1197,1197,2023-04-12,13.32,0.07,50.16,3.39,99.48,20.16,华北_山东,36.65,117.0,NASA POWER API
1198,1198,2023-04-13,17.01,0.67,60.68,3.25,98.94,14.08,华北_山东,36.65,117.0,NASA POWER API
1199,1199,2023-04-14,15.21,0.18,66.21,2.77,99.11,11.15,华北_山东,36.65,117.0,NASA POWER API
1200,1200,2023-04-15,12.96,2.17,56.97,3.0,98.62,15.7,华北_山东,36.65,117.0,NASA POWER API
1201,1201,2023-04-16,14.68,0.0,41.71,1.38,98.56,25.82,华北_山东,36.65,117.0,NASA POWER API
1202,1202,2023-04-17,18.34,0.0,57.94,3.33,98.4,19.51,华北_山东,36.65,117.0,NASA POWER API
1203,1203,2023-04-18,19.18,0.0,65.7,3.03,98.93,22.97,华北_山东,36.65,117.0,NASA POWER API
1204,1204,2023-04-19,19.28,0.0,57.38,2.32,98.63,25.24,华北_山东,36.65,117.0,NASA POWER API
1205,1205,2023-04-20,15.65,0.0,59.6,5.57,98.99,13.86,华北_山东,36.65,117.0,NASA POWER API
1206,1206,2023-04-21,12.09,0.06,39.4,4.57,99.98,7.05,华北_山东,36.65,117.0,NASA POWER API
1207,1207,2023-04-22,7.76,3.7,69.24,3.03,100.22,7.44,华北_山东,36.65,117.0,NASA POWER API
1208,1208,2023-04-23,8.24,11.33,79.3,3.79,100.49,6.16,华北_山东,36.65,117.0,NASA POWER API
1209,1209,2023-04-24,10.19,2.72,75.57,2.09,100.46,12.61,华北_山东,36.65,117.0,NASA POWER API
1210,1210,2023-04-25,11.93,0.99,70.19,2.92,99.37,19.22,华北_山东,36.65,117.0,NASA POWER API
1211,1211,2023-04-26,13.79,0.0,51.73,2.98,99.43,26.56,华北_山东,36.65,117.0,NASA POWER API
1212,1212,2023-04-27,17.3,0.01,60.21,4.93,99.05,23.67,华北_山东,36.65,117.0,NASA POWER API
1213,1213,2023-04-28,16.06,1.75,67.13,3.23,99.06,10.83,华北_山东,36.65,117.0,NASA POWER API
1214,1214,2023-04-29,13.68,0.0,42.93,3.96,99.14,28.17,华北_山东,36.65,117.0,NASA POWER API
1215,1215,2023-04-30,16.04,0.0,48.93,2.55,98.94,26.76,华北_山东,36.65,117.0,NASA POWER API
1216,1216,2023-05-01,18.81,0.0,45.46,4.3,99.13,26.25,华北_山东,36.65,117.0,NASA POWER API
1217,1217,2023-05-02,19.62,0.0,50.57,3.97,99.02,15.04,华北_山东,36.65,117.0,NASA POWER API
1218,1218,2023-05-03,21.32,0.84,70.0,3.89,98.85,13.63,华北_山东,36.65,117.0,NASA POWER API
1219,1219,2023-05-04,17.44,14.63,88.6,3.15,98.27,5.6,华北_山东,36.65,117.0,NASA POWER API
1220,1220,2023-05-05,13.39,2.56,80.57,4.95,98.43,7.38,华北_山东,36.65,117.0,NASA POWER API
1221,1221,2023-05-06,15.01,0.0,54.91,4.94,99.17,24.7,华北_山东,36.65,117.0,NASA POWER API
1222,1222,2023-05-07,16.26,0.0,45.96,3.75,99.56,27.08,华北_山东,36.65,117.0,NASA POWER API
1223,1223,2023-05-08,17.41,0.0,42.09,1.46,99.84,26.9,华北_山东,36.65,117.0,NASA POWER API
1224,1224,2023-05-09,18.72,0.0,44.84,1.77,99.73,23.25,华北_山东,36.65,117.0,NASA POWER API
1225,1225,2023-05-10,19.69,0.0,51.53,0.95,99.65,19.55,华北_山东,36.65,117.0,NASA POWER API
1226,1226,2023-05-11,20.26,0.0,50.55,2.22,99.57,23.42,华北_山东,36.65,117.0,NASA POWER API
1227,1227,2023-05-12,20.7,1.56,52.3,4.2,99.08,25.63,华北_山东,36.65,117.0,NASA POWER API
1228,1228,2023-05-13,20.73,1.68,55.02,2.02,98.88,27.59,华北_山东,36.65,117.0,NASA POWER API
1229,1229,2023-05-14,22.82,3.14,53.78,2.88,98.27,24.32,华北_山东,36.65,117.0,NASA POWER API
1230,1230,2023-05-15,25.51,0.0,54.04,3.52,98.08,27.44,华北_山东,36.65,117.0,NASA POWER API
1231,1231,2023-05-16,26.17,0.0,54.07,5.97,98.06,25.66,华北_山东,36.65,117.0,NASA POWER API
1232,1232,2023-05-17,24.83,0.05,58.82,4.51,98.32,22.23,华北_山东,36.65,117.0,NASA POWER API
1233,1233,2023-05-18,21.53,0.39,62.91,3.3,98.88,14.51,华北_山东,36.65,117.0,NASA POWER API
1234,1234,2023-05-19,23.68,0.12,64.07,4.81,98.64,25.05,华北_山东,36.65,117.0,NASA POWER API
1235,1235,2023-05-20,22.51,4.92,49.66,3.69,98.78,14.55,华北_山东,36.65,117.0,NASA POWER API
1236,1236,2023-05-21,17.94,2.19,52.13,3.07,99.28,8.13,华北_山东,36.65,117.0,NASA POWER API
1237,1237,2023-05-22,19.89,0.01,51.78,1.7,99.27,28.18,华北_山东,36.65,117.0,NASA POWER API
1238,1238,2023-05-23,21.96,0.14,39.34,1.69,99.14,26.59,华北_山东,36.65,117.0,NASA POWER API
1239,1239,2023-05-24,20.47,0.0,49.29,4.36,98.88,24.4,华北_山东,36.65,117.0,NASA POWER API
1240,1240,2023-05-25,18.64,0.03,67.57,3.6,98.93,12.56,华北_山东,36.65,117.0,NASA POWER API
1241,1241,2023-05-26,22.42,0.2,61.33,2.12,99.12,14.18,华北_山东,36.65,117.0,NASA POWER API
1242,1242,2023-05-27,22.4,2.4,70.29,2.09,98.93,4.6,华北_山东,36.65,117.0,NASA POWER API
1243,1243,2023-05-28,20.7,14.98,79.37,3.32,98.95,4.97,华北_山东,36.65,117.0,NASA POWER API
1244,1244,2023-05-29,20.22,3.52,74.38,2.61,99.21,13.27,华北_山东,36.65,117.0,NASA POWER API
1245,1245,2023-05-30,21.11,3.57,71.5,1.22,99.07,11.96,华北_山东,36.65,117.0,NASA POWER API
1246,1246,2023-05-31,22.74,0.08,67.87,1.16,98.81,22.93,华北_山东,36.65,117.0,NASA POWER API
1247,1247,2023-06-01,24.09,0.0,56.54,2.28,98.34,25.61,华北_山东,36.65,117.0,NASA POWER API
1248,1248,2023-06-02,21.57,0.0,52.39,2.64,98.72,21.25,华北_山东,36.65,117.0,NASA POWER API
1249,1249,2023-06-03,22.81,0.0,50.01,1.88,99.1,25.24,华北_山东,36.65,117.0,NASA POWER API
1250,1250,2023-06-04,22.91,0.0,55.48,3.24,99.04,18.61,华北_山东,36.65,117.0,NASA POWER API
1251,1251,2023-06-05,22.67,0.0,62.38,3.13,98.85,24.6,华北_山东,36.65,117.0,NASA POWER API
1252,1252,2023-06-06,25.6,0.0,52.31,2.33,98.53,27.65,华北_山东,36.65,117.0,NASA POWER API
1253,1253,2023-06-07,26.98,1.0,55.47,4.42,98.17,20.35,华北_山东,36.65,117.0,NASA POWER API
1254,1254,2023-06-08,26.05,1.87,48.05,2.7,98.16,29.6,华北_山东,36.65,117.0,NASA POWER API
1255,1255,2023-06-09,27.34,0.09,36.68,2.67,97.89,29.01,华北_山东,36.65,117.0,NASA POWER API
1256,1256,2023-06-10,25.61,0.89,38.06,3.16,98.03,27.0,华北_山东,36.65,117.0,NASA POWER API
1257,1257,2023-06-11,25.54,6.99,53.23,1.42,98.31,22.63,华北_山东,36.65,117.0,NASA POWER API
1258,1258,2023-06-12,23.22,3.39,60.66,1.49,98.47,21.25,华北_山东,36.65,117.0,NASA POWER API
1259,1259,2023-06-13,24.72,1.13,50.31,2.25,98.36,23.71,华北_山东,36.65,117.0,NASA POWER API
1260,1260,2023-06-14,27.29,0.0,44.03,1.27,98.44,27.96,华北_山东,36.65,117.0,NASA POWER API
1261,1261,2023-06-15,29.17,0.0,46.47,2.22,98.45,27.11,华北_山东,36.65,117.0,NASA POWER API
1262,1262,2023-06-16,28.8,0.0,52.96,1.97,98.74,17.3,华北_山东,36.65,117.0,NASA POWER API
1263,1263,2023-06-17,26.11,0.19,66.03,2.33,98.79,14.03,华北_山东,36.65,117.0,NASA POWER API
1264,1264,2023-06-18,24.73,0.13,65.43,2.49,98.58,23.44,华北_山东,36.65,117.0,NASA POWER API
1265,1265,2023-06-19,23.51,4.05,70.11,1.97,98.29,9.14,华北_山东,36.65,117.0,NASA POWER API
1266,1266,2023-06-20,26.56,0.05,58.36,1.62,98.19,24.91,华北_山东,36.65,117.0,NASA POWER API
1267,1267,2023-06-21,29.78,0.01,43.3,1.81,98.43,27.24,华北_山东,36.65,117.0,NASA POWER API
1268,1268,2023-06-22,30.71,0.0,38.11,1.68,98.52,28.3,华北_山东,36.65,117.0,NASA POWER API
1269,1269,2023-06-23,31.06,0.0,45.91,2.76,98.58,24.78,华北_山东,36.65,117.0,NASA POWER API
1270,1270,2023-06-24,30.95,0.0,42.8,2.54,98.66,23.16,华北_山东,36.65,117.0,NASA POWER API
1271,1271,2023-06-25,24.6,1.42,67.08,2.67,98.64,13.35,华北_山东,36.65,117.0,NASA POWER API
1272,1272,2023-06-26,26.97,3.33,62.97,1.83,98.33,22.19,华北_山东,36.65,117.0,NASA POWER API
1273,1273,2023-06-27,28.99,10.65,59.79,3.67,98.3,23.35,华北_山东,36.65,117.0,NASA POWER API
1274,1274,2023-06-28,28.84,17.92,72.38,2.85,98.15,11.08,华北_山东,36.65,117.0,NASA POWER API
1275,1275,2023-06-29,27.12,11.09,68.56,2.02,98.01,19.05,华北_山东,36.65,117.0,NASA POWER API
1276,1276,2023-06-30,28.44,0.0,50.01,1.34,98.04,29.94,华北_山东,36.65,117.0,NASA POWER API
1277,1277,2023-07-01,28.82,0.0,56.99,2.91,98.3,24.26,华北_山东,36.65,117.0,NASA POWER API
1278,1278,2023-07-02,29.21,0.0,55.93,1.87,98.33,22.43,华北_山东,36.65,117.0,NASA POWER API
1279,1279,2023-07-03,29.67,6.4,65.51,2.06,98.16,10.98,华北_山东,36.65,117.0,NASA POWER API
1280,1280,2023-07-04,26.35,26.98,80.73,3.15,97.63,6.44,华北_山东,36.65,117.0,NASA POWER API
1281,1281,2023-07-05,29.09,0.0,56.74,4.25,97.55,28.75,华北_山东,36.65,117.0,NASA POWER API
1282,1282,2023-07-06,28.8,0.03,63.35,5.22,97.5,20.27,华北_山东,36.65,117.0,NASA POWER API
1283,1283,2023-07-07,29.82,0.03,56.97,3.43,97.47,26.7,华北_山东,36.65,117.0,NASA POWER API
1284,1284,2023-07-08,30.68,2.16,55.49,1.9,97.83,24.15,华北_山东,36.65,117.0,NASA POWER API
1285,1285,2023-07-09,31.17,5.92,52.96,1.77,97.93,26.45,华北_山东,36.65,117.0,NASA POWER API
1286,1286,2023-07-10,31.04,11.32,64.75,2.76,97.94,21.6,华北_山东,36.65,117.0,NASA POWER API
1287,1287,2023-07-11,30.56,10.07,74.31,1.73,98.09,18.42,华北_山东,36.65,117.0,NASA POWER API
1288,1288,2023-07-12,28.03,66.06,83.7,2.16,98.13,3.44,华北_山东,36.65,117.0,NASA POWER API
1289,1289,2023-07-13,27.4,21.92,86.05,1.91,97.84,12.56,华北_山东,36.65,117.0,NASA POWER API
1290,1290,2023-07-14,28.14,0.03,69.43,1.94,97.71,22.57,华北_山东,36.65,117.0,NASA POWER API
1291,1291,2023-07-15,26.25,0.0,67.36,2.04,98.07,24.73,华北_山东,36.65,117.0,NASA POWER API
1292,1292,2023-07-16,26.49,0.0,62.4,1.51,98.6,27.85,华北_山东,36.65,117.0,NASA POWER API
1293,1293,2023-07-17,27.0,0.0,65.24,1.87,98.88,26.2,华北_山东,36.65,117.0,NASA POWER API
1294,1294,2023-07-18,27.15,0.0,66.63,1.08,98.96,26.15,华北_山东,36.65,117.0,NASA POWER API
1295,1295,2023-07-19,27.66,0.0,71.54,1.86,98.76,22.32,华北_山东,36.65,117.0,NASA POWER API
1296,1296,2023-07-20,27.61,0.06,73.6,2.72,98.59,21.54,华北_山东,36.65,117.0,NASA POWER API
1297,1297,2023-07-21,25.98,28.26,82.56,2.81,98.5,13.48,华北_山东,36.65,117.0,NASA POWER API
1298,1298,2023-07-22,26.63,10.07,81.21,2.95,98.35,18.65,华北_山东,36.65,117.0,NASA POWER API
1299,1299,2023-07-23,27.41,10.67,77.99,1.44,98.41,15.48,华北_山东,36.65,117.0,NASA POWER API
1300,1300,2023-07-24,27.63,6.4,77.68,1.48,98.49,23.5,华北_山东,36.65,117.0,NASA POWER API
1301,1301,2023-07-25,26.63,24.68,85.3,1.55,98.73,21.89,华北_山东,36.65,117.0,NASA POWER API
1302,1302,2023-07-26,26.18,18.91,85.27,1.66,98.89,16.0,华北_山东,36.65,117.0,NASA POWER API
1303,1303,2023-07-27,26.95,1.78,80.11,1.5,98.82,24.45,华北_山东,36.65,117.0,NASA POWER API
1304,1304,2023-07-28,27.2,7.18,81.27,2.27,98.73,20.38,华北_山东,36.65,117.0,NASA POWER API
1305,1305,2023-07-29,26.09,68.3,90.08,3.48,98.57,7.25,华北_山东,36.65,117.0,NASA POWER API
1306,1306,2023-07-30,27.13,38.56,88.38,4.26,98.28,13.24,华北_山东,36.65,117.0,NASA POWER API
1307,1307,2023-07-31,27.31,17.72,91.48,2.65,98.57,14.88,华北_山东,36.65,117.0,NASA POWER API
1308,1308,2023-08-01,27.75,0.16,83.57,3.23,98.77,23.54,华北_山东,36.65,117.0,NASA POWER API
1309,1309,2023-08-02,27.67,0.04,84.78,3.03,98.53,21.69,华北_山东,36.65,117.0,NASA POWER API
1310,1310,2023-08-03,28.5,0.01,84.73,3.41,98.2,22.92,华北_山东,36.65,117.0,NASA POWER API
1311,1311,2023-08-04,29.05,0.0,82.55,3.23,98.09,23.38,华北_山东,36.65,117.0,NASA POWER API
1312,1312,2023-08-05,28.96,4.91,84.27,2.03,97.98,17.07,华北_山东,36.65,117.0,NASA POWER API
1313,1313,2023-08-06,25.7,3.64,80.59,3.2,98.13,18.96,华北_山东,36.65,117.0,NASA POWER API
1314,1314,2023-08-07,23.75,0.49,81.16,2.14,98.34,24.4,华北_山东,36.65,117.0,NASA POWER API
1315,1315,2023-08-08,25.86,0.0,76.19,1.27,98.46,22.3,华北_山东,36.65,117.0,NASA POWER API
1316,1316,2023-08-09,25.92,0.0,79.73,1.72,98.62,24.59,华北_山东,36.65,117.0,NASA POWER API
1317,1317,2023-08-10,25.54,0.0,76.16,1.84,98.6,24.43,华北_山东,36.65,117.0,NASA POWER API
1318,1318,2023-08-11,26.7,0.35,74.93,1.99,98.16,21.64,华北_山东,36.65,117.0,NASA POWER API
1319,1319,2023-08-12,26.03,39.09,89.51,3.09,97.92,3.97,华北_山东,36.65,117.0,NASA POWER API
1320,1320,2023-08-13,24.82,1.98,82.52,2.22,98.3,20.17,华北_山东,36.65,117.0,NASA POWER API
1321,1321,2023-08-14,26.8,0.0,66.82,0.88,98.56,25.34,华北_山东,36.65,117.0,NASA POWER API
1322,1322,2023-08-15,26.88,0.0,67.06,0.85,98.58,23.55,华北_山东,36.65,117.0,NASA POWER API
1323,1323,2023-08-16,27.09,0.0,76.45,1.52,98.44,22.53,华北_山东,36.65,117.0,NASA POWER API
1324,1324,2023-08-17,27.9,0.0,76.04,1.06,98.43,19.57,华北_山东,36.65,117.0,NASA POWER API
1325,1325,2023-08-18,27.97,6.67,77.37,0.76,98.53,12.38,华北_山东,36.65,117.0,NASA POWER API
1326,1326,2023-08-19,27.42,3.41,81.27,0.93,98.81,16.04,华北_山东,36.65,117.0,NASA POWER API
1327,1327,2023-08-20,25.77,9.23,84.84,1.15,98.85,13.47,华北_山东,36.65,117.0,NASA POWER API
1328,1328,2023-08-21,25.5,52.29,85.49,1.35,98.32,14.42,华北_山东,36.65,117.0,NASA POWER API
1329,1329,2023-08-22,25.42,0.07,78.6,1.47,98.4,24.37,华北_山东,36.65,117.0,NASA POWER API
1330,1330,2023-08-23,25.23,0.0,66.25,1.47,98.68,25.07,华北_山东,36.65,117.0,NASA POWER API
1331,1331,2023-08-24,24.31,0.9,73.58,0.88,98.9,15.61,华北_山东,36.65,117.0,NASA POWER API
1332,1332,2023-08-25,23.69,0.02,74.2,0.93,98.95,22.65,华北_山东,36.65,117.0,NASA POWER API
1333,1333,2023-08-26,22.67,13.28,86.55,2.08,98.91,7.53,华北_山东,36.65,117.0,NASA POWER API
1334,1334,2023-08-27,19.89,26.39,93.28,3.01,98.87,3.56,华北_山东,36.65,117.0,NASA POWER API
1335,1335,2023-08-28,20.6,2.53,85.99,3.33,98.63,9.79,华北_山东,36.65,117.0,NASA POWER API
1336,1336,2023-08-29,21.52,0.02,79.07,1.73,98.95,23.45,华北_山东,36.65,117.0,NASA POWER API
1337,1337,2023-08-30,22.13,0.01,65.29,0.81,99.16,23.51,华北_山东,36.65,117.0,NASA POWER API
1338,1338,2023-08-31,23.08,0.09,79.1,2.37,99.04,23.06,华北_山东,36.65,117.0,NASA POWER API
1339,1339,2023-09-01,23.92,1.1,78.98,0.97,99.26,18.51,华北_山东,36.65,117.0,NASA POWER API
1340,1340,2023-09-02,24.76,0.0,73.21,1.04,99.13,16.86,华北_山东,36.65,117.0,NASA POWER API
1341,1341,2023-09-03,24.66,0.0,80.66,2.34,98.98,19.78,华北_山东,36.65,117.0,NASA POWER API
1342,1342,2023-09-04,26.27,0.0,74.03,0.91,99.11,19.48,华北_山东,36.65,117.0,NASA POWER API
1343,1343,2023-09-05,25.24,0.0,75.19,1.36,99.32,20.89,华北_山东,36.65,117.0,NASA POWER API
1344,1344,2023-09-06,24.52,0.0,74.88,1.2,99.42,20.91,华北_山东,36.65,117.0,NASA POWER API
1345,1345,2023-09-07,25.23,0.14,72.73,1.16,99.29,21.87,华北_山东,36.65,117.0,NASA POWER API
1346,1346,2023-09-08,25.01,1.63,73.63,1.33,99.17,19.47,华北_山东,36.65,117.0,NASA POWER API
1347,1347,2023-09-09,24.09,0.01,77.66,1.02,98.97,17.63,华北_山东,36.65,117.0,NASA POWER API
1348,1348,2023-09-10,23.9,7.87,79.97,0.88,98.86,11.27,华北_山东,36.65,117.0,NASA POWER API
1349,1349,2023-09-11,24.12,1.04,76.97,1.12,98.81,10.18,华北_山东,36.65,117.0,NASA POWER API
1350,1350,2023-09-12,21.76,7.97,87.94,1.98,99.13,6.18,华北_山东,36.65,117.0,NASA POWER API
1351,1351,2023-09-13,21.19,0.03,73.35,1.99,99.23,20.53,华北_山东,36.65,117.0,NASA POWER API
1352,1352,2023-09-14,21.26,0.0,62.19,1.49,99.31,22.53,华北_山东,36.65,117.0,NASA POWER API
1353,1353,2023-09-15,22.1,0.0,61.49,1.35,99.19,21.56,华北_山东,36.65,117.0,NASA POWER API
1354,1354,2023-09-16,22.98,0.0,63.08,1.23,99.07,19.21,华北_山东,36.65,117.0,NASA POWER API
1355,1355,2023-09-17,23.42,0.0,69.19,1.81,98.9,17.18,华北_山东,36.65,117.0,NASA POWER API
1356,1356,2023-09-18,24.78,2.32,81.02,2.51,98.91,14.79,华北_山东,36.65,117.0,NASA POWER API
1357,1357,2023-09-19,22.26,25.05,91.48,2.85,99.13,3.47,华北_山东,36.65,117.0,NASA POWER API
1358,1358,2023-09-20,19.81,1.02,76.8,3.46,99.51,18.46,华北_山东,36.65,117.0,NASA POWER API
1359,1359,2023-09-21,20.41,0.66,67.64,1.01,99.61,19.87,华北_山东,36.65,117.0,NASA POWER API
1360,1360,2023-09-22,20.36,0.0,67.11,1.36,99.63,19.49,华北_山东,36.65,117.0,NASA POWER API
1361,1361,2023-09-23,20.23,0.0,74.03,2.07,99.87,13.37,华北_山东,36.65,117.0,NASA POWER API
1362,1362,2023-09-24,18.35,6.52,84.95,1.05,99.64,4.76,华北_山东,36.65,117.0,NASA POWER API
1363,1363,2023-09-25,17.24,1.06,83.76,1.26,99.47,9.1,华北_山东,36.65,117.0,NASA POWER API
1364,1364,2023-09-26,17.95,0.29,85.98,1.19,99.4,8.16,华北_山东,36.65,117.0,NASA POWER API
1365,1365,2023-09-27,18.53,0.6,84.56,1.24,99.37,7.21,华北_山东,36.65,117.0,NASA POWER API
1366,1366,2023-09-28,21.23,0.08,71.51,0.71,99.61,17.34,华北_山东,36.65,117.0,NASA POWER API
1367,1367,2023-09-29,18.74,0.19,82.35,1.97,99.41,13.69,华北_山东,36.65,117.0,NASA POWER API
1368,1368,2023-09-30,17.42,0.12,69.35,2.03,99.5,18.67,华北_山东,36.65,117.0,NASA POWER API
1369,1369,2023-10-01,18.69,0.0,48.07,0.66,99.72,19.1,华北_山东,36.65,117.0,NASA POWER API
1370,1370,2023-10-02,18.24,0.0,68.3,1.84,99.69,15.71,华北_山东,36.65,117.0,NASA POWER API
1371,1371,2023-10-03,19.19,0.0,69.97,1.26,99.49,14.47,华北_山东,36.65,117.0,NASA POWER API
1372,1372,2023-10-04,17.58,0.0,77.32,1.88,99.79,9.29,华北_山东,36.65,117.0,NASA POWER API
1373,1373,2023-10-05,16.15,0.0,63.36,1.48,100.17,15.62,华北_山东,36.65,117.0,NASA POWER API
1374,1374,2023-10-06,16.63,0.0,59.51,0.98,100.08,8.96,华北_山东,36.65,117.0,NASA POWER API
1375,1375,2023-10-07,15.83,0.0,69.96,1.32,100.01,12.18,华北_山东,36.65,117.0,NASA POWER API
1376,1376,2023-10-08,16.62,0.0,75.19,1.89,99.93,12.46,华北_山东,36.65,117.0,NASA POWER API
1377,1377,2023-10-09,15.84,0.0,62.6,1.97,100.22,17.85,华北_山东,36.65,117.0,NASA POWER API
1378,1378,2023-10-10,15.97,0.0,63.3,1.27,100.38,16.68,华北_山东,36.65,117.0,NASA POWER API
1379,1379,2023-10-11,15.88,0.0,72.84,1.35,100.4,15.68,华北_山东,36.65,117.0,NASA POWER API
1380,1380,2023-10-12,15.43,0.0,75.8,1.57,100.34,8.64,华北_山东,36.65,117.0,NASA POWER API
1381,1381,2023-10-13,16.57,0.0,72.52,1.73,99.72,9.39,华北_山东,36.65,117.0,NASA POWER API
1382,1382,2023-10-14,16.9,0.0,57.2,1.38,99.3,17.25,华北_山东,36.65,117.0,NASA POWER API
1383,1383,2023-10-15,16.39,0.0,62.29,1.41,99.27,15.26,华北_山东,36.65,117.0,NASA POWER API
1384,1384,2023-10-16,16.16,0.0,62.67,1.8,99.83,16.21,华北_山东,36.65,117.0,NASA POWER API
1385,1385,2023-10-17,17.44,0.0,66.27,2.98,99.67,13.54,华北_山东,36.65,117.0,NASA POWER API
1386,1386,2023-10-18,16.78,0.02,69.64,2.68,99.61,8.35,华北_山东,36.65,117.0,NASA POWER API
1387,1387,2023-10-19,14.29,0.01,54.42,1.54,99.96,7.85,华北_山东,36.65,117.0,NASA POWER API
1388,1388,2023-10-20,9.77,0.0,47.35,2.48,100.49,17.81,华北_山东,36.65,117.0,NASA POWER API
1389,1389,2023-10-21,11.76,0.0,52.89,1.75,100.28,15.87,华北_山东,36.65,117.0,NASA POWER API
1390,1390,2023-10-22,13.68,0.0,59.84,2.7,99.96,14.03,华北_山东,36.65,117.0,NASA POWER API
1391,1391,2023-10-23,14.68,0.0,65.12,3.26,99.71,12.57,华北_山东,36.65,117.0,NASA POWER API
1392,1392,2023-10-24,17.0,0.0,68.59,2.76,99.5,12.54,华北_山东,36.65,117.0,NASA POWER API
1393,1393,2023-10-25,18.74,0.0,60.17,1.82,99.46,13.19,华北_山东,36.65,117.0,NASA POWER API
1394,1394,2023-10-26,16.23,0.0,56.64,2.54,99.7,14.7,华北_山东,36.65,117.0,NASA POWER API
1395,1395,2023-10-27,14.03,0.0,59.7,2.12,99.79,15.53,华北_山东,36.65,117.0,NASA POWER API
1396,1396,2023-10-28,16.27,0.0,76.29,2.65,99.61,12.6,华北_山东,36.65,117.0,NASA POWER API
1397,1397,2023-10-29,16.98,0.0,71.75,3.3,99.59,10.51,华北_山东,36.65,117.0,NASA POWER API
1398,1398,2023-10-30,17.1,0.0,70.6,2.75,99.62,10.46,华北_山东,36.65,117.0,NASA POWER API
1399,1399,2023-10-31,17.36,0.0,76.37,2.91,99.52,12.29,华北_山东,36.65,117.0,NASA POWER API
1400,1400,2023-11-01,18.89,0.0,74.15,3.03,99.26,12.31,华北_山东,36.65,117.0,NASA POWER API
1401,1401,2023-11-02,18.69,0.0,70.72,3.44,99.0,13.23,华北_山东,36.65,117.0,NASA POWER API
1402,1402,2023-11-03,12.24,0.01,72.55,2.43,99.67,6.06,华北_山东,36.65,117.0,NASA POWER API
1403,1403,2023-11-04,13.69,3.23,69.88,1.37,99.74,11.68,华北_山东,36.65,117.0,NASA POWER API
1404,1404,2023-11-05,12.32,36.15,92.96,3.1,99.18,1.93,华北_山东,36.65,117.0,NASA POWER API
1405,1405,2023-11-06,5.33,0.02,50.06,4.23,99.75,14.22,华北_山东,36.65,117.0,NASA POWER API
1406,1406,2023-11-07,7.51,0.53,56.3,2.82,99.85,13.92,华北_山东,36.65,117.0,NASA POWER API
1407,1407,2023-11-08,10.89,0.0,71.14,2.32,99.52,9.31,华北_山东,36.65,117.0,NASA POWER API
1408,1408,2023-11-09,5.5,0.0,63.42,4.07,100.24,8.05,华北_山东,36.65,117.0,NASA POWER API
1409,1409,2023-11-10,1.55,2.0,56.04,3.22,101.13,10.12,华北_山东,36.65,117.0,NASA POWER API
1410,1410,2023-11-11,0.38,1.43,82.53,2.11,101.26,5.48,华北_山东,36.65,117.0,NASA POWER API
1411,1411,2023-11-12,-0.14,0.0,67.18,2.53,101.43,13.63,华北_山东,36.65,117.0,NASA POWER API
1412,1412,2023-11-13,0.13,0.0,60.82,1.44,101.21,12.65,华北_山东,36.65,117.0,NASA POWER API
1413,1413,2023-11-14,2.23,0.0,76.86,2.34,100.57,10.59,华北_山东,36.65,117.0,NASA POWER API
1414,1414,2023-11-15,3.73,0.15,85.82,1.88,100.51,6.02,华北_山东,36.65,117.0,NASA POWER API
1415,1415,2023-11-16,3.52,0.05,63.82,2.99,100.42,12.82,华北_山东,36.65,117.0,NASA POWER API
1416,1416,2023-11-17,0.85,0.2,52.5,3.1,100.41,13.7,华北_山东,36.65,117.0,NASA POWER API
1417,1417,2023-11-18,4.09,0.0,53.39,2.81,100.18,12.86,华北_山东,36.65,117.0,NASA POWER API
1418,1418,2023-11-19,5.09,0.0,73.57,1.96,99.84,11.28,华北_山东,36.65,117.0,NASA POWER API
1419,1419,2023-11-20,7.05,0.0,79.99,3.08,99.99,11.23,华北_山东,36.65,117.0,NASA POWER API
1420,1420,2023-11-21,9.61,0.0,81.88,3.69,99.39,9.67,华北_山东,36.65,117.0,NASA POWER API
1421,1421,2023-11-22,9.9,0.0,69.59,2.17,99.2,6.85,华北_山东,36.65,117.0,NASA POWER API
1422,1422,2023-11-23,0.81,0.0,46.09,5.03,100.43,12.9,华北_山东,36.65,117.0,NASA POWER API
1423,1423,2023-11-24,-3.12,0.0,50.83,2.32,101.25,12.86,华北_山东,36.65,117.0,NASA POWER API
1424,1424,2023-11-25,1.12,0.5,74.72,1.98,100.88,2.67,华北_山东,36.65,117.0,NASA POWER API
1425,1425,2023-11-26,3.28,0.07,84.82,1.54,100.02,3.82,华北_山东,36.65,117.0,NASA POWER API
1426,1426,2023-11-27,4.08,0.14,72.73,2.32,99.76,9.14,华北_山东,36.65,117.0,NASA POWER API
1427,1427,2023-11-28,1.38,0.0,50.7,1.61,100.2,10.92,华北_山东,36.65,117.0,NASA POWER API
1428,1428,2023-11-29,-2.02,0.0,50.56,3.92,100.96,11.55,华北_山东,36.65,117.0,NASA POWER API
1429,1429,2023-11-30,-2.25,0.0,49.87,1.91,101.28,12.05,华北_山东,36.65,117.0,NASA POWER API
1430,1430,2023-12-01,-2.0,0.0,52.72,1.67,100.87,12.23,华北_山东,36.65,117.0,NASA POWER API
1431,1431,2023-12-02,-0.49,0.0,59.44,1.8,100.49,10.92,华北_山东,36.65,117.0,NASA POWER API
1432,1432,2023-12-03,1.43,0.0,66.99,2.36,100.41,10.84,华北_山东,36.65,117.0,NASA POWER API
1433,1433,2023-12-04,3.52,0.0,70.86,2.87,99.52,8.45,华北_山东,36.65,117.0,NASA POWER API
1434,1434,2023-12-05,5.75,0.0,63.68,2.09,99.23,8.77,华北_山东,36.65,117.0,NASA POWER API
1435,1435,2023-12-06,2.92,0.0,60.52,2.54,99.49,10.56,华北_山东,36.65,117.0,NASA POWER API
1436,1436,2023-12-07,6.05,0.0,70.85,3.64,98.76,10.03,华北_山东,36.65,117.0,NASA POWER API
1437,1437,2023-12-08,8.17,0.0,78.09,2.5,98.65,9.85,华北_山东,36.65,117.0,NASA POWER API
1438,1438,2023-12-09,6.11,0.0,73.43,4.4,99.58,9.04,华北_山东,36.65,117.0,NASA POWER API
1439,1439,2023-12-10,1.15,0.04,65.34,5.93,100.52,3.93,华北_山东,36.65,117.0,NASA POWER API
1440,1440,2023-12-11,-2.13,6.76,82.18,4.79,100.63,2.84,华北_山东,36.65,117.0,NASA POWER API
1441,1441,2023-12-12,-3.46,0.0,80.29,1.59,100.64,7.95,华北_山东,36.65,117.0,NASA POWER API
1442,1442,2023-12-13,-1.34,1.7,89.92,1.83,100.46,2.29,华北_山东,36.65,117.0,NASA POWER API
1443,1443,2023-12-14,-1.04,12.28,93.52,5.42,100.19,1.85,华北_山东,36.65,117.0,NASA POWER API
1444,1444,2023-12-15,-8.05,0.35,85.82,5.2,100.77,2.88,华北_山东,36.65,117.0,NASA POWER API
1445,1445,2023-12-16,-12.87,0.0,63.68,3.47,101.5,10.37,华北_山东,36.65,117.0,NASA POWER API
1446,1446,2023-12-17,-9.84,0.0,61.69,1.21,101.56,11.13,华北_山东,36.65,117.0,NASA POWER API
1447,1447,2023-12-18,-7.83,0.0,75.03,2.34,101.14,6.21,华北_山东,36.65,117.0,NASA POWER API
1448,1448,2023-12-19,-9.67,0.0,80.22,3.17,101.29,6.95,华北_山东,36.65,117.0,NASA POWER API
1449,1449,2023-12-20,-14.04,0.0,64.16,3.17,101.68,10.37,华北_山东,36.65,117.0,NASA POWER API
1450,1450,2023-12-21,-14.58,0.0,63.15,3.14,101.93,9.99,华北_山东,36.65,117.0,NASA POWER API
1451,1451,2023-12-22,-8.61,0.0,62.51,1.13,101.82,10.11,华北_山东,36.65,117.0,NASA POWER API
1452,1452,2023-12-23,-8.44,0.0,75.8,1.94,101.44,8.96,华北_山东,36.65,117.0,NASA POWER API
1453,1453,2023-12-24,-7.75,0.0,71.05,1.59,101.26,10.29,华北_山东,36.65,117.0,NASA POWER API
1454,1454,2023-12-25,-3.97,0.0,69.58,2.39,100.81,10.12,华北_山东,36.65,117.0,NASA POWER API
1455,1455,2023-12-26,-2.16,0.0,87.53,2.42,100.57,6.58,华北_山东,36.65,117.0,NASA POWER API
1456,1456,2023-12-27,-1.36,0.0,85.52,1.29,100.85,6.06,华北_山东,36.65,117.0,NASA POWER API
1457,1457,2023-12-28,-1.48,0.0,85.46,1.15,100.77,5.56,华北_山东,36.65,117.0,NASA POWER API
1458,1458,2023-12-29,0.05,0.65,94.59,2.36,100.28,1.93,华北_山东,36.65,117.0,NASA POWER API
1459,1459,2023-12-30,-0.08,0.11,93.45,2.15,99.56,1.3,华北_山东,36.65,117.0,NASA POWER API
1460,1460,2023-12-31,-2.09,0.0,75.92,3.05,100.73,9.34,华北_山东,36.65,117.0,NASA POWER API
1461,1461,2024-01-01,-3.32,0.0,82.0,1.8,100.66,7.97,华北_山东,36.65,117.0,NASA POWER API
1462,1462,2024-01-02,-1.09,0.0,85.15,1.39,100.19,6.69,华北_山东,36.65,117.0,NASA POWER API
1463,1463,2024-01-03,-1.21,0.0,66.53,1.98,100.29,10.98,华北_山东,36.65,117.0,NASA POWER API
1464,1464,2024-01-04,1.07,0.0,75.03,4.06,99.63,8.65,华北_山东,36.65,117.0,NASA POWER API
1465,1465,2024-01-05,0.89,0.0,63.42,1.59,100.15,10.91,华北_山东,36.65,117.0,NASA POWER API
1466,1466,2024-01-06,-1.71,0.0,56.67,2.9,100.65,11.05,华北_山东,36.65,117.0,NASA POWER API
1467,1467,2024-01-07,-3.82,0.0,55.15,1.41,100.94,11.55,华北_山东,36.65,117.0,NASA POWER API
1468,1468,2024-01-08,-2.12,0.0,68.03,3.56,100.1,8.72,华北_山东,36.65,117.0,NASA POWER API
1469,1469,2024-01-09,-0.89,0.01,83.09,2.46,100.09,2.89,华北_山东,36.65,117.0,NASA POWER API
1470,1470,2024-01-10,-2.05,0.0,63.4,2.93,100.39,11.52,华北_山东,36.65,117.0,NASA POWER API
1471,1471,2024-01-11,0.78,0.0,80.45,2.75,99.6,8.6,华北_山东,36.65,117.0,NASA POWER API
1472,1472,2024-01-12,2.74,0.0,67.57,1.15,99.82,9.15,华北_山东,36.65,117.0,NASA POWER API
1473,1473,2024-01-13,2.27,0.0,82.49,1.55,99.99,5.88,华北_山东,36.65,117.0,NASA POWER API
1474,1474,2024-01-14,-1.5,0.0,64.56,4.77,100.82,10.92,华北_山东,36.65,117.0,NASA POWER API
1475,1475,2024-01-15,-1.68,0.0,51.01,0.91,101.13,12.43,华北_山东,36.65,117.0,NASA POWER API
1476,1476,2024-01-16,0.56,1.22,69.49,1.75,100.82,5.88,华北_山东,36.65,117.0,NASA POWER API
1477,1477,2024-01-17,-0.24,6.88,91.59,1.32,100.25,2.14,华北_山东,36.65,117.0,NASA POWER API
1478,1478,2024-01-18,-1.24,0.26,82.99,3.39,100.69,3.5,华北_山东,36.65,117.0,NASA POWER API
1479,1479,2024-01-19,-2.95,0.0,77.58,4.14,100.82,5.45,华北_山东,36.65,117.0,NASA POWER API
1480,1480,2024-01-20,-3.47,0.0,85.69,3.53,100.82,4.24,华北_山东,36.65,117.0,NASA POWER API
1481,1481,2024-01-21,-7.43,0.0,69.25,3.85,101.56,10.01,华北_山东,36.65,117.0,NASA POWER API
1482,1482,2024-01-22,-10.67,0.0,56.84,3.64,102.03,13.15,华北_山东,36.65,117.0,NASA POWER API
1483,1483,2024-01-23,-10.04,0.0,62.0,2.92,101.65,13.18,华北_山东,36.65,117.0,NASA POWER API
1484,1484,2024-01-24,-6.1,0.0,62.54,1.68,101.26,12.56,华北_山东,36.65,117.0,NASA POWER API
1485,1485,2024-01-25,-1.93,0.0,54.86,1.35,101.02,11.52,华北_山东,36.65,117.0,NASA POWER API
1486,1486,2024-01-26,-2.07,0.0,57.6,1.51,100.95,11.87,华北_山东,36.65,117.0,NASA POWER API
1487,1487,2024-01-27,-1.35,0.0,54.54,1.46,100.85,11.17,华北_山东,36.65,117.0,NASA POWER API
1488,1488,2024-01-28,-0.6,0.0,54.31,1.72,100.78,11.7,华北_山东,36.65,117.0,NASA POWER API
1489,1489,2024-01-29,0.4,0.0,63.11,2.34,100.54,9.33,华北_山东,36.65,117.0,NASA POWER API
1490,1490,2024-01-30,1.68,0.0,76.08,2.21,100.22,3.61,华北_山东,36.65,117.0,NASA POWER API
1491,1491,2024-01-31,-0.39,1.54,81.85,4.15,100.47,5.28,华北_山东,36.65,117.0,NASA POWER API
1492,1492,2024-02-01,-5.28,1.29,60.81,6.12,101.19,7.19,华北_山东,36.65,117.0,NASA POWER API
1493,1493,2024-02-02,-5.88,0.99,70.53,2.57,101.08,7.98,华北_山东,36.65,117.0,NASA POWER API
1494,1494,2024-02-03,-4.58,0.37,73.41,3.05,101.07,7.9,华北_山东,36.65,117.0,NASA POWER API
1495,1495,2024-02-04,-5.05,4.67,82.32,3.21,100.75,4.79,华北_山东,36.65,117.0,NASA POWER API
1496,1496,2024-02-05,-5.23,0.18,78.76,2.32,100.76,12.01,华北_山东,36.65,117.0,NASA POWER API
1497,1497,2024-02-06,-2.72,0.99,74.64,0.9,100.94,9.78,华北_山东,36.65,117.0,NASA POWER API
1498,1498,2024-02-07,-2.6,0.0,76.83,1.62,100.76,12.76,华北_山东,36.65,117.0,NASA POWER API
1499,1499,2024-02-08,-0.45,0.0,59.61,0.98,100.4,12.89,华北_山东,36.65,117.0,NASA POWER API
1500,1500,2024-02-09,0.76,0.0,65.44,2.04,100.15,9.73,华北_山东,36.65,117.0,NASA POWER API
1501,1501,2024-02-10,0.37,0.0,59.8,1.84,100.42,11.2,华北_山东,36.65,117.0,NASA POWER API
1502,1502,2024-02-11,2.33,0.0,59.99,2.03,100.46,14.15,华北_山东,36.65,117.0,NASA POWER API
1503,1503,2024-02-12,4.88,0.0,78.68,4.41,99.89,13.36,华北_山东,36.65,117.0,NASA POWER API
1504,1504,2024-02-13,7.44,0.0,81.58,3.24,99.53,13.38,华北_山东,36.65,117.0,NASA POWER API
1505,1505,2024-02-14,5.24,4.62,82.69,4.42,99.88,8.35,华北_山东,36.65,117.0,NASA POWER API
1506,1506,2024-02-15,0.65,0.36,60.07,2.66,100.88,11.59,华北_山东,36.65,117.0,NASA POWER API
1507,1507,2024-02-16,2.59,3.04,63.1,5.3,99.83,15.4,华北_山东,36.65,117.0,NASA POWER API
1508,1508,2024-02-17,5.94,0.0,78.51,5.36,98.91,15.53,华北_山东,36.65,117.0,NASA POWER API
1509,1509,2024-02-18,8.49,3.58,94.55,3.42,98.7,2.95,华北_山东,36.65,117.0,NASA POWER API
1510,1510,2024-02-19,0.62,2.15,63.85,6.68,100.23,5.07,华北_山东,36.65,117.0,NASA POWER API
1511,1511,2024-02-20,-3.7,5.92,60.07,6.95,100.71,3.44,华北_山东,36.65,117.0,NASA POWER API
1512,1512,2024-02-21,-6.24,3.44,72.65,7.05,100.94,3.26,华北_山东,36.65,117.0,NASA POWER API
1513,1513,2024-02-22,-5.38,0.0,69.58,4.18,101.28,9.59,华北_山东,36.65,117.0,NASA POWER API
1514,1514,2024-02-23,-4.31,0.0,72.47,3.04,101.3,12.5,华北_山东,36.65,117.0,NASA POWER API
1515,1515,2024-02-24,-4.16,0.55,78.44,1.78,100.88,5.82,华北_山东,36.65,117.0,NASA POWER API
1516,1516,2024-02-25,-1.77,0.0,70.85,1.78,100.85,14.26,华北_山东,36.65,117.0,NASA POWER API
1517,1517,2024-02-26,0.02,0.0,61.5,2.47,101.14,15.98,华北_山东,36.65,117.0,NASA POWER API
1518,1518,2024-02-27,1.32,0.0,58.38,1.94,100.68,16.16,华北_山东,36.65,117.0,NASA POWER API
1519,1519,2024-02-28,2.42,0.0,68.94,2.14,100.54,8.92,华北_山东,36.65,117.0,NASA POWER API
1520,1520,2024-02-29,-0.53,0.04,71.22,4.14,100.96,10.15,华北_山东,36.65,117.0,NASA POWER API
1521,1521,2024-03-01,-1.45,0.0,48.71,2.54,100.97,19.31,华北_山东,36.65,117.0,NASA POWER API
1522,1522,2024-03-02,1.88,0.0,57.49,3.67,99.75,16.03,华北_山东,36.65,117.0,NASA POWER API
1523,1523,2024-03-03,4.02,0.0,62.08,1.58,99.47,15.6,华北_山东,36.65,117.0,NASA POWER API
1524,1524,2024-03-04,6.26,0.0,73.11,1.99,99.3,5.15,华北_山东,36.65,117.0,NASA POWER API
1525,1525,2024-03-05,3.18,0.15,84.93,2.63,99.59,3.2,华北_山东,36.65,117.0,NASA POWER API
1526,1526,2024-03-06,2.72,0.0,58.09,2.4,100.23,15.1,华北_山东,36.65,117.0,NASA POWER API
1527,1527,2024-03-07,3.22,0.27,65.35,3.05,99.92,8.14,华北_山东,36.65,117.0,NASA POWER API
1528,1528,2024-03-08,1.48,0.0,47.72,2.61,100.38,20.47,华北_山东,36.65,117.0,NASA POWER API
1529,1529,2024-03-09,3.96,0.0,51.66,3.06,100.27,19.63,华北_山东,36.65,117.0,NASA POWER API
1530,1530,2024-03-10,7.36,0.0,63.73,4.74,100.07,13.37,华北_山东,36.65,117.0,NASA POWER API
1531,1531,2024-03-11,8.62,0.0,64.83,3.38,99.55,13.27,华北_山东,36.65,117.0,NASA POWER API
1532,1532,2024-03-12,5.71,0.0,52.62,2.26,100.27,20.32,华北_山东,36.65,117.0,NASA POWER API
1533,1533,2024-03-13,6.34,0.0,64.56,2.99,99.9,12.77,华北_山东,36.65,117.0,NASA POWER API
1534,1534,2024-03-14,10.18,0.0,62.07,1.8,99.85,17.74,华北_山东,36.65,117.0,NASA POWER API
1535,1535,2024-03-15,10.86,0.0,67.04,3.34,99.9,19.92,华北_山东,36.65,117.0,NASA POWER API
1536,1536,2024-03-16,12.22,0.0,72.68,3.22,99.74,14.0,华北_山东,36.65,117.0,NASA POWER API
1537,1537,2024-03-17,7.46,0.0,44.78,3.93,100.48,19.17,华北_山东,36.65,117.0,NASA POWER API
1538,1538,2024-03-18,8.05,0.07,60.24,4.09,99.97,10.97,华北_山东,36.65,117.0,NASA POWER API
1539,1539,2024-03-19,7.49,0.01,40.57,3.52,100.23,23.17,华北_山东,36.65,117.0,NASA POWER API
1540,1540,2024-03-20,6.54,0.07,50.2,1.91,100.41,23.12,华北_山东,36.65,117.0,NASA POWER API
1541,1541,2024-03-21,12.18,0.0,51.54,5.69,98.8,17.51,华北_山东,36.65,117.0,NASA POWER API
1542,1542,2024-03-22,12.39,0.0,60.99,3.18,98.51,16.86,华北_山东,36.65,117.0,NASA POWER API
1543,1543,2024-03-23,13.38,0.02,43.68,2.76,99.07,15.31,华北_山东,36.65,117.0,NASA POWER API
1544,1544,2024-03-24,12.06,0.49,57.22,3.67,99.55,13.38,华北_山东,36.65,117.0,NASA POWER API
1545,1545,2024-03-25,4.46,5.5,84.89,3.72,99.82,4.46,华北_山东,36.65,117.0,NASA POWER API
1546,1546,2024-03-26,10.33,0.0,69.42,3.08,100.02,19.81,华北_山东,36.65,117.0,NASA POWER API
1547,1547,2024-03-27,11.03,0.01,81.91,5.54,99.38,12.6,华北_山东,36.65,117.0,NASA POWER API
1548,1548,2024-03-28,12.22,0.01,53.51,3.12,98.79,22.7,华北_山东,36.65,117.0,NASA POWER API
1549,1549,2024-03-29,13.72,0.04,44.14,2.47,98.58,23.49,华北_山东,36.65,117.0,NASA POWER API
1550,1550,2024-03-30,13.48,0.0,47.94,3.75,99.06,23.45,华北_山东,36.65,117.0,NASA POWER API
1551,1551,2024-03-31,14.45,0.0,46.71,3.55,98.9,22.02,华北_山东,36.65,117.0,NASA POWER API
1552,1552,2024-04-01,18.05,0.0,70.84,2.79,98.79,18.07,华北_山东,36.65,117.0,NASA POWER API
1553,1553,2024-04-02,14.14,0.01,67.8,4.47,98.63,14.76,华北_山东,36.65,117.0,NASA POWER API
1554,1554,2024-04-03,10.67,0.35,55.18,4.55,99.38,9.6,华北_山东,36.65,117.0,NASA POWER API
1555,1555,2024-04-04,11.16,0.68,45.96,1.95,99.93,13.83,华北_山东,36.65,117.0,NASA POWER API
1556,1556,2024-04-05,12.81,0.52,55.46,2.07,99.8,19.89,华北_山东,36.65,117.0,NASA POWER API
1557,1557,2024-04-06,16.67,0.0,54.18,2.35,99.58,19.42,华北_山东,36.65,117.0,NASA POWER API
1558,1558,2024-04-07,17.8,0.0,55.85,2.31,99.41,19.81,华北_山东,36.65,117.0,NASA POWER API
1559,1559,2024-04-08,17.66,0.0,50.55,2.64,99.69,19.55,华北_山东,36.65,117.0,NASA POWER API
1560,1560,2024-04-09,14.2,0.0,50.11,2.18,100.1,15.42,华北_山东,36.65,117.0,NASA POWER API
1561,1561,2024-04-10,17.89,0.0,64.07,3.09,99.66,14.19,华北_山东,36.65,117.0,NASA POWER API
1562,1562,2024-04-11,19.42,0.0,68.23,3.22,99.37,20.4,华北_山东,36.65,117.0,NASA POWER API
1563,1563,2024-04-12,19.69,0.0,68.44,3.53,99.09,23.49,华北_山东,36.65,117.0,NASA POWER API
1564,1564,2024-04-13,19.57,0.0,66.69,4.55,99.12,22.51,华北_山东,36.65,117.0,NASA POWER API
1565,1565,2024-04-14,15.12,3.52,78.93,2.13,98.92,5.9,华北_山东,36.65,117.0,NASA POWER API
1566,1566,2024-04-15,17.15,0.01,56.92,2.78,99.04,14.27,华北_山东,36.65,117.0,NASA POWER API
1567,1567,2024-04-16,17.63,0.0,38.28,1.44,99.32,26.69,华北_山东,36.65,117.0,NASA POWER API
1568,1568,2024-04-17,18.69,0.0,50.34,1.8,99.09,24.47,华北_山东,36.65,117.0,NASA POWER API
1569,1569,2024-04-18,19.72,0.0,50.11,2.76,98.93,23.26,华北_山东,36.65,117.0,NASA POWER API
1570,1570,2024-04-19,18.2,0.0,55.1,2.0,98.61,18.75,华北_山东,36.65,117.0,NASA POWER API
1571,1571,2024-04-20,16.56,0.0,59.44,1.89,98.6,22.86,华北_山东,36.65,117.0,NASA POWER API
1572,1572,2024-04-21,18.47,0.0,54.86,1.38,98.92,16.69,华北_山东,36.65,117.0,NASA POWER API
1573,1573,2024-04-22,20.03,0.0,56.0,2.19,98.79,18.02,华北_山东,36.65,117.0,NASA POWER API
1574,1574,2024-04-23,15.96,31.45,62.99,3.95,98.7,12.25,华北_山东,36.65,117.0,NASA POWER API
1575,1575,2024-04-24,17.72,0.0,43.92,2.96,98.76,26.82,华北_山东,36.65,117.0,NASA POWER API
1576,1576,2024-04-25,20.53,0.0,51.73,4.63,98.38,25.87,华北_山东,36.65,117.0,NASA POWER API
1577,1577,2024-04-26,21.6,0.0,50.31,3.68,98.32,26.39,华北_山东,36.65,117.0,NASA POWER API
1578,1578,2024-04-27,21.48,0.0,57.14,3.26,98.74,23.58,华北_山东,36.65,117.0,NASA POWER API
1579,1579,2024-04-28,19.04,0.0,66.12,2.4,99.03,16.29,华北_山东,36.65,117.0,NASA POWER API
1580,1580,2024-04-29,14.63,0.0,61.06,3.74,99.23,19.34,华北_山东,36.65,117.0,NASA POWER API
1581,1581,2024-04-30,13.95,0.0,52.96,2.47,99.33,17.62,华北_山东,36.65,117.0,NASA POWER API
1582,1582,2024-05-01,16.7,0.0,40.28,1.5,99.35,26.43,华北_山东,36.65,117.0,NASA POWER API
1583,1583,2024-05-02,17.94,0.0,43.37,2.51,99.56,26.7,华北_山东,36.65,117.0,NASA POWER API
1584,1584,2024-05-03,19.47,0.0,46.46,1.76,99.51,26.94,华北_山东,36.65,117.0,NASA POWER API
1585,1585,2024-05-04,16.42,1.77,69.06,2.65,99.11,6.88,华北_山东,36.65,117.0,NASA POWER API
1586,1586,2024-05-05,15.12,1.56,79.9,0.94,98.71,10.33,华北_山东,36.65,117.0,NASA POWER API
1587,1587,2024-05-06,18.35,0.06,63.56,1.57,99.08,18.1,华北_山东,36.65,117.0,NASA POWER API
1588,1588,2024-05-07,18.69,0.01,54.45,2.64,99.63,19.69,华北_山东,36.65,117.0,NASA POWER API
1589,1589,2024-05-08,20.64,0.0,35.07,1.14,99.79,27.68,华北_山东,36.65,117.0,NASA POWER API
1590,1590,2024-05-09,21.26,0.0,40.96,5.15,99.35,27.04,华北_山东,36.65,117.0,NASA POWER API
1591,1591,2024-05-10,23.34,0.74,52.48,5.66,98.62,25.05,华北_山东,36.65,117.0,NASA POWER API
1592,1592,2024-05-11,20.91,0.75,30.43,4.22,99.08,26.25,华北_山东,36.65,117.0,NASA POWER API
1593,1593,2024-05-12,19.71,1.01,34.39,2.31,99.38,29.25,华北_山东,36.65,117.0,NASA POWER API
1594,1594,2024-05-13,22.0,0.0,35.95,2.53,99.19,28.58,华北_山东,36.65,117.0,NASA POWER API
1595,1595,2024-05-14,25.0,0.26,42.66,4.26,98.98,25.01,华北_山东,36.65,117.0,NASA POWER API
1596,1596,2024-05-15,19.53,2.33,39.08,4.06,100.08,30.83,华北_山东,36.65,117.0,NASA POWER API
1597,1597,2024-05-16,20.59,2.03,41.12,3.93,98.96,22.82,华北_山东,36.65,117.0,NASA POWER API
1598,1598,2024-05-17,26.19,0.0,50.38,3.04,98.33,24.29,华北_山东,36.65,117.0,NASA POWER API
1599,1599,2024-05-18,28.7,0.09,42.36,1.6,98.58,23.78,华北_山东,36.65,117.0,NASA POWER API
1600,1600,2024-05-19,27.08,9.87,61.91,3.38,98.78,20.86,华北_山东,36.65,117.0,NASA POWER API
1601,1601,2024-05-20,21.48,6.03,67.56,3.72,99.37,21.62,华北_山东,36.65,117.0,NASA POWER API
1602,1602,2024-05-21,24.36,0.34,61.64,1.41,99.36,21.42,华北_山东,36.65,117.0,NASA POWER API
1603,1603,2024-05-22,25.29,0.01,59.08,2.96,99.07,24.45,华北_山东,36.65,117.0,NASA POWER API
1604,1604,2024-05-23,26.64,0.0,53.39,3.35,98.61,26.3,华北_山东,36.65,117.0,NASA POWER API
1605,1605,2024-05-24,25.25,0.0,58.0,2.29,99.0,18.74,华北_山东,36.65,117.0,NASA POWER API
1606,1606,2024-05-25,24.14,3.4,61.22,2.35,98.88,21.42,华北_山东,36.65,117.0,NASA POWER API
1607,1607,2024-05-26,21.95,8.87,59.7,2.99,98.53,23.61,华北_山东,36.65,117.0,NASA POWER API
1608,1608,2024-05-27,22.27,0.93,43.25,1.96,98.73,25.63,华北_山东,36.65,117.0,NASA POWER API
1609,1609,2024-05-28,23.43,0.0,37.5,1.73,98.78,28.0,华北_山东,36.65,117.0,NASA POWER API
1610,1610,2024-05-29,24.53,0.0,36.6,4.8,98.75,21.97,华北_山东,36.65,117.0,NASA POWER API
1611,1611,2024-05-30,25.14,0.01,43.7,2.86,98.53,23.42,华北_山东,36.65,117.0,NASA POWER API
1612,1612,2024-05-31,23.93,0.0,48.27,3.7,99.09,26.34,华北_山东,36.65,117.0,NASA POWER API
1613,1613,2024-06-01,24.96,0.0,43.4,1.48,99.37,27.36,华北_山东,36.65,117.0,NASA POWER API
1614,1614,2024-06-02,25.41,0.0,46.17,3.57,98.94,13.55,华北_山东,36.65,117.0,NASA POWER API
1615,1615,2024-06-03,26.21,0.0,43.27,1.62,99.02,25.02,华北_山东,36.65,117.0,NASA POWER API
1616,1616,2024-06-04,25.18,0.0,39.31,2.3,99.24,18.37,华北_山东,36.65,117.0,NASA POWER API
1617,1617,2024-06-05,23.58,0.32,49.54,2.17,99.28,16.63,华北_山东,36.65,117.0,NASA POWER API
1618,1618,2024-06-06,23.45,0.0,53.68,1.97,99.25,21.94,华北_山东,36.65,117.0,NASA POWER API
1619,1619,2024-06-07,25.44,1.96,54.24,3.35,98.72,16.9,华北_山东,36.65,117.0,NASA POWER API
1620,1620,2024-06-08,25.93,0.01,51.73,1.52,98.56,20.08,华北_山东,36.65,117.0,NASA POWER API
1621,1621,2024-06-09,29.27,0.0,34.54,2.6,98.4,23.84,华北_山东,36.65,117.0,NASA POWER API
1622,1622,2024-06-10,30.41,0.0,36.43,2.28,98.32,23.16,华北_山东,36.65,117.0,NASA POWER API
1623,1623,2024-06-11,31.01,0.0,37.91,4.34,98.1,22.32,华北_山东,36.65,117.0,NASA POWER API
1624,1624,2024-06-12,31.49,1.73,39.88,3.27,97.9,21.67,华北_山东,36.65,117.0,NASA POWER API
1625,1625,2024-06-13,32.89,0.15,37.75,4.68,97.82,24.73,华北_山东,36.65,117.0,NASA POWER API
1626,1626,2024-06-14,29.29,6.9,52.3,3.08,97.99,12.5,华北_山东,36.65,117.0,NASA POWER API
1627,1627,2024-06-15,28.17,0.68,54.31,2.76,98.38,24.82,华北_山东,36.65,117.0,NASA POWER API
1628,1628,2024-06-16,24.67,1.58,56.65,1.63,98.76,18.12,华北_山东,36.65,117.0,NASA POWER API
1629,1629,2024-06-17,28.23,0.17,52.72,2.74,98.52,24.69,华北_山东,36.65,117.0,NASA POWER API
1630,1630,2024-06-18,29.93,0.0,41.45,3.96,98.31,22.29,华北_山东,36.65,117.0,NASA POWER API
1631,1631,2024-06-19,29.42,0.0,39.07,2.97,98.13,24.18,华北_山东,36.65,117.0,NASA POWER API
1632,1632,2024-06-20,30.24,0.0,47.01,2.23,97.95,25.77,华北_山东,36.65,117.0,NASA POWER API
1633,1633,2024-06-21,27.99,11.69,56.66,2.32,97.87,8.07,华北_山东,36.65,117.0,NASA POWER API
1634,1634,2024-06-22,27.71,0.04,62.21,2.24,97.8,22.28,华北_山东,36.65,117.0,NASA POWER API
1635,1635,2024-06-23,28.94,0.07,42.77,2.67,97.88,24.62,华北_山东,36.65,117.0,NASA POWER API
1636,1636,2024-06-24,25.9,0.01,49.06,2.43,98.65,24.69,华北_山东,36.65,117.0,NASA POWER API
1637,1637,2024-06-25,28.15,0.01,41.33,1.6,98.94,25.79,华北_山东,36.65,117.0,NASA POWER API
1638,1638,2024-06-26,28.63,0.42,39.84,2.83,99.12,22.79,华北_山东,36.65,117.0,NASA POWER API
1639,1639,2024-06-27,27.82,0.0,34.56,2.88,98.76,28.41,华北_山东,36.65,117.0,NASA POWER API
1640,1640,2024-06-28,29.45,0.24,48.99,3.58,98.26,25.39,华北_山东,36.65,117.0,NASA POWER API
1641,1641,2024-06-29,26.17,1.3,61.47,2.58,97.84,10.23,华北_山东,36.65,117.0,NASA POWER API
1642,1642,2024-06-30,29.13,1.75,53.64,2.3,97.78,22.64,华北_山东,36.65,117.0,NASA POWER API
1643,1643,2024-07-01,25.87,34.29,73.92,2.77,98.02,7.13,华北_山东,36.65,117.0,NASA POWER API
1644,1644,2024-07-02,22.49,24.5,83.87,3.47,97.98,4.49,华北_山东,36.65,117.0,NASA POWER API
1645,1645,2024-07-03,24.76,0.15,75.16,2.56,98.55,20.77,华北_山东,36.65,117.0,NASA POWER API
1646,1646,2024-07-04,25.19,45.1,83.94,2.17,98.36,13.92,华北_山东,36.65,117.0,NASA POWER API
1647,1647,2024-07-05,26.37,56.71,85.55,4.42,97.9,12.97,华北_山东,36.65,117.0,NASA POWER API
1648,1648,2024-07-06,25.43,24.66,76.06,1.98,97.93,25.46,华北_山东,36.65,117.0,NASA POWER API
1649,1649,2024-07-07,27.65,8.91,79.63,1.52,98.04,11.86,华北_山东,36.65,117.0,NASA POWER API
1650,1650,2024-07-08,24.85,19.76,83.05,2.11,98.22,12.59,华北_山东,36.65,117.0,NASA POWER API
1651,1651,2024-07-09,24.53,3.66,80.81,2.68,98.34,17.62,华北_山东,36.65,117.0,NASA POWER API
1652,1652,2024-07-10,24.4,0.49,67.04,1.35,98.39,23.94,华北_山东,36.65,117.0,NASA POWER API
1653,1653,2024-07-11,26.09,0.0,70.07,1.61,98.13,22.85,华北_山东,36.65,117.0,NASA POWER API
1654,1654,2024-07-12,25.42,0.0,77.06,1.77,98.01,16.2,华北_山东,36.65,117.0,NASA POWER API
1655,1655,2024-07-13,26.53,7.96,77.16,1.2,98.18,18.7,华北_山东,36.65,117.0,NASA POWER API
1656,1656,2024-07-14,26.9,0.51,75.08,1.01,98.63,21.15,华北_山东,36.65,117.0,NASA POWER API
1657,1657,2024-07-15,26.25,1.2,76.17,1.09,98.72,17.6,华北_山东,36.65,117.0,NASA POWER API
1658,1658,2024-07-16,25.98,60.89,89.58,2.07,98.29,7.91,华北_山东,36.65,117.0,NASA POWER API
1659,1659,2024-07-17,25.75,5.89,86.89,1.43,98.23,10.17,华北_山东,36.65,117.0,NASA POWER API
1660,1660,2024-07-18,26.6,0.03,80.99,2.37,98.05,26.8,华北_山东,36.65,117.0,NASA POWER API
1661,1661,2024-07-19,27.94,6.49,84.84,2.6,97.99,23.68,华北_山东,36.65,117.0,NASA POWER API
1662,1662,2024-07-20,27.02,42.22,83.49,2.43,98.06,21.34,华北_山东,36.65,117.0,NASA POWER API
1663,1663,2024-07-21,28.82,2.39,87.72,2.81,98.06,19.09,华北_山东,36.65,117.0,NASA POWER API
1664,1664,2024-07-22,29.22,11.55,90.42,3.61,97.84,11.94,华北_山东,36.65,117.0,NASA POWER API
1665,1665,2024-07-23,28.53,6.85,92.45,2.75,97.83,14.67,华北_山东,36.65,117.0,NASA POWER API
1666,1666,2024-07-24,30.12,5.97,84.46,2.37,97.8,19.88,华北_山东,36.65,117.0,NASA POWER API
1667,1667,2024-07-25,27.42,13.95,89.89,2.78,97.81,15.1,华北_山东,36.65,117.0,NASA POWER API
1668,1668,2024-07-26,28.08,18.8,85.19,1.5,98.09,14.73,华北_山东,36.65,117.0,NASA POWER API
1669,1669,2024-07-27,28.14,12.66,87.46,2.48,98.25,11.95,华北_山东,36.65,117.0,NASA POWER API
1670,1670,2024-07-28,26.33,66.34,91.83,2.63,98.31,5.88,华北_山东,36.65,117.0,NASA POWER API
1671,1671,2024-07-29,28.33,9.8,89.0,2.06,98.46,19.7,华北_山东,36.65,117.0,NASA POWER API
1672,1672,2024-07-30,29.07,0.2,85.5,3.74,98.18,24.46,华北_山东,36.65,117.0,NASA POWER API
1673,1673,2024-07-31,28.52,0.51,86.97,4.08,97.89,21.8,华北_山东,36.65,117.0,NASA POWER API
1674,1674,2024-08-01,28.02,0.64,89.56,3.36,97.88,13.03,华北_山东,36.65,117.0,NASA POWER API
1675,1675,2024-08-02,28.8,0.09,84.91,2.41,98.14,22.32,华北_山东,36.65,117.0,NASA POWER API
1676,1676,2024-08-03,29.07,3.07,86.32,2.41,98.36,19.71,华北_山东,36.65,117.0,NASA POWER API
1677,1677,2024-08-04,28.81,21.39,86.08,2.53,98.32,22.76,华北_山东,36.65,117.0,NASA POWER API
1678,1678,2024-08-05,27.89,19.24,81.66,0.71,98.36,14.54,华北_山东,36.65,117.0,NASA POWER API
1679,1679,2024-08-06,27.31,10.59,82.84,0.7,98.44,20.2,华北_山东,36.65,117.0,NASA POWER API
1680,1680,2024-08-07,27.21,15.14,84.95,1.27,98.4,19.64,华北_山东,36.65,117.0,NASA POWER API
1681,1681,2024-08-08,25.8,17.33,85.1,2.86,98.3,19.55,华北_山东,36.65,117.0,NASA POWER API
1682,1682,2024-08-09,27.42,5.84,90.92,2.14,98.06,14.77,华北_山东,36.65,117.0,NASA POWER API
1683,1683,2024-08-10,28.81,5.97,80.26,3.07,97.61,21.81,华北_山东,36.65,117.0,NASA POWER API
1684,1684,2024-08-11,27.2,2.76,73.74,1.87,97.64,23.99,华北_山东,36.65,117.0,NASA POWER API
1685,1685,2024-08-12,27.19,0.11,72.43,1.44,98.07,24.18,华北_山东,36.65,117.0,NASA POWER API
1686,1686,2024-08-13,26.78,0.18,79.65,1.3,98.67,19.55,华北_山东,36.65,117.0,NASA POWER API
1687,1687,2024-08-14,25.84,1.83,84.25,1.54,98.89,18.2,华北_山东,36.65,117.0,NASA POWER API
1688,1688,2024-08-15,26.47,6.32,83.13,1.12,98.84,19.76,华北_山东,36.65,117.0,NASA POWER API
1689,1689,2024-08-16,26.58,2.43,82.22,0.96,98.83,19.0,华北_山东,36.65,117.0,NASA POWER API
1690,1690,2024-08-17,27.99,15.88,77.58,0.59,98.89,17.15,华北_山东,36.65,117.0,NASA POWER API
1691,1691,2024-08-18,27.0,23.56,84.87,1.14,98.68,13.71,华北_山东,36.65,117.0,NASA POWER API
1692,1692,2024-08-19,25.11,29.74,91.18,1.4,98.45,10.0,华北_山东,36.65,117.0,NASA POWER API
1693,1693,2024-08-20,25.37,5.7,85.16,1.56,98.53,17.37,华北_山东,36.65,117.0,NASA POWER API
1694,1694,2024-08-21,26.24,0.05,77.36,0.93,98.47,20.8,华北_山东,36.65,117.0,NASA POWER API
1695,1695,2024-08-22,27.19,0.0,78.65,1.44,98.41,21.38,华北_山东,36.65,117.0,NASA POWER API
1696,1696,2024-08-23,27.99,0.5,75.37,0.89,98.7,20.59,华北_山东,36.65,117.0,NASA POWER API
1697,1697,2024-08-24,28.44,0.47,74.73,0.93,98.86,21.31,华北_山东,36.65,117.0,NASA POWER API
1698,1698,2024-08-25,28.5,3.02,80.84,1.11,98.76,12.21,华北_山东,36.65,117.0,NASA POWER API
1699,1699,2024-08-26,27.16,47.39,91.4,3.46,98.13,4.6,华北_山东,36.65,117.0,NASA POWER API
1700,1700,2024-08-27,22.5,23.61,86.75,6.4,98.54,10.58,华北_山东,36.65,117.0,NASA POWER API
1701,1701,2024-08-28,22.33,0.08,83.18,2.5,98.94,24.22,华北_山东,36.65,117.0,NASA POWER API
1702,1702,2024-08-29,24.68,0.0,72.79,0.83,98.83,23.75,华北_山东,36.65,117.0,NASA POWER API
1703,1703,2024-08-30,26.57,0.0,77.78,1.35,98.74,21.47,华北_山东,36.65,117.0,NASA POWER API
1704,1704,2024-08-31,27.35,0.0,80.24,1.2,98.8,19.27,华北_山东,36.65,117.0,NASA POWER API
1705,1705,2024-09-01,26.32,1.26,87.19,3.23,98.62,13.87,华北_山东,36.65,117.0,NASA POWER API
1706,1706,2024-09-02,22.06,0.0,81.26,2.65,99.28,13.71,华北_山东,36.65,117.0,NASA POWER API
1707,1707,2024-09-03,21.88,0.09,75.18,1.21,99.1,22.17,华北_山东,36.65,117.0,NASA POWER API
1708,1708,2024-09-04,24.38,0.0,80.3,2.9,98.52,21.58,华北_山东,36.65,117.0,NASA POWER API
1709,1709,2024-09-05,23.05,10.03,86.77,3.72,98.92,4.94,华北_山东,36.65,117.0,NASA POWER API
1710,1710,2024-09-06,21.39,0.0,77.25,1.73,99.39,23.22,华北_山东,36.65,117.0,NASA POWER API
1711,1711,2024-09-07,23.01,0.0,76.44,0.97,99.37,20.72,华北_山东,36.65,117.0,NASA POWER API
1712,1712,2024-09-08,25.23,0.0,81.26,1.21,99.26,17.45,华北_山东,36.65,117.0,NASA POWER API
1713,1713,2024-09-09,25.97,0.02,84.72,2.48,99.01,20.98,华北_山东,36.65,117.0,NASA POWER API
1714,1714,2024-09-10,24.66,1.74,89.14,2.25,99.25,11.76,华北_山东,36.65,117.0,NASA POWER API
1715,1715,2024-09-11,21.46,1.83,86.61,3.26,99.62,7.23,华北_山东,36.65,117.0,NASA POWER API
1716,1716,2024-09-12,22.05,1.78,84.53,2.72,99.27,11.8,华北_山东,36.65,117.0,NASA POWER API
1717,1717,2024-09-13,23.68,2.56,84.61,1.7,98.82,7.0,华北_山东,36.65,117.0,NASA POWER API
1718,1718,2024-09-14,21.77,2.99,83.82,3.5,98.85,5.01,华北_山东,36.65,117.0,NASA POWER API
1719,1719,2024-09-15,19.12,0.33,81.05,2.54,99.24,19.61,华北_山东,36.65,117.0,NASA POWER API
1720,1720,2024-09-16,20.98,0.0,77.47,1.31,99.37,20.96,华北_山东,36.65,117.0,NASA POWER API
1721,1721,2024-09-17,23.68,0.24,85.2,2.71,99.34,14.71,华北_山东,36.65,117.0,NASA POWER API
1722,1722,2024-09-18,25.0,3.16,87.77,1.91,99.18,9.82,华北_山东,36.65,117.0,NASA POWER API
1723,1723,2024-09-19,25.83,0.65,86.43,1.24,99.12,12.93,华北_山东,36.65,117.0,NASA POWER API
1724,1724,2024-09-20,23.17,1.93,87.07,3.48,98.98,10.68,华北_山东,36.65,117.0,NASA POWER API
1725,1725,2024-09-21,15.03,0.73,73.1,4.59,99.76,18.35,华北_山东,36.65,117.0,NASA POWER API
1726,1726,2024-09-22,14.78,0.08,74.68,2.6,100.01,20.62,华北_山东,36.65,117.0,NASA POWER API
1727,1727,2024-09-23,16.34,0.0,64.21,0.87,99.82,20.06,华北_山东,36.65,117.0,NASA POWER API
1728,1728,2024-09-24,17.34,0.0,65.19,1.76,99.35,20.65,华北_山东,36.65,117.0,NASA POWER API
1729,1729,2024-09-25,18.96,0.0,72.43,1.24,99.3,16.99,华北_山东,36.65,117.0,NASA POWER API
1730,1730,2024-09-26,20.53,0.02,77.72,1.28,99.43,13.66,华北_山东,36.65,117.0,NASA POWER API
1731,1731,2024-09-27,21.7,0.03,81.21,1.28,99.42,14.57,华北_山东,36.65,117.0,NASA POWER API
1732,1732,2024-09-28,21.52,0.0,76.66,2.26,99.5,18.06,华北_山东,36.65,117.0,NASA POWER API
1733,1733,2024-09-29,22.15,0.0,83.46,2.54,99.43,16.03,华北_山东,36.65,117.0,NASA POWER API
1734,1734,2024-09-30,15.6,12.62,90.12,3.67,99.69,3.62,华北_山东,36.65,117.0,NASA POWER API
1735,1735,2024-10-01,12.03,0.21,70.17,3.04,100.05,19.48,华北_山东,36.65,117.0,NASA POWER API
1736,1736,2024-10-02,10.48,0.02,60.21,1.7,100.32,20.34,华北_山东,36.65,117.0,NASA POWER API
1737,1737,2024-10-03,13.41,0.0,49.52,0.88,100.31,19.83,华北_山东,36.65,117.0,NASA POWER API
1738,1738,2024-10-04,12.92,0.0,65.4,1.98,100.23,18.48,华北_山东,36.65,117.0,NASA POWER API
1739,1739,2024-10-05,16.3,0.0,73.15,1.62,100.11,16.63,华北_山东,36.65,117.0,NASA POWER API
1740,1740,2024-10-06,16.0,0.0,82.78,1.18,100.1,13.89,华北_山东,36.65,117.0,NASA POWER API
1741,1741,2024-10-07,14.96,0.0,81.59,2.06,100.27,9.93,华北_山东,36.65,117.0,NASA POWER API
1742,1742,2024-10-08,15.0,0.0,60.47,1.07,100.06,18.19,华北_山东,36.65,117.0,NASA POWER API
1743,1743,2024-10-09,15.59,0.0,77.22,2.67,99.42,9.34,华北_山东,36.65,117.0,NASA POWER API
1744,1744,2024-10-10,13.89,0.0,65.47,2.34,99.63,14.88,华北_山东,36.65,117.0,NASA POWER API
1745,1745,2024-10-11,15.52,0.0,56.97,1.4,99.69,16.87,华北_山东,36.65,117.0,NASA POWER API
1746,1746,2024-10-12,18.04,0.0,66.36,1.53,99.94,15.91,华北_山东,36.65,117.0,NASA POWER API
1747,1747,2024-10-13,17.93,0.0,79.29,1.95,99.79,8.54,华北_山东,36.65,117.0,NASA POWER API
1748,1748,2024-10-14,17.54,0.0,82.7,1.56,99.43,12.77,华北_山东,36.65,117.0,NASA POWER API
1749,1749,2024-10-15,18.12,0.0,82.49,1.71,99.81,10.58,华北_山东,36.65,117.0,NASA POWER API
1750,1750,2024-10-16,17.47,0.0,81.49,2.07,100.14,10.79,华北_山东,36.65,117.0,NASA POWER API
1751,1751,2024-10-17,17.15,7.15,87.99,2.1,99.72,8.99,华北_山东,36.65,117.0,NASA POWER API
1752,1752,2024-10-18,14.87,42.53,91.03,5.28,99.38,1.7,华北_山东,36.65,117.0,NASA POWER API
1753,1753,2024-10-19,6.89,0.0,63.92,5.61,101.07,16.08,华北_山东,36.65,117.0,NASA POWER API
1754,1754,2024-10-20,6.81,0.65,78.08,1.41,100.81,13.44,华北_山东,36.65,117.0,NASA POWER API
1755,1755,2024-10-21,9.48,0.2,78.74,0.82,100.14,8.21,华北_山东,36.65,117.0,NASA POWER API
1756,1756,2024-10-22,9.29,4.08,83.37,2.74,100.17,3.56,华北_山东,36.65,117.0,NASA POWER API
1757,1757,2024-10-23,10.05,0.0,80.65,2.66,100.05,16.15,华北_山东,36.65,117.0,NASA POWER API
1758,1758,2024-10-24,12.4,0.0,77.18,2.27,99.99,13.82,华北_山东,36.65,117.0,NASA POWER API
1759,1759,2024-10-25,12.71,0.0,81.37,1.34,100.22,11.84,华北_山东,36.65,117.0,NASA POWER API
1760,1760,2024-10-26,13.59,0.0,83.15,1.02,100.0,13.71,华北_山东,36.65,117.0,NASA POWER API
1761,1761,2024-10-27,12.57,0.01,84.35,2.36,99.95,7.66,华北_山东,36.65,117.0,NASA POWER API
1762,1762,2024-10-28,10.46,0.0,70.13,1.0,99.79,15.69,华北_山东,36.65,117.0,NASA POWER API
1763,1763,2024-10-29,11.72,0.0,78.77,2.08,99.74,14.44,华北_山东,36.65,117.0,NASA POWER API
1764,1764,2024-10-30,14.44,0.0,79.7,1.12,100.18,10.42,华北_山东,36.65,117.0,NASA POWER API
1765,1765,2024-10-31,13.4,0.01,86.84,1.41,100.16,10.73,华北_山东,36.65,117.0,NASA POWER API
1766,1766,2024-11-01,12.87,0.02,80.9,2.27,100.17,12.11,华北_山东,36.65,117.0,NASA POWER API
1767,1767,2024-11-02,13.7,0.01,75.56,1.16,100.14,13.23,华北_山东,36.65,117.0,NASA POWER API
1768,1768,2024-11-03,13.39,0.0,82.32,2.63,100.0,11.09,华北_山东,36.65,117.0,NASA POWER API
1769,1769,2024-11-04,5.47,0.0,60.58,3.36,100.85,13.61,华北_山东,36.65,117.0,NASA POWER API
1770,1770,2024-11-05,7.57,0.0,58.81,1.15,100.76,14.31,华北_山东,36.65,117.0,NASA POWER API
1771,1771,2024-11-06,8.24,0.0,57.57,1.62,100.79,14.08,华北_山东,36.65,117.0,NASA POWER API
1772,1772,2024-11-07,9.01,0.0,73.37,2.76,100.66,11.73,华北_山东,36.65,117.0,NASA POWER API
1773,1773,2024-11-08,9.75,0.0,80.08,2.46,100.47,10.41,华北_山东,36.65,117.0,NASA POWER API
1774,1774,2024-11-09,10.69,0.03,89.01,2.22,100.28,7.21,华北_山东,36.65,117.0,NASA POWER API
1775,1775,2024-11-10,13.71,0.44,86.53,1.59,100.13,4.28,华北_山东,36.65,117.0,NASA POWER API
1776,1776,2024-11-11,13.78,0.25,89.03,1.05,100.1,5.03,华北_山东,36.65,117.0,NASA POWER API
1777,1777,2024-11-12,13.61,0.56,89.73,0.93,99.99,3.39,华北_山东,36.65,117.0,NASA POWER API
1778,1778,2024-11-13,14.68,4.07,90.87,2.16,99.8,3.79,华北_山东,36.65,117.0,NASA POWER API
1779,1779,2024-11-14,13.85,5.42,92.98,1.44,99.55,2.06,华北_山东,36.65,117.0,NASA POWER API
1780,1780,2024-11-15,13.05,0.77,90.58,0.98,99.66,4.03,华北_山东,36.65,117.0,NASA POWER API
1781,1781,2024-11-16,10.47,0.27,72.97,2.59,100.08,4.31,华北_山东,36.65,117.0,NASA POWER API
1782,1782,2024-11-17,7.34,0.0,65.34,2.24,100.95,12.23,华北_山东,36.65,117.0,NASA POWER API
1783,1783,2024-11-18,5.22,0.0,70.02,2.1,101.43,10.55,华北_山东,36.65,117.0,NASA POWER API
1784,1784,2024-11-19,5.76,0.0,83.78,2.0,100.95,7.75,华北_山东,36.65,117.0,NASA POWER API
1785,1785,2024-11-20,6.8,0.0,82.08,1.69,100.42,9.55,华北_山东,36.65,117.0,NASA POWER API
1786,1786,2024-11-21,5.95,0.0,73.78,1.7,100.34,11.63,华北_山东,36.65,117.0,NASA POWER API
1787,1787,2024-11-22,5.66,0.0,71.44,1.88,100.71,12.16,华北_山东,36.65,117.0,NASA POWER API
1788,1788,2024-11-23,5.56,0.0,71.45,1.77,100.82,10.87,华北_山东,36.65,117.0,NASA POWER API
1789,1789,2024-11-24,5.73,0.0,76.14,1.82,100.61,6.87,华北_山东,36.65,117.0,NASA POWER API
1790,1790,2024-11-25,3.22,16.73,90.43,2.59,100.21,2.67,华北_山东,36.65,117.0,NASA POWER API
1791,1791,2024-11-26,-0.18,0.0,61.1,3.3,100.13,12.29,华北_山东,36.65,117.0,NASA POWER API
1792,1792,2024-11-27,-1.12,0.0,53.65,3.85,99.88,12.63,华北_山东,36.65,117.0,NASA POWER API
1793,1793,2024-11-28,-0.09,0.0,63.77,3.28,99.82,11.9,华北_山东,36.65,117.0,NASA POWER API
1794,1794,2024-11-29,4.38,0.0,64.89,1.87,99.67,11.67,华北_山东,36.65,117.0,NASA POWER API
1795,1795,2024-11-30,5.53,0.0,70.98,1.99,99.42,10.14,华北_山东,36.65,117.0,NASA POWER API
1796,1796,2024-12-01,6.36,0.0,76.21,2.11,98.98,9.26,华北_山东,36.65,117.0,NASA POWER API
1797,1797,2024-12-02,1.85,0.0,67.37,3.82,100.07,7.16,华北_山东,36.65,117.0,NASA POWER API
1798,1798,2024-12-03,1.76,0.0,57.56,1.14,100.44,10.97,华北_山东,36.65,117.0,NASA POWER API
1799,1799,2024-12-04,3.09,0.0,56.08,1.01,100.36,9.47,华北_山东,36.65,117.0,NASA POWER API
1800,1800,2024-12-05,2.02,0.0,72.51,1.51,100.09,10.15,华北_山东,36.65,117.0,NASA POWER API
1801,1801,2024-12-06,1.68,0.0,67.9,1.91,100.18,9.83,华北_山东,36.65,117.0,NASA POWER API
1802,1802,2024-12-07,-2.44,0.0,70.94,2.96,101.01,11.56,华北_山东,36.65,117.0,NASA POWER API
1803,1803,2024-12-08,-0.17,0.0,54.08,1.22,100.99,11.68,华北_山东,36.65,117.0,NASA POWER API
1804,1804,2024-12-09,0.93,0.0,58.66,1.19,100.51,8.96,华北_山东,36.65,117.0,NASA POWER API
1805,1805,2024-12-10,1.48,0.0,61.43,1.14,100.51,6.06,华北_山东,36.65,117.0,NASA POWER API
1806,1806,2024-12-11,-0.15,0.0,82.4,1.94,100.78,6.0,华北_山东,36.65,117.0,NASA POWER API
1807,1807,2024-12-12,0.13,0.57,78.87,1.12,100.72,4.71,华北_山东,36.65,117.0,NASA POWER API
1808,1808,2024-12-13,-1.42,3.55,72.75,3.35,100.79,9.66,华北_山东,36.65,117.0,NASA POWER API
1809,1809,2024-12-14,-2.29,0.0,66.0,1.69,101.05,11.17,华北_山东,36.65,117.0,NASA POWER API
1810,1810,2024-12-15,-0.99,0.0,58.52,1.41,100.54,11.21,华北_山东,36.65,117.0,NASA POWER API
1811,1811,2024-12-16,-0.49,0.0,63.62,1.23,100.23,10.93,华北_山东,36.65,117.0,NASA POWER API
1812,1812,2024-12-17,-0.38,0.0,65.28,2.33,100.76,10.4,华北_山东,36.65,117.0,NASA POWER API
1813,1813,2024-12-18,-3.56,0.0,73.08,2.16,101.4,11.23,华北_山东,36.65,117.0,NASA POWER API
1814,1814,2024-12-19,-3.84,0.0,79.21,1.83,101.01,8.49,华北_山东,36.65,117.0,NASA POWER API
1815,1815,2024-12-20,-2.68,0.0,81.0,2.65,100.29,8.98,华北_山东,36.65,117.0,NASA POWER API
1816,1816,2024-12-21,-5.54,0.0,68.24,3.11,101.06,11.13,华北_山东,36.65,117.0,NASA POWER API
1817,1817,2024-12-22,-3.01,0.0,60.4,1.11,101.12,11.15,华北_山东,36.65,117.0,NASA POWER API
1818,1818,2024-12-23,-1.06,0.0,57.14,1.03,100.88,10.66,华北_山东,36.65,117.0,NASA POWER API
1819,1819,2024-12-24,-1.53,0.0,70.7,1.87,100.77,4.92,华北_山东,36.65,117.0,NASA POWER API
1820,1820,2024-12-25,-0.56,0.0,76.76,2.17,100.57,5.88,华北_山东,36.65,117.0,NASA POWER API
1821,1821,2024-12-26,-2.8,0.0,61.14,2.47,101.2,10.61,华北_山东,36.65,117.0,NASA POWER API
1822,1822,2024-12-27,-2.47,0.0,53.05,2.45,101.2,10.75,华北_山东,36.65,117.0,NASA POWER API
1823,1823,2024-12-28,-3.28,0.0,65.83,1.86,100.82,11.05,华北_山东,36.65,117.0,NASA POWER API
1824,1824,2024-12-29,-1.33,0.0,68.93,3.48,100.08,8.64,华北_山东,36.65,117.0,NASA POWER API
1825,1825,2024-12-30,-0.52,0.0,72.79,2.3,100.07,9.06,华北_山东,36.65,117.0,NASA POWER API
1826,1826,2024-12-31,-0.4,0.0,63.7,2.63,100.26,11.58,华北_山东,36.65,117.0,NASA POWER API
1827,1827,2025-01-01,1.82,0.0,66.7,2.06,100.0,8.19,华北_山东,36.65,117.0,NASA POWER API
1828,1828,2025-01-02,-0.68,0.0,77.61,2.87,100.69,8.46,华北_山东,36.65,117.0,NASA POWER API
1829,1829,2025-01-03,-0.44,0.0,67.78,1.61,100.71,11.34,华北_山东,36.65,117.0,NASA POWER API
1830,1830,2025-01-04,0.04,0.0,74.05,2.45,100.26,7.76,华北_山东,36.65,117.0,NASA POWER API
1831,1831,2025-01-05,0.18,0.0,73.91,2.4,99.76,8.77,华北_山东,36.65,117.0,NASA POWER API
1832,1832,2025-01-06,-1.89,0.0,60.51,3.08,100.55,11.5,华北_山东,36.65,117.0,NASA POWER API
1833,1833,2025-01-07,-1.73,0.0,62.74,2.23,100.21,11.67,华北_山东,36.65,117.0,NASA POWER API
1834,1834,2025-01-08,-3.7,0.0,58.89,3.6,100.61,12.3,华北_山东,36.65,117.0,NASA POWER API
1835,1835,2025-01-09,-6.84,0.0,59.77,2.83,101.4,12.36,华北_山东,36.65,117.0,NASA POWER API
1836,1836,2025-01-10,-4.07,0.0,49.88,1.6,101.48,11.47,华北_山东,36.65,117.0,NASA POWER API
1837,1837,2025-01-11,-1.39,0.0,51.36,1.46,100.78,10.87,华北_山东,36.65,117.0,NASA POWER API
1838,1838,2025-01-12,-1.3,0.0,57.67,1.4,100.49,11.19,华北_山东,36.65,117.0,NASA POWER API
1839,1839,2025-01-13,-0.65,0.0,68.94,2.62,100.12,9.65,华北_山东,36.65,117.0,NASA POWER API
1840,1840,2025-01-14,-1.12,0.0,52.7,4.12,100.95,10.5,华北_山东,36.65,117.0,NASA POWER API
1841,1841,2025-01-15,-5.26,0.0,56.76,2.28,101.34,12.75,华北_山东,36.65,117.0,NASA POWER API
1842,1842,2025-01-16,-3.02,0.0,62.86,2.04,100.72,12.42,华北_山东,36.65,117.0,NASA POWER API
1843,1843,2025-01-17,-0.64,0.0,66.46,2.1,100.52,12.16,华北_山东,36.65,117.0,NASA POWER API
1844,1844,2025-01-18,1.15,0.0,64.99,3.12,99.89,9.43,华北_山东,36.65,117.0,NASA POWER API
1845,1845,2025-01-19,0.31,0.0,61.97,2.04,99.73,11.09,华北_山东,36.65,117.0,NASA POWER API
1846,1846,2025-01-20,1.97,0.0,52.0,1.85,99.76,12.23,华北_山东,36.65,117.0,NASA POWER API
1847,1847,2025-01-21,2.38,0.0,69.86,2.18,99.85,9.05,华北_山东,36.65,117.0,NASA POWER API
1848,1848,2025-01-22,1.51,0.0,80.55,2.55,100.19,7.98,华北_山东,36.65,117.0,NASA POWER API
1849,1849,2025-01-23,1.8,0.0,81.78,1.07,100.27,7.3,华北_山东,36.65,117.0,NASA POWER API
1850,1850,2025-01-24,2.75,0.01,88.85,1.86,100.49,4.85,华北_山东,36.65,117.0,NASA POWER API
1851,1851,2025-01-25,-0.42,0.01,83.4,2.74,100.91,7.13,华北_山东,36.65,117.0,NASA POWER API
1852,1852,2025-01-26,-2.0,2.78,64.57,4.03,100.65,6.0,华北_山东,36.65,117.0,NASA POWER API
1853,1853,2025-01-27,-5.3,0.0,50.76,4.34,100.41,14.4,华北_山东,36.65,117.0,NASA POWER API
1854,1854,2025-01-28,-6.13,0.0,53.25,2.51,100.64,14.39,华北_山东,36.65,117.0,NASA POWER API
1855,1855,2025-01-29,-2.43,0.0,59.45,2.49,100.37,12.96,华北_山东,36.65,117.0,NASA POWER API
1856,1856,2025-01-30,-0.09,0.0,75.66,1.94,100.08,7.96,华北_山东,36.65,117.0,NASA POWER API
1857,1857,2025-01-31,-1.15,0.0,90.4,3.34,100.31,4.2,华北_山东,36.65,117.0,NASA POWER API
1858,1858,2025-02-01,-0.38,0.0,81.94,1.73,100.36,4.68,华北_山东,36.65,117.0,NASA POWER API
1859,1859,2025-02-02,0.66,0.0,74.08,1.93,100.24,3.44,华北_山东,36.65,117.0,NASA POWER API
1860,1860,2025-02-03,-2.42,0.0,52.98,3.06,100.78,14.94,华北_山东,36.65,117.0,NASA POWER API
1861,1861,2025-02-04,-3.62,0.0,54.01,2.06,100.39,14.8,华北_山东,36.65,117.0,NASA POWER API
1862,1862,2025-02-05,-4.3,0.0,45.23,3.0,100.31,15.81,华北_山东,36.65,117.0,NASA POWER API
1863,1863,2025-02-06,-3.19,0.0,52.27,3.8,100.13,10.81,华北_山东,36.65,117.0,NASA POWER API
1864,1864,2025-02-07,-9.69,0.0,39.64,5.74,101.51,16.53,华北_山东,36.65,117.0,NASA POWER API
1865,1865,2025-02-08,-8.76,0.0,55.57,2.45,101.44,16.24,华北_山东,36.65,117.0,NASA POWER API
1866,1866,2025-02-09,-4.24,0.0,46.41,1.28,100.82,16.1,华北_山东,36.65,117.0,NASA POWER API
1867,1867,2025-02-10,-1.13,0.0,60.96,3.05,100.24,13.39,华北_山东,36.65,117.0,NASA POWER API
1868,1868,2025-02-11,1.91,2.12,76.44,2.9,99.81,8.74,华北_山东,36.65,117.0,NASA POWER API
1869,1869,2025-02-12,0.53,0.27,58.34,3.48,100.43,14.54,华北_山东,36.65,117.0,NASA POWER API
1870,1870,2025-02-13,0.63,0.06,53.12,2.94,100.31,13.67,华北_山东,36.65,117.0,NASA POWER API
1871,1871,2025-02-14,2.87,0.0,57.32,3.02,99.78,13.8,华北_山东,36.65,117.0,NASA POWER API
1872,1872,2025-02-15,4.69,0.0,58.34,2.61,99.34,14.9,华北_山东,36.65,117.0,NASA POWER API
1873,1873,2025-02-16,1.33,0.0,57.84,3.56,100.14,16.35,华北_山东,36.65,117.0,NASA POWER API
1874,1874,2025-02-17,0.48,0.0,54.26,2.21,100.83,16.67,华北_山东,36.65,117.0,NASA POWER API
1875,1875,2025-02-18,1.43,0.0,65.93,3.02,100.7,13.72,华北_山东,36.65,117.0,NASA POWER API
1876,1876,2025-02-19,1.04,0.01,58.95,2.27,101.0,15.64,华北_山东,36.65,117.0,NASA POWER API
1877,1877,2025-02-20,1.85,0.08,67.13,1.22,101.07,13.92,华北_山东,36.65,117.0,NASA POWER API
1878,1878,2025-02-21,1.41,0.04,75.75,1.84,101.07,12.5,华北_山东,36.65,117.0,NASA POWER API
1879,1879,2025-02-22,-0.73,0.06,70.03,2.56,101.38,10.5,华北_山东,36.65,117.0,NASA POWER API
1880,1880,2025-02-23,-2.52,0.05,52.26,2.95,101.66,18.8,华北_山东,36.65,117.0,NASA POWER API
1881,1881,2025-02-24,0.28,0.0,46.86,2.8,101.2,17.13,华北_山东,36.65,117.0,NASA POWER API
1882,1882,2025-02-25,2.96,0.0,56.16,3.11,100.38,16.04,华北_山东,36.65,117.0,NASA POWER API
1883,1883,2025-02-26,5.02,0.0,59.83,2.89,100.07,16.47,华北_山东,36.65,117.0,NASA POWER API
1884,1884,2025-02-27,6.6,0.0,72.47,2.63,99.38,13.1,华北_山东,36.65,117.0,NASA POWER API
1885,1885,2025-02-28,9.23,0.0,80.6,2.6,99.39,12.12,华北_山东,36.65,117.0,NASA POWER API
1886,1886,2025-03-01,11.16,2.55,82.02,2.36,99.1,8.58,华北_山东,36.65,117.0,NASA POWER API
1887,1887,2025-03-02,0.76,57.47,93.14,7.17,99.62,2.1,华北_山东,36.65,117.0,NASA POWER API
1888,1888,2025-03-03,-3.83,0.57,91.03,5.04,100.35,10.06,华北_山东,36.65,117.0,NASA POWER API
1889,1889,2025-03-04,-3.1,1.0,90.55,1.47,100.16,11.56,华北_山东,36.65,117.0,NASA POWER API
1890,1890,2025-03-05,-1.54,0.02,82.9,1.05,100.51,15.75,华北_山东,36.65,117.0,NASA POWER API
1891,1891,2025-03-06,2.91,0.0,66.06,1.09,101.04,16.96,华北_山东,36.65,117.0,NASA POWER API
1892,1892,2025-03-07,2.93,0.0,72.57,2.73,100.43,11.86,华北_山东,36.65,117.0,NASA POWER API
1893,1893,2025-03-08,6.53,0.0,68.78,1.26,100.21,16.99,华北_山东,36.65,117.0,NASA POWER API
1894,1894,2025-03-09,7.41,0.0,72.85,3.26,100.41,15.62,华北_山东,36.65,117.0,NASA POWER API
1895,1895,2025-03-10,7.96,0.0,77.82,3.65,99.85,15.35,华北_山东,36.65,117.0,NASA POWER API
1896,1896,2025-03-11,10.19,0.01,84.39,3.36,99.48,10.74,华北_山东,36.65,117.0,NASA POWER API
1897,1897,2025-03-12,9.09,0.0,60.58,2.01,99.69,18.72,华北_山东,36.65,117.0,NASA POWER API
1898,1898,2025-03-13,9.72,0.0,57.41,2.71,99.99,17.8,华北_山东,36.65,117.0,NASA POWER API
1899,1899,2025-03-14,7.66,0.01,52.73,2.83,100.36,15.2,华北_山东,36.65,117.0,NASA POWER API
1900,1900,2025-03-15,5.27,0.29,68.28,2.65,100.58,10.19,华北_山东,36.65,117.0,NASA POWER API
1901,1901,2025-03-16,1.65,0.12,58.4,3.28,100.61,20.81,华北_山东,36.65,117.0,NASA POWER API
1902,1902,2025-03-17,3.13,0.01,52.21,3.9,99.91,20.73,华北_山东,36.65,117.0,NASA POWER API
1903,1903,2025-03-18,2.63,0.0,51.31,2.9,100.51,22.74,华北_山东,36.65,117.0,NASA POWER API
1904,1904,2025-03-19,6.54,0.0,53.16,2.65,100.26,21.36,华北_山东,36.65,117.0,NASA POWER API
1905,1905,2025-03-20,9.77,0.0,52.14,2.67,99.74,21.99,华北_山东,36.65,117.0,NASA POWER API
1906,1906,2025-03-21,11.9,0.0,51.92,2.42,99.49,21.6,华北_山东,36.65,117.0,NASA POWER API
1907,1907,2025-03-22,12.56,0.0,47.47,2.58,99.19,22.42,华北_山东,36.65,117.0,NASA POWER API
1908,1908,2025-03-23,11.81,0.0,53.62,2.17,98.71,11.5,华北_山东,36.65,117.0,NASA POWER API
1909,1909,2025-03-24,12.02,0.0,53.14,3.63,98.4,21.08,华北_山东,36.65,117.0,NASA POWER API
1910,1910,2025-03-25,14.12,0.0,51.5,3.78,97.97,21.93,华北_山东,36.65,117.0,NASA POWER API
1911,1911,2025-03-26,13.53,0.0,57.68,4.91,97.73,15.77,华北_山东,36.65,117.0,NASA POWER API
1912,1912,2025-03-27,8.1,0.09,49.75,4.39,99.21,6.33,华北_山东,36.65,117.0,NASA POWER API
1913,1913,2025-03-28,4.56,0.0,58.05,2.95,100.0,17.3,华北_山东,36.65,117.0,NASA POWER API
1914,1914,2025-03-29,3.06,0.0,48.99,2.48,100.56,24.0,华北_山东,36.65,117.0,NASA POWER API
1915,1915,2025-03-30,6.47,0.0,48.89,2.12,100.47,23.19,华北_山东,36.65,117.0,NASA POWER API
1916,1916,2025-03-31,8.85,0.0,55.41,4.2,99.98,19.98,华北_山东,36.65,117.0,NASA POWER API
1917,1917,2025-04-01,11.89,0.0,53.77,4.21,99.45,21.35,华北_山东,36.65,117.0,NASA POWER API
1918,1918,2025-04-02,9.35,0.01,51.87,2.78,100.04,25.23,华北_山东,36.65,117.0,NASA POWER API
1919,1919,2025-04-03,10.7,0.02,54.74,3.35,99.77,22.66,华北_山东,36.65,117.0,NASA POWER API
1920,1920,2025-04-04,11.3,0.0,68.51,3.32,99.16,9.69,华北_山东,36.65,117.0,NASA POWER API
1921,1921,2025-04-05,10.3,0.0,43.63,3.31,99.45,25.47,华北_山东,36.65,117.0,NASA POWER API
1922,1922,2025-04-06,13.73,0.0,46.64,4.12,99.1,23.53,华北_山东,36.65,117.0,NASA POWER API
1923,1923,2025-04-07,16.84,0.0,61.19,3.21,99.01,17.24,华北_山东,36.65,117.0,NASA POWER API
1924,1924,2025-04-08,16.59,2.61,54.01,3.13,99.31,18.45,华北_山东,36.65,117.0,NASA POWER API
1925,1925,2025-04-09,15.03,0.35,70.63,2.24,98.87,19.54,华北_山东,36.65,117.0,NASA POWER API
1926,1926,2025-04-10,16.41,0.0,59.31,2.28,98.61,22.24,华北_山东,36.65,117.0,NASA POWER API
1927,1927,2025-04-11,18.48,3.91,68.05,4.35,98.21,16.0,华北_山东,36.65,117.0,NASA POWER API
1928,1928,2025-04-12,8.75,0.1,29.01,7.97,98.94,20.42,华北_山东,36.65,117.0,NASA POWER API
1929,1929,2025-04-13,7.97,3.99,37.45,5.14,98.48,24.83,华北_山东,36.65,117.0,NASA POWER API
1930,1930,2025-04-14,11.68,0.0,45.45,4.28,98.63,25.76,华北_山东,36.65,117.0,NASA POWER API
1931,1931,2025-04-15,17.51,0.0,45.26,2.88,98.62,23.54,华北_山东,36.65,117.0,NASA POWER API
1932,1932,2025-04-16,21.08,0.0,49.57,3.7,97.82,20.94,华北_山东,36.65,117.0,NASA POWER API
1933,1933,2025-04-17,21.14,0.0,50.97,2.14,98.0,19.42,华北_山东,36.65,117.0,NASA POWER API
1934,1934,2025-04-18,18.18,3.46,63.31,4.16,98.63,15.22,华北_山东,36.65,117.0,NASA POWER API
1935,1935,2025-04-19,14.52,0.74,63.03,2.45,98.92,24.8,华北_山东,36.65,117.0,NASA POWER API
1936,1936,2025-04-20,17.86,1.63,60.8,2.67,99.05,24.88,华北_山东,36.65,117.0,NASA POWER API
1937,1937,2025-04-21,16.31,3.94,73.89,2.99,98.72,13.56,华北_山东,36.65,117.0,NASA POWER API
1938,1938,2025-04-22,16.43,0.07,60.55,3.11,99.1,25.67,华北_山东,36.65,117.0,NASA POWER API
1939,1939,2025-04-23,19.67,0.04,44.31,2.8,98.71,25.55,华北_山东,36.65,117.0,NASA POWER API
1940,1940,2025-04-24,15.7,0.0,32.59,3.43,99.44,26.31,华北_山东,36.65,117.0,NASA POWER API
1941,1941,2025-04-25,16.91,0.0,49.4,3.56,99.44,26.2,华北_山东,36.65,117.0,NASA POWER API
1942,1942,2025-04-26,19.4,0.0,46.81,5.33,99.28,23.42,华北_山东,36.65,117.0,NASA POWER API
1943,1943,2025-04-27,15.19,1.23,64.48,3.79,99.26,14.96,华北_山东,36.65,117.0,NASA POWER API
1944,1944,2025-04-28,17.76,0.0,44.95,1.95,99.32,27.38,华北_山东,36.65,117.0,NASA POWER API
1945,1945,2025-04-29,21.02,0.0,37.54,4.32,98.68,26.14,华北_山东,36.65,117.0,NASA POWER API
1946,1946,2025-04-30,21.1,4.64,48.78,4.27,98.19,21.74,华北_山东,36.65,117.0,NASA POWER API
1947,1947,2025-05-01,17.46,0.0,44.43,2.32,98.92,28.48,华北_山东,36.65,117.0,NASA POWER API
1948,1948,2025-05-02,18.8,0.9,48.25,4.79,98.47,20.23,华北_山东,36.65,117.0,NASA POWER API
1949,1949,2025-05-03,15.15,0.0,47.69,3.38,99.27,28.87,华北_山东,36.65,117.0,NASA POWER API
1950,1950,2025-05-04,17.21,0.93,41.28,3.41,98.98,25.37,华北_山东,36.65,117.0,NASA POWER API
1951,1951,2025-05-05,18.48,5.04,57.58,2.46,98.38,19.97,华北_山东,36.65,117.0,NASA POWER API
1952,1952,2025-05-06,16.14,2.44,68.02,3.18,98.82,16.99,华北_山东,36.65,117.0,NASA POWER API
1953,1953,2025-05-07,15.38,0.05,69.52,2.72,98.97,14.41,华北_山东,36.65,117.0,NASA POWER API
1954,1954,2025-05-08,17.57,1.43,70.1,3.69,98.68,15.91,华北_山东,36.65,117.0,NASA POWER API
1955,1955,2025-05-09,15.99,17.52,74.2,2.97,98.53,8.92,华北_山东,36.65,117.0,NASA POWER API
1956,1956,2025-05-10,15.05,6.65,62.75,2.94,99.02,24.29,华北_山东,36.65,117.0,NASA POWER API
1957,1957,2025-05-11,19.03,0.08,42.57,3.28,98.41,26.58,华北_山东,36.65,117.0,NASA POWER API
1958,1958,2025-05-12,22.04,0.0,42.37,5.12,98.11,21.69,华北_山东,36.65,117.0,NASA POWER API
1959,1959,2025-05-13,23.34,0.0,53.88,5.71,98.24,19.64,华北_山东,36.65,117.0,NASA POWER API
1960,1960,2025-05-14,21.57,0.0,63.04,4.76,98.79,16.53,华北_山东,36.65,117.0,NASA POWER API
1961,1961,2025-05-15,19.88,0.0,53.66,2.24,99.21,23.31,华北_山东,36.65,117.0,NASA POWER API
1962,1962,2025-05-16,23.56,0.0,63.46,4.8,98.45,23.82,华北_山东,36.65,117.0,NASA POWER API
1963,1963,2025-05-17,19.6,0.0,43.41,4.48,98.89,28.04,华北_山东,36.65,117.0,NASA POWER API
1964,1964,2025-05-18,19.59,0.0,43.9,4.09,98.77,25.53,华北_山东,36.65,117.0,NASA POWER API
1965,1965,2025-05-19,26.72,0.0,46.17,5.27,97.91,26.49,华北_山东,36.65,117.0,NASA POWER API
1966,1966,2025-05-20,29.12,0.0,52.14,4.69,97.93,27.46,华北_山东,36.65,117.0,NASA POWER API
1967,1967,2025-05-21,27.89,0.0,57.8,3.17,98.4,23.01,华北_山东,36.65,117.0,NASA POWER API
1968,1968,2025-05-22,22.12,1.48,39.95,4.73,98.99,12.01,华北_山东,36.65,117.0,NASA POWER API
1969,1969,2025-05-23,17.45,0.83,55.4,4.12,99.3,13.22,华北_山东,36.65,117.0,NASA POWER API
1970,1970,2025-05-24,19.41,0.0,47.75,2.32,99.43,27.08,华北_山东,36.65,117.0,NASA POWER API
1971,1971,2025-05-25,19.6,0.0,43.17,2.23,99.45,20.62,华北_山东,36.65,117.0,NASA POWER API
1972,1972,2025-05-26,22.02,0.0,45.81,1.56,99.41,21.95,华北_山东,36.65,117.0,NASA POWER API
1973,1973,2025-05-27,23.15,0.0,48.38,1.51,99.43,23.78,华北_山东,36.65,117.0,NASA POWER API
1974,1974,2025-05-28,24.0,0.0,49.64,1.63,99.26,22.87,华北_山东,36.65,117.0,NASA POWER API
1975,1975,2025-05-29,24.29,0.0,45.79,2.65,99.17,24.18,华北_山东,36.65,117.0,NASA POWER API
1976,1976,2025-05-30,24.19,0.0,48.89,3.27,98.94,20.6,华北_山东,36.65,117.0,NASA POWER API
1977,1977,2025-05-31,23.96,0.0,53.01,3.22,98.58,9.45,华北_山东,36.65,117.0,NASA POWER API
1978,1978,2025-06-01,23.38,0.02,48.12,2.36,98.61,19.14,华北_山东,36.65,117.0,NASA POWER API
1979,1979,2025-06-02,23.56,0.12,54.56,1.78,98.28,21.55,华北_山东,36.65,117.0,NASA POWER API
1980,1980,2025-06-03,24.95,0.0,35.4,2.45,98.38,30.04,华北_山东,36.65,117.0,NASA POWER API
1981,1981,2025-06-04,26.43,0.0,29.05,1.71,98.68,30.21,华北_山东,36.65,117.0,NASA POWER API
1982,1982,2025-06-05,28.53,0.0,37.44,3.76,98.41,22.17,华北_山东,36.65,117.0,NASA POWER API
1983,1983,2025-06-06,30.3,0.0,42.89,2.78,98.12,23.75,华北_山东,36.65,117.0,NASA POWER API
1984,1984,2025-06-07,28.81,0.46,49.97,2.47,98.4,16.64,华北_山东,36.65,117.0,NASA POWER API
1985,1985,2025-06-08,26.44,5.61,62.69,2.04,98.54,21.87,华北_山东,36.65,117.0,NASA POWER API
1986,1986,2025-06-09,29.79,7.05,58.72,2.66,98.27,18.64,华北_山东,36.65,117.0,NASA POWER API
1987,1987,2025-06-10,25.99,0.08,52.17,2.62,98.83,26.27,华北_山东,36.65,117.0,NASA POWER API
1988,1988,2025-06-11,26.13,0.06,48.98,3.25,98.96,25.97,华北_山东,36.65,117.0,NASA POWER API
1989,1989,2025-06-12,26.67,0.01,41.77,4.14,98.87,28.1,华北_山东,36.65,117.0,NASA POWER API
1990,1990,2025-06-13,27.42,0.0,53.68,2.29,98.48,26.04,华北_山东,36.65,117.0,NASA POWER API
1991,1991,2025-06-14,28.68,4.1,58.46,2.7,97.95,21.06,华北_山东,36.65,117.0,NASA POWER API
1992,1992,2025-06-15,25.8,1.32,55.41,2.74,97.52,23.43,华北_山东,36.65,117.0,NASA POWER API
1993,1993,2025-06-16,24.54,0.06,45.87,3.35,97.62,21.09,华北_山东,36.65,117.0,NASA POWER API
1994,1994,2025-06-17,29.37,0.14,39.12,2.97,98.18,26.92,华北_山东,36.65,117.0,NASA POWER API
1995,1995,2025-06-18,28.84,8.63,63.3,3.87,98.33,19.64,华北_山东,36.65,117.0,NASA POWER API
1996,1996,2025-06-19,25.36,43.81,80.23,2.03,98.35,4.78,华北_山东,36.65,117.0,NASA POWER API
1997,1997,2025-06-20,25.34,1.09,74.42,2.85,98.36,19.38,华北_山东,36.65,117.0,NASA POWER API
1998,1998,2025-06-21,27.21,0.0,55.57,1.04,98.53,24.82,华北_山东,36.65,117.0,NASA POWER API
1999,1999,2025-06-22,27.85,0.0,52.49,1.32,98.56,29.28,华北_山东,36.65,117.0,NASA POWER API
2000,2000,2025-06-23,27.27,0.0,55.14,1.44,98.51,18.83,华北_山东,36.65,117.0,NASA POWER API
2001,2001,2025-06-24,29.07,0.0,49.8,1.05,98.64,25.26,华北_山东,36.65,117.0,NASA POWER API
2002,2002,2025-06-25,27.87,0.0,53.3,2.16,98.71,18.52,华北_山东,36.65,117.0,NASA POWER API
2003,2003,2025-06-26,23.32,14.09,75.96,1.55,98.62,6.76,华北_山东,36.65,117.0,NASA POWER API
2004,2004,2025-06-27,24.99,1.87,69.78,1.94,98.38,8.35,华北_山东,36.65,117.0,NASA POWER API
2005,2005,2025-06-28,26.54,5.9,72.75,3.18,98.19,12.57,华北_山东,36.65,117.0,NASA POWER API
2006,2006,2025-06-29,25.33,12.91,89.13,2.54,98.14,12.46,华北_山东,36.65,117.0,NASA POWER API
2007,2007,2025-06-30,27.68,1.09,73.5,2.65,98.34,23.84,华北_山东,36.65,117.0,NASA POWER API
2008,2008,2025-07-01,27.77,28.18,83.29,3.04,98.54,9.32,华北_山东,36.65,117.0,NASA POWER API
2009,2009,2025-07-02,28.91,24.98,81.16,3.04,98.57,17.9,华北_山东,36.65,117.0,NASA POWER API
2010,2010,2025-07-03,30.07,3.28,76.87,4.06,98.27,25.06,华北_山东,36.65,117.0,NASA POWER API
2011,2011,2025-07-04,30.71,0.0,77.28,3.21,98.08,24.42,华北_山东,36.65,117.0,NASA POWER API
2012,2012,2025-07-05,31.76,0.0,66.46,3.39,97.98,25.53,华北_山东,36.65,117.0,NASA POWER API
2013,2013,2025-07-06,30.7,0.03,64.73,2.44,98.25,22.51,华北_山东,36.65,117.0,NASA POWER API
2014,2014,2025-07-07,29.9,13.6,67.16,1.67,98.19,16.06,华北_山东,36.65,117.0,NASA POWER API
2015,2015,2025-07-08,29.87,0.05,69.81,1.31,98.41,23.97,华北_山东,36.65,117.0,NASA POWER API
2016,2016,2025-07-09,30.07,0.02,64.34,1.33,98.59,21.61,华北_山东,36.65,117.0,NASA POWER API
2017,2017,2025-07-10,29.92,0.0,63.04,1.67,98.71,23.94,华北_山东,36.65,117.0,NASA POWER API
2018,2018,2025-07-11,30.29,0.0,63.55,1.7,98.84,24.65,华北_山东,36.65,117.0,NASA POWER API
2019,2019,2025-07-12,31.13,0.17,62.23,1.0,98.8,24.07,华北_山东,36.65,117.0,NASA POWER API
2020,2020,2025-07-13,30.88,0.08,57.92,2.46,98.44,24.38,华北_山东,36.65,117.0,NASA POWER API
2021,2021,2025-07-14,29.5,0.32,50.9,1.61,98.18,26.99,华北_山东,36.65,117.0,NASA POWER API
2022,2022,2025-07-15,29.18,6.75,62.11,3.07,97.57,7.08,华北_山东,36.65,117.0,NASA POWER API
2023,2023,2025-07-16,28.13,7.14,72.98,2.68,97.77,18.35,华北_山东,36.65,117.0,NASA POWER API
2024,2024,2025-07-17,27.29,1.92,65.24,1.7,98.29,25.52,华北_山东,36.65,117.0,NASA POWER API
2025,2025,2025-07-18,29.14,0.0,56.68,1.43,98.38,25.52,华北_山东,36.65,117.0,NASA POWER API
2026,2026,2025-07-19,29.72,0.0,58.9,1.94,98.32,23.82,华北_山东,36.65,117.0,NASA POWER API
2027,2027,2025-07-20,28.86,6.29,69.63,2.2,98.44,17.12,华北_山东,36.65,117.0,NASA POWER API
2028,2028,2025-07-21,28.05,59.02,83.78,1.32,98.75,13.5,华北_山东,36.65,117.0,NASA POWER API
2029,2029,2025-07-22,27.39,41.38,87.35,1.72,98.74,15.65,华北_山东,36.65,117.0,NASA POWER API
2030,2030,2025-07-23,27.25,20.21,87.14,2.63,98.77,12.96,华北_山东,36.65,117.0,NASA POWER API
2031,2031,2025-07-24,27.98,1.99,82.97,3.32,98.55,23.92,华北_山东,36.65,117.0,NASA POWER API
2032,2032,2025-07-25,28.0,0.0,78.89,3.24,98.47,25.58,华北_山东,36.65,117.0,NASA POWER API
2033,2033,2025-07-26,27.96,0.0,77.19,2.69,98.46,26.49,华北_山东,36.65,117.0,NASA POWER API
2034,2034,2025-07-27,28.53,0.0,75.3,1.79,98.41,26.22,华北_山东,36.65,117.0,NASA POWER API
2035,2035,2025-07-28,28.89,0.02,72.44,1.85,98.15,24.72,华北_山东,36.65,117.0,NASA POWER API
2036,2036,2025-07-29,28.53,3.12,77.67,2.3,97.84,22.83,华北_山东,36.65,117.0,NASA POWER API
2037,2037,2025-07-30,28.51,1.66,73.28,1.82,97.96,23.42,华北_山东,36.65,117.0,NASA POWER API
2038,2038,2025-07-31,28.27,0.37,73.24,2.19,98.03,23.81,华北_山东,36.65,117.0,NASA POWER API
2039,2039,2025-08-01,28.75,1.86,75.49,2.09,98.05,20.24,华北_山东,36.65,117.0,NASA POWER API
2040,2040,2025-08-02,29.07,1.07,74.39,1.38,97.97,23.63,华北_山东,36.65,117.0,NASA POWER API
2041,2041,2025-08-03,30.16,0.15,69.7,1.05,97.85,22.6,华北_山东,36.65,117.0,NASA POWER API
2042,2042,2025-08-04,30.45,1.67,69.0,1.11,98.14,12.19,华北_山东,36.65,117.0,NASA POWER API
2043,2043,2025-08-05,30.89,2.11,72.25,2.52,98.12,11.81,华北_山东,36.65,117.0,NASA POWER API
2044,2044,2025-08-06,30.89,10.57,71.99,1.01,98.19,19.23,华北_山东,36.65,117.0,NASA POWER API
2045,2045,2025-08-07,30.42,0.95,68.51,1.66,98.39,22.93,华北_山东,36.65,117.0,NASA POWER API
2046,2046,2025-08-08,28.91,27.2,77.16,1.95,98.28,16.88,华北_山东,36.65,117.0,NASA POWER API
2047,2047,2025-08-09,25.88,30.27,86.78,3.44,98.13,7.96,华北_山东,36.65,117.0,NASA POWER API
2048,2048,2025-08-10,24.89,0.08,79.65,1.77,98.49,20.61,华北_山东,36.65,117.0,NASA POWER API
2049,2049,2025-08-11,25.49,0.14,77.01,1.43,98.37,23.34,华北_山东,36.65,117.0,NASA POWER API
2050,2050,2025-08-12,25.9,0.0,80.03,2.14,98.61,22.45,华北_山东,36.65,117.0,NASA POWER API
2051,2051,2025-08-13,26.7,0.0,77.34,1.11,98.83,20.0,华北_山东,36.65,117.0,NASA POWER API
2052,2052,2025-08-14,27.5,0.03,76.56,1.31,99.13,17.65,华北_山东,36.65,117.0,NASA POWER API
2053,2053,2025-08-15,26.8,10.19,88.18,1.49,99.04,17.09,华北_山东,36.65,117.0,NASA POWER API
2054,2054,2025-08-16,28.8,20.51,80.67,1.85,98.85,18.27,华北_山东,36.65,117.0,NASA POWER API
2055,2055,2025-08-17,27.78,36.68,85.56,1.19,98.95,15.57,华北_山东,36.65,117.0,NASA POWER API
2056,2056,2025-08-18,28.06,7.57,85.49,2.18,98.92,19.03,华北_山东,36.65,117.0,NASA POWER API
2057,2057,2025-08-19,28.67,1.53,82.27,3.36,98.55,20.43,华北_山东,36.65,117.0,NASA POWER API
2058,2058,2025-08-20,29.25,0.0,79.62,2.52,98.41,20.73,华北_山东,36.65,117.0,NASA POWER API
2059,2059,2025-08-21,29.14,0.03,81.59,2.69,98.5,20.69,华北_山东,36.65,117.0,NASA POWER API
2060,2060,2025-08-22,29.19,5.83,80.74,0.81,98.55,19.66,华北_山东,36.65,117.0,NASA POWER API
2061,2061,2025-08-23,28.31,8.58,83.58,1.48,98.69,14.27,华北_山东,36.65,117.0,NASA POWER API
2062,2062,2025-08-24,24.58,2.52,83.48,1.72,98.92,9.86,华北_山东,36.65,117.0,NASA POWER API
2063,2063,2025-08-25,23.24,0.11,78.13,1.53,98.9,11.5,华北_山东,36.65,117.0,NASA POWER API
2064,2064,2025-08-26,24.59,0.01,76.67,1.7,99.08,18.61,华北_山东,36.65,117.0,NASA POWER API
2065,2065,2025-08-27,26.29,1.03,81.0,2.91,98.77,15.11,华北_山东,36.65,117.0,NASA POWER API
2066,2066,2025-08-28,27.13,10.38,83.2,1.64,98.76,13.18,华北_山东,36.65,117.0,NASA POWER API
2067,2067,2025-08-29,26.88,1.39,72.99,0.98,99.12,17.65,华北_山东,36.65,117.0,NASA POWER API
2068,2068,2025-08-30,24.12,7.11,80.58,1.6,99.13,10.45,华北_山东,36.65,117.0,NASA POWER API
2069,2069,2025-08-31,23.41,27.79,87.21,1.28,98.77,8.41,华北_山东,36.65,117.0,NASA POWER API
2070,2070,2025-09-01,24.54,0.0,76.82,0.82,98.71,23.07,华北_山东,36.65,117.0,NASA POWER API
2071,2071,2025-09-02,24.7,0.0,75.16,1.22,98.9,20.18,华北_山东,36.65,117.0,NASA POWER API
2072,2072,2025-09-03,24.32,0.14,78.46,0.86,98.9,8.02,华北_山东,36.65,117.0,NASA POWER API
2073,2073,2025-09-04,23.49,0.46,76.62,1.28,98.93,16.59,华北_山东,36.65,117.0,NASA POWER API
2074,2074,2025-09-05,23.86,12.86,86.19,2.14,98.79,6.45,华北_山东,36.65,117.0,NASA POWER API
2075,2075,2025-09-06,22.94,1.98,73.97,2.05,98.98,14.29,华北_山东,36.65,117.0,NASA POWER API
2076,2076,2025-09-07,23.74,0.0,73.43,1.55,98.84,21.92,华北_山东,36.65,117.0,NASA POWER API
2077,2077,2025-09-08,22.67,0.0,80.03,1.79,99.02,9.83,华北_山东,36.65,117.0,NASA POWER API
2078,2078,2025-09-09,22.7,0.0,76.98,1.97,99.15,22.06,华北_山东,36.65,117.0,NASA POWER API
2079,2079,2025-09-10,23.37,0.0,77.76,2.01,99.22,21.08,华北_山东,36.65,117.0,NASA POWER API
2080,2080,2025-09-11,22.17,0.01,80.35,1.74,99.29,9.8,华北_山东,36.65,117.0,NASA POWER API
2081,2081,2025-09-12,21.58,1.75,80.88,1.43,99.03,10.85,华北_山东,36.65,117.0,NASA POWER API
2082,2082,2025-09-13,23.15,0.0,72.87,1.38,98.88,20.28,华北_山东,36.65,117.0,NASA POWER API
2083,2083,2025-09-14,24.46,0.0,78.37,2.84,98.86,20.0,华北_山东,36.65,117.0,NASA POWER API
2084,2084,2025-09-15,24.97,1.46,83.14,2.37,99.03,15.25,华北_山东,36.65,117.0,NASA POWER API
2085,2085,2025-09-16,24.11,45.02,87.58,3.22,99.09,5.14,华北_山东,36.65,117.0,NASA POWER API
2086,2086,2025-09-17,18.63,1.99,75.07,3.35,99.64,15.53,华北_山东,36.65,117.0,NASA POWER API
2087,2087,2025-09-18,17.4,0.78,72.3,1.52,99.9,15.64,华北_山东,36.65,117.0,NASA POWER API
2088,2088,2025-09-19,15.62,29.94,84.81,1.45,99.65,4.19,华北_山东,36.65,117.0,NASA POWER API
2089,2089,2025-09-20,17.24,0.13,74.14,1.21,99.56,20.59,华北_山东,36.65,117.0,NASA POWER API
2090,2090,2025-09-21,18.5,0.89,74.48,1.34,99.79,10.98,华北_山东,36.65,117.0,NASA POWER API
2091,2091,2025-09-22,17.47,7.28,84.46,1.28,99.89,7.71,华北_山东,36.65,117.0,NASA POWER API
2092,2092,2025-09-23,16.83,28.95,90.01,1.28,99.59,3.53,华北_山东,36.65,117.0,NASA POWER API
2093,2093,2025-09-24,19.13,2.64,73.28,0.52,99.35,18.32,华北_山东,36.65,117.0,NASA POWER API
2094,2094,2025-09-25,19.73,0.03,68.1,1.11,99.77,20.31,华北_山东,36.65,117.0,NASA POWER API
2095,2095,2025-09-26,20.97,1.65,64.66,1.05,99.95,14.63,华北_山东,36.65,117.0,NASA POWER API
2096,2096,2025-09-27,18.52,25.35,89.24,1.2,99.65,4.87,华北_山东,36.65,117.0,NASA POWER API
2097,2097,2025-09-28,19.03,1.83,86.47,1.05,99.37,11.56,华北_山东,36.65,117.0,NASA POWER API
2098,2098,2025-09-29,20.12,3.0,83.87,1.62,99.42,17.5,华北_山东,36.65,117.0,NASA POWER API
2099,2099,2025-09-30,20.54,0.0,82.97,2.9,99.09,17.27,华北_山东,36.65,117.0,NASA POWER API
2100,2100,2025-10-01,20.7,3.7,84.59,2.78,99.18,13.45,华北_山东,36.65,117.0,NASA POWER API
2101,2101,2025-10-02,17.91,39.35,90.24,2.84,99.31,4.02,华北_山东,36.65,117.0,NASA POWER API
2102,2102,2025-10-03,18.19,1.32,87.8,2.41,99.43,6.13,华北_山东,36.65,117.0,NASA POWER API
2103,2103,2025-10-04,18.78,12.93,86.42,0.43,99.5,7.31,华北_山东,36.65,117.0,NASA POWER API
2104,2104,2025-10-05,19.16,27.23,92.89,1.51,99.32,3.42,华北_山东,36.65,117.0,NASA POWER API
2105,2105,2025-10-06,16.18,15.39,92.36,3.05,99.57,3.78,华北_山东,36.65,117.0,NASA POWER API
2106,2106,2025-10-07,16.52,1.99,85.18,1.17,99.85,9.07,华北_山东,36.65,117.0,NASA POWER API
2107,2107,2025-10-08,19.06,6.97,90.46,1.86,99.7,2.58,华北_山东,36.65,117.0,NASA POWER API
2108,2108,2025-10-09,17.54,11.4,92.28,1.99,99.57,2.04,华北_山东,36.65,117.0,NASA POWER API
2109,2109,2025-10-10,14.65,14.81,90.83,3.56,99.59,2.45,华北_山东,36.65,117.0,NASA POWER API
2110,2110,2025-10-11,13.1,8.97,90.66,2.45,99.49,2.98,华北_山东,36.65,117.0,NASA POWER API
2111,2111,2025-10-12,13.38,29.68,95.07,2.84,99.55,2.83,华北_山东,36.65,117.0,NASA POWER API
2112,2112,2025-10-13,14.5,4.25,83.67,1.65,99.69,12.55,华北_山东,36.65,117.0,NASA POWER API
2113,2113,2025-10-14,15.63,0.07,78.49,1.21,99.81,17.17,华北_山东,36.65,117.0,NASA POWER API
2114,2114,2025-10-15,15.85,4.04,92.72,1.08,99.7,3.41,华北_山东,36.65,117.0,NASA POWER API
2115,2115,2025-10-16,15.37,0.64,89.19,2.34,100.1,6.38,华北_山东,36.65,117.0,NASA POWER API
2116,2116,2025-10-17,13.35,21.45,93.4,3.2,100.21,2.71,华北_山东,36.65,117.0,NASA POWER API
2117,2117,2025-10-18,8.93,0.11,78.76,3.65,100.75,13.38,华北_山东,36.65,117.0,NASA POWER API
2118,2118,2025-10-19,7.65,0.2,76.46,3.15,101.04,6.22,华北_山东,36.65,117.0,NASA POWER API
2119,2119,2025-10-20,5.97,0.0,76.61,2.42,101.4,11.25,华北_山东,36.65,117.0,NASA POWER API
2120,2120,2025-10-21,6.38,0.0,72.31,1.91,101.39,15.51,华北_山东,36.65,117.0,NASA POWER API
2121,2121,2025-10-22,7.16,0.0,75.36,1.43,101.19,13.18,华北_山东,36.65,117.0,NASA POWER API
2122,2122,2025-10-23,8.29,0.0,78.87,1.52,101.11,10.15,华北_山东,36.65,117.0,NASA POWER API
2123,2123,2025-10-24,10.41,0.05,76.92,0.86,100.82,11.79,华北_山东,36.65,117.0,NASA POWER API
2124,2124,2025-10-25,10.32,0.56,89.42,1.89,100.32,5.33,华北_山东,36.65,117.0,NASA POWER API
2125,2125,2025-10-26,9.04,0.17,80.1,2.19,100.28,7.13,华北_山东,36.65,117.0,NASA POWER API
2126,2126,2025-10-27,7.88,0.0,66.82,1.51,100.37,15.46,华北_山东,36.65,117.0,NASA POWER API
2127,2127,2025-10-28,9.62,0.07,90.41,3.07,100.21,7.07,华北_山东,36.65,117.0,NASA POWER API
2128,2128,2025-10-29,12.15,0.0,81.53,4.22,100.11,12.46,华北_山东,36.65,117.0,NASA POWER API
2129,2129,2025-10-30,13.54,0.41,86.89,2.19,100.0,7.37,华北_山东,36.65,117.0,NASA POWER API
2130,2130,2025-10-31,10.99,0.71,89.07,1.61,99.98,6.73,华北_山东,36.65,117.0,NASA POWER API
2131,2131,2025-11-01,10.64,0.01,77.55,1.83,99.77,12.32,华北_山东,36.65,117.0,NASA POWER API
2132,2132,2025-11-02,6.37,0.0,73.81,2.45,100.59,15.55,华北_山东,36.65,117.0,NASA POWER API
2133,2133,2025-11-03,7.03,0.0,74.17,2.67,100.56,14.03,华北_山东,36.65,117.0,NASA POWER API
2134,2134,2025-11-04,9.8,0.0,83.83,3.12,100.18,11.29,华北_山东,36.65,117.0,NASA POWER API
2135,2135,2025-11-05,9.88,0.0,86.02,2.01,100.06,12.22,华北_山东,36.65,117.0,NASA POWER API
2136,2136,2025-11-06,11.68,0.0,88.17,1.52,100.22,9.48,华北_山东,36.65,117.0,NASA POWER API
2137,2137,2025-11-07,13.16,5.56,90.39,1.49,100.2,4.79,华北_山东,36.65,117.0,NASA POWER API
2138,2138,2025-11-08,10.86,0.53,90.41,1.56,100.16,4.34,华北_山东,36.65,117.0,NASA POWER API
2139,2139,2025-11-09,8.25,0.06,65.61,1.78,100.2,12.77,华北_山东,36.65,117.0,NASA POWER API
2140,2140,2025-11-10,8.95,0.0,58.37,1.53,100.13,12.71,华北_山东,36.65,117.0,NASA POWER API
2141,2141,2025-11-11,9.59,0.0,72.02,1.96,100.09,10.99,华北_山东,36.65,117.0,NASA POWER API
2142,2142,2025-11-12,9.06,0.0,82.33,2.11,100.15,9.86,华北_山东,36.65,117.0,NASA POWER API
2143,2143,2025-11-13,8.47,0.0,66.58,1.58,100.28,12.92,华北_山东,36.65,117.0,NASA POWER API
2144,2144,2025-11-14,9.09,0.0,69.21,2.06,100.04,11.97,华北_山东,36.65,117.0,NASA POWER API
2145,2145,2025-11-15,10.69,0.0,89.19,2.75,100.07,7.96,华北_山东,36.65,117.0,NASA POWER API
2146,2146,2025-11-16,6.71,0.0,65.12,4.76,100.8,11.01,华北_山东,36.65,117.0,NASA POWER API
2147,2147,2025-11-17,-1.4,0.0,58.14,3.75,101.77,8.94,华北_山东,36.65,117.0,NASA POWER API
2148,2148,2025-11-18,-0.64,0.0,61.5,1.98,101.17,12.98,华北_山东,36.65,117.0,NASA POWER API
2149,2149,2025-11-19,2.94,0.0,66.46,1.91,100.65,12.16,华北_山东,36.65,117.0,NASA POWER API
2150,2150,2025-11-20,3.08,0.0,73.54,2.16,100.59,11.1,华北_山东,36.65,117.0,NASA POWER API
2151,2151,2025-11-21,5.58,0.0,51.06,1.29,100.59,12.28,华北_山东,36.65,117.0,NASA POWER API
2152,2152,2025-11-22,5.83,0.0,70.68,2.38,100.12,10.64,华北_山东,36.65,117.0,NASA POWER API
2153,2153,2025-11-23,5.94,0.0,85.45,1.95,99.65,7.32,华北_山东,36.65,117.0,NASA POWER API
2154,2154,2025-11-24,4.91,0.0,68.42,4.02,99.96,8.71,华北_山东,36.65,117.0,NASA POWER API
2155,2155,2025-11-25,0.08,0.0,62.83,1.95,100.34,12.66,华北_山东,36.65,117.0,NASA POWER API
2156,2156,2025-11-26,3.7,0.0,70.96,3.79,99.89,10.26,华北_山东,36.65,117.0,NASA POWER API
2157,2157,2025-11-27,1.01,0.0,56.34,3.47,100.24,12.39,华北_山东,36.65,117.0,NASA POWER API
2158,2158,2025-11-28,3.35,0.0,73.89,3.86,99.32,9.8,华北_山东,36.65,117.0,NASA POWER API
2159,2159,2025-11-29,7.26,0.0,77.11,1.92,99.07,9.64,华北_山东,36.65,117.0,NASA POWER API
2160,2160,2025-11-30,4.44,0.0,73.27,3.19,99.59,9.35,华北_山东,36.65,117.0,NASA POWER API
2161,2161,2025-12-01,1.59,0.0,62.95,1.73,100.16,10.61,华北_山东,36.65,117.0,NASA POWER API
2162,2162,2025-12-02,-3.11,0.01,64.16,4.06,100.78,7.71,华北_山东,36.65,117.0,NASA POWER API
2163,2163,2025-12-03,-1.65,0.0,54.88,1.62,100.86,12.23,华北_山东,36.65,117.0,NASA POWER API
2164,2164,2025-12-04,-1.51,0.0,68.17,3.1,100.66,10.92,华北_山东,36.65,117.0,NASA POWER API
2165,2165,2025-12-05,-0.19,0.0,67.13,3.61,100.38,11.14,华北_山东,36.65,117.0,NASA POWER API
2166,2166,2025-12-06,2.42,0.0,82.14,3.15,99.58,9.99,华北_山东,36.65,117.0,NASA POWER API
2167,2167,2025-12-07,3.32,0.0,72.38,2.11,100.19,9.64,华北_山东,36.65,117.0,NASA POWER API
2168,2168,2025-12-08,0.36,0.0,57.82,1.57,100.86,11.29,华北_山东,36.65,117.0,NASA POWER API
2169,2169,2025-12-09,2.94,0.0,78.71,2.75,100.33,9.2,华北_山东,36.65,117.0,NASA POWER API
2170,2170,2025-12-10,4.65,0.0,83.25,2.54,99.8,6.78,华北_山东,36.65,117.0,NASA POWER API
2171,2171,2025-12-11,0.86,0.0,80.96,4.87,100.67,7.05,华北_山东,36.65,117.0,NASA POWER API
2172,2172,2025-12-12,-2.74,8.56,82.14,3.02,101.14,2.05,华北_山东,36.65,117.0,NASA POWER API
2173,2173,2025-12-13,-4.11,1.57,85.88,2.05,100.73,4.15,华北_山东,36.65,117.0,NASA POWER API
2174,2174,2025-12-14,-3.25,0.0,78.72,1.83,100.37,10.8,华北_山东,36.65,117.0,NASA POWER API
2175,2175,2025-12-15,0.49,0.0,87.56,3.16,99.8,9.19,华北_山东,36.65,117.0,NASA POWER API
2176,2176,2025-12-16,0.31,0.0,89.84,1.9,100.16,6.39,华北_山东,36.65,117.0,NASA POWER API
2177,2177,2025-12-17,0.0,0.0,80.71,1.32,100.75,10.44,华北_山东,36.65,117.0,NASA POWER API
2178,2178,2025-12-18,1.36,0.0,89.0,4.79,99.81,8.13,华北_山东,36.65,117.0,NASA POWER API
2179,2179,2025-12-19,1.52,0.0,96.96,2.96,99.4,5.48,华北_山东,36.65,117.0,NASA POWER API
2180,2180,2025-12-20,0.13,0.0,61.46,3.14,100.67,6.7,华北_山东,36.65,117.0,NASA POWER API
2181,2181,2025-12-21,-1.43,0.0,62.57,1.96,101.03,11.53,华北_山东,36.65,117.0,NASA POWER API
2182,2182,2025-12-22,0.73,1.03,77.83,2.97,100.43,3.45,华北_山东,36.65,117.0,NASA POWER API
2183,2183,2025-12-23,0.32,5.76,86.36,2.06,100.15,4.41,华北_山东,36.65,117.0,NASA POWER API
2184,2184,2025-12-24,-0.81,0.0,71.66,1.42,100.39,10.75,华北_山东,36.65,117.0,NASA POWER API
2185,2185,2025-12-25,-3.61,0.0,61.58,3.09,100.96,11.5,华北_山东,36.65,117.0,NASA POWER API
2186,2186,2025-12-26,-2.5,0.0,66.71,3.39,100.5,10.11,华北_山东,36.65,117.0,NASA POWER API
2187,2187,2025-12-27,-0.3,0.0,76.03,2.21,100.08,8.44,华北_山东,36.65,117.0,NASA POWER API
2188,2188,2025-12-28,0.31,0.0,92.37,2.85,99.6,6.77,华北_山东,36.65,117.0,NASA POWER API
2189,2189,2025-12-29,-0.04,0.0,82.92,2.11,100.02,9.38,华北_山东,36.65,117.0,NASA POWER API
2190,2190,2025-12-30,-0.21,0.0,82.94,2.08,100.5,9.13,华北_山东,36.65,117.0,NASA POWER API
2191,2191,2025-12-31,-2.86,0.0,72.96,3.38,101.07,8.81,华北_山东,36.65,117.0,NASA POWER API
