,Unnamed: 0,date,temperature,precipitation,humidity,wind_speed,surface_pressure,solar_radiation,region,latitude,longitude,data_source
0,0,2020-01-01,-0.29,0.0,48.81,1.11,101.99,6.77,华北_河南,34.76,113.65,NASA POWER API
1,1,2020-01-02,1.26,0.0,52.95,0.85,102.02,5.25,华北_河南,34.76,113.65,NASA POWER API
2,2,2020-01-03,2.95,0.0,53.97,0.82,101.85,6.64,华北_河南,34.76,113.65,NASA POWER API
3,3,2020-01-04,3.74,1.03,65.22,1.67,101.61,6.07,华北_河南,34.76,113.65,NASA POWER API
4,4,2020-01-05,0.53,24.25,89.77,4.63,101.57,1.29,华北_河南,34.76,113.65,NASA POWER API
5,5,2020-01-06,-0.36,10.98,89.85,1.56,101.38,2.07,华北_河南,34.76,113.65,NASA POWER API
6,6,2020-01-07,-0.35,4.32,89.23,2.51,101.38,4.44,华北_河南,34.76,113.65,NASA POWER API
7,7,2020-01-08,-1.74,0.06,78.33,1.3,101.9,5.24,华北_河南,34.76,113.65,NASA POWER API
8,8,2020-01-09,-0.94,0.07,74.9,1.14,101.69,5.66,华北_河南,34.76,113.65,NASA POWER API
9,9,2020-01-10,1.55,0.04,68.51,1.01,101.48,4.68,华北_河南,34.76,113.65,NASA POWER API
10,10,2020-01-11,-0.55,0.92,78.43,2.01,101.54,3.29,华北_河南,34.76,113.65,NASA POWER API
11,11,2020-01-12,-0.53,0.0,77.71,0.92,101.43,3.68,华北_河南,34.76,113.65,NASA POWER API
12,12,2020-01-13,-1.24,0.0,75.71,1.61,101.54,6.35,华北_河南,34.76,113.65,NASA POWER API
13,13,2020-01-14,-1.52,0.0,66.27,1.19,101.93,9.1,华北_河南,34.76,113.65,NASA POWER API
14,14,2020-01-15,-1.14,1.38,70.3,1.13,101.92,3.82,华北_河南,34.76,113.65,NASA POWER API
15,15,2020-01-16,-0.77,0.44,81.39,0.78,102.03,5.28,华北_河南,34.76,113.65,NASA POWER API
16,16,2020-01-17,0.9,0.0,76.79,1.34,101.75,7.84,华北_河南,34.76,113.65,NASA POWER API
17,17,2020-01-18,0.97,0.0,72.89,2.03,101.5,5.32,华北_河南,34.76,113.65,NASA POWER API
18,18,2020-01-19,1.57,0.0,57.73,2.12,101.4,13.1,华北_河南,34.76,113.65,NASA POWER API
19,19,2020-01-20,0.77,0.0,57.03,2.55,101.57,9.75,华北_河南,34.76,113.65,NASA POWER API
20,20,2020-01-21,0.77,0.0,74.17,1.19,101.41,2.75,华北_河南,34.76,113.65,NASA POWER API
21,21,2020-01-22,1.73,0.0,83.7,0.83,101.28,5.25,华北_河南,34.76,113.65,NASA POWER API
22,22,2020-01-23,2.99,0.0,82.98,1.45,101.59,5.15,华北_河南,34.76,113.65,NASA POWER API
23,23,2020-01-24,2.4,0.09,74.31,3.19,102.29,3.34,华北_河南,34.76,113.65,NASA POWER API
24,24,2020-01-25,3.16,0.05,61.22,1.26,102.13,4.62,华北_河南,34.76,113.65,NASA POWER API
25,25,2020-01-26,1.47,1.62,73.99,2.31,101.93,4.48,华北_河南,34.76,113.65,NASA POWER API
26,26,2020-01-27,2.08,0.0,65.35,1.28,101.49,7.79,华北_河南,34.76,113.65,NASA POWER API
27,27,2020-01-28,3.29,0.0,63.45,1.08,101.28,10.11,华北_河南,34.76,113.65,NASA POWER API
28,28,2020-01-29,3.35,0.0,64.03,1.22,101.46,7.65,华北_河南,34.76,113.65,NASA POWER API
29,29,2020-01-30,3.82,0.0,61.08,1.04,101.49,10.53,华北_河南,34.76,113.65,NASA POWER API
30,30,2020-01-31,5.14,0.0,59.14,1.74,101.3,11.13,华北_河南,34.76,113.65,NASA POWER API
31,31,2020-02-01,2.74,0.0,68.25,2.97,101.51,7.62,华北_河南,34.76,113.65,NASA POWER API
32,32,2020-02-02,4.65,0.0,64.4,1.42,101.61,9.13,华北_河南,34.76,113.65,NASA POWER API
33,33,2020-02-03,2.0,0.0,67.25,2.22,101.79,11.76,华北_河南,34.76,113.65,NASA POWER API
34,34,2020-02-04,2.28,0.0,59.42,3.89,101.55,10.33,华北_河南,34.76,113.65,NASA POWER API
35,35,2020-02-05,-0.92,0.89,74.14,4.58,102.13,2.11,华北_河南,34.76,113.65,NASA POWER API
36,36,2020-02-06,-0.58,2.52,83.81,2.79,102.17,4.08,华北_河南,34.76,113.65,NASA POWER API
37,37,2020-02-07,1.38,0.0,82.39,1.92,102.0,11.62,华北_河南,34.76,113.65,NASA POWER API
38,38,2020-02-08,4.06,0.0,73.82,1.23,102.12,9.99,华北_河南,34.76,113.65,NASA POWER API
39,39,2020-02-09,6.69,0.0,52.53,2.53,101.63,15.31,华北_河南,34.76,113.65,NASA POWER API
40,40,2020-02-10,8.79,0.0,47.85,1.89,100.9,14.45,华北_河南,34.76,113.65,NASA POWER API
41,41,2020-02-11,8.05,0.0,75.91,1.73,100.69,13.98,华北_河南,34.76,113.65,NASA POWER API
42,42,2020-02-12,9.97,0.0,76.15,1.55,100.46,12.99,华北_河南,34.76,113.65,NASA POWER API
43,43,2020-02-13,9.48,0.0,84.78,1.75,100.03,9.22,华北_河南,34.76,113.65,NASA POWER API
44,44,2020-02-14,6.8,2.79,76.11,3.19,100.83,4.17,华北_河南,34.76,113.65,NASA POWER API
45,45,2020-02-15,1.51,0.23,56.29,1.8,102.1,9.23,华北_河南,34.76,113.65,NASA POWER API
46,46,2020-02-16,2.13,0.38,42.54,1.71,102.02,18.28,华北_河南,34.76,113.65,NASA POWER API
47,47,2020-02-17,3.21,0.0,47.45,1.23,102.19,18.25,华北_河南,34.76,113.65,NASA POWER API
48,48,2020-02-18,7.23,0.0,42.37,2.15,101.62,16.65,华北_河南,34.76,113.65,NASA POWER API
49,49,2020-02-19,6.7,0.0,62.47,1.33,101.28,11.95,华北_河南,34.76,113.65,NASA POWER API
50,50,2020-02-20,4.78,0.0,78.11,1.98,101.86,9.05,华北_河南,34.76,113.65,NASA POWER API
51,51,2020-02-21,8.55,0.0,53.15,2.7,101.92,16.23,华北_河南,34.76,113.65,NASA POWER API
52,52,2020-02-22,5.97,0.0,48.21,1.98,102.15,16.21,华北_河南,34.76,113.65,NASA POWER API
53,53,2020-02-23,9.65,0.0,65.43,2.07,101.16,15.79,华北_河南,34.76,113.65,NASA POWER API
54,54,2020-02-24,10.43,0.26,85.79,1.84,100.45,5.0,华北_河南,34.76,113.65,NASA POWER API
55,55,2020-02-25,8.04,0.01,78.69,2.52,101.08,13.38,华北_河南,34.76,113.65,NASA POWER API
56,56,2020-02-26,7.72,1.82,77.62,3.32,101.79,2.63,华北_河南,34.76,113.65,NASA POWER API
57,57,2020-02-27,3.69,12.01,81.56,2.93,101.81,2.93,华北_河南,34.76,113.65,NASA POWER API
58,58,2020-02-28,4.7,3.44,82.05,1.75,100.98,15.05,华北_河南,34.76,113.65,NASA POWER API
59,59,2020-02-29,6.09,2.84,86.15,1.47,100.7,7.74,华北_河南,34.76,113.65,NASA POWER API
60,60,2020-03-01,7.93,0.0,70.75,2.39,101.39,13.85,华北_河南,34.76,113.65,NASA POWER API
61,61,2020-03-02,6.81,0.16,64.46,2.38,101.55,10.27,华北_河南,34.76,113.65,NASA POWER API
62,62,2020-03-03,6.88,0.0,55.28,1.81,101.48,13.24,华北_河南,34.76,113.65,NASA POWER API
63,63,2020-03-04,3.26,0.03,52.5,3.13,101.88,12.34,华北_河南,34.76,113.65,NASA POWER API
64,64,2020-03-05,5.44,0.0,62.23,2.31,101.3,16.41,华北_河南,34.76,113.65,NASA POWER API
65,65,2020-03-06,9.56,0.0,73.5,1.94,100.38,13.88,华北_河南,34.76,113.65,NASA POWER API
66,66,2020-03-07,9.9,0.0,52.89,2.41,100.53,17.66,华北_河南,34.76,113.65,NASA POWER API
67,67,2020-03-08,11.33,0.24,75.21,1.78,100.18,7.43,华北_河南,34.76,113.65,NASA POWER API
68,68,2020-03-09,9.28,3.6,79.48,2.28,100.62,4.46,华北_河南,34.76,113.65,NASA POWER API
69,69,2020-03-10,9.32,0.0,46.96,2.43,100.96,20.09,华北_河南,34.76,113.65,NASA POWER API
70,70,2020-03-11,10.88,0.0,46.99,2.35,100.6,18.28,华北_河南,34.76,113.65,NASA POWER API
71,71,2020-03-12,12.82,0.0,62.12,3.13,100.51,15.81,华北_河南,34.76,113.65,NASA POWER API
72,72,2020-03-13,9.2,0.05,43.84,3.88,101.68,13.48,华北_河南,34.76,113.65,NASA POWER API
73,73,2020-03-14,9.74,0.01,38.26,3.26,101.22,22.89,华北_河南,34.76,113.65,NASA POWER API
74,74,2020-03-15,12.59,0.0,39.36,1.62,100.94,21.69,华北_河南,34.76,113.65,NASA POWER API
75,75,2020-03-16,14.58,0.0,42.87,2.03,100.94,11.87,华北_河南,34.76,113.65,NASA POWER API
76,76,2020-03-17,15.33,0.06,40.35,2.15,100.56,21.69,华北_河南,34.76,113.65,NASA POWER API
77,77,2020-03-18,16.78,0.0,34.35,3.6,99.96,21.42,华北_河南,34.76,113.65,NASA POWER API
78,78,2020-03-19,13.38,0.0,36.96,2.49,100.57,23.38,华北_河南,34.76,113.65,NASA POWER API
79,79,2020-03-20,16.19,0.0,49.69,2.73,99.86,19.43,华北_河南,34.76,113.65,NASA POWER API
80,80,2020-03-21,17.58,0.29,53.13,2.15,99.86,14.84,华北_河南,34.76,113.65,NASA POWER API
81,81,2020-03-22,14.82,0.28,45.35,3.03,100.81,16.77,华北_河南,34.76,113.65,NASA POWER API
82,82,2020-03-23,16.71,0.0,43.83,1.85,100.76,19.28,华北_河南,34.76,113.65,NASA POWER API
83,83,2020-03-24,16.83,0.06,58.84,1.58,100.4,19.27,华北_河南,34.76,113.65,NASA POWER API
84,84,2020-03-25,16.32,19.63,85.74,2.01,99.83,6.61,华北_河南,34.76,113.65,NASA POWER API
85,85,2020-03-26,12.07,7.69,77.24,5.75,100.59,4.75,华北_河南,34.76,113.65,NASA POWER API
86,86,2020-03-27,8.62,0.24,44.89,3.57,101.73,12.69,华北_河南,34.76,113.65,NASA POWER API
87,87,2020-03-28,9.61,0.45,46.28,2.05,101.52,21.52,华北_河南,34.76,113.65,NASA POWER API
88,88,2020-03-29,8.63,0.89,68.39,2.35,101.09,9.4,华北_河南,34.76,113.65,NASA POWER API
89,89,2020-03-30,9.52,0.0,71.26,2.13,100.87,16.96,华北_河南,34.76,113.65,NASA POWER API
90,90,2020-03-31,11.09,0.0,72.37,2.13,100.66,12.73,华北_河南,34.76,113.65,NASA POWER API
91,91,2020-04-01,8.79,1.47,78.94,2.9,101.31,7.57,华北_河南,34.76,113.65,NASA POWER API
92,92,2020-04-02,9.59,0.9,69.98,1.16,101.5,8.75,华北_河南,34.76,113.65,NASA POWER API
93,93,2020-04-03,12.93,0.0,51.34,1.52,101.31,17.32,华北_河南,34.76,113.65,NASA POWER API
94,94,2020-04-04,15.07,0.0,43.46,3.26,101.44,21.77,华北_河南,34.76,113.65,NASA POWER API
95,95,2020-04-05,13.85,0.0,56.59,2.22,101.46,17.3,华北_河南,34.76,113.65,NASA POWER API
96,96,2020-04-06,16.06,0.0,54.19,1.96,100.87,21.94,华北_河南,34.76,113.65,NASA POWER API
97,97,2020-04-07,17.27,0.0,56.77,1.84,100.66,19.07,华北_河南,34.76,113.65,NASA POWER API
98,98,2020-04-08,16.22,0.0,61.95,2.87,100.68,16.82,华北_河南,34.76,113.65,NASA POWER API
99,99,2020-04-09,10.23,0.02,70.62,5.92,101.1,14.4,华北_河南,34.76,113.65,NASA POWER API
100,100,2020-04-10,5.5,11.85,83.02,5.24,101.68,2.64,华北_河南,34.76,113.65,NASA POWER API
101,101,2020-04-11,10.75,0.02,54.36,1.18,101.58,21.31,华北_河南,34.76,113.65,NASA POWER API
102,102,2020-04-12,14.29,0.03,37.68,2.96,101.05,26.51,华北_河南,34.76,113.65,NASA POWER API
103,103,2020-04-13,16.6,0.0,39.79,2.3,100.77,24.61,华北_河南,34.76,113.65,NASA POWER API
104,104,2020-04-14,16.54,0.0,55.81,2.41,100.15,18.07,华北_河南,34.76,113.65,NASA POWER API
105,105,2020-04-15,19.49,0.0,61.43,2.09,99.72,20.14,华北_河南,34.76,113.65,NASA POWER API
106,106,2020-04-16,20.28,0.0,44.52,2.62,99.79,14.88,华北_河南,34.76,113.65,NASA POWER API
107,107,2020-04-17,17.81,0.0,36.63,2.64,100.52,25.57,华北_河南,34.76,113.65,NASA POWER API
108,108,2020-04-18,14.49,4.58,60.73,2.01,100.74,5.41,华北_河南,34.76,113.65,NASA POWER API
109,109,2020-04-19,17.04,0.03,56.71,2.19,100.26,21.97,华北_河南,34.76,113.65,NASA POWER API
110,110,2020-04-20,17.36,0.04,37.94,2.55,100.63,18.62,华北_河南,34.76,113.65,NASA POWER API
111,111,2020-04-21,15.54,0.0,33.91,2.96,100.97,18.15,华北_河南,34.76,113.65,NASA POWER API
112,112,2020-04-22,13.25,0.0,32.47,3.46,101.3,24.78,华北_河南,34.76,113.65,NASA POWER API
113,113,2020-04-23,13.87,0.0,34.92,2.1,101.24,22.59,华北_河南,34.76,113.65,NASA POWER API
114,114,2020-04-24,16.69,0.0,28.85,3.25,100.72,29.24,华北_河南,34.76,113.65,NASA POWER API
115,115,2020-04-25,17.61,0.0,32.92,3.36,100.28,26.73,华北_河南,34.76,113.65,NASA POWER API
116,116,2020-04-26,17.65,0.0,45.47,2.33,100.53,24.16,华北_河南,34.76,113.65,NASA POWER API
117,117,2020-04-27,17.33,0.01,50.69,2.43,101.22,22.65,华北_河南,34.76,113.65,NASA POWER API
118,118,2020-04-28,19.25,0.0,45.65,3.04,100.69,26.5,华北_河南,34.76,113.65,NASA POWER API
119,119,2020-04-29,23.14,0.0,46.18,2.41,99.93,22.71,华北_河南,34.76,113.65,NASA POWER API
120,120,2020-04-30,26.48,0.0,46.04,2.29,99.63,20.7,华北_河南,34.76,113.65,NASA POWER API
121,121,2020-05-01,26.07,0.0,54.63,2.81,99.37,24.09,华北_河南,34.76,113.65,NASA POWER API
122,122,2020-05-02,27.57,0.0,47.46,1.46,99.02,22.86,华北_河南,34.76,113.65,NASA POWER API
123,123,2020-05-03,30.42,0.0,31.5,2.69,99.0,25.54,华北_河南,34.76,113.65,NASA POWER API
124,124,2020-05-04,20.94,1.54,55.48,6.55,100.01,7.3,华北_河南,34.76,113.65,NASA POWER API
125,125,2020-05-05,19.33,3.11,63.45,3.13,100.08,19.72,华北_河南,34.76,113.65,NASA POWER API
126,126,2020-05-06,21.16,0.02,60.58,2.62,100.01,12.56,华北_河南,34.76,113.65,NASA POWER API
127,127,2020-05-07,19.28,25.37,79.04,2.73,99.79,4.8,华北_河南,34.76,113.65,NASA POWER API
128,128,2020-05-08,19.11,18.14,76.03,4.6,99.65,11.14,华北_河南,34.76,113.65,NASA POWER API
129,129,2020-05-09,16.58,6.65,78.66,1.54,100.05,4.77,华北_河南,34.76,113.65,NASA POWER API
130,130,2020-05-10,21.25,0.0,49.54,2.31,100.06,28.1,华北_河南,34.76,113.65,NASA POWER API
131,131,2020-05-11,21.3,0.0,35.01,4.44,100.26,25.04,华北_河南,34.76,113.65,NASA POWER API
132,132,2020-05-12,22.14,0.0,36.63,3.2,99.97,29.11,华北_河南,34.76,113.65,NASA POWER API
133,133,2020-05-13,23.77,0.0,43.04,2.54,99.91,19.95,华北_河南,34.76,113.65,NASA POWER API
134,134,2020-05-14,22.73,0.0,48.68,1.69,99.45,17.3,华北_河南,34.76,113.65,NASA POWER API
135,135,2020-05-15,25.08,0.0,50.69,1.82,99.26,25.01,华北_河南,34.76,113.65,NASA POWER API
136,136,2020-05-16,24.57,1.71,57.44,2.87,99.23,23.27,华北_河南,34.76,113.65,NASA POWER API
137,137,2020-05-17,24.54,0.01,35.98,2.85,99.04,24.98,华北_河南,34.76,113.65,NASA POWER API
138,138,2020-05-18,21.79,0.15,41.21,2.72,99.6,30.05,华北_河南,34.76,113.65,NASA POWER API
139,139,2020-05-19,23.93,0.0,41.09,1.32,99.57,28.02,华北_河南,34.76,113.65,NASA POWER API
140,140,2020-05-20,26.46,0.07,45.26,2.08,99.59,15.94,华北_河南,34.76,113.65,NASA POWER API
141,141,2020-05-21,27.82,0.21,44.91,2.11,99.46,22.98,华北_河南,34.76,113.65,NASA POWER API
142,142,2020-05-22,27.37,0.05,33.44,1.86,99.46,26.75,华北_河南,34.76,113.65,NASA POWER API
143,143,2020-05-23,27.52,0.0,39.47,2.36,99.49,24.55,华北_河南,34.76,113.65,NASA POWER API
144,144,2020-05-24,24.25,0.01,47.4,1.5,100.13,14.01,华北_河南,34.76,113.65,NASA POWER API
145,145,2020-05-25,25.88,0.0,40.48,2.93,99.86,22.45,华北_河南,34.76,113.65,NASA POWER API
146,146,2020-05-26,25.23,0.0,48.33,2.63,99.94,25.16,华北_河南,34.76,113.65,NASA POWER API
147,147,2020-05-27,27.79,0.0,35.41,2.39,99.75,24.31,华北_河南,34.76,113.65,NASA POWER API
148,148,2020-05-28,27.52,0.0,33.33,1.83,99.63,24.62,华北_河南,34.76,113.65,NASA POWER API
149,149,2020-05-29,26.27,0.03,52.36,3.9,99.64,18.79,华北_河南,34.76,113.65,NASA POWER API
150,150,2020-05-30,24.84,2.86,59.11,1.99,99.76,21.16,华北_河南,34.76,113.65,NASA POWER API
151,151,2020-05-31,26.79,0.7,50.6,1.77,99.77,21.88,华北_河南,34.76,113.65,NASA POWER API
152,152,2020-06-01,28.47,0.92,46.47,2.09,99.57,20.8,华北_河南,34.76,113.65,NASA POWER API
153,153,2020-06-02,27.73,0.0,35.22,2.19,99.33,16.03,华北_河南,34.76,113.65,NASA POWER API
154,154,2020-06-03,29.81,0.0,28.55,2.24,98.93,29.07,华北_河南,34.76,113.65,NASA POWER API
155,155,2020-06-04,31.19,0.0,31.89,2.19,98.94,24.95,华北_河南,34.76,113.65,NASA POWER API
156,156,2020-06-05,28.77,0.0,40.69,2.26,99.31,19.65,华北_河南,34.76,113.65,NASA POWER API
157,157,2020-06-06,29.51,0.0,42.61,1.97,99.54,25.04,华北_河南,34.76,113.65,NASA POWER API
158,158,2020-06-07,30.02,0.0,39.62,2.85,99.5,23.27,华北_河南,34.76,113.65,NASA POWER API
159,159,2020-06-08,29.66,0.29,45.37,2.31,99.58,22.98,华北_河南,34.76,113.65,NASA POWER API
160,160,2020-06-09,28.48,7.39,57.17,1.58,99.77,6.89,华北_河南,34.76,113.65,NASA POWER API
161,161,2020-06-10,28.74,0.23,55.87,1.49,99.58,22.73,华北_河南,34.76,113.65,NASA POWER API
162,162,2020-06-11,27.57,11.43,66.45,2.22,99.26,6.32,华北_河南,34.76,113.65,NASA POWER API
163,163,2020-06-12,25.39,3.83,74.93,3.42,99.16,11.67,华北_河南,34.76,113.65,NASA POWER API
164,164,2020-06-13,28.56,0.01,57.79,1.63,99.24,21.27,华北_河南,34.76,113.65,NASA POWER API
165,165,2020-06-14,29.44,0.0,36.3,3.24,99.73,22.17,华北_河南,34.76,113.65,NASA POWER API
166,166,2020-06-15,27.04,8.3,54.63,1.22,99.69,7.34,华北_河南,34.76,113.65,NASA POWER API
167,167,2020-06-16,22.64,30.49,80.9,3.12,99.53,4.07,华北_河南,34.76,113.65,NASA POWER API
168,168,2020-06-17,20.06,51.98,89.96,2.61,99.32,5.06,华北_河南,34.76,113.65,NASA POWER API
169,169,2020-06-18,23.03,0.19,75.22,1.43,99.47,24.4,华北_河南,34.76,113.65,NASA POWER API
170,170,2020-06-19,23.97,0.17,75.51,1.25,99.77,16.56,华北_河南,34.76,113.65,NASA POWER API
171,171,2020-06-20,25.62,0.0,71.22,1.92,99.54,16.0,华北_河南,34.76,113.65,NASA POWER API
172,172,2020-06-21,26.34,0.1,68.89,1.93,99.3,19.92,华北_河南,34.76,113.65,NASA POWER API
173,173,2020-06-22,24.37,2.34,76.52,1.62,99.4,9.14,华北_河南,34.76,113.65,NASA POWER API
174,174,2020-06-23,26.45,0.01,64.06,1.4,99.26,17.02,华北_河南,34.76,113.65,NASA POWER API
175,175,2020-06-24,28.23,0.62,58.21,1.42,99.15,21.36,华北_河南,34.76,113.65,NASA POWER API
176,176,2020-06-25,29.66,1.29,64.84,1.84,99.07,24.45,华北_河南,34.76,113.65,NASA POWER API
177,177,2020-06-26,27.89,6.68,74.67,1.58,99.22,11.58,华北_河南,34.76,113.65,NASA POWER API
178,178,2020-06-27,29.04,7.27,64.66,1.71,99.24,11.93,华北_河南,34.76,113.65,NASA POWER API
179,179,2020-06-28,25.06,13.64,77.29,2.72,99.24,10.65,华北_河南,34.76,113.65,NASA POWER API
180,180,2020-06-29,27.27,1.5,64.77,1.98,98.99,21.76,华北_河南,34.76,113.65,NASA POWER API
181,181,2020-06-30,26.76,0.45,67.43,2.72,99.14,18.55,华北_河南,34.76,113.65,NASA POWER API
182,182,2020-07-01,26.62,0.01,63.23,1.47,99.49,15.82,华北_河南,34.76,113.65,NASA POWER API
183,183,2020-07-02,24.61,7.71,80.24,1.67,99.44,18.13,华北_河南,34.76,113.65,NASA POWER API
184,184,2020-07-03,26.48,0.1,69.34,1.72,99.64,12.22,华北_河南,34.76,113.65,NASA POWER API
185,185,2020-07-04,26.57,25.05,79.27,1.88,99.51,15.15,华北_河南,34.76,113.65,NASA POWER API
186,186,2020-07-05,28.81,3.74,66.76,1.28,98.86,21.19,华北_河南,34.76,113.65,NASA POWER API
187,187,2020-07-06,30.58,0.0,57.15,1.38,98.69,26.56,华北_河南,34.76,113.65,NASA POWER API
188,188,2020-07-07,30.84,0.0,63.93,1.83,99.26,21.85,华北_河南,34.76,113.65,NASA POWER API
189,189,2020-07-08,29.43,3.88,68.55,1.82,99.27,19.42,华北_河南,34.76,113.65,NASA POWER API
190,190,2020-07-09,28.54,2.08,69.81,2.25,98.93,16.41,华北_河南,34.76,113.65,NASA POWER API
191,191,2020-07-10,27.01,0.24,72.49,1.56,99.22,14.65,华北_河南,34.76,113.65,NASA POWER API
192,192,2020-07-11,25.59,14.76,75.51,3.27,99.29,6.42,华北_河南,34.76,113.65,NASA POWER API
193,193,2020-07-12,23.26,7.94,76.26,5.1,99.34,7.75,华北_河南,34.76,113.65,NASA POWER API
194,194,2020-07-13,25.93,0.04,67.17,1.37,99.69,20.65,华北_河南,34.76,113.65,NASA POWER API
195,195,2020-07-14,25.07,2.22,74.58,1.31,99.7,8.86,华北_河南,34.76,113.65,NASA POWER API
196,196,2020-07-15,26.66,0.03,68.19,1.95,99.46,22.64,华北_河南,34.76,113.65,NASA POWER API
197,197,2020-07-16,27.53,0.28,66.58,1.98,99.34,20.6,华北_河南,34.76,113.65,NASA POWER API
198,198,2020-07-17,23.72,8.06,77.56,1.51,99.38,7.22,华北_河南,34.76,113.65,NASA POWER API
199,199,2020-07-18,23.94,1.04,74.36,1.32,99.24,14.28,华北_河南,34.76,113.65,NASA POWER API
200,200,2020-07-19,26.29,1.21,67.1,1.38,99.28,11.57,华北_河南,34.76,113.65,NASA POWER API
201,201,2020-07-20,27.94,0.0,64.38,2.08,99.61,26.87,华北_河南,34.76,113.65,NASA POWER API
202,202,2020-07-21,26.9,0.42,74.34,2.25,99.7,14.62,华北_河南,34.76,113.65,NASA POWER API
203,203,2020-07-22,24.19,24.83,81.88,4.49,99.32,6.27,华北_河南,34.76,113.65,NASA POWER API
204,204,2020-07-23,26.59,0.01,66.06,1.67,99.64,22.91,华北_河南,34.76,113.65,NASA POWER API
205,205,2020-07-24,26.99,1.75,65.02,1.77,99.77,18.03,华北_河南,34.76,113.65,NASA POWER API
206,206,2020-07-25,26.51,0.54,71.26,1.58,99.62,17.77,华北_河南,34.76,113.65,NASA POWER API
207,207,2020-07-26,25.1,2.91,81.08,1.93,99.48,7.3,华北_河南,34.76,113.65,NASA POWER API
208,208,2020-07-27,25.89,0.12,74.88,1.69,99.44,12.87,华北_河南,34.76,113.65,NASA POWER API
209,209,2020-07-28,27.61,0.0,72.36,1.64,99.66,17.61,华北_河南,34.76,113.65,NASA POWER API
210,210,2020-07-29,28.7,0.0,71.67,1.63,99.79,20.32,华北_河南,34.76,113.65,NASA POWER API
211,211,2020-07-30,29.31,0.11,72.0,1.92,99.79,19.72,华北_河南,34.76,113.65,NASA POWER API
212,212,2020-07-31,30.01,0.53,72.01,1.76,99.57,19.4,华北_河南,34.76,113.65,NASA POWER API
213,213,2020-08-01,29.49,0.98,77.29,1.11,99.43,13.75,华北_河南,34.76,113.65,NASA POWER API
214,214,2020-08-02,30.33,2.37,76.54,1.98,99.1,17.95,华北_河南,34.76,113.65,NASA POWER API
215,215,2020-08-03,30.36,6.68,81.0,1.74,99.08,14.78,华北_河南,34.76,113.65,NASA POWER API
216,216,2020-08-04,29.8,18.77,83.28,1.28,99.18,14.57,华北_河南,34.76,113.65,NASA POWER API
217,217,2020-08-05,29.12,5.07,85.02,2.31,99.32,10.08,华北_河南,34.76,113.65,NASA POWER API
218,218,2020-08-06,26.64,38.6,87.72,2.91,99.3,5.58,华北_河南,34.76,113.65,NASA POWER API
219,219,2020-08-07,27.29,52.23,88.18,1.91,99.07,4.4,华北_河南,34.76,113.65,NASA POWER API
220,220,2020-08-08,27.04,2.4,80.24,1.39,98.99,16.49,华北_河南,34.76,113.65,NASA POWER API
221,221,2020-08-09,29.34,1.38,75.25,1.18,98.76,23.13,华北_河南,34.76,113.65,NASA POWER API
222,222,2020-08-10,29.69,0.0,79.49,1.28,98.9,22.11,华北_河南,34.76,113.65,NASA POWER API
223,223,2020-08-11,28.72,0.26,81.73,1.55,99.39,15.94,华北_河南,34.76,113.65,NASA POWER API
224,224,2020-08-12,29.16,3.07,86.74,2.39,99.25,14.14,华北_河南,34.76,113.65,NASA POWER API
225,225,2020-08-13,28.5,7.33,82.5,3.03,99.12,15.78,华北_河南,34.76,113.65,NASA POWER API
226,226,2020-08-14,29.37,1.15,74.9,1.46,99.12,14.17,华北_河南,34.76,113.65,NASA POWER API
227,227,2020-08-15,26.74,10.54,89.34,2.6,99.22,13.69,华北_河南,34.76,113.65,NASA POWER API
228,228,2020-08-16,26.74,3.72,85.62,2.52,99.5,15.11,华北_河南,34.76,113.65,NASA POWER API
229,229,2020-08-17,29.1,6.14,84.63,1.94,99.63,21.72,华北_河南,34.76,113.65,NASA POWER API
230,230,2020-08-18,28.54,3.3,81.67,1.84,99.66,22.47,华北_河南,34.76,113.65,NASA POWER API
231,231,2020-08-19,24.64,9.22,80.8,2.75,99.92,10.29,华北_河南,34.76,113.65,NASA POWER API
232,232,2020-08-20,22.33,9.16,85.3,3.59,100.35,4.48,华北_河南,34.76,113.65,NASA POWER API
233,233,2020-08-21,22.69,2.73,80.99,3.28,100.42,11.73,华北_河南,34.76,113.65,NASA POWER API
234,234,2020-08-22,23.43,0.93,84.1,1.83,100.09,7.31,华北_河南,34.76,113.65,NASA POWER API
235,235,2020-08-23,26.48,2.86,86.79,2.31,99.38,9.14,华北_河南,34.76,113.65,NASA POWER API
236,236,2020-08-24,26.53,2.93,81.31,2.53,99.04,12.72,华北_河南,34.76,113.65,NASA POWER API
237,237,2020-08-25,27.36,0.0,68.22,1.1,99.3,18.73,华北_河南,34.76,113.65,NASA POWER API
238,238,2020-08-26,26.14,0.12,69.83,1.95,99.25,23.71,华北_河南,34.76,113.65,NASA POWER API
239,239,2020-08-27,26.08,0.04,74.12,1.41,99.12,23.62,华北_河南,34.76,113.65,NASA POWER API
240,240,2020-08-28,27.15,0.0,72.72,1.46,99.37,23.59,华北_河南,34.76,113.65,NASA POWER API
241,241,2020-08-29,27.34,0.0,71.11,1.31,99.72,23.43,华北_河南,34.76,113.65,NASA POWER API
242,242,2020-08-30,27.96,0.0,69.11,0.91,99.87,19.31,华北_河南,34.76,113.65,NASA POWER API
243,243,2020-08-31,27.9,0.12,64.89,2.26,99.91,20.66,华北_河南,34.76,113.65,NASA POWER API
244,244,2020-09-01,27.13,0.04,60.34,1.21,99.88,21.06,华北_河南,34.76,113.65,NASA POWER API
245,245,2020-09-02,25.26,0.33,56.46,2.15,99.91,23.59,华北_河南,34.76,113.65,NASA POWER API
246,246,2020-09-03,25.73,0.01,51.36,1.85,99.9,24.71,华北_河南,34.76,113.65,NASA POWER API
247,247,2020-09-04,26.38,0.0,49.24,1.74,99.71,24.24,华北_河南,34.76,113.65,NASA POWER API
248,248,2020-09-05,26.37,0.0,58.36,2.39,99.7,20.38,华北_河南,34.76,113.65,NASA POWER API
249,249,2020-09-06,27.75,0.0,59.39,1.52,99.71,21.84,华北_河南,34.76,113.65,NASA POWER API
250,250,2020-09-07,28.4,7.17,57.87,1.09,99.59,21.72,华北_河南,34.76,113.65,NASA POWER API
251,251,2020-09-08,27.37,1.84,61.2,1.52,99.98,21.21,华北_河南,34.76,113.65,NASA POWER API
252,252,2020-09-09,26.06,8.43,71.13,1.2,99.97,14.41,华北_河南,34.76,113.65,NASA POWER API
253,253,2020-09-10,24.62,6.05,69.97,1.51,99.78,16.44,华北_河南,34.76,113.65,NASA POWER API
254,254,2020-09-11,22.78,0.0,66.68,2.64,100.31,21.21,华北_河南,34.76,113.65,NASA POWER API
255,255,2020-09-12,23.11,0.0,66.66,2.6,100.71,19.83,华北_河南,34.76,113.65,NASA POWER API
256,256,2020-09-13,23.51,0.0,69.26,1.78,100.65,15.81,华北_河南,34.76,113.65,NASA POWER API
257,257,2020-09-14,24.71,0.88,67.67,1.35,100.21,11.72,华北_河南,34.76,113.65,NASA POWER API
258,258,2020-09-15,24.65,0.83,69.7,2.0,99.78,12.92,华北_河南,34.76,113.65,NASA POWER API
259,259,2020-09-16,22.08,0.0,46.47,1.63,99.99,15.46,华北_河南,34.76,113.65,NASA POWER API
260,260,2020-09-17,20.85,0.0,49.79,1.65,100.33,18.18,华北_河南,34.76,113.65,NASA POWER API
261,261,2020-09-18,23.04,0.0,45.68,2.01,100.44,20.84,华北_河南,34.76,113.65,NASA POWER API
262,262,2020-09-19,23.44,0.0,52.81,1.98,100.46,20.98,华北_河南,34.76,113.65,NASA POWER API
263,263,2020-09-20,22.94,0.02,59.03,2.19,100.57,12.95,华北_河南,34.76,113.65,NASA POWER API
264,264,2020-09-21,20.37,2.59,70.19,1.37,100.68,5.36,华北_河南,34.76,113.65,NASA POWER API
265,265,2020-09-22,21.64,0.01,63.32,1.03,100.61,9.21,华北_河南,34.76,113.65,NASA POWER API
266,266,2020-09-23,22.61,0.97,66.86,1.3,100.49,13.39,华北_河南,34.76,113.65,NASA POWER API
267,267,2020-09-24,22.04,0.06,66.87,1.0,100.43,13.96,华北_河南,34.76,113.65,NASA POWER API
268,268,2020-09-25,21.55,0.0,69.8,2.53,100.49,10.92,华北_河南,34.76,113.65,NASA POWER API
269,269,2020-09-26,21.35,0.44,68.45,2.27,100.61,8.39,华北_河南,34.76,113.65,NASA POWER API
270,270,2020-09-27,21.41,1.76,74.16,1.61,100.6,10.23,华北_河南,34.76,113.65,NASA POWER API
271,271,2020-09-28,21.15,0.01,67.28,1.32,100.4,8.92,华北_河南,34.76,113.65,NASA POWER API
272,272,2020-09-29,20.87,0.0,65.09,2.2,100.29,6.17,华北_河南,34.76,113.65,NASA POWER API
273,273,2020-09-30,18.61,0.0,68.83,2.21,100.48,11.91,华北_河南,34.76,113.65,NASA POWER API
274,274,2020-10-01,21.47,0.01,70.15,1.55,100.06,9.34,华北_河南,34.76,113.65,NASA POWER API
275,275,2020-10-02,18.29,4.18,54.91,2.23,100.57,3.24,华北_河南,34.76,113.65,NASA POWER API
276,276,2020-10-03,17.99,0.36,61.08,1.42,100.68,3.25,华北_河南,34.76,113.65,NASA POWER API
277,277,2020-10-04,14.66,0.0,44.95,2.55,101.14,10.88,华北_河南,34.76,113.65,NASA POWER API
278,278,2020-10-05,13.28,0.3,49.18,1.17,101.48,6.49,华北_河南,34.76,113.65,NASA POWER API
279,279,2020-10-06,14.17,0.0,57.11,1.72,101.33,6.96,华北_河南,34.76,113.65,NASA POWER API
280,280,2020-10-07,15.8,0.0,61.22,1.81,101.43,14.81,华北_河南,34.76,113.65,NASA POWER API
281,281,2020-10-08,16.16,0.0,61.18,1.29,101.53,9.77,华北_河南,34.76,113.65,NASA POWER API
282,282,2020-10-09,17.8,0.0,61.17,0.99,101.24,9.11,华北_河南,34.76,113.65,NASA POWER API
283,283,2020-10-10,18.13,0.25,65.01,0.88,100.86,3.29,华北_河南,34.76,113.65,NASA POWER API
284,284,2020-10-11,18.05,0.41,72.19,1.41,100.62,4.02,华北_河南,34.76,113.65,NASA POWER API
285,285,2020-10-12,16.96,0.02,48.53,2.78,101.07,4.23,华北_河南,34.76,113.65,NASA POWER API
286,286,2020-10-13,15.82,17.14,76.88,1.09,101.19,3.12,华北_河南,34.76,113.65,NASA POWER API
287,287,2020-10-14,13.4,14.15,80.23,2.72,101.74,1.9,华北_河南,34.76,113.65,NASA POWER API
288,288,2020-10-15,13.08,0.51,79.24,1.8,101.56,3.72,华北_河南,34.76,113.65,NASA POWER API
289,289,2020-10-16,14.18,0.0,61.75,2.44,101.52,10.91,华北_河南,34.76,113.65,NASA POWER API
290,290,2020-10-17,14.1,0.0,57.61,1.98,101.45,14.12,华北_河南,34.76,113.65,NASA POWER API
291,291,2020-10-18,15.34,0.0,61.02,1.29,101.25,12.07,华北_河南,34.76,113.65,NASA POWER API
292,292,2020-10-19,15.48,0.0,62.49,1.36,101.33,13.86,华北_河南,34.76,113.65,NASA POWER API
293,293,2020-10-20,15.17,0.0,65.21,1.85,101.23,6.84,华北_河南,34.76,113.65,NASA POWER API
294,294,2020-10-21,15.78,0.0,47.33,1.81,100.84,15.6,华北_河南,34.76,113.65,NASA POWER API
295,295,2020-10-22,13.41,0.0,45.12,1.89,101.05,14.88,华北_河南,34.76,113.65,NASA POWER API
296,296,2020-10-23,10.91,0.0,48.74,1.84,101.38,16.79,华北_河南,34.76,113.65,NASA POWER API
297,297,2020-10-24,11.86,0.0,53.26,1.58,101.21,11.64,华北_河南,34.76,113.65,NASA POWER API
298,298,2020-10-25,15.24,0.0,56.92,1.49,100.78,13.34,华北_河南,34.76,113.65,NASA POWER API
299,299,2020-10-26,18.59,0.0,53.58,0.99,100.75,11.09,华北_河南,34.76,113.65,NASA POWER API
300,300,2020-10-27,14.24,0.93,49.25,3.82,101.3,3.26,华北_河南,34.76,113.65,NASA POWER API
301,301,2020-10-28,13.32,0.18,58.54,1.35,101.68,5.87,华北_河南,34.76,113.65,NASA POWER API
302,302,2020-10-29,13.96,0.01,57.37,1.03,101.55,10.06,华北_河南,34.76,113.65,NASA POWER API
303,303,2020-10-30,13.51,0.14,66.67,1.74,101.53,7.79,华北_河南,34.76,113.65,NASA POWER API
304,304,2020-10-31,16.18,0.78,58.76,2.1,101.04,10.53,华北_河南,34.76,113.65,NASA POWER API
305,305,2020-11-01,14.64,0.0,40.2,1.77,101.14,12.05,华北_河南,34.76,113.65,NASA POWER API
306,306,2020-11-02,12.84,0.02,44.31,1.99,101.47,14.81,华北_河南,34.76,113.65,NASA POWER API
307,307,2020-11-03,9.99,0.02,52.36,1.41,101.69,11.98,华北_河南,34.76,113.65,NASA POWER API
308,308,2020-11-04,11.68,0.0,58.22,1.85,101.22,11.05,华北_河南,34.76,113.65,NASA POWER API
309,309,2020-11-05,13.84,0.06,61.4,1.23,101.02,5.58,华北_河南,34.76,113.65,NASA POWER API
310,310,2020-11-06,14.8,0.0,52.76,2.37,101.05,12.44,华北_河南,34.76,113.65,NASA POWER API
311,311,2020-11-07,13.72,0.0,41.84,2.13,101.28,14.2,华北_河南,34.76,113.65,NASA POWER API
312,312,2020-11-08,11.26,0.0,38.88,2.77,101.88,14.06,华北_河南,34.76,113.65,NASA POWER API
313,313,2020-11-09,12.63,0.0,42.92,1.2,101.58,12.45,华北_河南,34.76,113.65,NASA POWER API
314,314,2020-11-10,12.62,0.0,52.63,1.34,101.59,10.97,华北_河南,34.76,113.65,NASA POWER API
315,315,2020-11-11,12.87,0.03,65.6,1.72,101.64,9.55,华北_河南,34.76,113.65,NASA POWER API
316,316,2020-11-12,14.91,0.0,61.74,1.48,101.54,10.53,华北_河南,34.76,113.65,NASA POWER API
317,317,2020-11-13,12.56,0.0,53.46,3.13,101.85,8.79,华北_河南,34.76,113.65,NASA POWER API
318,318,2020-11-14,12.6,0.0,66.84,1.82,101.54,10.19,华北_河南,34.76,113.65,NASA POWER API
319,319,2020-11-15,11.88,0.0,77.52,1.54,101.35,10.27,华北_河南,34.76,113.65,NASA POWER API
320,320,2020-11-16,13.77,0.17,78.36,2.92,101.15,7.04,华北_河南,34.76,113.65,NASA POWER API
321,321,2020-11-17,12.64,13.29,88.28,3.8,100.29,1.57,华北_河南,34.76,113.65,NASA POWER API
322,322,2020-11-18,12.96,11.76,79.04,3.19,99.71,5.36,华北_河南,34.76,113.65,NASA POWER API
323,323,2020-11-19,9.46,0.0,63.65,1.81,100.53,10.58,华北_河南,34.76,113.65,NASA POWER API
324,324,2020-11-20,7.11,2.96,66.01,3.51,101.4,5.52,华北_河南,34.76,113.65,NASA POWER API
325,325,2020-11-21,4.94,7.81,81.16,2.1,101.58,3.42,华北_河南,34.76,113.65,NASA POWER API
326,326,2020-11-22,3.73,0.38,73.08,2.65,102.34,4.62,华北_河南,34.76,113.65,NASA POWER API
327,327,2020-11-23,2.0,2.57,79.66,0.85,102.31,3.48,华北_河南,34.76,113.65,NASA POWER API
328,328,2020-11-24,2.62,0.0,82.31,1.41,101.88,7.44,华北_河南,34.76,113.65,NASA POWER API
329,329,2020-11-25,4.34,0.0,77.17,1.1,101.79,3.36,华北_河南,34.76,113.65,NASA POWER API
330,330,2020-11-26,4.55,0.0,68.6,1.51,102.12,4.62,华北_河南,34.76,113.65,NASA POWER API
331,331,2020-11-27,4.01,0.0,62.02,2.09,102.53,6.51,华北_河南,34.76,113.65,NASA POWER API
332,332,2020-11-28,2.21,0.0,64.73,1.32,102.49,5.66,华北_河南,34.76,113.65,NASA POWER API
333,333,2020-11-29,2.76,0.0,72.23,1.5,102.19,6.95,华北_河南,34.76,113.65,NASA POWER API
334,334,2020-11-30,0.03,0.03,75.76,1.94,102.67,2.28,华北_河南,34.76,113.65,NASA POWER API
335,335,2020-12-01,0.31,4.25,80.11,1.48,102.57,2.04,华北_河南,34.76,113.65,NASA POWER API
336,336,2020-12-02,-0.34,0.02,91.57,1.06,102.51,5.24,华北_河南,34.76,113.65,NASA POWER API
337,337,2020-12-03,0.17,0.0,69.81,1.65,102.79,5.79,华北_河南,34.76,113.65,NASA POWER API
338,338,2020-12-04,2.0,0.0,62.28,0.94,102.32,10.12,华北_河南,34.76,113.65,NASA POWER API
339,339,2020-12-05,2.73,0.0,61.85,1.16,101.91,8.38,华北_河南,34.76,113.65,NASA POWER API
340,340,2020-12-06,3.98,0.0,69.24,1.37,101.74,3.45,华北_河南,34.76,113.65,NASA POWER API
341,341,2020-12-07,1.3,0.0,57.59,2.82,102.4,4.62,华北_河南,34.76,113.65,NASA POWER API
342,342,2020-12-08,0.83,0.0,59.22,1.24,102.0,3.76,华北_河南,34.76,113.65,NASA POWER API
343,343,2020-12-09,3.59,0.0,64.64,1.51,101.36,4.77,华北_河南,34.76,113.65,NASA POWER API
344,344,2020-12-10,4.62,0.0,58.51,1.36,101.3,8.47,华北_河南,34.76,113.65,NASA POWER API
345,345,2020-12-11,3.3,0.0,57.79,1.42,101.19,7.12,华北_河南,34.76,113.65,NASA POWER API
346,346,2020-12-12,4.19,0.0,56.27,1.6,101.01,7.85,华北_河南,34.76,113.65,NASA POWER API
347,347,2020-12-13,-0.04,0.0,46.31,3.0,101.99,8.41,华北_河南,34.76,113.65,NASA POWER API
348,348,2020-12-14,-2.54,0.0,50.95,1.66,102.52,11.48,华北_河南,34.76,113.65,NASA POWER API
349,349,2020-12-15,-0.5,0.0,49.93,0.96,102.36,10.57,华北_河南,34.76,113.65,NASA POWER API
350,350,2020-12-16,-0.54,0.0,49.58,1.51,102.51,9.2,华北_河南,34.76,113.65,NASA POWER API
351,351,2020-12-17,0.85,0.0,52.39,1.42,102.06,5.72,华北_河南,34.76,113.65,NASA POWER API
352,352,2020-12-18,0.47,0.0,49.48,3.42,102.45,8.3,华北_河南,34.76,113.65,NASA POWER API
353,353,2020-12-19,-0.07,0.0,53.99,1.6,102.63,8.85,华北_河南,34.76,113.65,NASA POWER API
354,354,2020-12-20,0.58,0.0,53.99,1.48,102.33,9.67,华北_河南,34.76,113.65,NASA POWER API
355,355,2020-12-21,1.62,0.0,57.87,1.56,101.82,9.47,华北_河南,34.76,113.65,NASA POWER API
356,356,2020-12-22,4.06,0.0,60.4,1.34,101.26,9.66,华北_河南,34.76,113.65,NASA POWER API
357,357,2020-12-23,4.92,0.0,48.75,1.46,101.22,9.69,华北_河南,34.76,113.65,NASA POWER API
358,358,2020-12-24,4.14,0.0,40.88,1.32,101.48,11.41,华北_河南,34.76,113.65,NASA POWER API
359,359,2020-12-25,4.18,0.0,49.15,1.63,101.28,9.3,华北_河南,34.76,113.65,NASA POWER API
360,360,2020-12-26,5.42,0.0,61.17,1.32,100.88,5.85,华北_河南,34.76,113.65,NASA POWER API
361,361,2020-12-27,5.36,0.0,56.95,1.28,100.79,8.73,华北_河南,34.76,113.65,NASA POWER API
362,362,2020-12-28,2.67,1.17,73.1,3.91,101.19,5.22,华北_河南,34.76,113.65,NASA POWER API
363,363,2020-12-29,-2.54,1.25,53.66,5.21,102.61,5.45,华北_河南,34.76,113.65,NASA POWER API
364,364,2020-12-30,-4.57,0.0,39.76,2.68,103.05,13.25,华北_河南,34.76,113.65,NASA POWER API
365,365,2020-12-31,-3.13,0.0,43.5,2.29,102.39,12.68,华北_河南,34.76,113.65,NASA POWER API
366,366,2021-01-01,-1.1,0.0,51.85,2.27,101.62,11.42,华北_河南,34.76,113.65,NASA POWER API
367,367,2021-01-02,0.95,0.0,55.17,2.01,101.71,8.61,华北_河南,34.76,113.65,NASA POWER API
368,368,2021-01-03,-0.48,0.0,60.47,2.34,102.12,6.22,华北_河南,34.76,113.65,NASA POWER API
369,369,2021-01-04,-1.18,0.0,61.18,1.85,102.06,5.24,华北_河南,34.76,113.65,NASA POWER API
370,370,2021-01-05,-1.99,0.0,52.67,3.05,102.48,8.18,华北_河南,34.76,113.65,NASA POWER API
371,371,2021-01-06,-4.42,0.0,42.11,2.94,102.42,12.21,华北_河南,34.76,113.65,NASA POWER API
372,372,2021-01-07,-8.11,0.0,42.41,1.77,102.96,12.23,华北_河南,34.76,113.65,NASA POWER API
373,373,2021-01-08,-4.92,0.0,42.98,3.15,102.37,12.92,华北_河南,34.76,113.65,NASA POWER API
374,374,2021-01-09,-3.01,0.0,48.51,1.47,102.05,12.35,华北_河南,34.76,113.65,NASA POWER API
375,375,2021-01-10,-0.23,0.0,45.19,1.49,102.15,8.65,华北_河南,34.76,113.65,NASA POWER API
376,376,2021-01-11,-0.76,0.0,43.93,3.61,101.97,13.14,华北_河南,34.76,113.65,NASA POWER API
377,377,2021-01-12,1.12,0.0,48.38,3.14,100.59,12.25,华北_河南,34.76,113.65,NASA POWER API
378,378,2021-01-13,5.0,0.0,48.44,1.97,100.33,12.37,华北_河南,34.76,113.65,NASA POWER API
379,379,2021-01-14,5.22,0.0,54.22,1.52,100.25,11.55,华北_河南,34.76,113.65,NASA POWER API
380,380,2021-01-15,2.21,0.0,56.1,1.62,101.22,5.91,华北_河南,34.76,113.65,NASA POWER API
381,381,2021-01-16,0.49,0.0,59.89,1.48,102.22,8.12,华北_河南,34.76,113.65,NASA POWER API
382,382,2021-01-17,0.21,0.0,43.12,3.7,102.08,14.1,华北_河南,34.76,113.65,NASA POWER API
383,383,2021-01-18,2.57,0.0,43.05,1.61,101.21,12.72,华北_河南,34.76,113.65,NASA POWER API
384,384,2021-01-19,0.61,0.0,68.4,3.14,101.27,10.89,华北_河南,34.76,113.65,NASA POWER API
385,385,2021-01-20,0.92,0.0,70.14,1.5,101.21,7.03,华北_河南,34.76,113.65,NASA POWER API
386,386,2021-01-21,2.72,0.0,73.58,1.28,101.07,5.71,华北_河南,34.76,113.65,NASA POWER API
387,387,2021-01-22,2.75,0.0,66.69,2.45,101.16,6.07,华北_河南,34.76,113.65,NASA POWER API
388,388,2021-01-23,3.34,0.0,64.45,1.71,101.21,7.42,华北_河南,34.76,113.65,NASA POWER API
389,389,2021-01-24,3.13,1.02,66.43,1.63,101.36,2.21,华北_河南,34.76,113.65,NASA POWER API
390,390,2021-01-25,4.07,0.83,73.14,1.38,101.48,5.24,华北_河南,34.76,113.65,NASA POWER API
391,391,2021-01-26,4.93,0.0,51.59,1.49,101.52,11.57,华北_河南,34.76,113.65,NASA POWER API
392,392,2021-01-27,4.8,0.0,56.14,1.81,101.33,8.34,华北_河南,34.76,113.65,NASA POWER API
393,393,2021-01-28,2.58,0.0,34.82,2.2,101.96,15.1,华北_河南,34.76,113.65,NASA POWER API
394,394,2021-01-29,4.74,0.0,44.25,2.29,101.38,12.67,华北_河南,34.76,113.65,NASA POWER API
395,395,2021-01-30,6.25,0.0,42.47,2.21,101.28,13.95,华北_河南,34.76,113.65,NASA POWER API
396,396,2021-01-31,6.69,0.01,43.08,2.46,100.99,10.75,华北_河南,34.76,113.65,NASA POWER API
397,397,2021-02-01,6.55,0.0,42.91,2.34,101.06,12.86,华北_河南,34.76,113.65,NASA POWER API
398,398,2021-02-02,2.49,0.0,48.77,2.24,101.76,13.46,华北_河南,34.76,113.65,NASA POWER API
399,399,2021-02-03,6.12,0.0,43.85,2.26,101.3,12.31,华北_河南,34.76,113.65,NASA POWER API
400,400,2021-02-04,5.09,0.0,48.52,1.95,101.67,11.37,华北_河南,34.76,113.65,NASA POWER API
401,401,2021-02-05,9.11,0.0,44.27,2.55,100.77,14.53,华北_河南,34.76,113.65,NASA POWER API
402,402,2021-02-06,9.27,0.0,42.46,2.41,100.56,14.21,华北_河南,34.76,113.65,NASA POWER API
403,403,2021-02-07,5.57,0.0,47.35,5.43,101.5,10.29,华北_河南,34.76,113.65,NASA POWER API
404,404,2021-02-08,3.3,0.0,52.55,1.91,102.17,12.03,华北_河南,34.76,113.65,NASA POWER API
405,405,2021-02-09,4.31,0.0,63.71,1.76,101.45,13.13,华北_河南,34.76,113.65,NASA POWER API
406,406,2021-02-10,7.82,0.0,68.39,1.26,101.13,11.66,华北_河南,34.76,113.65,NASA POWER API
407,407,2021-02-11,9.57,0.0,69.56,1.75,100.93,12.81,华北_河南,34.76,113.65,NASA POWER API
408,408,2021-02-12,10.17,0.0,74.01,1.35,100.84,12.84,华北_河南,34.76,113.65,NASA POWER API
409,409,2021-02-13,8.98,2.49,89.8,1.12,100.93,6.2,华北_河南,34.76,113.65,NASA POWER API
410,410,2021-02-14,10.96,0.08,62.44,1.9,100.49,13.74,华北_河南,34.76,113.65,NASA POWER API
411,411,2021-02-15,5.14,0.92,60.66,2.64,101.24,8.39,华北_河南,34.76,113.65,NASA POWER API
412,412,2021-02-16,5.97,0.0,43.71,2.93,101.18,16.88,华北_河南,34.76,113.65,NASA POWER API
413,413,2021-02-17,2.48,0.0,48.21,2.38,101.97,16.51,华北_河南,34.76,113.65,NASA POWER API
414,414,2021-02-18,6.49,0.0,53.93,2.32,101.69,13.44,华北_河南,34.76,113.65,NASA POWER API
415,415,2021-02-19,11.42,0.0,37.94,3.57,100.64,17.59,华北_河南,34.76,113.65,NASA POWER API
416,416,2021-02-20,12.31,0.0,37.78,3.61,100.09,18.0,华北_河南,34.76,113.65,NASA POWER API
417,417,2021-02-21,16.26,0.0,34.86,3.21,99.7,17.99,华北_河南,34.76,113.65,NASA POWER API
418,418,2021-02-22,11.88,0.0,39.2,5.5,100.92,13.88,华北_河南,34.76,113.65,NASA POWER API
419,419,2021-02-23,8.7,0.0,47.3,3.12,101.34,15.43,华北_河南,34.76,113.65,NASA POWER API
420,420,2021-02-24,3.61,23.91,75.57,4.02,101.2,1.89,华北_河南,34.76,113.65,NASA POWER API
421,421,2021-02-25,1.59,1.11,91.2,2.88,101.29,3.41,华北_河南,34.76,113.65,NASA POWER API
422,422,2021-02-26,3.19,0.19,78.13,3.02,101.49,7.48,华北_河南,34.76,113.65,NASA POWER API
423,423,2021-02-27,5.87,0.17,70.93,1.86,101.21,11.66,华北_河南,34.76,113.65,NASA POWER API
424,424,2021-02-28,7.55,13.97,90.55,1.77,100.9,2.34,华北_河南,34.76,113.65,NASA POWER API
425,425,2021-03-01,4.21,2.44,68.41,4.86,101.67,8.11,华北_河南,34.76,113.65,NASA POWER API
426,426,2021-03-02,6.43,0.0,64.24,2.41,101.71,16.62,华北_河南,34.76,113.65,NASA POWER API
427,427,2021-03-03,9.66,0.0,67.07,2.6,101.02,17.81,华北_河南,34.76,113.65,NASA POWER API
428,428,2021-03-04,12.27,0.08,66.36,1.9,100.62,15.15,华北_河南,34.76,113.65,NASA POWER API
429,429,2021-03-05,12.62,0.01,69.15,2.86,100.78,12.53,华北_河南,34.76,113.65,NASA POWER API
430,430,2021-03-06,2.5,0.0,59.79,6.55,102.19,5.58,华北_河南,34.76,113.65,NASA POWER API
431,431,2021-03-07,4.37,0.0,62.24,1.08,101.94,12.38,华北_河南,34.76,113.65,NASA POWER API
432,432,2021-03-08,6.97,0.01,71.17,1.27,101.54,8.44,华北_河南,34.76,113.65,NASA POWER API
433,433,2021-03-09,9.18,0.0,71.83,1.68,101.5,15.93,华北_河南,34.76,113.65,NASA POWER API
434,434,2021-03-10,9.93,0.23,76.19,1.58,101.5,6.98,华北_河南,34.76,113.65,NASA POWER API
435,435,2021-03-11,10.92,1.78,75.78,1.36,101.27,9.64,华北_河南,34.76,113.65,NASA POWER API
436,436,2021-03-12,10.73,0.33,78.3,1.71,101.38,9.36,华北_河南,34.76,113.65,NASA POWER API
437,437,2021-03-13,11.11,0.0,76.16,1.15,101.2,6.73,华北_河南,34.76,113.65,NASA POWER API
438,438,2021-03-14,12.2,0.77,79.74,2.11,100.43,7.54,华北_河南,34.76,113.65,NASA POWER API
439,439,2021-03-15,15.15,0.28,66.78,3.11,100.23,12.26,华北_河南,34.76,113.65,NASA POWER API
440,440,2021-03-16,9.63,0.0,37.01,3.54,101.05,15.33,华北_河南,34.76,113.65,NASA POWER API
441,441,2021-03-17,10.64,0.0,45.28,2.15,100.87,9.86,华北_河南,34.76,113.65,NASA POWER API
442,442,2021-03-18,9.77,1.07,61.32,3.91,100.98,6.05,华北_河南,34.76,113.65,NASA POWER API
443,443,2021-03-19,7.94,4.34,65.81,2.61,100.93,7.47,华北_河南,34.76,113.65,NASA POWER API
444,444,2021-03-20,8.84,0.0,62.33,1.41,101.03,11.54,华北_河南,34.76,113.65,NASA POWER API
445,445,2021-03-21,8.61,0.0,37.87,2.23,101.81,20.57,华北_河南,34.76,113.65,NASA POWER API
446,446,2021-03-22,9.78,0.0,36.69,2.48,101.51,23.96,华北_河南,34.76,113.65,NASA POWER API
447,447,2021-03-23,11.67,0.0,52.2,2.91,100.5,19.3,华北_河南,34.76,113.65,NASA POWER API
448,448,2021-03-24,13.41,0.0,54.46,2.72,100.48,16.02,华北_河南,34.76,113.65,NASA POWER API
449,449,2021-03-25,14.37,0.0,58.44,2.11,100.78,19.09,华北_河南,34.76,113.65,NASA POWER API
450,450,2021-03-26,13.47,6.46,79.56,1.17,100.31,5.01,华北_河南,34.76,113.65,NASA POWER API
451,451,2021-03-27,15.36,0.17,69.3,1.91,99.81,14.41,华北_河南,34.76,113.65,NASA POWER API
452,452,2021-03-28,17.37,0.03,47.61,2.53,99.56,18.83,华北_河南,34.76,113.65,NASA POWER API
453,453,2021-03-29,14.65,0.06,44.13,4.04,99.86,11.69,华北_河南,34.76,113.65,NASA POWER API
454,454,2021-03-30,14.28,0.05,54.18,2.03,99.98,18.12,华北_河南,34.76,113.65,NASA POWER API
455,455,2021-03-31,14.42,0.77,58.95,3.29,100.01,5.99,华北_河南,34.76,113.65,NASA POWER API
456,456,2021-04-01,13.8,0.68,67.06,2.66,100.33,8.52,华北_河南,34.76,113.65,NASA POWER API
457,457,2021-04-02,12.49,7.02,67.78,2.91,100.71,4.7,华北_河南,34.76,113.65,NASA POWER API
458,458,2021-04-03,10.85,1.06,70.21,3.89,101.28,5.03,华北_河南,34.76,113.65,NASA POWER API
459,459,2021-04-04,11.98,0.0,42.45,1.55,101.62,19.28,华北_河南,34.76,113.65,NASA POWER API
460,460,2021-04-05,12.27,0.0,45.4,2.35,101.22,8.67,华北_河南,34.76,113.65,NASA POWER API
461,461,2021-04-06,13.83,0.0,51.55,1.43,101.14,19.8,华北_河南,34.76,113.65,NASA POWER API
462,462,2021-04-07,14.55,0.01,57.72,1.2,101.11,10.87,华北_河南,34.76,113.65,NASA POWER API
463,463,2021-04-08,14.83,0.0,56.47,1.79,101.18,18.75,华北_河南,34.76,113.65,NASA POWER API
464,464,2021-04-09,14.64,0.0,58.87,2.11,101.21,16.18,华北_河南,34.76,113.65,NASA POWER API
465,465,2021-04-10,15.13,0.0,50.33,2.23,101.3,19.93,华北_河南,34.76,113.65,NASA POWER API
466,466,2021-04-11,15.23,0.0,56.79,1.66,101.0,7.38,华北_河南,34.76,113.65,NASA POWER API
467,467,2021-04-12,18.84,0.0,55.26,2.09,100.53,20.0,华北_河南,34.76,113.65,NASA POWER API
468,468,2021-04-13,15.05,0.0,36.48,4.56,101.19,17.35,华北_河南,34.76,113.65,NASA POWER API
469,469,2021-04-14,15.57,0.0,37.85,1.79,100.89,22.63,华北_河南,34.76,113.65,NASA POWER API
470,470,2021-04-15,17.79,0.0,44.75,3.41,100.18,18.67,华北_河南,34.76,113.65,NASA POWER API
471,471,2021-04-16,16.47,0.0,30.17,2.97,100.62,20.84,华北_河南,34.76,113.65,NASA POWER API
472,472,2021-04-17,14.73,0.0,30.37,1.95,101.28,27.63,华北_河南,34.76,113.65,NASA POWER API
473,473,2021-04-18,15.93,0.0,41.72,3.07,100.82,23.41,华北_河南,34.76,113.65,NASA POWER API
474,474,2021-04-19,18.58,0.0,52.25,2.32,100.28,25.24,华北_河南,34.76,113.65,NASA POWER API
475,475,2021-04-20,16.07,15.14,78.9,2.44,100.41,4.21,华北_河南,34.76,113.65,NASA POWER API
476,476,2021-04-21,14.8,3.17,81.41,3.18,100.47,4.99,华北_河南,34.76,113.65,NASA POWER API
477,477,2021-04-22,16.91,0.4,69.69,1.93,100.31,16.32,华北_河南,34.76,113.65,NASA POWER API
478,478,2021-04-23,16.26,5.79,72.82,2.81,100.56,10.85,华北_河南,34.76,113.65,NASA POWER API
479,479,2021-04-24,14.14,3.18,74.65,5.01,101.08,5.43,华北_河南,34.76,113.65,NASA POWER API
480,480,2021-04-25,16.12,1.36,66.05,3.42,101.19,11.08,华北_河南,34.76,113.65,NASA POWER API
481,481,2021-04-26,17.56,0.06,60.73,1.87,100.7,17.46,华北_河南,34.76,113.65,NASA POWER API
482,482,2021-04-27,20.21,0.0,37.43,1.9,100.61,25.13,华北_河南,34.76,113.65,NASA POWER API
483,483,2021-04-28,19.12,0.0,31.62,3.17,100.66,25.77,华北_河南,34.76,113.65,NASA POWER API
484,484,2021-04-29,20.8,0.0,35.1,4.45,99.46,25.87,华北_河南,34.76,113.65,NASA POWER API
485,485,2021-04-30,20.74,0.0,37.47,4.38,99.45,24.75,华北_河南,34.76,113.65,NASA POWER API
486,486,2021-05-01,19.61,0.0,45.38,2.86,100.15,25.7,华北_河南,34.76,113.65,NASA POWER API
487,487,2021-05-02,16.35,0.76,42.93,3.17,100.82,18.51,华北_河南,34.76,113.65,NASA POWER API
488,488,2021-05-03,16.22,2.41,63.4,1.6,100.02,9.32,华北_河南,34.76,113.65,NASA POWER API
489,489,2021-05-04,19.65,0.0,40.42,2.76,100.24,22.15,华北_河南,34.76,113.65,NASA POWER API
490,490,2021-05-05,20.28,0.0,31.41,2.93,100.38,27.99,华北_河南,34.76,113.65,NASA POWER API
491,491,2021-05-06,23.95,0.0,37.73,3.89,99.65,22.29,华北_河南,34.76,113.65,NASA POWER API
492,492,2021-05-07,21.76,0.0,26.64,2.19,100.09,22.18,华北_河南,34.76,113.65,NASA POWER API
493,493,2021-05-08,25.43,0.0,31.58,2.72,99.26,25.88,华北_河南,34.76,113.65,NASA POWER API
494,494,2021-05-09,24.38,0.0,44.85,2.84,99.31,24.25,华北_河南,34.76,113.65,NASA POWER API
495,495,2021-05-10,23.46,0.0,53.85,4.69,99.53,19.92,华北_河南,34.76,113.65,NASA POWER API
496,496,2021-05-11,21.35,0.0,46.44,3.8,99.91,19.95,华北_河南,34.76,113.65,NASA POWER API
497,497,2021-05-12,23.89,0.0,43.98,1.65,99.72,20.33,华北_河南,34.76,113.65,NASA POWER API
498,498,2021-05-13,24.2,0.09,62.29,2.09,99.6,12.22,华北_河南,34.76,113.65,NASA POWER API
499,499,2021-05-14,24.77,2.94,71.72,2.33,99.32,8.61,华北_河南,34.76,113.65,NASA POWER API
500,500,2021-05-15,21.8,22.2,77.84,4.68,99.29,6.85,华北_河南,34.76,113.65,NASA POWER API
501,501,2021-05-16,17.62,3.76,58.65,3.99,100.21,10.05,华北_河南,34.76,113.65,NASA POWER API
502,502,2021-05-17,19.05,0.0,51.04,1.53,100.29,23.04,华北_河南,34.76,113.65,NASA POWER API
503,503,2021-05-18,22.36,0.0,44.4,1.89,99.9,24.74,华北_河南,34.76,113.65,NASA POWER API
504,504,2021-05-19,20.95,0.0,56.08,1.35,99.67,14.72,华北_河南,34.76,113.65,NASA POWER API
505,505,2021-05-20,22.82,0.12,54.13,1.23,99.5,20.61,华北_河南,34.76,113.65,NASA POWER API
506,506,2021-05-21,24.59,0.06,62.64,1.66,99.56,19.81,华北_河南,34.76,113.65,NASA POWER API
507,507,2021-05-22,26.14,0.03,59.46,2.37,99.5,23.22,华北_河南,34.76,113.65,NASA POWER API
508,508,2021-05-23,23.24,0.47,45.17,2.58,100.07,16.03,华北_河南,34.76,113.65,NASA POWER API
509,509,2021-05-24,25.16,0.0,29.44,3.76,99.98,27.91,华北_河南,34.76,113.65,NASA POWER API
510,510,2021-05-25,22.85,0.0,34.36,3.04,99.86,18.48,华北_河南,34.76,113.65,NASA POWER API
511,511,2021-05-26,25.92,0.0,43.54,4.15,99.11,19.62,华北_河南,34.76,113.65,NASA POWER API
512,512,2021-05-27,27.98,0.03,29.77,3.69,99.17,25.4,华北_河南,34.76,113.65,NASA POWER API
513,513,2021-05-28,26.52,0.0,26.8,2.14,99.58,28.88,华北_河南,34.76,113.65,NASA POWER API
514,514,2021-05-29,28.61,0.0,33.68,3.09,99.16,24.18,华北_河南,34.76,113.65,NASA POWER API
515,515,2021-05-30,27.0,0.0,41.65,1.9,99.33,25.81,华北_河南,34.76,113.65,NASA POWER API
516,516,2021-05-31,29.24,0.08,48.87,2.43,99.32,22.52,华北_河南,34.76,113.65,NASA POWER API
517,517,2021-06-01,24.45,1.31,59.12,2.72,99.66,15.04,华北_河南,34.76,113.65,NASA POWER API
518,518,2021-06-02,29.19,5.65,49.04,1.47,99.32,20.79,华北_河南,34.76,113.65,NASA POWER API
519,519,2021-06-03,23.77,8.12,49.99,2.26,99.74,13.64,华北_河南,34.76,113.65,NASA POWER API
520,520,2021-06-04,26.48,0.14,30.96,3.44,99.25,30.75,华北_河南,34.76,113.65,NASA POWER API
521,521,2021-06-05,29.54,0.0,30.54,2.49,98.81,27.55,华北_河南,34.76,113.65,NASA POWER API
522,522,2021-06-06,30.47,0.0,36.48,2.26,99.0,27.47,华北_河南,34.76,113.65,NASA POWER API
523,523,2021-06-07,31.2,1.41,47.42,3.03,99.34,22.83,华北_河南,34.76,113.65,NASA POWER API
524,524,2021-06-08,28.62,0.0,48.77,2.47,99.78,23.55,华北_河南,34.76,113.65,NASA POWER API
525,525,2021-06-09,28.39,0.04,47.85,1.8,99.71,10.92,华北_河南,34.76,113.65,NASA POWER API
526,526,2021-06-10,26.81,0.83,53.92,2.4,99.7,18.36,华北_河南,34.76,113.65,NASA POWER API
527,527,2021-06-11,29.81,0.05,48.0,1.71,99.72,22.63,华北_河南,34.76,113.65,NASA POWER API
528,528,2021-06-12,30.19,2.0,54.63,2.52,99.67,14.22,华北_河南,34.76,113.65,NASA POWER API
529,529,2021-06-13,28.61,1.85,66.77,3.09,99.36,7.37,华北_河南,34.76,113.65,NASA POWER API
530,530,2021-06-14,28.72,18.07,73.3,1.86,98.78,11.38,华北_河南,34.76,113.65,NASA POWER API
531,531,2021-06-15,29.07,0.61,63.05,3.44,98.86,14.45,华北_河南,34.76,113.65,NASA POWER API
532,532,2021-06-16,27.34,1.54,68.54,2.39,99.24,9.07,华北_河南,34.76,113.65,NASA POWER API
533,533,2021-06-17,26.02,0.72,59.8,2.34,99.56,7.27,华北_河南,34.76,113.65,NASA POWER API
534,534,2021-06-18,26.69,0.44,45.43,2.44,99.39,17.57,华北_河南,34.76,113.65,NASA POWER API
535,535,2021-06-19,28.84,0.09,45.53,2.09,99.14,20.06,华北_河南,34.76,113.65,NASA POWER API
536,536,2021-06-20,30.16,0.0,40.18,1.83,99.08,23.0,华北_河南,34.76,113.65,NASA POWER API
537,537,2021-06-21,31.23,0.0,38.35,1.94,99.19,21.39,华北_河南,34.76,113.65,NASA POWER API
538,538,2021-06-22,30.51,0.0,38.35,1.62,99.55,25.24,华北_河南,34.76,113.65,NASA POWER API
539,539,2021-06-23,30.27,0.0,36.87,2.0,99.72,16.53,华北_河南,34.76,113.65,NASA POWER API
540,540,2021-06-24,30.45,0.0,42.25,2.03,99.55,18.87,华北_河南,34.76,113.65,NASA POWER API
541,541,2021-06-25,29.34,5.04,51.84,1.33,99.31,9.91,华北_河南,34.76,113.65,NASA POWER API
542,542,2021-06-26,30.28,0.0,55.86,2.31,99.15,21.03,华北_河南,34.76,113.65,NASA POWER API
543,543,2021-06-27,30.94,0.03,54.94,2.01,99.18,21.09,华北_河南,34.76,113.65,NASA POWER API
544,544,2021-06-28,33.5,0.56,44.76,1.57,99.16,22.61,华北_河南,34.76,113.65,NASA POWER API
545,545,2021-06-29,31.92,3.75,51.83,1.83,99.1,15.81,华北_河南,34.76,113.65,NASA POWER API
546,546,2021-06-30,33.1,2.59,49.35,2.48,99.05,20.33,华北_河南,34.76,113.65,NASA POWER API
547,547,2021-07-01,27.14,0.13,73.22,2.18,99.24,14.37,华北_河南,34.76,113.65,NASA POWER API
548,548,2021-07-02,27.69,37.49,68.59,2.58,99.31,11.38,华北_河南,34.76,113.65,NASA POWER API
549,549,2021-07-03,27.99,2.08,67.49,1.9,99.23,23.23,华北_河南,34.76,113.65,NASA POWER API
550,550,2021-07-04,30.03,0.0,57.48,2.18,99.35,18.65,华北_河南,34.76,113.65,NASA POWER API
551,551,2021-07-05,29.04,0.01,61.16,1.83,99.49,19.66,华北_河南,34.76,113.65,NASA POWER API
552,552,2021-07-06,28.87,0.06,63.68,1.46,99.4,17.28,华北_河南,34.76,113.65,NASA POWER API
553,553,2021-07-07,30.56,0.07,58.22,1.94,99.47,17.98,华北_河南,34.76,113.65,NASA POWER API
554,554,2021-07-08,31.04,2.29,53.55,1.62,99.36,22.83,华北_河南,34.76,113.65,NASA POWER API
555,555,2021-07-09,32.59,1.63,56.38,1.74,99.07,26.36,华北_河南,34.76,113.65,NASA POWER API
556,556,2021-07-10,32.81,0.42,56.76,2.24,99.13,15.59,华北_河南,34.76,113.65,NASA POWER API
557,557,2021-07-11,28.91,48.95,82.49,3.85,98.97,6.3,华北_河南,34.76,113.65,NASA POWER API
558,558,2021-07-12,30.6,1.65,69.53,3.01,98.66,21.83,华北_河南,34.76,113.65,NASA POWER API
559,559,2021-07-13,32.42,0.2,62.06,1.43,98.61,24.76,华北_河南,34.76,113.65,NASA POWER API
560,560,2021-07-14,32.81,9.5,68.63,1.57,98.99,22.36,华北_河南,34.76,113.65,NASA POWER API
561,561,2021-07-15,31.21,6.34,75.0,1.52,99.51,20.56,华北_河南,34.76,113.65,NASA POWER API
562,562,2021-07-16,29.51,1.78,73.25,2.24,99.68,15.56,华北_河南,34.76,113.65,NASA POWER API
563,563,2021-07-17,28.44,0.53,71.44,2.89,99.51,14.42,华北_河南,34.76,113.65,NASA POWER API
564,564,2021-07-18,26.92,22.45,80.23,3.14,99.52,8.49,华北_河南,34.76,113.65,NASA POWER API
565,565,2021-07-19,25.4,65.47,91.35,3.81,99.66,4.43,华北_河南,34.76,113.65,NASA POWER API
566,566,2021-07-20,25.28,306.96,92.51,3.81,99.78,2.38,华北_河南,34.76,113.65,NASA POWER API
567,567,2021-07-21,26.09,104.41,93.79,2.9,99.65,4.06,华北_河南,34.76,113.65,NASA POWER API
568,568,2021-07-22,26.32,27.32,87.88,3.0,99.66,10.84,华北_河南,34.76,113.65,NASA POWER API
569,569,2021-07-23,26.13,5.83,86.22,2.18,99.72,10.55,华北_河南,34.76,113.65,NASA POWER API
570,570,2021-07-24,26.94,2.8,84.07,1.9,99.61,20.32,华北_河南,34.76,113.65,NASA POWER API
571,571,2021-07-25,28.16,0.0,75.71,0.76,99.33,25.04,华北_河南,34.76,113.65,NASA POWER API
572,572,2021-07-26,28.67,0.0,74.75,1.07,99.01,26.0,华北_河南,34.76,113.65,NASA POWER API
573,573,2021-07-27,27.91,2.91,83.24,2.05,99.01,21.15,华北_河南,34.76,113.65,NASA POWER API
574,574,2021-07-28,26.04,3.21,82.32,4.4,98.97,14.79,华北_河南,34.76,113.65,NASA POWER API
575,575,2021-07-29,25.01,1.23,77.99,3.38,98.83,20.93,华北_河南,34.76,113.65,NASA POWER API
576,576,2021-07-30,27.09,0.13,80.19,1.51,98.71,24.47,华北_河南,34.76,113.65,NASA POWER API
577,577,2021-07-31,29.82,0.27,76.08,1.57,98.58,25.77,华北_河南,34.76,113.65,NASA POWER API
578,578,2021-08-01,27.82,0.51,81.07,2.95,98.81,21.09,华北_河南,34.76,113.65,NASA POWER API
579,579,2021-08-02,26.29,0.02,75.06,2.4,99.29,24.69,华北_河南,34.76,113.65,NASA POWER API
580,580,2021-08-03,26.66,0.0,75.63,1.5,99.52,23.4,华北_河南,34.76,113.65,NASA POWER API
581,581,2021-08-04,28.57,0.25,75.2,1.12,99.43,18.8,华北_河南,34.76,113.65,NASA POWER API
582,582,2021-08-05,28.23,2.95,73.26,1.1,99.27,12.99,华北_河南,34.76,113.65,NASA POWER API
583,583,2021-08-06,28.0,0.01,75.54,1.0,99.21,23.14,华北_河南,34.76,113.65,NASA POWER API
584,584,2021-08-07,28.69,3.71,76.09,1.01,99.4,17.26,华北_河南,34.76,113.65,NASA POWER API
585,585,2021-08-08,27.73,1.04,72.79,0.96,99.54,16.81,华北_河南,34.76,113.65,NASA POWER API
586,586,2021-08-09,27.95,0.1,73.78,1.47,99.44,20.62,华北_河南,34.76,113.65,NASA POWER API
587,587,2021-08-10,26.24,1.26,80.56,1.55,99.53,16.61,华北_河南,34.76,113.65,NASA POWER API
588,588,2021-08-11,26.69,0.06,78.58,1.63,99.81,14.24,华北_河南,34.76,113.65,NASA POWER API
589,589,2021-08-12,26.1,9.06,82.96,2.45,99.93,8.31,华北_河南,34.76,113.65,NASA POWER API
590,590,2021-08-13,24.56,13.95,76.32,1.27,99.87,7.74,华北_河南,34.76,113.65,NASA POWER API
591,591,2021-08-14,24.66,0.05,78.81,1.91,99.86,18.05,华北_河南,34.76,113.65,NASA POWER API
592,592,2021-08-15,25.19,0.03,75.3,1.49,100.07,19.59,华北_河南,34.76,113.65,NASA POWER API
593,593,2021-08-16,26.35,0.09,74.32,1.23,100.16,15.13,华北_河南,34.76,113.65,NASA POWER API
594,594,2021-08-17,27.4,0.0,75.43,1.14,100.08,16.3,华北_河南,34.76,113.65,NASA POWER API
595,595,2021-08-18,26.89,0.01,79.26,1.64,99.92,13.21,华北_河南,34.76,113.65,NASA POWER API
596,596,2021-08-19,26.73,2.86,83.77,2.16,99.6,15.29,华北_河南,34.76,113.65,NASA POWER API
597,597,2021-08-20,25.94,7.03,83.6,2.44,99.52,20.8,华北_河南,34.76,113.65,NASA POWER API
598,598,2021-08-21,26.27,0.03,81.47,1.43,99.57,15.89,华北_河南,34.76,113.65,NASA POWER API
599,599,2021-08-22,25.06,56.21,92.56,3.22,99.32,3.68,华北_河南,34.76,113.65,NASA POWER API
600,600,2021-08-23,25.08,1.71,82.11,1.96,99.24,15.84,华北_河南,34.76,113.65,NASA POWER API
601,601,2021-08-24,24.53,0.0,68.33,2.19,99.25,22.84,华北_河南,34.76,113.65,NASA POWER API
602,602,2021-08-25,23.36,0.0,65.68,2.64,99.54,19.83,华北_河南,34.76,113.65,NASA POWER API
603,603,2021-08-26,23.38,0.13,71.3,2.13,100.05,6.93,华北_河南,34.76,113.65,NASA POWER API
604,604,2021-08-27,23.06,0.07,80.53,1.89,100.22,16.21,华北_河南,34.76,113.65,NASA POWER API
605,605,2021-08-28,21.01,16.05,89.11,1.07,100.21,8.04,华北_河南,34.76,113.65,NASA POWER API
606,606,2021-08-29,21.38,35.26,93.13,1.84,100.2,3.16,华北_河南,34.76,113.65,NASA POWER API
607,607,2021-08-30,22.33,65.61,94.32,3.79,100.14,3.2,华北_河南,34.76,113.65,NASA POWER API
608,608,2021-08-31,22.46,15.48,91.04,3.7,100.24,6.21,华北_河南,34.76,113.65,NASA POWER API
609,609,2021-09-01,20.64,37.94,90.78,2.2,100.34,4.91,华北_河南,34.76,113.65,NASA POWER API
610,610,2021-09-02,23.59,0.05,83.46,1.42,99.97,22.39,华北_河南,34.76,113.65,NASA POWER API
611,611,2021-09-03,24.05,2.44,86.33,1.36,99.72,11.8,华北_河南,34.76,113.65,NASA POWER API
612,612,2021-09-04,21.93,38.96,90.37,4.23,99.81,4.38,华北_河南,34.76,113.65,NASA POWER API
613,613,2021-09-05,21.12,7.31,84.74,2.68,100.37,11.6,华北_河南,34.76,113.65,NASA POWER API
614,614,2021-09-06,22.15,2.99,85.44,1.75,100.6,11.15,华北_河南,34.76,113.65,NASA POWER API
615,615,2021-09-07,22.78,0.24,81.36,1.33,100.48,20.04,华北_河南,34.76,113.65,NASA POWER API
616,616,2021-09-08,23.03,0.0,72.4,1.93,99.94,22.7,华北_河南,34.76,113.65,NASA POWER API
617,617,2021-09-09,24.78,0.0,80.8,1.99,99.74,22.93,华北_河南,34.76,113.65,NASA POWER API
618,618,2021-09-10,25.59,0.0,76.13,1.37,99.82,22.0,华北_河南,34.76,113.65,NASA POWER API
619,619,2021-09-11,25.96,0.0,81.89,1.43,99.79,22.56,华北_河南,34.76,113.65,NASA POWER API
620,620,2021-09-12,25.75,0.0,79.86,1.38,99.97,21.42,华北_河南,34.76,113.65,NASA POWER API
621,621,2021-09-13,25.16,0.0,84.55,1.51,100.32,20.26,华北_河南,34.76,113.65,NASA POWER API
622,622,2021-09-14,24.77,0.0,83.36,1.81,100.65,17.77,华北_河南,34.76,113.65,NASA POWER API
623,623,2021-09-15,23.63,0.0,86.35,1.64,100.52,19.52,华北_河南,34.76,113.65,NASA POWER API
624,624,2021-09-16,23.07,1.08,85.16,2.03,100.28,11.39,华北_河南,34.76,113.65,NASA POWER API
625,625,2021-09-17,20.88,8.21,90.87,2.56,100.42,4.12,华北_河南,34.76,113.65,NASA POWER API
626,626,2021-09-18,20.67,34.18,91.77,3.07,100.31,3.23,华北_河南,34.76,113.65,NASA POWER API
627,627,2021-09-19,18.39,31.43,92.05,4.51,99.84,4.03,华北_河南,34.76,113.65,NASA POWER API
628,628,2021-09-20,20.53,0.01,79.52,2.41,99.57,21.26,华北_河南,34.76,113.65,NASA POWER API
629,629,2021-09-21,23.08,0.0,73.43,2.13,99.4,21.92,华北_河南,34.76,113.65,NASA POWER API
630,630,2021-09-22,23.31,0.38,78.44,2.2,99.86,17.43,华北_河南,34.76,113.65,NASA POWER API
631,631,2021-09-23,23.88,1.75,86.61,2.31,100.24,15.65,华北_河南,34.76,113.65,NASA POWER API
632,632,2021-09-24,21.6,37.73,93.94,2.87,100.42,4.65,华北_河南,34.76,113.65,NASA POWER API
633,633,2021-09-25,20.07,14.38,89.24,4.26,100.44,3.46,华北_河南,34.76,113.65,NASA POWER API
634,634,2021-09-26,20.36,12.62,87.84,2.93,100.55,4.92,华北_河南,34.76,113.65,NASA POWER API
635,635,2021-09-27,20.03,10.44,87.22,1.63,100.52,7.85,华北_河南,34.76,113.65,NASA POWER API
636,636,2021-09-28,18.94,41.53,92.02,2.05,100.29,2.99,华北_河南,34.76,113.65,NASA POWER API
637,637,2021-09-29,20.36,0.02,80.99,1.54,99.99,20.08,华北_河南,34.76,113.65,NASA POWER API
638,638,2021-09-30,21.74,0.0,83.35,2.01,99.78,19.86,华北_河南,34.76,113.65,NASA POWER API
639,639,2021-10-01,20.78,0.0,81.58,1.63,99.93,14.78,华北_河南,34.76,113.65,NASA POWER API
640,640,2021-10-02,22.88,0.1,86.95,1.69,99.87,17.1,华北_河南,34.76,113.65,NASA POWER API
641,641,2021-10-03,25.25,6.41,91.07,2.17,99.55,10.65,华北_河南,34.76,113.65,NASA POWER API
642,642,2021-10-04,17.94,4.4,83.03,6.89,100.64,3.11,华北_河南,34.76,113.65,NASA POWER API
643,643,2021-10-05,12.74,9.29,85.72,6.35,101.32,3.41,华北_河南,34.76,113.65,NASA POWER API
644,644,2021-10-06,12.78,5.97,88.95,4.67,101.15,2.78,华北_河南,34.76,113.65,NASA POWER API
645,645,2021-10-07,12.71,2.67,87.58,2.92,101.12,5.72,华北_河南,34.76,113.65,NASA POWER API
646,646,2021-10-08,14.09,2.71,87.41,2.0,100.98,3.63,华北_河南,34.76,113.65,NASA POWER API
647,647,2021-10-09,16.69,1.62,86.2,1.5,100.97,6.45,华北_河南,34.76,113.65,NASA POWER API
648,648,2021-10-10,14.77,0.77,71.65,3.57,101.6,4.85,华北_河南,34.76,113.65,NASA POWER API
649,649,2021-10-11,13.28,1.73,73.83,1.91,101.72,9.31,华北_河南,34.76,113.65,NASA POWER API
650,650,2021-10-12,13.36,0.02,74.86,2.17,101.56,14.74,华北_河南,34.76,113.65,NASA POWER API
651,651,2021-10-13,16.22,0.54,71.03,1.14,101.34,16.9,华北_河南,34.76,113.65,NASA POWER API
652,652,2021-10-14,18.44,5.88,81.91,1.12,101.22,5.2,华北_河南,34.76,113.65,NASA POWER API
653,653,2021-10-15,16.57,1.55,76.73,1.72,101.49,5.87,华北_河南,34.76,113.65,NASA POWER API
654,654,2021-10-16,10.23,0.0,61.01,4.76,102.5,12.11,华北_河南,34.76,113.65,NASA POWER API
655,655,2021-10-17,7.89,0.01,71.29,1.56,102.15,17.61,华北_河南,34.76,113.65,NASA POWER API
656,656,2021-10-18,12.19,0.0,77.5,1.79,101.02,15.07,华北_河南,34.76,113.65,NASA POWER API
657,657,2021-10-19,10.33,1.26,84.32,4.02,101.65,3.6,华北_河南,34.76,113.65,NASA POWER API
658,658,2021-10-20,10.4,2.89,84.4,2.11,101.49,4.94,华北_河南,34.76,113.65,NASA POWER API
659,659,2021-10-21,10.85,0.03,81.29,1.47,101.44,14.24,华北_河南,34.76,113.65,NASA POWER API
660,660,2021-10-22,11.02,0.0,68.85,1.9,101.84,13.96,华北_河南,34.76,113.65,NASA POWER API
661,661,2021-10-23,11.24,0.0,77.85,1.09,101.78,9.97,华北_河南,34.76,113.65,NASA POWER API
662,662,2021-10-24,12.84,0.0,76.19,1.43,101.53,11.6,华北_河南,34.76,113.65,NASA POWER API
663,663,2021-10-25,13.62,0.0,79.13,1.68,101.13,10.86,华北_河南,34.76,113.65,NASA POWER API
664,664,2021-10-26,13.41,0.0,82.37,1.41,101.0,8.98,华北_河南,34.76,113.65,NASA POWER API
665,665,2021-10-27,12.91,0.0,69.74,1.55,101.41,10.12,华北_河南,34.76,113.65,NASA POWER API
666,666,2021-10-28,14.7,0.03,69.11,1.15,101.31,10.73,华北_河南,34.76,113.65,NASA POWER API
667,667,2021-10-29,15.1,0.01,75.88,1.35,101.18,8.62,华北_河南,34.76,113.65,NASA POWER API
668,668,2021-10-30,15.65,0.0,66.48,1.37,101.12,12.11,华北_河南,34.76,113.65,NASA POWER API
669,669,2021-10-31,13.19,0.0,72.8,2.35,101.44,6.26,华北_河南,34.76,113.65,NASA POWER API
670,670,2021-11-01,10.41,0.0,88.83,3.26,101.75,7.11,华北_河南,34.76,113.65,NASA POWER API
671,671,2021-11-02,13.1,0.13,86.09,1.34,101.31,5.8,华北_河南,34.76,113.65,NASA POWER API
672,672,2021-11-03,14.79,0.0,65.92,1.09,100.92,8.98,华北_河南,34.76,113.65,NASA POWER API
673,673,2021-11-04,15.25,0.0,74.47,1.28,100.55,8.27,华北_河南,34.76,113.65,NASA POWER API
674,674,2021-11-05,15.23,0.0,86.81,1.54,100.37,5.91,华北_河南,34.76,113.65,NASA POWER API
675,675,2021-11-06,14.64,2.72,88.89,2.6,100.73,5.67,华北_河南,34.76,113.65,NASA POWER API
676,676,2021-11-07,2.93,16.16,75.08,3.49,101.84,7.28,华北_河南,34.76,113.65,NASA POWER API
677,677,2021-11-08,1.14,0.0,73.91,2.7,101.76,15.65,华北_河南,34.76,113.65,NASA POWER API
678,678,2021-11-09,4.09,0.0,73.34,2.99,101.3,15.19,华北_河南,34.76,113.65,NASA POWER API
679,679,2021-11-10,7.47,0.0,69.79,2.11,101.0,14.66,华北_河南,34.76,113.65,NASA POWER API
680,680,2021-11-11,8.36,0.0,68.01,1.77,101.2,13.66,华北_河南,34.76,113.65,NASA POWER API
681,681,2021-11-12,8.1,0.0,70.01,2.4,101.18,13.52,华北_河南,34.76,113.65,NASA POWER API
682,682,2021-11-13,7.78,0.0,70.87,3.07,100.81,13.81,华北_河南,34.76,113.65,NASA POWER API
683,683,2021-11-14,10.78,0.0,58.55,1.64,100.84,13.2,华北_河南,34.76,113.65,NASA POWER API
684,684,2021-11-15,10.44,0.0,71.71,2.06,101.01,9.64,华北_河南,34.76,113.65,NASA POWER API
685,685,2021-11-16,8.71,0.0,82.62,2.09,101.49,9.83,华北_河南,34.76,113.65,NASA POWER API
686,686,2021-11-17,10.99,0.0,76.27,1.99,101.15,10.11,华北_河南,34.76,113.65,NASA POWER API
687,687,2021-11-18,11.15,0.0,68.9,1.91,100.42,12.57,华北_河南,34.76,113.65,NASA POWER API
688,688,2021-11-19,8.65,0.0,84.02,3.03,100.65,8.45,华北_河南,34.76,113.65,NASA POWER API
689,689,2021-11-20,7.55,2.52,86.85,2.52,101.0,2.83,华北_河南,34.76,113.65,NASA POWER API
690,690,2021-11-21,6.08,0.01,72.05,2.44,101.55,8.3,华北_河南,34.76,113.65,NASA POWER API
691,691,2021-11-22,1.32,0.03,62.21,1.39,102.0,14.12,华北_河南,34.76,113.65,NASA POWER API
692,692,2021-11-23,3.09,0.0,72.63,2.28,101.41,13.12,华北_河南,34.76,113.65,NASA POWER API
693,693,2021-11-24,5.48,0.0,69.98,2.74,100.8,12.41,华北_河南,34.76,113.65,NASA POWER API
694,694,2021-11-25,7.96,0.0,56.93,1.46,101.03,12.16,华北_河南,34.76,113.65,NASA POWER API
695,695,2021-11-26,6.62,0.0,71.43,2.53,101.75,10.37,华北_河南,34.76,113.65,NASA POWER API
696,696,2021-11-27,6.35,0.0,77.55,1.3,102.06,9.05,华北_河南,34.76,113.65,NASA POWER API
697,697,2021-11-28,7.38,0.0,88.81,1.25,101.76,8.16,华北_河南,34.76,113.65,NASA POWER API
698,698,2021-11-29,5.79,0.39,87.13,1.69,101.6,3.22,华北_河南,34.76,113.65,NASA POWER API
699,699,2021-11-30,3.56,0.0,63.64,2.14,102.0,13.29,华北_河南,34.76,113.65,NASA POWER API
700,700,2021-12-01,3.29,0.0,61.33,1.42,101.97,12.26,华北_河南,34.76,113.65,NASA POWER API
701,701,2021-12-02,3.47,0.0,70.02,3.31,101.34,12.48,华北_河南,34.76,113.65,NASA POWER API
702,702,2021-12-03,5.42,0.0,63.88,1.59,101.47,12.55,华北_河南,34.76,113.65,NASA POWER API
703,703,2021-12-04,7.39,0.0,51.23,1.18,101.53,11.67,华北_河南,34.76,113.65,NASA POWER API
704,704,2021-12-05,7.02,0.0,57.88,1.7,101.35,10.55,华北_河南,34.76,113.65,NASA POWER API
705,705,2021-12-06,4.71,0.0,66.43,3.37,101.82,11.11,华北_河南,34.76,113.65,NASA POWER API
706,706,2021-12-07,4.0,0.0,74.55,2.39,102.27,8.56,华北_河南,34.76,113.65,NASA POWER API
707,707,2021-12-08,5.17,0.0,78.47,0.95,102.03,3.35,华北_河南,34.76,113.65,NASA POWER API
708,708,2021-12-09,5.54,0.0,83.5,1.87,101.61,8.72,华北_河南,34.76,113.65,NASA POWER API
709,709,2021-12-10,5.6,3.56,80.45,2.75,101.72,3.43,华北_河南,34.76,113.65,NASA POWER API
710,710,2021-12-11,6.48,5.4,89.32,1.68,101.93,5.8,华北_河南,34.76,113.65,NASA POWER API
711,711,2021-12-12,2.53,0.0,65.2,3.28,102.58,9.94,华北_河南,34.76,113.65,NASA POWER API
712,712,2021-12-13,1.81,0.0,71.14,1.46,101.79,8.35,华北_河南,34.76,113.65,NASA POWER API
713,713,2021-12-14,4.17,0.0,77.33,2.37,100.82,10.18,华北_河南,34.76,113.65,NASA POWER API
714,714,2021-12-15,5.26,0.0,67.23,1.35,100.9,6.61,华北_河南,34.76,113.65,NASA POWER API
715,715,2021-12-16,3.42,0.0,68.53,1.88,101.63,8.15,华北_河南,34.76,113.65,NASA POWER API
716,716,2021-12-17,-1.06,0.0,66.07,2.07,102.6,8.35,华北_河南,34.76,113.65,NASA POWER API
717,717,2021-12-18,0.59,0.0,69.63,2.75,102.01,8.63,华北_河南,34.76,113.65,NASA POWER API
718,718,2021-12-19,3.09,0.0,71.42,2.93,101.32,11.4,华北_河南,34.76,113.65,NASA POWER API
719,719,2021-12-20,4.61,0.0,70.43,2.87,100.71,11.2,华北_河南,34.76,113.65,NASA POWER API
720,720,2021-12-21,6.98,0.0,53.79,1.36,100.8,11.03,华北_河南,34.76,113.65,NASA POWER API
721,721,2021-12-22,3.02,0.0,79.25,2.08,101.22,9.11,华北_河南,34.76,113.65,NASA POWER API
722,722,2021-12-23,1.26,0.09,89.01,2.87,101.32,4.95,华北_河南,34.76,113.65,NASA POWER API
723,723,2021-12-24,-1.95,1.34,76.26,6.09,102.34,2.44,华北_河南,34.76,113.65,NASA POWER API
724,724,2021-12-25,-4.74,0.31,57.2,4.1,103.34,5.44,华北_河南,34.76,113.65,NASA POWER API
725,725,2021-12-26,-2.54,0.0,55.97,1.41,103.26,11.16,华北_河南,34.76,113.65,NASA POWER API
726,726,2021-12-27,-2.34,0.0,64.03,1.84,102.39,11.2,华北_河南,34.76,113.65,NASA POWER API
727,727,2021-12-28,-0.07,0.0,71.13,2.35,101.53,10.71,华北_河南,34.76,113.65,NASA POWER API
728,728,2021-12-29,0.34,0.0,67.19,1.84,101.91,11.8,华北_河南,34.76,113.65,NASA POWER API
729,729,2021-12-30,1.54,0.0,62.68,1.58,102.17,11.26,华北_河南,34.76,113.65,NASA POWER API
730,730,2021-12-31,1.02,0.0,75.13,0.95,102.08,5.8,华北_河南,34.76,113.65,NASA POWER API
731,731,2022-01-01,3.28,0.0,67.8,1.49,101.61,10.02,华北_河南,34.76,113.65,NASA POWER API
732,732,2022-01-02,0.01,0.0,71.5,2.84,101.93,9.03,华北_河南,34.76,113.65,NASA POWER API
733,733,2022-01-03,1.39,0.0,75.25,1.51,101.54,8.17,华北_河南,34.76,113.65,NASA POWER API
734,734,2022-01-04,-0.4,5.81,88.44,3.08,101.74,1.08,华北_河南,34.76,113.65,NASA POWER API
735,735,2022-01-05,0.31,2.3,95.18,1.77,101.83,2.56,华北_河南,34.76,113.65,NASA POWER API
736,736,2022-01-06,0.75,0.3,90.43,0.95,102.29,2.75,华北_河南,34.76,113.65,NASA POWER API
737,737,2022-01-07,1.03,0.01,87.62,1.64,102.1,4.87,华北_河南,34.76,113.65,NASA POWER API
738,738,2022-01-08,2.38,0.0,77.47,1.02,101.56,7.31,华北_河南,34.76,113.65,NASA POWER API
739,739,2022-01-09,1.75,0.0,91.38,1.22,101.33,5.91,华北_河南,34.76,113.65,NASA POWER API
740,740,2022-01-10,1.1,0.06,87.31,1.82,101.57,4.07,华北_河南,34.76,113.65,NASA POWER API
741,741,2022-01-11,0.18,0.01,81.74,1.42,101.64,5.93,华北_河南,34.76,113.65,NASA POWER API
742,742,2022-01-12,0.78,0.0,79.43,1.32,101.49,7.64,华北_河南,34.76,113.65,NASA POWER API
743,743,2022-01-13,-1.19,0.0,68.99,1.5,102.04,11.55,华北_河南,34.76,113.65,NASA POWER API
744,744,2022-01-14,-0.94,0.0,86.55,2.11,101.27,3.85,华北_河南,34.76,113.65,NASA POWER API
745,745,2022-01-15,2.31,0.0,76.77,2.12,101.24,10.13,华北_河南,34.76,113.65,NASA POWER API
746,746,2022-01-16,0.04,0.0,73.76,2.16,101.87,8.04,华北_河南,34.76,113.65,NASA POWER API
747,747,2022-01-17,0.53,0.0,70.02,2.57,102.0,7.79,华北_河南,34.76,113.65,NASA POWER API
748,748,2022-01-18,1.7,0.0,76.8,1.9,101.48,6.63,华北_河南,34.76,113.65,NASA POWER API
749,749,2022-01-19,0.38,0.0,82.46,4.26,101.68,3.09,华北_河南,34.76,113.65,NASA POWER API
750,750,2022-01-20,-1.45,0.2,84.73,4.41,101.98,1.2,华北_河南,34.76,113.65,NASA POWER API
751,751,2022-01-21,-1.45,4.29,88.32,3.39,101.8,2.86,华北_河南,34.76,113.65,NASA POWER API
752,752,2022-01-22,-0.79,2.2,86.35,4.0,101.43,2.44,华北_河南,34.76,113.65,NASA POWER API
753,753,2022-01-23,-1.19,1.98,86.6,4.35,101.71,3.17,华北_河南,34.76,113.65,NASA POWER API
754,754,2022-01-24,-1.54,0.88,90.83,1.11,101.63,3.9,华北_河南,34.76,113.65,NASA POWER API
755,755,2022-01-25,-0.5,0.01,91.1,1.4,101.44,7.62,华北_河南,34.76,113.65,NASA POWER API
756,756,2022-01-26,-0.83,0.89,85.96,3.69,101.77,3.07,华北_河南,34.76,113.65,NASA POWER API
757,757,2022-01-27,-0.69,0.9,86.5,2.55,102.1,4.38,华北_河南,34.76,113.65,NASA POWER API
758,758,2022-01-28,-0.99,1.38,82.36,1.62,102.06,3.69,华北_河南,34.76,113.65,NASA POWER API
759,759,2022-01-29,0.07,0.02,81.8,0.94,101.55,5.21,华北_河南,34.76,113.65,NASA POWER API
760,760,2022-01-30,0.7,0.0,82.83,1.82,101.48,10.15,华北_河南,34.76,113.65,NASA POWER API
761,761,2022-01-31,0.4,0.0,60.78,1.96,101.76,15.21,华北_河南,34.76,113.65,NASA POWER API
762,762,2022-02-01,-0.33,0.0,63.89,2.79,102.15,14.54,华北_河南,34.76,113.65,NASA POWER API
763,763,2022-02-02,1.74,0.0,61.51,1.18,101.96,10.82,华北_河南,34.76,113.65,NASA POWER API
764,764,2022-02-03,1.54,0.0,69.77,1.29,101.71,10.7,华北_河南,34.76,113.65,NASA POWER API
765,765,2022-02-04,-0.1,0.0,68.9,3.09,102.06,11.22,华北_河南,34.76,113.65,NASA POWER API
766,766,2022-02-05,-0.16,0.0,65.15,1.33,102.38,11.81,华北_河南,34.76,113.65,NASA POWER API
767,767,2022-02-06,1.54,0.02,57.99,1.0,102.14,8.09,华北_河南,34.76,113.65,NASA POWER API
768,768,2022-02-07,0.75,0.09,70.9,1.2,101.85,9.17,华北_河南,34.76,113.65,NASA POWER API
769,769,2022-02-08,1.33,0.0,75.7,1.93,101.83,9.36,华北_河南,34.76,113.65,NASA POWER API
770,770,2022-02-09,2.5,0.0,73.51,1.93,101.35,10.51,华北_河南,34.76,113.65,NASA POWER API
771,771,2022-02-10,3.28,0.0,63.01,1.39,101.3,10.43,华北_河南,34.76,113.65,NASA POWER API
772,772,2022-02-11,3.94,0.0,76.96,1.33,101.43,7.27,华北_河南,34.76,113.65,NASA POWER API
773,773,2022-02-12,3.43,0.0,82.13,1.05,101.45,7.97,华北_河南,34.76,113.65,NASA POWER API
774,774,2022-02-13,2.46,0.0,88.6,1.76,101.23,6.88,华北_河南,34.76,113.65,NASA POWER API
775,775,2022-02-14,-0.21,0.0,75.73,3.67,101.65,3.86,华北_河南,34.76,113.65,NASA POWER API
776,776,2022-02-15,-0.38,0.0,74.13,1.78,101.58,6.05,华北_河南,34.76,113.65,NASA POWER API
777,777,2022-02-16,-0.64,0.08,70.67,4.22,101.74,3.14,华北_河南,34.76,113.65,NASA POWER API
778,778,2022-02-17,-1.39,0.63,74.97,3.1,101.93,7.07,华北_河南,34.76,113.65,NASA POWER API
779,779,2022-02-18,-0.8,0.23,81.69,1.08,101.93,9.66,华北_河南,34.76,113.65,NASA POWER API
780,780,2022-02-19,0.21,0.05,69.04,2.17,102.41,14.05,华北_河南,34.76,113.65,NASA POWER API
781,781,2022-02-20,0.98,0.0,65.62,1.88,102.09,14.49,华北_河南,34.76,113.65,NASA POWER API
782,782,2022-02-21,2.5,0.0,54.36,1.81,102.01,14.23,华北_河南,34.76,113.65,NASA POWER API
783,783,2022-02-22,0.6,0.0,61.56,3.38,102.47,11.3,华北_河南,34.76,113.65,NASA POWER API
784,784,2022-02-23,1.23,0.0,63.7,1.52,102.41,12.56,华北_河南,34.76,113.65,NASA POWER API
785,785,2022-02-24,4.62,0.0,67.13,1.48,101.89,13.01,华北_河南,34.76,113.65,NASA POWER API
786,786,2022-02-25,7.04,0.0,71.95,2.55,101.25,15.64,华北_河南,34.76,113.65,NASA POWER API
787,787,2022-02-26,7.8,0.0,62.0,2.31,101.22,18.96,华北_河南,34.76,113.65,NASA POWER API
788,788,2022-02-27,7.84,0.0,66.59,2.24,100.9,15.1,华北_河南,34.76,113.65,NASA POWER API
789,789,2022-02-28,9.25,0.0,68.85,2.14,100.57,10.83,华北_河南,34.76,113.65,NASA POWER API
790,790,2022-03-01,6.4,0.0,60.48,1.82,101.4,17.72,华北_河南,34.76,113.65,NASA POWER API
791,791,2022-03-02,7.55,0.0,56.13,2.31,100.93,17.13,华北_河南,34.76,113.65,NASA POWER API
792,792,2022-03-03,9.49,0.0,59.32,2.16,100.57,10.92,华北_河南,34.76,113.65,NASA POWER API
793,793,2022-03-04,10.49,0.0,59.49,3.59,100.5,17.15,华北_河南,34.76,113.65,NASA POWER API
794,794,2022-03-05,7.2,0.0,58.34,2.73,101.12,17.01,华北_河南,34.76,113.65,NASA POWER API
795,795,2022-03-06,6.75,0.0,74.4,1.94,101.2,7.72,华北_河南,34.76,113.65,NASA POWER API
796,796,2022-03-07,10.19,0.0,65.38,2.03,100.89,18.47,华北_河南,34.76,113.65,NASA POWER API
797,797,2022-03-08,11.39,0.0,72.56,1.61,100.44,17.46,华北_河南,34.76,113.65,NASA POWER API
798,798,2022-03-09,12.89,0.0,73.67,1.89,100.66,15.86,华北_河南,34.76,113.65,NASA POWER API
799,799,2022-03-10,15.5,0.0,64.32,1.48,100.23,16.46,华北_河南,34.76,113.65,NASA POWER API
800,800,2022-03-11,15.78,0.0,74.68,2.57,100.31,16.19,华北_河南,34.76,113.65,NASA POWER API
801,801,2022-03-12,11.83,4.54,91.19,1.7,100.04,5.49,华北_河南,34.76,113.65,NASA POWER API
802,802,2022-03-13,13.57,0.23,87.13,1.95,100.03,5.6,华北_河南,34.76,113.65,NASA POWER API
803,803,2022-03-14,13.2,0.0,69.27,1.42,100.53,10.79,华北_河南,34.76,113.65,NASA POWER API
804,804,2022-03-15,14.19,0.0,66.29,1.41,100.06,13.28,华北_河南,34.76,113.65,NASA POWER API
805,805,2022-03-16,11.29,4.32,71.39,5.11,100.34,3.01,华北_河南,34.76,113.65,NASA POWER API
806,806,2022-03-17,5.36,0.16,59.87,5.69,101.06,4.26,华北_河南,34.76,113.65,NASA POWER API
807,807,2022-03-18,7.31,0.0,71.17,2.11,100.37,16.26,华北_河南,34.76,113.65,NASA POWER API
808,808,2022-03-19,4.18,0.01,79.89,3.42,100.89,8.49,华北_河南,34.76,113.65,NASA POWER API
809,809,2022-03-20,4.01,0.01,78.91,1.65,101.03,7.0,华北_河南,34.76,113.65,NASA POWER API
810,810,2022-03-21,5.63,0.1,76.89,1.8,101.3,7.9,华北_河南,34.76,113.65,NASA POWER API
811,811,2022-03-22,7.38,0.0,73.55,1.79,101.48,9.6,华北_河南,34.76,113.65,NASA POWER API
812,812,2022-03-23,9.94,0.0,73.04,3.09,100.61,20.51,华北_河南,34.76,113.65,NASA POWER API
813,813,2022-03-24,10.21,0.04,84.71,2.61,99.87,12.49,华北_河南,34.76,113.65,NASA POWER API
814,814,2022-03-25,10.56,8.18,80.03,3.43,99.98,2.92,华北_河南,34.76,113.65,NASA POWER API
815,815,2022-03-26,11.15,0.0,54.84,1.93,100.67,16.28,华北_河南,34.76,113.65,NASA POWER API
816,816,2022-03-27,9.13,0.0,53.52,2.46,101.31,20.36,华北_河南,34.76,113.65,NASA POWER API
817,817,2022-03-28,11.14,0.03,67.73,2.56,100.93,19.6,华北_河南,34.76,113.65,NASA POWER API
818,818,2022-03-29,14.05,0.28,77.16,2.23,100.47,17.89,华北_河南,34.76,113.65,NASA POWER API
819,819,2022-03-30,13.14,0.0,74.06,3.15,101.12,10.31,华北_河南,34.76,113.65,NASA POWER API
820,820,2022-03-31,10.77,0.0,70.56,3.08,102.17,13.78,华北_河南,34.76,113.65,NASA POWER API
821,821,2022-04-01,11.41,0.0,58.25,2.23,102.21,20.94,华北_河南,34.76,113.65,NASA POWER API
822,822,2022-04-02,11.12,0.0,56.06,2.04,101.75,22.98,华北_河南,34.76,113.65,NASA POWER API
823,823,2022-04-03,12.7,0.0,54.83,1.94,101.5,22.91,华北_河南,34.76,113.65,NASA POWER API
824,824,2022-04-04,14.73,0.0,70.18,2.15,101.1,18.47,华北_河南,34.76,113.65,NASA POWER API
825,825,2022-04-05,18.35,0.0,64.54,1.97,100.62,20.11,华北_河南,34.76,113.65,NASA POWER API
826,826,2022-04-06,14.7,0.0,63.83,3.1,100.95,19.78,华北_河南,34.76,113.65,NASA POWER API
827,827,2022-04-07,14.33,0.0,68.19,1.69,100.86,21.38,华北_河南,34.76,113.65,NASA POWER API
828,828,2022-04-08,19.04,0.0,69.83,1.95,100.07,22.02,华北_河南,34.76,113.65,NASA POWER API
829,829,2022-04-09,22.76,0.0,61.95,2.72,99.45,20.97,华北_河南,34.76,113.65,NASA POWER API
830,830,2022-04-10,23.28,0.0,58.8,2.16,99.38,23.06,华北_河南,34.76,113.65,NASA POWER API
831,831,2022-04-11,23.85,0.0,66.35,2.94,99.38,22.21,华北_河南,34.76,113.65,NASA POWER API
832,832,2022-04-12,14.63,4.47,70.44,4.02,100.47,5.52,华北_河南,34.76,113.65,NASA POWER API
833,833,2022-04-13,14.07,0.0,55.78,2.79,100.64,22.99,华北_河南,34.76,113.65,NASA POWER API
834,834,2022-04-14,13.55,0.36,58.52,3.11,101.02,9.78,华北_河南,34.76,113.65,NASA POWER API
835,835,2022-04-15,11.14,0.0,57.4,3.43,101.62,10.79,华北_河南,34.76,113.65,NASA POWER API
836,836,2022-04-16,13.04,0.0,47.37,1.51,101.18,18.76,华北_河南,34.76,113.65,NASA POWER API
837,837,2022-04-17,14.51,0.0,49.18,2.13,100.7,11.62,华北_河南,34.76,113.65,NASA POWER API
838,838,2022-04-18,15.81,0.0,60.02,2.68,100.72,20.1,华北_河南,34.76,113.65,NASA POWER API
839,839,2022-04-19,17.72,0.0,53.36,2.16,100.71,24.64,华北_河南,34.76,113.65,NASA POWER API
840,840,2022-04-20,19.22,0.0,54.22,3.02,99.86,23.45,华北_河南,34.76,113.65,NASA POWER API
841,841,2022-04-21,20.47,0.0,66.92,3.26,99.33,22.84,华北_河南,34.76,113.65,NASA POWER API
842,842,2022-04-22,17.97,0.0,50.55,4.28,100.13,20.31,华北_河南,34.76,113.65,NASA POWER API
843,843,2022-04-23,19.67,0.0,54.49,2.0,99.9,23.32,华北_河南,34.76,113.65,NASA POWER API
844,844,2022-04-24,20.93,0.01,78.5,1.61,99.48,15.69,华北_河南,34.76,113.65,NASA POWER API
845,845,2022-04-25,23.6,0.06,70.09,1.85,99.25,17.14,华北_河南,34.76,113.65,NASA POWER API
846,846,2022-04-26,20.96,0.0,51.97,4.46,99.77,18.3,华北_河南,34.76,113.65,NASA POWER API
847,847,2022-04-27,16.03,0.05,54.04,3.81,100.57,8.22,华北_河南,34.76,113.65,NASA POWER API
848,848,2022-04-28,10.29,11.05,78.97,4.07,100.97,4.16,华北_河南,34.76,113.65,NASA POWER API
849,849,2022-04-29,13.28,0.01,69.77,1.33,100.96,20.46,华北_河南,34.76,113.65,NASA POWER API
850,850,2022-04-30,14.67,0.03,58.25,3.34,101.21,8.1,华北_河南,34.76,113.65,NASA POWER API
851,851,2022-05-01,18.15,0.44,43.92,2.94,100.71,27.49,华北_河南,34.76,113.65,NASA POWER API
852,852,2022-05-02,20.5,0.0,42.82,1.83,100.4,26.36,华北_河南,34.76,113.65,NASA POWER API
853,853,2022-05-03,22.57,0.0,41.35,2.85,100.32,27.45,华北_河南,34.76,113.65,NASA POWER API
854,854,2022-05-04,22.1,0.0,47.12,3.09,99.97,28.18,华北_河南,34.76,113.65,NASA POWER API
855,855,2022-05-05,22.93,0.0,59.15,2.93,99.66,26.66,华北_河南,34.76,113.65,NASA POWER API
856,856,2022-05-06,21.52,0.0,63.29,4.8,100.06,24.01,华北_河南,34.76,113.65,NASA POWER API
857,857,2022-05-07,16.66,0.0,61.27,6.13,100.96,16.5,华北_河南,34.76,113.65,NASA POWER API
858,858,2022-05-08,13.87,0.47,62.43,4.2,100.92,5.43,华北_河南,34.76,113.65,NASA POWER API
859,859,2022-05-09,11.01,10.97,80.55,3.01,100.94,3.92,华北_河南,34.76,113.65,NASA POWER API
860,860,2022-05-10,15.63,0.02,68.0,1.75,100.3,21.51,华北_河南,34.76,113.65,NASA POWER API
861,861,2022-05-11,16.88,0.01,76.68,1.97,100.49,6.85,华北_河南,34.76,113.65,NASA POWER API
862,862,2022-05-12,14.59,0.68,76.01,4.0,100.43,6.42,华北_河南,34.76,113.65,NASA POWER API
863,863,2022-05-13,16.73,0.55,54.61,2.27,100.5,23.18,华北_河南,34.76,113.65,NASA POWER API
864,864,2022-05-14,15.64,0.19,56.8,2.71,100.8,12.04,华北_河南,34.76,113.65,NASA POWER API
865,865,2022-05-15,18.54,0.0,51.51,1.69,100.53,23.19,华北_河南,34.76,113.65,NASA POWER API
866,866,2022-05-16,21.56,0.0,33.37,3.05,100.0,29.2,华北_河南,34.76,113.65,NASA POWER API
867,867,2022-05-17,23.3,0.0,37.83,3.55,99.87,28.98,华北_河南,34.76,113.65,NASA POWER API
868,868,2022-05-18,23.73,0.0,49.29,2.45,100.18,22.35,华北_河南,34.76,113.65,NASA POWER API
869,869,2022-05-19,21.69,0.0,60.27,2.27,100.3,22.78,华北_河南,34.76,113.65,NASA POWER API
870,870,2022-05-20,22.71,0.0,56.68,1.56,100.07,26.64,华北_河南,34.76,113.65,NASA POWER API
871,871,2022-05-21,24.9,0.0,52.8,2.73,99.81,25.72,华北_河南,34.76,113.65,NASA POWER API
872,872,2022-05-22,24.49,0.0,58.9,2.56,99.57,20.8,华北_河南,34.76,113.65,NASA POWER API
873,873,2022-05-23,25.33,0.0,55.83,1.9,99.67,25.02,华北_河南,34.76,113.65,NASA POWER API
874,874,2022-05-24,26.57,0.54,53.24,1.98,99.81,24.02,华北_河南,34.76,113.65,NASA POWER API
875,875,2022-05-25,24.56,0.15,48.39,4.73,99.99,18.67,华北_河南,34.76,113.65,NASA POWER API
876,876,2022-05-26,24.42,0.17,44.89,1.48,99.75,25.44,华北_河南,34.76,113.65,NASA POWER API
877,877,2022-05-27,26.48,0.01,43.92,1.77,99.31,16.85,华北_河南,34.76,113.65,NASA POWER API
878,878,2022-05-28,27.23,0.0,51.58,3.47,98.82,22.65,华北_河南,34.76,113.65,NASA POWER API
879,879,2022-05-29,27.58,0.0,52.52,3.19,98.77,20.99,华北_河南,34.76,113.65,NASA POWER API
880,880,2022-05-30,26.18,0.0,37.93,2.33,99.61,28.04,华北_河南,34.76,113.65,NASA POWER API
881,881,2022-05-31,26.99,0.0,40.83,3.16,99.29,12.96,华北_河南,34.76,113.65,NASA POWER API
882,882,2022-06-01,27.75,0.0,41.76,2.63,99.29,26.64,华北_河南,34.76,113.65,NASA POWER API
883,883,2022-06-02,29.35,0.0,38.39,1.58,99.13,24.73,华北_河南,34.76,113.65,NASA POWER API
884,884,2022-06-03,30.74,0.64,45.03,1.98,99.08,22.71,华北_河南,34.76,113.65,NASA POWER API
885,885,2022-06-04,28.11,6.25,67.3,0.85,99.15,8.83,华北_河南,34.76,113.65,NASA POWER API
886,886,2022-06-05,29.58,0.0,38.86,2.49,99.09,25.11,华北_河南,34.76,113.65,NASA POWER API
887,887,2022-06-06,28.86,0.06,28.14,3.08,99.24,28.43,华北_河南,34.76,113.65,NASA POWER API
888,888,2022-06-07,27.35,0.0,42.21,2.41,99.59,22.71,华北_河南,34.76,113.65,NASA POWER API
889,889,2022-06-08,29.28,0.07,47.04,2.16,99.33,20.52,华北_河南,34.76,113.65,NASA POWER API
890,890,2022-06-09,25.58,4.35,64.22,2.3,99.67,17.28,华北_河南,34.76,113.65,NASA POWER API
891,891,2022-06-10,26.98,5.33,62.35,1.87,99.65,17.51,华北_河南,34.76,113.65,NASA POWER API
892,892,2022-06-11,27.83,0.1,50.12,2.51,99.74,24.26,华北_河南,34.76,113.65,NASA POWER API
893,893,2022-06-12,25.74,1.03,58.77,1.55,99.57,12.32,华北_河南,34.76,113.65,NASA POWER API
894,894,2022-06-13,29.05,2.05,43.42,3.37,99.12,24.61,华北_河南,34.76,113.65,NASA POWER API
895,895,2022-06-14,27.27,0.24,41.18,2.02,99.35,28.24,华北_河南,34.76,113.65,NASA POWER API
896,896,2022-06-15,28.23,1.98,43.98,2.11,99.37,26.47,华北_河南,34.76,113.65,NASA POWER API
897,897,2022-06-16,31.5,0.0,40.42,2.2,99.04,26.01,华北_河南,34.76,113.65,NASA POWER API
898,898,2022-06-17,33.19,0.0,40.17,2.13,98.91,25.97,华北_河南,34.76,113.65,NASA POWER API
899,899,2022-06-18,32.81,0.0,39.24,2.23,99.04,25.21,华北_河南,34.76,113.65,NASA POWER API
900,900,2022-06-19,33.18,0.0,43.75,2.73,99.11,21.82,华北_河南,34.76,113.65,NASA POWER API
901,901,2022-06-20,34.24,0.0,41.0,2.34,98.95,25.68,华北_河南,34.76,113.65,NASA POWER API
902,902,2022-06-21,33.49,0.0,43.51,2.77,98.91,22.64,华北_河南,34.76,113.65,NASA POWER API
903,903,2022-06-22,33.97,3.92,49.69,2.39,98.88,22.78,华北_河南,34.76,113.65,NASA POWER API
904,904,2022-06-23,32.66,1.56,55.03,2.22,98.97,20.67,华北_河南,34.76,113.65,NASA POWER API
905,905,2022-06-24,35.22,0.0,37.21,2.12,98.83,26.64,华北_河南,34.76,113.65,NASA POWER API
906,906,2022-06-25,34.8,0.0,41.32,3.47,98.72,25.9,华北_河南,34.76,113.65,NASA POWER API
907,907,2022-06-26,32.64,6.66,61.08,3.05,98.68,10.15,华北_河南,34.76,113.65,NASA POWER API
908,908,2022-06-27,29.73,13.35,67.46,1.67,98.59,10.89,华北_河南,34.76,113.65,NASA POWER API
909,909,2022-06-28,31.52,0.09,50.86,2.89,98.5,27.04,华北_河南,34.76,113.65,NASA POWER API
910,910,2022-06-29,29.86,3.53,56.04,1.56,99.02,24.55,华北_河南,34.76,113.65,NASA POWER API
911,911,2022-06-30,28.31,4.71,62.74,2.54,99.46,19.86,华北_河南,34.76,113.65,NASA POWER API
912,912,2022-07-01,29.39,2.21,62.62,2.06,99.61,20.79,华北_河南,34.76,113.65,NASA POWER API
913,913,2022-07-02,28.86,9.47,74.99,1.59,99.58,16.6,华北_河南,34.76,113.65,NASA POWER API
914,914,2022-07-03,27.82,9.06,81.77,2.23,99.32,14.53,华北_河南,34.76,113.65,NASA POWER API
915,915,2022-07-04,29.98,5.95,68.77,1.43,99.06,19.48,华北_河南,34.76,113.65,NASA POWER API
916,916,2022-07-05,27.89,28.65,79.9,2.15,99.05,9.1,华北_河南,34.76,113.65,NASA POWER API
917,917,2022-07-06,27.86,0.94,74.27,2.66,99.03,21.89,华北_河南,34.76,113.65,NASA POWER API
918,918,2022-07-07,30.93,0.0,61.29,1.9,99.29,28.62,华北_河南,34.76,113.65,NASA POWER API
919,919,2022-07-08,31.55,0.0,57.93,2.4,99.11,28.3,华北_河南,34.76,113.65,NASA POWER API
920,920,2022-07-09,32.6,0.1,63.8,2.28,98.97,24.31,华北_河南,34.76,113.65,NASA POWER API
921,921,2022-07-10,25.88,3.09,74.0,4.34,99.2,13.27,华北_河南,34.76,113.65,NASA POWER API
922,922,2022-07-11,25.25,4.08,77.91,3.4,99.37,5.9,华北_河南,34.76,113.65,NASA POWER API
923,923,2022-07-12,26.86,5.47,81.13,3.05,99.13,8.14,华北_河南,34.76,113.65,NASA POWER API
924,924,2022-07-13,26.93,11.05,81.45,1.52,99.21,10.57,华北_河南,34.76,113.65,NASA POWER API
925,925,2022-07-14,30.51,3.13,70.56,2.19,99.12,21.9,华北_河南,34.76,113.65,NASA POWER API
926,926,2022-07-15,30.74,3.5,70.87,1.8,99.09,13.37,华北_河南,34.76,113.65,NASA POWER API
927,927,2022-07-16,29.17,17.57,81.7,2.02,98.75,9.62,华北_河南,34.76,113.65,NASA POWER API
928,928,2022-07-17,30.11,0.01,63.27,1.95,98.93,26.19,华北_河南,34.76,113.65,NASA POWER API
929,929,2022-07-18,30.99,0.0,54.19,1.24,99.1,20.6,华北_河南,34.76,113.65,NASA POWER API
930,930,2022-07-19,27.96,8.28,60.1,1.39,99.33,5.5,华北_河南,34.76,113.65,NASA POWER API
931,931,2022-07-20,24.61,23.74,76.87,1.46,99.45,12.9,华北_河南,34.76,113.65,NASA POWER API
932,932,2022-07-21,28.62,0.0,63.21,1.53,99.61,27.56,华北_河南,34.76,113.65,NASA POWER API
933,933,2022-07-22,24.85,61.28,81.11,1.99,99.57,4.21,华北_河南,34.76,113.65,NASA POWER API
934,934,2022-07-23,25.83,0.01,72.82,1.16,99.5,25.08,华北_河南,34.76,113.65,NASA POWER API
935,935,2022-07-24,27.97,0.01,67.14,1.85,99.38,27.78,华北_河南,34.76,113.65,NASA POWER API
936,936,2022-07-25,28.18,17.74,77.06,2.05,99.42,22.36,华北_河南,34.76,113.65,NASA POWER API
937,937,2022-07-26,27.06,5.31,82.96,2.32,99.39,19.89,华北_河南,34.76,113.65,NASA POWER API
938,938,2022-07-27,27.12,3.91,79.96,1.4,99.52,10.69,华北_河南,34.76,113.65,NASA POWER API
939,939,2022-07-28,25.89,51.56,85.91,1.83,99.53,17.56,华北_河南,34.76,113.65,NASA POWER API
940,940,2022-07-29,26.11,0.13,81.75,1.43,99.71,23.68,华北_河南,34.76,113.65,NASA POWER API
941,941,2022-07-30,27.4,0.05,81.16,1.73,99.6,21.16,华北_河南,34.76,113.65,NASA POWER API
942,942,2022-07-31,28.5,0.0,78.09,1.27,99.44,21.09,华北_河南,34.76,113.65,NASA POWER API
943,943,2022-08-01,29.52,0.0,74.65,1.13,99.45,22.38,华北_河南,34.76,113.65,NASA POWER API
944,944,2022-08-02,29.87,0.05,71.43,1.37,99.56,21.23,华北_河南,34.76,113.65,NASA POWER API
945,945,2022-08-03,30.99,0.31,72.23,1.55,99.54,21.15,华北_河南,34.76,113.65,NASA POWER API
946,946,2022-08-04,31.77,0.09,69.15,1.88,99.47,23.21,华北_河南,34.76,113.65,NASA POWER API
947,947,2022-08-05,32.5,0.39,66.22,1.88,99.29,24.02,华北_河南,34.76,113.65,NASA POWER API
948,948,2022-08-06,32.37,0.35,66.08,2.07,99.12,24.53,华北_河南,34.76,113.65,NASA POWER API
949,949,2022-08-07,33.04,0.02,65.28,2.09,98.95,19.1,华北_河南,34.76,113.65,NASA POWER API
950,950,2022-08-08,31.92,10.7,75.56,1.82,99.17,14.67,华北_河南,34.76,113.65,NASA POWER API
951,951,2022-08-09,25.73,13.65,81.58,4.08,99.6,11.62,华北_河南,34.76,113.65,NASA POWER API
952,952,2022-08-10,25.67,0.51,78.98,1.75,99.65,11.74,华北_河南,34.76,113.65,NASA POWER API
953,953,2022-08-11,29.78,0.0,76.15,1.11,99.35,18.58,华北_河南,34.76,113.65,NASA POWER API
954,954,2022-08-12,32.61,0.0,68.96,1.37,99.16,23.79,华北_河南,34.76,113.65,NASA POWER API
955,955,2022-08-13,32.98,2.23,66.75,1.7,99.06,21.9,华北_河南,34.76,113.65,NASA POWER API
956,956,2022-08-14,32.43,2.44,70.44,2.26,99.0,16.91,华北_河南,34.76,113.65,NASA POWER API
957,957,2022-08-15,32.79,0.32,63.31,2.3,99.04,16.85,华北_河南,34.76,113.65,NASA POWER API
958,958,2022-08-16,29.7,0.14,61.22,2.36,99.52,7.84,华北_河南,34.76,113.65,NASA POWER API
959,959,2022-08-17,29.77,0.0,66.56,2.35,99.47,15.22,华北_河南,34.76,113.65,NASA POWER API
960,960,2022-08-18,32.36,0.09,62.95,2.83,99.04,19.01,华北_河南,34.76,113.65,NASA POWER API
961,961,2022-08-19,31.37,0.79,64.79,2.51,99.11,17.44,华北_河南,34.76,113.65,NASA POWER API
962,962,2022-08-20,28.56,0.06,61.65,2.59,99.65,19.7,华北_河南,34.76,113.65,NASA POWER API
963,963,2022-08-21,30.71,0.0,57.69,2.04,99.18,19.22,华北_河南,34.76,113.65,NASA POWER API
964,964,2022-08-22,30.54,0.78,59.13,3.27,99.05,13.26,华北_河南,34.76,113.65,NASA POWER API
965,965,2022-08-23,26.58,0.4,54.27,3.89,100.14,19.61,华北_河南,34.76,113.65,NASA POWER API
966,966,2022-08-24,26.35,0.52,57.32,1.26,100.08,21.55,华北_河南,34.76,113.65,NASA POWER API
967,967,2022-08-25,25.52,7.31,70.73,0.88,99.92,5.67,华北_河南,34.76,113.65,NASA POWER API
968,968,2022-08-26,26.17,3.17,64.53,1.24,99.9,9.6,华北_河南,34.76,113.65,NASA POWER API
969,969,2022-08-27,22.91,0.83,52.64,3.19,100.34,4.77,华北_河南,34.76,113.65,NASA POWER API
970,970,2022-08-28,19.22,23.63,83.87,3.0,100.28,3.0,华北_河南,34.76,113.65,NASA POWER API
971,971,2022-08-29,21.82,7.17,77.31,1.2,100.31,6.96,华北_河南,34.76,113.65,NASA POWER API
972,972,2022-08-30,22.39,6.69,72.43,1.24,100.33,8.51,华北_河南,34.76,113.65,NASA POWER API
973,973,2022-08-31,25.84,0.0,61.65,1.06,100.21,19.67,华北_河南,34.76,113.65,NASA POWER API
974,974,2022-09-01,25.89,0.0,60.18,1.69,100.49,22.68,华北_河南,34.76,113.65,NASA POWER API
975,975,2022-09-02,24.66,0.0,66.38,1.98,100.53,19.2,华北_河南,34.76,113.65,NASA POWER API
976,976,2022-09-03,23.64,0.89,71.6,0.97,100.25,10.11,华北_河南,34.76,113.65,NASA POWER API
977,977,2022-09-04,25.57,0.0,60.88,1.61,99.85,20.52,华北_河南,34.76,113.65,NASA POWER API
978,978,2022-09-05,27.51,0.0,50.5,2.1,99.66,22.24,华北_河南,34.76,113.65,NASA POWER API
979,979,2022-09-06,28.02,0.0,45.01,1.42,99.97,23.75,华北_河南,34.76,113.65,NASA POWER API
980,980,2022-09-07,25.61,0.0,42.99,1.31,100.68,21.76,华北_河南,34.76,113.65,NASA POWER API
981,981,2022-09-08,26.61,0.0,48.03,1.06,100.76,16.36,华北_河南,34.76,113.65,NASA POWER API
982,982,2022-09-09,25.66,1.2,61.11,0.98,100.62,6.44,华北_河南,34.76,113.65,NASA POWER API
983,983,2022-09-10,23.89,5.51,63.75,0.83,100.52,10.45,华北_河南,34.76,113.65,NASA POWER API
984,984,2022-09-11,25.04,0.0,53.22,1.13,100.3,19.11,华北_河南,34.76,113.65,NASA POWER API
985,985,2022-09-12,25.56,0.02,52.96,1.07,100.21,19.31,华北_河南,34.76,113.65,NASA POWER API
986,986,2022-09-13,25.62,0.32,54.51,2.41,100.47,16.84,华北_河南,34.76,113.65,NASA POWER API
987,987,2022-09-14,23.8,0.0,63.42,3.35,100.47,19.0,华北_河南,34.76,113.65,NASA POWER API
988,988,2022-09-15,24.38,0.0,66.84,2.91,99.95,16.91,华北_河南,34.76,113.65,NASA POWER API
989,989,2022-09-16,25.29,0.0,58.03,0.94,99.66,20.99,华北_河南,34.76,113.65,NASA POWER API
990,990,2022-09-17,26.91,0.0,51.09,1.0,99.72,18.22,华北_河南,34.76,113.65,NASA POWER API
991,991,2022-09-18,26.84,0.0,49.89,1.87,99.99,19.26,华北_河南,34.76,113.65,NASA POWER API
992,992,2022-09-19,24.32,0.0,50.38,3.68,100.5,13.28,华北_河南,34.76,113.65,NASA POWER API
993,993,2022-09-20,21.95,0.01,50.93,2.18,100.82,10.33,华北_河南,34.76,113.65,NASA POWER API
994,994,2022-09-21,21.68,0.0,51.71,1.81,100.46,17.81,华北_河南,34.76,113.65,NASA POWER API
995,995,2022-09-22,23.43,0.0,46.57,2.53,100.12,20.13,华北_河南,34.76,113.65,NASA POWER API
996,996,2022-09-23,18.79,0.0,35.55,2.35,101.0,19.87,华北_河南,34.76,113.65,NASA POWER API
997,997,2022-09-24,19.59,0.0,36.47,1.43,100.7,10.6,华北_河南,34.76,113.65,NASA POWER API
998,998,2022-09-25,21.0,0.0,46.74,1.57,100.37,17.22,华北_河南,34.76,113.65,NASA POWER API
999,999,2022-09-26,22.38,0.0,47.89,1.43,100.39,19.84,华北_河南,34.76,113.65,NASA POWER API
1000,1000,2022-09-27,21.63,0.0,52.63,1.12,100.49,9.42,华北_河南,34.76,113.65,NASA POWER API
1001,1001,2022-09-28,22.95,7.28,58.43,1.89,100.1,18.76,华北_河南,34.76,113.65,NASA POWER API
1002,1002,2022-09-29,24.18,0.0,47.46,1.84,100.09,18.7,华北_河南,34.76,113.65,NASA POWER API
1003,1003,2022-09-30,24.04,4.98,61.67,1.42,100.12,9.85,华北_河南,34.76,113.65,NASA POWER API
1004,1004,2022-10-01,23.79,10.63,87.02,1.74,99.94,7.8,华北_河南,34.76,113.65,NASA POWER API
1005,1005,2022-10-02,23.65,1.62,80.54,2.59,99.91,5.99,华北_河南,34.76,113.65,NASA POWER API
1006,1006,2022-10-03,20.44,19.36,80.07,4.64,100.44,2.98,华北_河南,34.76,113.65,NASA POWER API
1007,1007,2022-10-04,11.16,20.37,65.52,4.07,101.85,3.81,华北_河南,34.76,113.65,NASA POWER API
1008,1008,2022-10-05,9.58,12.44,76.52,1.72,101.78,3.3,华北_河南,34.76,113.65,NASA POWER API
1009,1009,2022-10-06,10.82,0.42,75.82,1.54,101.59,5.25,华北_河南,34.76,113.65,NASA POWER API
1010,1010,2022-10-07,12.24,0.01,80.53,1.67,101.38,10.68,华北_河南,34.76,113.65,NASA POWER API
1011,1011,2022-10-08,13.52,0.0,80.52,1.79,101.09,9.42,华北_河南,34.76,113.65,NASA POWER API
1012,1012,2022-10-09,12.67,0.0,46.27,2.88,101.74,14.32,华北_河南,34.76,113.65,NASA POWER API
1013,1013,2022-10-10,11.68,0.0,48.18,1.59,101.69,19.83,华北_河南,34.76,113.65,NASA POWER API
1014,1014,2022-10-11,13.72,0.0,48.75,1.48,101.4,18.72,华北_河南,34.76,113.65,NASA POWER API
1015,1015,2022-10-12,13.8,0.0,55.51,1.3,101.39,12.61,华北_河南,34.76,113.65,NASA POWER API
1016,1016,2022-10-13,15.68,0.0,59.27,0.81,101.27,10.05,华北_河南,34.76,113.65,NASA POWER API
1017,1017,2022-10-14,17.16,0.0,58.72,0.91,101.03,8.18,华北_河南,34.76,113.65,NASA POWER API
1018,1018,2022-10-15,18.68,0.0,59.9,1.0,100.93,9.53,华北_河南,34.76,113.65,NASA POWER API
1019,1019,2022-10-16,17.02,0.0,51.46,4.19,101.24,9.8,华北_河南,34.76,113.65,NASA POWER API
1020,1020,2022-10-17,12.59,0.0,47.85,2.61,101.93,17.8,华北_河南,34.76,113.65,NASA POWER API
1021,1021,2022-10-18,12.44,0.0,51.24,1.64,101.63,17.07,华北_河南,34.76,113.65,NASA POWER API
1022,1022,2022-10-19,13.43,0.0,54.52,1.87,101.39,15.96,华北_河南,34.76,113.65,NASA POWER API
1023,1023,2022-10-20,13.83,0.0,60.6,1.39,101.18,13.91,华北_河南,34.76,113.65,NASA POWER API
1024,1024,2022-10-21,17.31,0.0,51.76,1.0,101.09,13.88,华北_河南,34.76,113.65,NASA POWER API
1025,1025,2022-10-22,17.3,0.0,47.66,2.9,101.3,13.28,华北_河南,34.76,113.65,NASA POWER API
1026,1026,2022-10-23,16.44,0.0,55.35,1.31,101.41,13.34,华北_河南,34.76,113.65,NASA POWER API
1027,1027,2022-10-24,16.66,0.0,54.14,1.45,101.28,12.52,华北_河南,34.76,113.65,NASA POWER API
1028,1028,2022-10-25,15.56,0.05,62.07,1.83,101.16,10.64,华北_河南,34.76,113.65,NASA POWER API
1029,1029,2022-10-26,15.74,0.71,69.02,1.02,101.19,5.85,华北_河南,34.76,113.65,NASA POWER API
1030,1030,2022-10-27,13.72,0.0,70.5,3.85,101.72,9.81,华北_河南,34.76,113.65,NASA POWER API
1031,1031,2022-10-28,12.92,0.19,70.53,3.11,101.81,7.77,华北_河南,34.76,113.65,NASA POWER API
1032,1032,2022-10-29,14.66,0.21,63.14,1.68,101.62,7.21,华北_河南,34.76,113.65,NASA POWER API
1033,1033,2022-10-30,14.99,0.47,64.01,1.06,101.35,6.05,华北_河南,34.76,113.65,NASA POWER API
1034,1034,2022-10-31,14.35,0.0,57.74,2.73,101.37,9.59,华北_河南,34.76,113.65,NASA POWER API
1035,1035,2022-11-01,13.24,0.0,66.76,2.02,101.33,8.05,华北_河南,34.76,113.65,NASA POWER API
1036,1036,2022-11-02,13.93,0.0,71.86,1.58,100.92,12.2,华北_河南,34.76,113.65,NASA POWER API
1037,1037,2022-11-03,11.89,0.0,71.32,4.31,101.42,4.21,华北_河南,34.76,113.65,NASA POWER API
1038,1038,2022-11-04,10.24,0.0,68.55,1.73,101.9,11.68,华北_河南,34.76,113.65,NASA POWER API
1039,1039,2022-11-05,11.69,0.17,57.62,1.62,101.56,11.16,华北_河南,34.76,113.65,NASA POWER API
1040,1040,2022-11-06,13.35,0.0,69.48,1.85,100.89,10.9,华北_河南,34.76,113.65,NASA POWER API
1041,1041,2022-11-07,12.67,0.0,64.21,2.81,101.19,10.47,华北_河南,34.76,113.65,NASA POWER API
1042,1042,2022-11-08,11.89,0.3,62.28,1.41,101.27,6.36,华北_河南,34.76,113.65,NASA POWER API
1043,1043,2022-11-09,14.66,3.81,75.55,1.01,100.98,5.11,华北_河南,34.76,113.65,NASA POWER API
1044,1044,2022-11-10,13.4,2.9,88.93,2.57,101.01,4.41,华北_河南,34.76,113.65,NASA POWER API
1045,1045,2022-11-11,15.87,1.23,84.88,2.14,100.85,1.98,华北_河南,34.76,113.65,NASA POWER API
1046,1046,2022-11-12,13.34,1.02,61.77,2.89,101.0,2.38,华北_河南,34.76,113.65,NASA POWER API
1047,1047,2022-11-13,7.38,0.02,56.77,2.14,101.81,5.95,华北_河南,34.76,113.65,NASA POWER API
1048,1048,2022-11-14,9.03,0.12,61.65,1.9,101.18,12.2,华北_河南,34.76,113.65,NASA POWER API
1049,1049,2022-11-15,11.55,0.0,48.95,1.43,100.88,13.11,华北_河南,34.76,113.65,NASA POWER API
1050,1050,2022-11-16,10.61,0.0,63.75,1.3,100.87,6.94,华北_河南,34.76,113.65,NASA POWER API
1051,1051,2022-11-17,10.95,0.0,61.26,1.46,100.86,11.69,华北_河南,34.76,113.65,NASA POWER API
1052,1052,2022-11-18,10.0,1.38,84.4,2.12,101.3,1.47,华北_河南,34.76,113.65,NASA POWER API
1053,1053,2022-11-19,11.5,0.02,78.55,1.53,101.06,9.27,华北_河南,34.76,113.65,NASA POWER API
1054,1054,2022-11-20,12.49,0.05,80.3,1.38,100.79,4.44,华北_河南,34.76,113.65,NASA POWER API
1055,1055,2022-11-21,10.31,8.73,86.07,3.61,101.17,1.54,华北_河南,34.76,113.65,NASA POWER API
1056,1056,2022-11-22,8.89,2.96,76.99,2.02,101.31,4.03,华北_河南,34.76,113.65,NASA POWER API
1057,1057,2022-11-23,9.47,0.01,78.18,1.42,101.06,8.48,华北_河南,34.76,113.65,NASA POWER API
1058,1058,2022-11-24,11.45,0.0,70.64,2.27,100.68,11.15,华北_河南,34.76,113.65,NASA POWER API
1059,1059,2022-11-25,11.65,0.0,64.18,1.86,100.63,11.39,华北_河南,34.76,113.65,NASA POWER API
1060,1060,2022-11-26,6.16,0.0,42.92,4.13,100.92,9.53,华北_河南,34.76,113.65,NASA POWER API
1061,1061,2022-11-27,4.75,0.81,75.22,2.17,100.17,2.0,华北_河南,34.76,113.65,NASA POWER API
1062,1062,2022-11-28,8.57,0.19,68.5,1.93,100.65,3.5,华北_河南,34.76,113.65,NASA POWER API
1063,1063,2022-11-29,1.27,0.56,37.37,4.61,102.33,2.07,华北_河南,34.76,113.65,NASA POWER API
1064,1064,2022-11-30,-2.73,0.0,45.82,1.81,103.09,7.81,华北_河南,34.76,113.65,NASA POWER API
1065,1065,2022-12-01,-0.12,0.0,55.17,1.1,102.53,10.84,华北_河南,34.76,113.65,NASA POWER API
1066,1066,2022-12-02,-0.05,0.0,59.26,2.22,101.64,10.7,华北_河南,34.76,113.65,NASA POWER API
1067,1067,2022-12-03,1.22,0.0,47.13,3.9,101.82,5.84,华北_河南,34.76,113.65,NASA POWER API
1068,1068,2022-12-04,0.75,0.0,46.47,2.27,102.48,3.56,华北_河南,34.76,113.65,NASA POWER API
1069,1069,2022-12-05,2.02,0.0,56.32,1.2,102.09,9.53,华北_河南,34.76,113.65,NASA POWER API
1070,1070,2022-12-06,3.21,0.0,58.19,0.85,101.62,4.76,华北_河南,34.76,113.65,NASA POWER API
1071,1071,2022-12-07,4.28,0.0,63.58,1.43,101.45,8.49,华北_河南,34.76,113.65,NASA POWER API
1072,1072,2022-12-08,3.63,0.0,64.2,1.67,101.46,6.46,华北_河南,34.76,113.65,NASA POWER API
1073,1073,2022-12-09,3.58,0.0,65.56,1.07,101.34,5.22,华北_河南,34.76,113.65,NASA POWER API
1074,1074,2022-12-10,0.94,0.0,55.57,2.81,101.81,7.77,华北_河南,34.76,113.65,NASA POWER API
1075,1075,2022-12-11,0.58,0.0,46.35,1.47,102.01,8.66,华北_河南,34.76,113.65,NASA POWER API
1076,1076,2022-12-12,1.48,0.0,44.07,3.1,101.61,12.16,华北_河南,34.76,113.65,NASA POWER API
1077,1077,2022-12-13,1.1,0.0,48.98,2.03,101.97,8.41,华北_河南,34.76,113.65,NASA POWER API
1078,1078,2022-12-14,-0.22,0.0,52.29,2.31,101.83,11.23,华北_河南,34.76,113.65,NASA POWER API
1079,1079,2022-12-15,0.41,0.0,47.69,4.25,101.53,6.76,华北_河南,34.76,113.65,NASA POWER API
1080,1080,2022-12-16,-1.84,0.0,48.83,2.44,102.58,8.18,华北_河南,34.76,113.65,NASA POWER API
1081,1081,2022-12-17,-2.97,0.0,29.37,4.13,102.98,12.93,华北_河南,34.76,113.65,NASA POWER API
1082,1082,2022-12-18,-0.05,0.01,41.51,3.22,101.73,12.22,华北_河南,34.76,113.65,NASA POWER API
1083,1083,2022-12-19,0.22,0.0,50.09,2.13,101.29,10.88,华北_河南,34.76,113.65,NASA POWER API
1084,1084,2022-12-20,1.74,0.0,53.96,1.88,101.2,5.55,华北_河南,34.76,113.65,NASA POWER API
1085,1085,2022-12-21,1.79,0.0,50.88,2.57,100.9,10.46,华北_河南,34.76,113.65,NASA POWER API
1086,1086,2022-12-22,-1.2,0.0,40.05,1.39,101.55,12.49,华北_河南,34.76,113.65,NASA POWER API
1087,1087,2022-12-23,-0.92,0.0,49.67,2.41,101.58,10.82,华北_河南,34.76,113.65,NASA POWER API
1088,1088,2022-12-24,-1.06,0.0,51.09,1.16,102.07,11.35,华北_河南,34.76,113.65,NASA POWER API
1089,1089,2022-12-25,0.0,1.11,61.01,1.72,102.0,5.34,华北_河南,34.76,113.65,NASA POWER API
1090,1090,2022-12-26,0.46,0.01,67.52,1.27,101.96,8.3,华北_河南,34.76,113.65,NASA POWER API
1091,1091,2022-12-27,-0.09,0.07,55.39,1.47,102.25,5.45,华北_河南,34.76,113.65,NASA POWER API
1092,1092,2022-12-28,-0.4,0.0,50.2,1.5,102.37,10.54,华北_河南,34.76,113.65,NASA POWER API
1093,1093,2022-12-29,-0.33,0.0,48.48,1.82,102.42,10.99,华北_河南,34.76,113.65,NASA POWER API
1094,1094,2022-12-30,0.55,0.0,61.69,1.21,102.26,8.34,华北_河南,34.76,113.65,NASA POWER API
1095,1095,2022-12-31,2.25,0.0,52.17,1.36,102.1,9.08,华北_河南,34.76,113.65,NASA POWER API
1096,1096,2023-01-01,0.9,0.0,57.82,1.81,102.29,5.78,华北_河南,34.76,113.65,NASA POWER API
1097,1097,2023-01-02,0.54,0.0,57.51,1.88,102.52,6.65,华北_河南,34.76,113.65,NASA POWER API
1098,1098,2023-01-03,1.66,0.0,61.23,1.27,102.07,6.97,华北_河南,34.76,113.65,NASA POWER API
1099,1099,2023-01-04,1.78,0.0,62.23,2.06,101.92,6.0,华北_河南,34.76,113.65,NASA POWER API
1100,1100,2023-01-05,2.9,0.0,61.47,1.26,101.92,5.42,华北_河南,34.76,113.65,NASA POWER API
1101,1101,2023-01-06,4.6,0.0,54.35,2.86,101.54,12.39,华北_河南,34.76,113.65,NASA POWER API
1102,1102,2023-01-07,6.19,0.0,48.19,1.16,100.98,10.56,华北_河南,34.76,113.65,NASA POWER API
1103,1103,2023-01-08,5.57,0.0,55.45,2.01,101.04,9.09,华北_河南,34.76,113.65,NASA POWER API
1104,1104,2023-01-09,3.17,0.0,55.91,4.35,101.92,9.94,华北_河南,34.76,113.65,NASA POWER API
1105,1105,2023-01-10,1.88,0.0,61.33,1.7,101.79,9.74,华北_河南,34.76,113.65,NASA POWER API
1106,1106,2023-01-11,3.29,0.0,74.37,1.19,100.99,5.43,华北_河南,34.76,113.65,NASA POWER API
1107,1107,2023-01-12,2.89,0.06,93.17,2.18,100.29,2.28,华北_河南,34.76,113.65,NASA POWER API
1108,1108,2023-01-13,5.46,1.77,78.56,3.25,100.65,1.88,华北_河南,34.76,113.65,NASA POWER API
1109,1109,2023-01-14,-1.4,6.96,61.72,6.48,102.05,3.31,华北_河南,34.76,113.65,NASA POWER API
1110,1110,2023-01-15,-2.47,0.08,56.07,1.69,102.3,6.5,华北_河南,34.76,113.65,NASA POWER API
1111,1111,2023-01-16,-1.93,0.01,47.68,2.17,102.02,8.69,华北_河南,34.76,113.65,NASA POWER API
1112,1112,2023-01-17,-0.16,0.0,50.82,2.13,101.88,10.29,华北_河南,34.76,113.65,NASA POWER API
1113,1113,2023-01-18,0.59,0.0,49.32,2.44,101.71,12.21,华北_河南,34.76,113.65,NASA POWER API
1114,1114,2023-01-19,1.61,0.0,48.83,2.87,101.5,11.43,华北_河南,34.76,113.65,NASA POWER API
1115,1115,2023-01-20,-1.41,0.0,51.27,2.13,102.2,7.75,华北_河南,34.76,113.65,NASA POWER API
1116,1116,2023-01-21,-0.33,0.0,61.78,1.18,101.35,7.11,华北_河南,34.76,113.65,NASA POWER API
1117,1117,2023-01-22,1.65,0.0,59.59,1.08,101.4,9.3,华北_河南,34.76,113.65,NASA POWER API
1118,1118,2023-01-23,0.89,0.0,50.13,2.45,102.21,9.19,华北_河南,34.76,113.65,NASA POWER API
1119,1119,2023-01-24,-5.23,0.0,36.8,2.05,103.14,15.29,华北_河南,34.76,113.65,NASA POWER API
1120,1120,2023-01-25,-2.41,0.0,45.45,3.14,101.7,9.54,华北_河南,34.76,113.65,NASA POWER API
1121,1121,2023-01-26,-1.19,0.0,49.17,1.97,101.77,7.27,华北_河南,34.76,113.65,NASA POWER API
1122,1122,2023-01-27,-1.41,0.0,40.12,2.6,102.52,15.39,华北_河南,34.76,113.65,NASA POWER API
1123,1123,2023-01-28,-0.34,0.0,40.55,2.5,101.83,15.52,华北_河南,34.76,113.65,NASA POWER API
1124,1124,2023-01-29,3.12,0.0,41.76,2.12,101.32,15.36,华北_河南,34.76,113.65,NASA POWER API
1125,1125,2023-01-30,4.71,0.0,40.11,1.92,100.93,13.28,华北_河南,34.76,113.65,NASA POWER API
1126,1126,2023-01-31,6.33,0.0,42.02,1.82,100.51,12.05,华北_河南,34.76,113.65,NASA POWER API
1127,1127,2023-02-01,3.12,0.0,33.85,6.16,101.78,8.49,华北_河南,34.76,113.65,NASA POWER API
1128,1128,2023-02-02,-0.27,0.0,54.68,1.68,102.08,7.41,华北_河南,34.76,113.65,NASA POWER API
1129,1129,2023-02-03,1.82,0.0,67.5,2.13,101.42,11.86,华北_河南,34.76,113.65,NASA POWER API
1130,1130,2023-02-04,3.12,0.0,63.8,1.58,101.49,11.86,华北_河南,34.76,113.65,NASA POWER API
1131,1131,2023-02-05,4.77,0.0,65.21,1.64,101.01,10.7,华北_河南,34.76,113.65,NASA POWER API
1132,1132,2023-02-06,5.7,0.0,63.09,2.74,100.96,6.83,华北_河南,34.76,113.65,NASA POWER API
1133,1133,2023-02-07,5.4,0.0,62.91,1.45,101.37,7.03,华北_河南,34.76,113.65,NASA POWER API
1134,1134,2023-02-08,3.48,1.92,68.83,4.92,101.72,2.21,华北_河南,34.76,113.65,NASA POWER API
1135,1135,2023-02-09,1.99,2.74,83.17,2.14,101.45,3.98,华北_河南,34.76,113.65,NASA POWER API
1136,1136,2023-02-10,2.4,1.2,83.26,1.44,101.15,3.39,华北_河南,34.76,113.65,NASA POWER API
1137,1137,2023-02-11,3.94,1.59,85.72,1.26,100.9,3.64,华北_河南,34.76,113.65,NASA POWER API
1138,1138,2023-02-12,4.11,11.67,84.87,4.65,101.22,3.77,华北_河南,34.76,113.65,NASA POWER API
1139,1139,2023-02-13,2.28,2.02,64.68,4.67,102.19,9.05,华北_河南,34.76,113.65,NASA POWER API
1140,1140,2023-02-14,2.17,0.01,60.38,0.89,102.16,10.17,华北_河南,34.76,113.65,NASA POWER API
1141,1141,2023-02-15,2.19,0.0,54.77,1.33,102.19,10.56,华北_河南,34.76,113.65,NASA POWER API
1142,1142,2023-02-16,3.53,0.0,67.68,1.92,101.7,10.69,华北_河南,34.76,113.65,NASA POWER API
1143,1143,2023-02-17,5.46,0.0,74.08,1.84,101.01,13.12,华北_河南,34.76,113.65,NASA POWER API
1144,1144,2023-02-18,8.4,0.0,58.6,2.55,101.16,10.32,华北_河南,34.76,113.65,NASA POWER API
1145,1145,2023-02-19,5.71,0.0,42.45,2.19,101.82,18.51,华北_河南,34.76,113.65,NASA POWER API
1146,1146,2023-02-20,6.62,0.0,39.27,3.98,101.99,14.85,华北_河南,34.76,113.65,NASA POWER API
1147,1147,2023-02-21,4.33,0.0,50.38,2.99,102.53,10.5,华北_河南,34.76,113.65,NASA POWER API
1148,1148,2023-02-22,3.88,0.02,66.56,2.12,101.82,8.7,华北_河南,34.76,113.65,NASA POWER API
1149,1149,2023-02-23,5.46,0.0,73.47,1.74,101.33,9.69,华北_河南,34.76,113.65,NASA POWER API
1150,1150,2023-02-24,5.42,0.0,68.82,3.32,102.01,9.71,华北_河南,34.76,113.65,NASA POWER API
1151,1151,2023-02-25,4.38,0.0,52.18,2.61,102.91,10.74,华北_河南,34.76,113.65,NASA POWER API
1152,1152,2023-02-26,5.72,0.0,57.71,2.17,102.54,13.19,华北_河南,34.76,113.65,NASA POWER API
1153,1153,2023-02-27,6.57,0.0,56.55,1.85,101.83,16.25,华北_河南,34.76,113.65,NASA POWER API
1154,1154,2023-02-28,9.48,0.0,54.41,2.53,101.35,11.76,华北_河南,34.76,113.65,NASA POWER API
1155,1155,2023-03-01,9.5,0.0,47.45,2.0,101.88,14.64,华北_河南,34.76,113.65,NASA POWER API
1156,1156,2023-03-02,8.35,0.0,48.49,2.11,101.92,15.64,华北_河南,34.76,113.65,NASA POWER API
1157,1157,2023-03-03,12.61,0.0,40.04,2.01,101.28,16.84,华北_河南,34.76,113.65,NASA POWER API
1158,1158,2023-03-04,13.36,0.0,30.44,1.52,101.24,18.11,华北_河南,34.76,113.65,NASA POWER API
1159,1159,2023-03-05,14.23,0.0,33.46,1.35,101.04,17.04,华北_河南,34.76,113.65,NASA POWER API
1160,1160,2023-03-06,16.92,0.0,41.35,1.76,100.59,15.85,华北_河南,34.76,113.65,NASA POWER API
1161,1161,2023-03-07,17.29,0.0,38.63,1.71,100.47,16.19,华北_河南,34.76,113.65,NASA POWER API
1162,1162,2023-03-08,17.15,0.0,35.97,2.18,100.65,20.06,华北_河南,34.76,113.65,NASA POWER API
1163,1163,2023-03-09,17.92,0.0,31.46,2.59,100.48,21.18,华北_河南,34.76,113.65,NASA POWER API
1164,1164,2023-03-10,18.5,0.0,44.84,2.52,100.17,16.83,华北_河南,34.76,113.65,NASA POWER API
1165,1165,2023-03-11,13.92,0.0,33.87,6.22,101.19,14.29,华北_河南,34.76,113.65,NASA POWER API
1166,1166,2023-03-12,9.21,0.0,28.07,2.65,102.27,23.06,华北_河南,34.76,113.65,NASA POWER API
1167,1167,2023-03-13,10.77,0.0,31.24,3.65,100.72,21.56,华北_河南,34.76,113.65,NASA POWER API
1168,1168,2023-03-14,16.6,0.0,41.7,2.94,99.59,19.67,华北_河南,34.76,113.65,NASA POWER API
1169,1169,2023-03-15,11.01,0.0,25.56,5.08,101.38,15.72,华北_河南,34.76,113.65,NASA POWER API
1170,1170,2023-03-16,4.96,19.24,67.03,2.42,101.89,2.22,华北_河南,34.76,113.65,NASA POWER API
1171,1171,2023-03-17,4.83,0.14,78.92,1.38,101.61,9.4,华北_河南,34.76,113.65,NASA POWER API
1172,1172,2023-03-18,7.02,0.0,78.15,1.68,101.37,12.67,华北_河南,34.76,113.65,NASA POWER API
1173,1173,2023-03-19,9.23,0.0,74.75,2.16,100.79,13.38,华北_河南,34.76,113.65,NASA POWER API
1174,1174,2023-03-20,8.0,0.0,87.4,1.45,100.11,6.84,华北_河南,34.76,113.65,NASA POWER API
1175,1175,2023-03-21,13.08,0.0,74.99,1.76,99.76,10.91,华北_河南,34.76,113.65,NASA POWER API
1176,1176,2023-03-22,13.23,0.0,51.01,3.3,100.07,12.08,华北_河南,34.76,113.65,NASA POWER API
1177,1177,2023-03-23,11.18,0.07,35.15,3.76,100.78,7.74,华北_河南,34.76,113.65,NASA POWER API
1178,1178,2023-03-24,10.85,0.01,45.31,1.82,101.2,11.52,华北_河南,34.76,113.65,NASA POWER API
1179,1179,2023-03-25,11.02,0.0,48.68,1.98,101.08,10.36,华北_河南,34.76,113.65,NASA POWER API
1180,1180,2023-03-26,10.4,0.0,58.52,2.01,101.15,13.14,华北_河南,34.76,113.65,NASA POWER API
1181,1181,2023-03-27,14.21,0.0,52.98,1.84,100.87,20.05,华北_河南,34.76,113.65,NASA POWER API
1182,1182,2023-03-28,15.55,0.0,54.88,2.28,100.92,19.4,华北_河南,34.76,113.65,NASA POWER API
1183,1183,2023-03-29,15.96,0.0,49.44,1.6,100.68,19.35,华北_河南,34.76,113.65,NASA POWER API
1184,1184,2023-03-30,15.84,0.0,43.14,1.74,100.53,20.2,华北_河南,34.76,113.65,NASA POWER API
1185,1185,2023-03-31,15.52,0.0,58.19,2.05,100.49,18.66,华北_河南,34.76,113.65,NASA POWER API
1186,1186,2023-04-01,17.17,0.01,64.69,2.41,100.18,18.38,华北_河南,34.76,113.65,NASA POWER API
1187,1187,2023-04-02,18.73,5.12,59.66,4.24,100.0,17.68,华北_河南,34.76,113.65,NASA POWER API
1188,1188,2023-04-03,12.27,29.62,84.79,6.67,99.86,3.78,华北_河南,34.76,113.65,NASA POWER API
1189,1189,2023-04-04,9.43,3.39,70.94,6.07,100.16,6.83,华北_河南,34.76,113.65,NASA POWER API
1190,1190,2023-04-05,9.94,0.0,64.67,1.51,100.7,15.98,华北_河南,34.76,113.65,NASA POWER API
1191,1191,2023-04-06,13.64,0.0,44.91,2.73,100.7,24.0,华北_河南,34.76,113.65,NASA POWER API
1192,1192,2023-04-07,12.71,0.0,43.4,2.13,101.31,21.8,华北_河南,34.76,113.65,NASA POWER API
1193,1193,2023-04-08,14.42,0.0,47.03,2.02,101.24,22.16,华北_河南,34.76,113.65,NASA POWER API
1194,1194,2023-04-09,18.37,0.0,53.42,3.23,100.15,22.47,华北_河南,34.76,113.65,NASA POWER API
1195,1195,2023-04-10,20.82,0.0,56.26,2.39,99.57,23.42,华北_河南,34.76,113.65,NASA POWER API
1196,1196,2023-04-11,18.19,0.0,35.37,2.27,100.43,14.68,华北_河南,34.76,113.65,NASA POWER API
1197,1197,2023-04-12,17.58,0.0,43.32,2.11,100.44,16.85,华北_河南,34.76,113.65,NASA POWER API
1198,1198,2023-04-13,19.19,0.2,59.12,1.3,99.98,12.3,华北_河南,34.76,113.65,NASA POWER API
1199,1199,2023-04-14,19.35,0.0,40.48,2.87,100.28,13.74,华北_河南,34.76,113.65,NASA POWER API
1200,1200,2023-04-15,19.52,0.0,34.39,3.71,99.77,21.07,华北_河南,34.76,113.65,NASA POWER API
1201,1201,2023-04-16,18.16,0.0,43.26,1.99,99.53,22.42,华北_河南,34.76,113.65,NASA POWER API
1202,1202,2023-04-17,21.95,0.0,55.75,0.96,99.3,16.57,华北_河南,34.76,113.65,NASA POWER API
1203,1203,2023-04-18,22.77,0.0,54.21,3.75,99.91,17.73,华北_河南,34.76,113.65,NASA POWER API
1204,1204,2023-04-19,23.05,0.0,55.39,1.97,99.63,23.34,华北_河南,34.76,113.65,NASA POWER API
1205,1205,2023-04-20,19.94,0.18,56.38,5.76,99.91,14.36,华北_河南,34.76,113.65,NASA POWER API
1206,1206,2023-04-21,12.52,2.27,46.2,6.25,100.97,5.11,华北_河南,34.76,113.65,NASA POWER API
1207,1207,2023-04-22,6.62,22.2,82.56,4.31,101.33,3.96,华北_河南,34.76,113.65,NASA POWER API
1208,1208,2023-04-23,6.62,22.39,88.24,4.75,101.51,3.45,华北_河南,34.76,113.65,NASA POWER API
1209,1209,2023-04-24,8.27,5.81,85.05,3.05,101.61,4.69,华北_河南,34.76,113.65,NASA POWER API
1210,1210,2023-04-25,14.56,0.02,59.57,2.87,100.59,26.23,华北_河南,34.76,113.65,NASA POWER API
1211,1211,2023-04-26,17.19,0.0,51.58,3.12,100.39,24.86,华北_河南,34.76,113.65,NASA POWER API
1212,1212,2023-04-27,19.26,0.0,64.95,3.11,99.98,25.6,华北_河南,34.76,113.65,NASA POWER API
1213,1213,2023-04-28,18.49,0.18,48.1,3.52,100.39,10.25,华北_河南,34.76,113.65,NASA POWER API
1214,1214,2023-04-29,16.4,0.0,35.84,3.35,100.52,28.7,华北_河南,34.76,113.65,NASA POWER API
1215,1215,2023-04-30,20.17,0.0,35.63,2.2,100.03,27.87,华北_河南,34.76,113.65,NASA POWER API
1216,1216,2023-05-01,20.94,0.0,42.67,3.21,100.06,25.63,华北_河南,34.76,113.65,NASA POWER API
1217,1217,2023-05-02,21.28,0.0,53.65,2.23,99.88,18.93,华北_河南,34.76,113.65,NASA POWER API
1218,1218,2023-05-03,20.55,28.87,85.56,3.66,99.59,3.61,华北_河南,34.76,113.65,NASA POWER API
1219,1219,2023-05-04,19.53,14.82,84.63,4.03,99.36,7.05,华北_河南,34.76,113.65,NASA POWER API
1220,1220,2023-05-05,19.31,1.55,72.71,3.82,99.6,9.72,华北_河南,34.76,113.65,NASA POWER API
1221,1221,2023-05-06,14.55,2.92,69.36,4.55,100.42,10.5,华北_河南,34.76,113.65,NASA POWER API
1222,1222,2023-05-07,17.81,0.0,50.01,3.13,100.69,21.52,华北_河南,34.76,113.65,NASA POWER API
1223,1223,2023-05-08,18.95,0.0,47.42,1.94,100.88,23.91,华北_河南,34.76,113.65,NASA POWER API
1224,1224,2023-05-09,18.67,0.02,48.39,1.32,100.76,20.96,华北_河南,34.76,113.65,NASA POWER API
1225,1225,2023-05-10,19.45,0.39,50.85,1.03,100.78,8.92,华北_河南,34.76,113.65,NASA POWER API
1226,1226,2023-05-11,19.66,0.0,55.94,1.45,100.71,17.75,华北_河南,34.76,113.65,NASA POWER API
1227,1227,2023-05-12,23.25,0.0,47.41,2.78,100.13,22.46,华北_河南,34.76,113.65,NASA POWER API
1228,1228,2023-05-13,23.42,0.0,42.96,2.63,99.98,27.39,华北_河南,34.76,113.65,NASA POWER API
1229,1229,2023-05-14,26.39,0.0,44.31,3.09,99.33,26.27,华北_河南,34.76,113.65,NASA POWER API
1230,1230,2023-05-15,28.47,0.0,44.12,3.11,99.1,25.89,华北_河南,34.76,113.65,NASA POWER API
1231,1231,2023-05-16,26.58,0.0,58.36,3.26,99.0,19.65,华北_河南,34.76,113.65,NASA POWER API
1232,1232,2023-05-17,25.55,0.31,61.57,2.22,99.35,24.49,华北_河南,34.76,113.65,NASA POWER API
1233,1233,2023-05-18,23.86,0.01,61.3,3.16,99.96,21.46,华北_河南,34.76,113.65,NASA POWER API
1234,1234,2023-05-19,26.57,0.01,64.93,3.01,99.6,20.25,华北_河南,34.76,113.65,NASA POWER API
1235,1235,2023-05-20,25.72,7.46,52.71,3.69,99.65,21.64,华北_河南,34.76,113.65,NASA POWER API
1236,1236,2023-05-21,16.98,12.07,57.8,4.21,100.5,3.91,华北_河南,34.76,113.65,NASA POWER API
1237,1237,2023-05-22,20.05,0.0,52.96,1.57,100.47,24.79,华北_河南,34.76,113.65,NASA POWER API
1238,1238,2023-05-23,21.24,0.01,47.04,1.56,100.21,18.88,华北_河南,34.76,113.65,NASA POWER API
1239,1239,2023-05-24,21.24,0.01,55.81,2.43,99.93,22.93,华北_河南,34.76,113.65,NASA POWER API
1240,1240,2023-05-25,20.86,1.42,69.5,1.91,99.98,8.57,华北_河南,34.76,113.65,NASA POWER API
1241,1241,2023-05-26,22.88,2.45,65.04,2.21,100.09,8.0,华北_河南,34.76,113.65,NASA POWER API
1242,1242,2023-05-27,20.93,22.93,84.01,3.63,99.89,4.94,华北_河南,34.76,113.65,NASA POWER API
1243,1243,2023-05-28,20.05,11.63,82.57,3.78,100.07,8.98,华北_河南,34.76,113.65,NASA POWER API
1244,1244,2023-05-29,22.3,25.21,79.21,2.58,100.24,10.5,华北_河南,34.76,113.65,NASA POWER API
1245,1245,2023-05-30,22.09,7.36,78.33,1.72,100.19,16.56,华北_河南,34.76,113.65,NASA POWER API
1246,1246,2023-05-31,23.41,0.71,74.92,1.26,99.93,15.91,华北_河南,34.76,113.65,NASA POWER API
1247,1247,2023-06-01,25.62,0.0,54.6,1.31,99.5,26.36,华北_河南,34.76,113.65,NASA POWER API
1248,1248,2023-06-02,23.23,0.71,52.48,1.59,99.88,6.76,华北_河南,34.76,113.65,NASA POWER API
1249,1249,2023-06-03,22.79,3.05,56.38,1.62,100.21,7.46,华北_河南,34.76,113.65,NASA POWER API
1250,1250,2023-06-04,21.79,3.72,67.89,1.87,100.15,8.49,华北_河南,34.76,113.65,NASA POWER API
1251,1251,2023-06-05,23.14,0.03,65.05,2.22,99.97,16.43,华北_河南,34.76,113.65,NASA POWER API
1252,1252,2023-06-06,26.6,0.0,50.32,2.23,99.6,26.85,华北_河南,34.76,113.65,NASA POWER API
1253,1253,2023-06-07,28.33,0.07,53.17,2.42,99.33,18.31,华北_河南,34.76,113.65,NASA POWER API
1254,1254,2023-06-08,28.16,0.0,47.37,2.25,99.32,29.17,华北_河南,34.76,113.65,NASA POWER API
1255,1255,2023-06-09,29.55,0.0,35.8,2.3,98.96,29.48,华北_河南,34.76,113.65,NASA POWER API
1256,1256,2023-06-10,27.77,0.0,38.5,3.08,99.03,28.37,华北_河南,34.76,113.65,NASA POWER API
1257,1257,2023-06-11,27.53,1.44,53.9,2.54,99.23,15.92,华北_河南,34.76,113.65,NASA POWER API
1258,1258,2023-06-12,25.34,2.13,64.38,1.97,99.48,21.65,华北_河南,34.76,113.65,NASA POWER API
1259,1259,2023-06-13,27.61,1.38,52.61,1.17,99.42,25.11,华北_河南,34.76,113.65,NASA POWER API
1260,1260,2023-06-14,29.73,0.0,43.57,2.07,99.41,26.58,华北_河南,34.76,113.65,NASA POWER API
1261,1261,2023-06-15,30.15,0.0,44.12,2.92,99.48,22.99,华北_河南,34.76,113.65,NASA POWER API
1262,1262,2023-06-16,27.98,1.42,57.35,2.5,99.68,10.91,华北_河南,34.76,113.65,NASA POWER API
1263,1263,2023-06-17,23.79,13.47,74.14,1.54,99.82,7.36,华北_河南,34.76,113.65,NASA POWER API
1264,1264,2023-06-18,23.02,12.58,84.71,2.15,99.53,6.0,华北_河南,34.76,113.65,NASA POWER API
1265,1265,2023-06-19,25.84,4.28,77.07,1.2,99.22,19.1,华北_河南,34.76,113.65,NASA POWER API
1266,1266,2023-06-20,28.89,0.0,66.16,1.63,99.22,22.62,华北_河南,34.76,113.65,NASA POWER API
1267,1267,2023-06-21,29.32,0.0,65.29,1.78,99.54,18.7,华北_河南,34.76,113.65,NASA POWER API
1268,1268,2023-06-22,30.3,0.0,56.23,2.34,99.59,25.48,华北_河南,34.76,113.65,NASA POWER API
1269,1269,2023-06-23,29.82,0.0,52.12,2.31,99.6,26.8,华北_河南,34.76,113.65,NASA POWER API
1270,1270,2023-06-24,30.06,0.0,47.75,2.04,99.63,24.4,华北_河南,34.76,113.65,NASA POWER API
1271,1271,2023-06-25,26.16,0.05,65.1,1.72,99.61,20.05,华北_河南,34.76,113.65,NASA POWER API
1272,1272,2023-06-26,28.47,0.0,60.34,1.95,99.4,26.58,华北_河南,34.76,113.65,NASA POWER API
1273,1273,2023-06-27,31.35,0.02,57.74,2.43,99.24,25.71,华北_河南,34.76,113.65,NASA POWER API
1274,1274,2023-06-28,31.33,3.2,65.05,2.16,99.05,11.7,华北_河南,34.76,113.65,NASA POWER API
1275,1275,2023-06-29,29.88,1.2,61.65,2.62,99.1,18.67,华北_河南,34.76,113.65,NASA POWER API
1276,1276,2023-06-30,31.63,0.0,49.41,1.75,99.02,28.62,华北_河南,34.76,113.65,NASA POWER API
1277,1277,2023-07-01,30.32,0.0,53.4,2.2,99.22,21.26,华北_河南,34.76,113.65,NASA POWER API
1278,1278,2023-07-02,31.22,2.23,57.23,1.67,99.27,8.46,华北_河南,34.76,113.65,NASA POWER API
1279,1279,2023-07-03,28.62,13.39,79.03,1.63,99.15,6.41,华北_河南,34.76,113.65,NASA POWER API
1280,1280,2023-07-04,29.78,2.57,51.52,2.26,98.83,25.56,华北_河南,34.76,113.65,NASA POWER API
1281,1281,2023-07-05,30.85,0.0,45.4,3.62,98.72,28.31,华北_河南,34.76,113.65,NASA POWER API
1282,1282,2023-07-06,29.89,0.0,49.29,3.05,98.53,13.56,华北_河南,34.76,113.65,NASA POWER API
1283,1283,2023-07-07,32.66,0.0,46.28,2.54,98.46,22.77,华北_河南,34.76,113.65,NASA POWER API
1284,1284,2023-07-08,33.95,0.0,39.71,2.46,98.83,26.0,华北_河南,34.76,113.65,NASA POWER API
1285,1285,2023-07-09,34.94,0.0,41.41,2.06,98.9,26.36,华北_河南,34.76,113.65,NASA POWER API
1286,1286,2023-07-10,32.74,0.14,59.6,2.33,98.85,21.89,华北_河南,34.76,113.65,NASA POWER API
1287,1287,2023-07-11,32.46,12.85,70.1,2.03,98.93,16.46,华北_河南,34.76,113.65,NASA POWER API
1288,1288,2023-07-12,30.02,12.29,83.33,1.55,98.94,14.23,华北_河南,34.76,113.65,NASA POWER API
1289,1289,2023-07-13,29.04,20.46,76.88,2.07,98.97,9.14,华北_河南,34.76,113.65,NASA POWER API
1290,1290,2023-07-14,29.63,0.0,49.9,3.44,98.87,18.51,华北_河南,34.76,113.65,NASA POWER API
1291,1291,2023-07-15,31.36,0.0,45.5,1.87,99.08,24.28,华北_河南,34.76,113.65,NASA POWER API
1292,1292,2023-07-16,30.31,0.0,48.23,2.0,99.6,27.98,华北_河南,34.76,113.65,NASA POWER API
1293,1293,2023-07-17,30.3,0.0,48.63,1.74,99.82,26.59,华北_河南,34.76,113.65,NASA POWER API
1294,1294,2023-07-18,30.23,0.0,54.47,1.09,99.93,25.85,华北_河南,34.76,113.65,NASA POWER API
1295,1295,2023-07-19,29.71,0.01,59.35,1.4,99.71,17.33,华北_河南,34.76,113.65,NASA POWER API
1296,1296,2023-07-20,29.54,0.73,66.42,2.06,99.5,17.04,华北_河南,34.76,113.65,NASA POWER API
1297,1297,2023-07-21,28.63,5.56,76.06,1.23,99.45,14.12,华北_河南,34.76,113.65,NASA POWER API
1298,1298,2023-07-22,30.72,0.23,61.97,1.83,99.42,20.52,华北_河南,34.76,113.65,NASA POWER API
1299,1299,2023-07-23,33.0,0.0,49.72,1.46,99.31,25.75,华北_河南,34.76,113.65,NASA POWER API
1300,1300,2023-07-24,29.68,0.21,66.67,1.65,99.47,21.2,华北_河南,34.76,113.65,NASA POWER API
1301,1301,2023-07-25,31.46,1.49,57.88,1.97,99.62,18.83,华北_河南,34.76,113.65,NASA POWER API
1302,1302,2023-07-26,31.04,0.88,61.66,1.69,99.78,20.88,华北_河南,34.76,113.65,NASA POWER API
1303,1303,2023-07-27,31.54,0.0,59.76,1.96,99.69,22.64,华北_河南,34.76,113.65,NASA POWER API
1304,1304,2023-07-28,30.76,10.43,65.87,3.29,99.5,19.85,华北_河南,34.76,113.65,NASA POWER API
1305,1305,2023-07-29,27.07,69.03,88.76,4.2,99.25,5.52,华北_河南,34.76,113.65,NASA POWER API
1306,1306,2023-07-30,27.6,13.24,87.14,2.09,98.92,16.57,华北_河南,34.76,113.65,NASA POWER API
1307,1307,2023-07-31,28.37,7.9,84.54,1.98,99.42,14.84,华北_河南,34.76,113.65,NASA POWER API
1308,1308,2023-08-01,29.22,7.28,84.86,2.23,99.55,17.9,华北_河南,34.76,113.65,NASA POWER API
1309,1309,2023-08-02,29.68,1.02,78.83,2.01,99.44,23.2,华北_河南,34.76,113.65,NASA POWER API
1310,1310,2023-08-03,30.96,0.04,72.75,2.08,99.14,24.69,华北_河南,34.76,113.65,NASA POWER API
1311,1311,2023-08-04,32.21,0.0,67.54,1.56,99.01,24.86,华北_河南,34.76,113.65,NASA POWER API
1312,1312,2023-08-05,31.34,9.62,76.48,1.72,98.94,16.85,华北_河南,34.76,113.65,NASA POWER API
1313,1313,2023-08-06,28.54,3.71,78.17,3.57,99.15,19.9,华北_河南,34.76,113.65,NASA POWER API
1314,1314,2023-08-07,27.87,0.0,71.25,2.22,99.3,21.93,华北_河南,34.76,113.65,NASA POWER API
1315,1315,2023-08-08,29.42,0.01,69.22,1.51,99.4,18.28,华北_河南,34.76,113.65,NASA POWER API
1316,1316,2023-08-09,29.7,0.0,68.8,1.44,99.6,19.03,华北_河南,34.76,113.65,NASA POWER API
1317,1317,2023-08-10,29.85,0.0,68.97,1.7,99.6,23.72,华北_河南,34.76,113.65,NASA POWER API
1318,1318,2023-08-11,31.47,0.01,60.4,1.82,99.12,21.08,华北_河南,34.76,113.65,NASA POWER API
1319,1319,2023-08-12,28.85,11.08,71.6,1.49,99.09,6.34,华北_河南,34.76,113.65,NASA POWER API
1320,1320,2023-08-13,28.92,0.01,68.84,1.61,99.34,24.68,华北_河南,34.76,113.65,NASA POWER API
1321,1321,2023-08-14,29.38,0.0,64.96,1.31,99.53,25.33,华北_河南,34.76,113.65,NASA POWER API
1322,1322,2023-08-15,29.64,0.0,59.38,1.27,99.57,22.45,华北_河南,34.76,113.65,NASA POWER API
1323,1323,2023-08-16,30.83,0.0,57.11,1.05,99.41,23.67,华北_河南,34.76,113.65,NASA POWER API
1324,1324,2023-08-17,31.93,0.94,56.43,0.97,99.39,20.94,华北_河南,34.76,113.65,NASA POWER API
1325,1325,2023-08-18,30.05,4.81,70.15,1.29,99.53,13.96,华北_河南,34.76,113.65,NASA POWER API
1326,1326,2023-08-19,29.1,13.77,76.4,1.37,99.78,10.12,华北_河南,34.76,113.65,NASA POWER API
1327,1327,2023-08-20,26.97,19.95,83.93,1.49,99.82,9.29,华北_河南,34.76,113.65,NASA POWER API
1328,1328,2023-08-21,28.53,16.97,72.78,1.02,99.36,20.2,华北_河南,34.76,113.65,NASA POWER API
1329,1329,2023-08-22,29.21,2.0,66.88,1.01,99.41,23.69,华北_河南,34.76,113.65,NASA POWER API
1330,1330,2023-08-23,28.75,1.46,67.4,0.92,99.65,19.25,华北_河南,34.76,113.65,NASA POWER API
1331,1331,2023-08-24,26.29,10.67,74.72,1.01,99.91,21.04,华北_河南,34.76,113.65,NASA POWER API
1332,1332,2023-08-25,25.51,0.83,74.46,1.78,99.95,16.52,华北_河南,34.76,113.65,NASA POWER API
1333,1333,2023-08-26,22.77,60.3,90.91,3.95,99.79,3.17,华北_河南,34.76,113.65,NASA POWER API
1334,1334,2023-08-27,20.73,38.26,89.14,5.35,99.8,3.91,华北_河南,34.76,113.65,NASA POWER API
1335,1335,2023-08-28,21.9,0.01,78.81,2.82,99.88,22.88,华北_河南,34.76,113.65,NASA POWER API
1336,1336,2023-08-29,23.74,1.13,71.77,1.09,100.06,24.03,华北_河南,34.76,113.65,NASA POWER API
1337,1337,2023-08-30,25.17,0.29,73.01,1.15,100.17,22.83,华北_河南,34.76,113.65,NASA POWER API
1338,1338,2023-08-31,26.27,0.0,74.98,1.7,100.03,22.69,华北_河南,34.76,113.65,NASA POWER API
1339,1339,2023-09-01,25.4,0.0,80.73,1.15,100.22,16.69,华北_河南,34.76,113.65,NASA POWER API
1340,1340,2023-09-02,26.08,0.0,74.33,1.12,100.14,15.53,华北_河南,34.76,113.65,NASA POWER API
1341,1341,2023-09-03,26.03,0.0,73.75,1.55,99.98,22.49,华北_河南,34.76,113.65,NASA POWER API
1342,1342,2023-09-04,27.17,0.0,70.99,1.02,100.08,21.96,华北_河南,34.76,113.65,NASA POWER API
1343,1343,2023-09-05,26.68,0.0,71.77,1.6,100.3,19.22,华北_河南,34.76,113.65,NASA POWER API
1344,1344,2023-09-06,26.41,0.0,74.84,1.79,100.41,19.37,华北_河南,34.76,113.65,NASA POWER API
1345,1345,2023-09-07,26.6,0.0,69.39,1.3,100.3,20.52,华北_河南,34.76,113.65,NASA POWER API
1346,1346,2023-09-08,26.69,0.0,66.62,1.15,100.14,19.84,华北_河南,34.76,113.65,NASA POWER API
1347,1347,2023-09-09,25.97,4.19,72.79,1.03,99.9,16.6,华北_河南,34.76,113.65,NASA POWER API
1348,1348,2023-09-10,25.11,27.28,84.75,1.65,99.82,10.16,华北_河南,34.76,113.65,NASA POWER API
1349,1349,2023-09-11,25.46,1.31,81.85,0.9,99.82,7.55,华北_河南,34.76,113.65,NASA POWER API
1350,1350,2023-09-12,22.31,3.35,89.94,1.89,100.18,5.5,华北_河南,34.76,113.65,NASA POWER API
1351,1351,2023-09-13,22.83,0.99,78.14,2.64,100.27,19.35,华北_河南,34.76,113.65,NASA POWER API
1352,1352,2023-09-14,23.46,0.0,69.01,1.22,100.29,20.94,华北_河南,34.76,113.65,NASA POWER API
1353,1353,2023-09-15,24.74,0.0,69.98,1.41,100.16,20.2,华北_河南,34.76,113.65,NASA POWER API
1354,1354,2023-09-16,25.05,0.0,68.78,1.12,100.03,19.58,华北_河南,34.76,113.65,NASA POWER API
1355,1355,2023-09-17,26.01,2.11,74.29,1.45,99.86,17.5,华北_河南,34.76,113.65,NASA POWER API
1356,1356,2023-09-18,27.24,1.6,74.63,0.84,99.89,18.0,华北_河南,34.76,113.65,NASA POWER API
1357,1357,2023-09-19,22.15,43.38,88.18,4.13,100.05,2.61,华北_河南,34.76,113.65,NASA POWER API
1358,1358,2023-09-20,20.42,0.27,68.36,3.43,100.65,18.4,华北_河南,34.76,113.65,NASA POWER API
1359,1359,2023-09-21,21.59,0.08,70.09,1.08,100.68,18.56,华北_河南,34.76,113.65,NASA POWER API
1360,1360,2023-09-22,21.5,0.17,66.98,1.29,100.62,18.33,华北_河南,34.76,113.65,NASA POWER API
1361,1361,2023-09-23,20.09,3.5,78.36,1.55,100.88,7.04,华北_河南,34.76,113.65,NASA POWER API
1362,1362,2023-09-24,18.04,9.19,87.39,1.46,100.72,3.81,华北_河南,34.76,113.65,NASA POWER API
1363,1363,2023-09-25,17.41,5.85,89.76,1.24,100.64,5.47,华北_河南,34.76,113.65,NASA POWER API
1364,1364,2023-09-26,18.29,1.98,87.81,1.51,100.49,5.9,华北_河南,34.76,113.65,NASA POWER API
1365,1365,2023-09-27,19.59,1.93,87.58,1.07,100.47,3.29,华北_河南,34.76,113.65,NASA POWER API
1366,1366,2023-09-28,20.45,7.32,78.36,1.34,100.69,6.86,华北_河南,34.76,113.65,NASA POWER API
1367,1367,2023-09-29,20.74,6.13,79.55,1.53,100.48,13.51,华北_河南,34.76,113.65,NASA POWER API
1368,1368,2023-09-30,18.24,0.13,61.46,2.6,100.64,17.97,华北_河南,34.76,113.65,NASA POWER API
1369,1369,2023-10-01,17.5,3.96,69.74,1.31,100.81,13.26,华北_河南,34.76,113.65,NASA POWER API
1370,1370,2023-10-02,16.95,1.45,77.88,0.83,100.81,3.6,华北_河南,34.76,113.65,NASA POWER API
1371,1371,2023-10-03,18.69,0.26,79.58,1.4,100.57,16.38,华北_河南,34.76,113.65,NASA POWER API
1372,1372,2023-10-04,18.99,2.3,82.68,1.39,100.87,3.96,华北_河南,34.76,113.65,NASA POWER API
1373,1373,2023-10-05,17.03,0.01,68.19,2.61,101.26,5.99,华北_河南,34.76,113.65,NASA POWER API
1374,1374,2023-10-06,16.58,0.76,67.83,1.22,101.25,5.66,华北_河南,34.76,113.65,NASA POWER API
1375,1375,2023-10-07,16.21,0.0,74.18,1.7,101.08,7.57,华北_河南,34.76,113.65,NASA POWER API
1376,1376,2023-10-08,17.69,0.0,74.33,1.84,101.01,14.16,华北_河南,34.76,113.65,NASA POWER API
1377,1377,2023-10-09,18.19,0.0,71.8,1.61,101.33,13.48,华北_河南,34.76,113.65,NASA POWER API
1378,1378,2023-10-10,17.84,0.0,59.8,1.68,101.46,16.66,华北_河南,34.76,113.65,NASA POWER API
1379,1379,2023-10-11,16.84,0.71,69.41,1.56,101.47,13.82,华北_河南,34.76,113.65,NASA POWER API
1380,1380,2023-10-12,17.43,0.04,72.54,0.9,101.38,5.57,华北_河南,34.76,113.65,NASA POWER API
1381,1381,2023-10-13,18.0,0.0,67.53,1.87,100.79,12.06,华北_河南,34.76,113.65,NASA POWER API
1382,1382,2023-10-14,18.0,0.0,55.8,1.5,100.37,14.97,华北_河南,34.76,113.65,NASA POWER API
1383,1383,2023-10-15,17.68,0.0,57.56,2.15,100.35,17.47,华北_河南,34.76,113.65,NASA POWER API
1384,1384,2023-10-16,16.99,0.0,64.52,1.95,100.85,14.23,华北_河南,34.76,113.65,NASA POWER API
1385,1385,2023-10-17,18.33,0.6,69.74,1.83,100.68,12.51,华北_河南,34.76,113.65,NASA POWER API
1386,1386,2023-10-18,17.95,2.62,74.33,2.47,100.8,9.52,华北_河南,34.76,113.65,NASA POWER API
1387,1387,2023-10-19,15.59,1.04,63.34,1.36,101.19,3.65,华北_河南,34.76,113.65,NASA POWER API
1388,1388,2023-10-20,12.99,0.0,55.7,2.07,101.65,17.58,华北_河南,34.76,113.65,NASA POWER API
1389,1389,2023-10-21,14.97,0.0,58.11,1.23,101.33,15.74,华北_河南,34.76,113.65,NASA POWER API
1390,1390,2023-10-22,16.41,0.0,57.78,1.42,101.0,15.33,华北_河南,34.76,113.65,NASA POWER API
1391,1391,2023-10-23,16.95,0.0,75.67,1.77,100.75,11.82,华北_河南,34.76,113.65,NASA POWER API
1392,1392,2023-10-24,19.47,0.0,63.91,1.42,100.58,14.26,华北_河南,34.76,113.65,NASA POWER API
1393,1393,2023-10-25,20.23,0.0,49.28,1.69,100.56,13.88,华北_河南,34.76,113.65,NASA POWER API
1394,1394,2023-10-26,17.38,0.0,54.14,2.94,100.79,13.28,华北_河南,34.76,113.65,NASA POWER API
1395,1395,2023-10-27,15.88,0.0,66.57,1.4,100.88,10.36,华北_河南,34.76,113.65,NASA POWER API
1396,1396,2023-10-28,18.35,0.06,66.48,1.52,100.6,11.3,华北_河南,34.76,113.65,NASA POWER API
1397,1397,2023-10-29,19.06,0.0,59.95,1.82,100.61,12.77,华北_河南,34.76,113.65,NASA POWER API
1398,1398,2023-10-30,18.86,0.0,55.15,1.58,100.67,13.42,华北_河南,34.76,113.65,NASA POWER API
1399,1399,2023-10-31,19.99,0.0,67.84,2.07,100.57,14.12,华北_河南,34.76,113.65,NASA POWER API
1400,1400,2023-11-01,20.67,0.0,69.03,2.15,100.31,14.36,华北_河南,34.76,113.65,NASA POWER API
1401,1401,2023-11-02,20.72,0.0,67.77,2.35,100.02,13.25,华北_河南,34.76,113.65,NASA POWER API
1402,1402,2023-11-03,14.59,1.65,62.0,2.45,100.83,3.24,华北_河南,34.76,113.65,NASA POWER API
1403,1403,2023-11-04,14.11,6.28,76.62,1.72,100.74,2.41,华北_河南,34.76,113.65,NASA POWER API
1404,1404,2023-11-05,11.37,27.23,79.13,3.54,100.56,3.75,华北_河南,34.76,113.65,NASA POWER API
1405,1405,2023-11-06,7.69,0.0,53.12,2.92,101.15,15.96,华北_河南,34.76,113.65,NASA POWER API
1406,1406,2023-11-07,11.43,0.0,55.59,1.56,100.79,13.63,华北_河南,34.76,113.65,NASA POWER API
1407,1407,2023-11-08,13.09,0.0,80.05,1.22,100.56,12.06,华北_河南,34.76,113.65,NASA POWER API
1408,1408,2023-11-09,8.44,0.0,55.64,4.09,101.3,9.02,华北_河南,34.76,113.65,NASA POWER API
1409,1409,2023-11-10,4.09,1.0,50.54,4.23,102.22,2.17,华北_河南,34.76,113.65,NASA POWER API
1410,1410,2023-11-11,2.4,0.39,75.19,2.2,102.47,3.09,华北_河南,34.76,113.65,NASA POWER API
1411,1411,2023-11-12,3.84,0.0,62.84,1.68,102.65,13.05,华北_河南,34.76,113.65,NASA POWER API
1412,1412,2023-11-13,4.11,0.0,65.33,1.58,102.38,11.23,华北_河南,34.76,113.65,NASA POWER API
1413,1413,2023-11-14,5.65,0.0,67.98,1.19,101.68,10.67,华北_河南,34.76,113.65,NASA POWER API
1414,1414,2023-11-15,7.15,0.0,68.1,1.39,101.71,7.34,华北_河南,34.76,113.65,NASA POWER API
1415,1415,2023-11-16,6.57,0.0,54.67,3.07,101.95,13.66,华北_河南,34.76,113.65,NASA POWER API
1416,1416,2023-11-17,6.14,0.0,52.05,1.63,101.72,14.21,华北_河南,34.76,113.65,NASA POWER API
1417,1417,2023-11-18,8.01,0.0,53.96,1.85,101.35,12.76,华北_河南,34.76,113.65,NASA POWER API
1418,1418,2023-11-19,8.97,0.0,50.9,2.18,100.99,13.01,华北_河南,34.76,113.65,NASA POWER API
1419,1419,2023-11-20,8.81,0.0,63.55,1.36,101.05,10.75,华北_河南,34.76,113.65,NASA POWER API
1420,1420,2023-11-21,12.19,0.0,76.09,1.73,100.4,10.65,华北_河南,34.76,113.65,NASA POWER API
1421,1421,2023-11-22,12.78,0.0,55.66,1.75,100.41,10.22,华北_河南,34.76,113.65,NASA POWER API
1422,1422,2023-11-23,5.6,0.0,44.18,2.79,101.69,13.95,华北_河南,34.76,113.65,NASA POWER API
1423,1423,2023-11-24,0.17,0.0,54.28,2.59,102.35,8.46,华北_河南,34.76,113.65,NASA POWER API
1424,1424,2023-11-25,1.4,1.22,69.19,1.88,102.01,2.05,华北_河南,34.76,113.65,NASA POWER API
1425,1425,2023-11-26,4.98,0.0,70.26,1.89,101.19,11.16,华北_河南,34.76,113.65,NASA POWER API
1426,1426,2023-11-27,8.28,0.0,51.72,2.98,101.07,12.09,华北_河南,34.76,113.65,NASA POWER API
1427,1427,2023-11-28,4.38,0.0,57.85,1.67,101.25,10.95,华北_河南,34.76,113.65,NASA POWER API
1428,1428,2023-11-29,2.63,0.0,47.14,4.6,102.11,8.41,华北_河南,34.76,113.65,NASA POWER API
1429,1429,2023-11-30,1.66,0.0,50.12,1.08,102.48,10.16,华北_河南,34.76,113.65,NASA POWER API
1430,1430,2023-12-01,0.7,0.0,52.93,1.63,102.1,13.12,华北_河南,34.76,113.65,NASA POWER API
1431,1431,2023-12-02,2.27,0.0,51.75,2.08,101.65,12.15,华北_河南,34.76,113.65,NASA POWER API
1432,1432,2023-12-03,4.49,0.0,52.9,1.75,101.61,10.73,华北_河南,34.76,113.65,NASA POWER API
1433,1433,2023-12-04,8.09,0.0,53.78,1.65,100.59,10.91,华北_河南,34.76,113.65,NASA POWER API
1434,1434,2023-12-05,10.89,0.0,45.13,2.0,100.44,9.86,华北_河南,34.76,113.65,NASA POWER API
1435,1435,2023-12-06,6.86,0.0,53.92,2.96,100.9,11.35,华北_河南,34.76,113.65,NASA POWER API
1436,1436,2023-12-07,10.16,0.0,54.48,2.91,99.95,11.51,华北_河南,34.76,113.65,NASA POWER API
1437,1437,2023-12-08,13.14,0.0,48.75,1.87,99.73,11.25,华北_河南,34.76,113.65,NASA POWER API
1438,1438,2023-12-09,8.21,0.0,60.59,5.74,100.47,8.77,华北_河南,34.76,113.65,NASA POWER API
1439,1439,2023-12-10,2.17,15.24,75.13,7.85,101.51,0.93,华北_河南,34.76,113.65,NASA POWER API
1440,1440,2023-12-11,-1.54,4.91,81.64,3.85,101.94,4.64,华北_河南,34.76,113.65,NASA POWER API
1441,1441,2023-12-12,-1.28,0.2,86.39,1.26,101.81,3.46,华北_河南,34.76,113.65,NASA POWER API
1442,1442,2023-12-13,-1.23,1.34,90.77,3.75,101.46,1.85,华北_河南,34.76,113.65,NASA POWER API
1443,1443,2023-12-14,-1.92,15.02,87.97,5.29,101.47,2.2,华北_河南,34.76,113.65,NASA POWER API
1444,1444,2023-12-15,-6.12,0.26,80.91,1.67,102.25,3.23,华北_河南,34.76,113.65,NASA POWER API
1445,1445,2023-12-16,-11.15,0.0,69.87,2.26,102.97,11.62,华北_河南,34.76,113.65,NASA POWER API
1446,1446,2023-12-17,-9.11,0.0,67.73,1.4,102.74,8.39,华北_河南,34.76,113.65,NASA POWER API
1447,1447,2023-12-18,-5.99,0.48,84.93,1.48,102.29,5.52,华北_河南,34.76,113.65,NASA POWER API
1448,1448,2023-12-19,-6.53,0.0,79.95,2.41,102.5,9.24,华北_河南,34.76,113.65,NASA POWER API
1449,1449,2023-12-20,-8.59,0.0,71.16,1.24,103.03,10.5,华北_河南,34.76,113.65,NASA POWER API
1450,1450,2023-12-21,-10.25,0.0,60.18,1.63,103.37,12.14,华北_河南,34.76,113.65,NASA POWER API
1451,1451,2023-12-22,-7.8,0.0,62.09,1.72,103.1,10.86,华北_河南,34.76,113.65,NASA POWER API
1452,1452,2023-12-23,-5.17,0.0,67.57,1.52,102.73,9.17,华北_河南,34.76,113.65,NASA POWER API
1453,1453,2023-12-24,-5.6,0.0,70.35,1.73,102.56,12.08,华北_河南,34.76,113.65,NASA POWER API
1454,1454,2023-12-25,-2.82,0.0,67.06,1.38,101.97,10.81,华北_河南,34.76,113.65,NASA POWER API
1455,1455,2023-12-26,-0.6,0.0,66.65,3.11,101.76,7.77,华北_河南,34.76,113.65,NASA POWER API
1456,1456,2023-12-27,-1.92,0.0,85.85,1.9,102.12,6.29,华北_河南,34.76,113.65,NASA POWER API
1457,1457,2023-12-28,-0.34,0.0,87.99,0.74,101.96,6.5,华北_河南,34.76,113.65,NASA POWER API
1458,1458,2023-12-29,2.08,3.26,87.32,1.8,101.4,3.4,华北_河南,34.76,113.65,NASA POWER API
1459,1459,2023-12-30,2.82,0.0,70.93,1.94,100.79,9.72,华北_河南,34.76,113.65,NASA POWER API
1460,1460,2023-12-31,0.22,0.0,66.38,2.51,101.97,11.33,华北_河南,34.76,113.65,NASA POWER API
1461,1461,2024-01-01,0.05,0.0,72.65,1.79,101.82,6.62,华北_河南,34.76,113.65,NASA POWER API
1462,1462,2024-01-02,3.15,0.0,62.11,1.4,101.38,9.08,华北_河南,34.76,113.65,NASA POWER API
1463,1463,2024-01-03,2.39,0.0,60.36,1.81,101.51,12.76,华北_河南,34.76,113.65,NASA POWER API
1464,1464,2024-01-04,4.01,0.0,74.86,2.5,100.7,10.68,华北_河南,34.76,113.65,NASA POWER API
1465,1465,2024-01-05,3.46,0.0,60.4,1.82,101.3,9.68,华北_河南,34.76,113.65,NASA POWER API
1466,1466,2024-01-06,1.9,0.0,52.95,2.75,101.81,11.81,华北_河南,34.76,113.65,NASA POWER API
1467,1467,2024-01-07,-0.39,0.0,58.47,1.17,102.07,9.8,华北_河南,34.76,113.65,NASA POWER API
1468,1468,2024-01-08,1.27,0.0,75.65,1.93,101.18,9.47,华北_河南,34.76,113.65,NASA POWER API
1469,1469,2024-01-09,2.77,0.0,63.17,2.15,101.26,9.33,华北_河南,34.76,113.65,NASA POWER API
1470,1470,2024-01-10,0.88,0.0,70.61,2.11,101.65,9.91,华北_河南,34.76,113.65,NASA POWER API
1471,1471,2024-01-11,4.92,0.0,65.31,2.0,100.66,10.63,华北_河南,34.76,113.65,NASA POWER API
1472,1472,2024-01-12,4.98,0.0,61.17,1.29,100.95,7.93,华北_河南,34.76,113.65,NASA POWER API
1473,1473,2024-01-13,4.25,0.0,85.89,1.28,101.05,5.71,华北_河南,34.76,113.65,NASA POWER API
1474,1474,2024-01-14,1.37,0.0,54.76,5.47,102.03,10.25,华北_河南,34.76,113.65,NASA POWER API
1475,1475,2024-01-15,-1.52,8.95,63.07,1.05,102.33,4.95,华北_河南,34.76,113.65,NASA POWER API
1476,1476,2024-01-16,-0.07,5.48,85.83,0.99,101.93,2.14,华北_河南,34.76,113.65,NASA POWER API
1477,1477,2024-01-17,0.42,0.33,90.78,1.27,101.42,8.38,华北_河南,34.76,113.65,NASA POWER API
1478,1478,2024-01-18,1.2,1.43,86.79,3.78,101.8,2.79,华北_河南,34.76,113.65,NASA POWER API
1479,1479,2024-01-19,-0.71,0.72,73.53,4.51,102.0,4.72,华北_河南,34.76,113.65,NASA POWER API
1480,1480,2024-01-20,-1.83,0.0,71.64,1.31,102.08,9.16,华北_河南,34.76,113.65,NASA POWER API
1481,1481,2024-01-21,-2.84,0.03,68.74,2.44,102.81,8.33,华北_河南,34.76,113.65,NASA POWER API
1482,1482,2024-01-22,-4.86,0.0,53.24,2.31,103.4,13.95,华北_河南,34.76,113.65,NASA POWER API
1483,1483,2024-01-23,-3.28,0.03,58.76,1.01,103.04,13.69,华北_河南,34.76,113.65,NASA POWER API
1484,1484,2024-01-24,-2.82,0.0,52.9,1.25,102.56,13.08,华北_河南,34.76,113.65,NASA POWER API
1485,1485,2024-01-25,0.34,0.01,54.02,0.88,102.26,12.93,华北_河南,34.76,113.65,NASA POWER API
1486,1486,2024-01-26,0.7,0.01,60.98,1.27,102.16,11.82,华北_河南,34.76,113.65,NASA POWER API
1487,1487,2024-01-27,0.25,0.0,56.28,1.47,102.06,12.32,华北_河南,34.76,113.65,NASA POWER API
1488,1488,2024-01-28,1.9,0.0,51.57,1.3,101.91,12.94,华北_河南,34.76,113.65,NASA POWER API
1489,1489,2024-01-29,2.15,0.0,69.69,1.5,101.49,10.45,华北_河南,34.76,113.65,NASA POWER API
1490,1490,2024-01-30,1.84,0.0,75.65,1.29,101.29,3.86,华北_河南,34.76,113.65,NASA POWER API
1491,1491,2024-01-31,0.82,3.63,78.55,4.77,101.55,1.54,华北_河南,34.76,113.65,NASA POWER API
1492,1492,2024-02-01,-3.15,2.63,61.41,6.01,102.35,3.03,华北_河南,34.76,113.65,NASA POWER API
1493,1493,2024-02-02,-4.19,3.04,62.72,3.28,102.26,3.49,华北_河南,34.76,113.65,NASA POWER API
1494,1494,2024-02-03,-3.38,1.05,67.68,3.14,102.3,2.86,华北_河南,34.76,113.65,NASA POWER API
1495,1495,2024-02-04,-3.84,2.87,76.57,3.09,102.0,4.29,华北_河南,34.76,113.65,NASA POWER API
1496,1496,2024-02-05,-3.61,0.0,81.6,1.17,102.07,9.63,华北_河南,34.76,113.65,NASA POWER API
1497,1497,2024-02-06,-1.72,0.0,81.57,0.89,102.12,7.17,华北_河南,34.76,113.65,NASA POWER API
1498,1498,2024-02-07,-0.6,0.0,76.33,1.22,102.01,6.48,华北_河南,34.76,113.65,NASA POWER API
1499,1499,2024-02-08,1.0,0.0,73.35,1.1,101.58,7.4,华北_河南,34.76,113.65,NASA POWER API
1500,1500,2024-02-09,2.91,0.0,64.27,2.36,101.37,12.08,华北_河南,34.76,113.65,NASA POWER API
1501,1501,2024-02-10,3.52,0.0,55.17,1.53,101.64,10.0,华北_河南,34.76,113.65,NASA POWER API
1502,1502,2024-02-11,5.09,0.0,64.61,2.43,101.61,15.89,华北_河南,34.76,113.65,NASA POWER API
1503,1503,2024-02-12,7.6,0.0,74.64,1.86,100.92,13.96,华北_河南,34.76,113.65,NASA POWER API
1504,1504,2024-02-13,9.76,0.0,80.99,1.51,100.53,13.74,华北_河南,34.76,113.65,NASA POWER API
1505,1505,2024-02-14,8.81,1.9,69.16,4.63,101.0,7.65,华北_河南,34.76,113.65,NASA POWER API
1506,1506,2024-02-15,4.43,0.0,67.86,1.79,102.12,14.31,华北_河南,34.76,113.65,NASA POWER API
1507,1507,2024-02-16,5.25,0.05,76.33,2.85,100.89,16.18,华北_河南,34.76,113.65,NASA POWER API
1508,1508,2024-02-17,8.44,0.0,82.42,2.61,99.8,16.01,华北_河南,34.76,113.65,NASA POWER API
1509,1509,2024-02-18,12.31,0.0,81.8,2.18,99.7,5.88,华北_河南,34.76,113.65,NASA POWER API
1510,1510,2024-02-19,4.91,1.84,53.74,6.65,101.31,3.15,华北_河南,34.76,113.65,NASA POWER API
1511,1511,2024-02-20,-1.9,7.73,73.76,7.25,101.7,2.83,华北_河南,34.76,113.65,NASA POWER API
1512,1512,2024-02-21,-5.34,4.83,74.92,6.24,102.26,3.38,华北_河南,34.76,113.65,NASA POWER API
1513,1513,2024-02-22,-4.03,0.43,63.31,3.95,102.6,6.08,华北_河南,34.76,113.65,NASA POWER API
1514,1514,2024-02-23,-2.71,0.09,67.77,2.11,102.55,3.69,华北_河南,34.76,113.65,NASA POWER API
1515,1515,2024-02-24,-1.43,0.75,76.15,1.07,102.15,12.39,华北_河南,34.76,113.65,NASA POWER API
1516,1516,2024-02-25,1.33,0.0,70.63,1.5,102.03,12.62,华北_河南,34.76,113.65,NASA POWER API
1517,1517,2024-02-26,1.78,0.0,63.56,2.2,102.21,12.26,华北_河南,34.76,113.65,NASA POWER API
1518,1518,2024-02-27,3.32,0.0,63.92,1.62,101.78,14.5,华北_河南,34.76,113.65,NASA POWER API
1519,1519,2024-02-28,5.12,0.14,66.26,2.19,101.59,8.25,华北_河南,34.76,113.65,NASA POWER API
1520,1520,2024-02-29,3.01,0.09,71.71,3.96,102.15,6.29,华北_河南,34.76,113.65,NASA POWER API
1521,1521,2024-03-01,2.26,0.08,68.84,1.96,102.18,8.99,华北_河南,34.76,113.65,NASA POWER API
1522,1522,2024-03-02,4.8,0.0,61.04,2.92,101.06,18.81,华北_河南,34.76,113.65,NASA POWER API
1523,1523,2024-03-03,7.43,0.0,52.94,1.75,100.52,12.6,华北_河南,34.76,113.65,NASA POWER API
1524,1524,2024-03-04,6.91,0.0,73.99,3.45,100.31,5.09,华北_河南,34.76,113.65,NASA POWER API
1525,1525,2024-03-05,6.73,0.09,66.91,3.83,100.8,8.13,华北_河南,34.76,113.65,NASA POWER API
1526,1526,2024-03-06,5.59,0.31,66.42,2.31,101.45,4.87,华北_河南,34.76,113.65,NASA POWER API
1527,1527,2024-03-07,6.99,0.0,53.91,3.56,101.27,19.26,华北_河南,34.76,113.65,NASA POWER API
1528,1528,2024-03-08,5.01,0.0,49.16,1.93,101.62,20.23,华北_河南,34.76,113.65,NASA POWER API
1529,1529,2024-03-09,7.7,0.0,55.01,2.09,101.33,17.07,华北_河南,34.76,113.65,NASA POWER API
1530,1530,2024-03-10,9.84,0.02,69.41,2.03,101.16,12.79,华北_河南,34.76,113.65,NASA POWER API
1531,1531,2024-03-11,11.86,0.0,48.17,3.31,100.71,18.12,华北_河南,34.76,113.65,NASA POWER API
1532,1532,2024-03-12,9.41,0.0,53.21,2.89,101.38,19.18,华北_河南,34.76,113.65,NASA POWER API
1533,1533,2024-03-13,10.33,0.18,62.75,1.43,101.0,10.11,华北_河南,34.76,113.65,NASA POWER API
1534,1534,2024-03-14,12.29,0.0,59.12,1.82,100.92,18.08,华北_河南,34.76,113.65,NASA POWER API
1535,1535,2024-03-15,12.35,0.0,73.4,2.0,100.9,16.66,华北_河南,34.76,113.65,NASA POWER API
1536,1536,2024-03-16,15.13,0.35,68.28,1.87,100.81,11.99,华北_河南,34.76,113.65,NASA POWER API
1537,1537,2024-03-17,11.01,0.04,43.92,3.81,101.59,11.85,华北_河南,34.76,113.65,NASA POWER API
1538,1538,2024-03-18,10.89,0.35,54.52,3.45,101.27,11.07,华北_河南,34.76,113.65,NASA POWER API
1539,1539,2024-03-19,10.54,0.0,38.15,2.32,101.5,24.32,华北_河南,34.76,113.65,NASA POWER API
1540,1540,2024-03-20,10.52,0.0,42.34,2.89,101.49,21.93,华北_河南,34.76,113.65,NASA POWER API
1541,1541,2024-03-21,14.43,0.0,59.49,3.16,99.76,20.71,华北_河南,34.76,113.65,NASA POWER API
1542,1542,2024-03-22,15.01,0.0,58.47,2.98,99.52,13.0,华北_河南,34.76,113.65,NASA POWER API
1543,1543,2024-03-23,12.05,9.38,63.43,3.83,99.97,2.31,华北_河南,34.76,113.65,NASA POWER API
1544,1544,2024-03-24,11.95,19.01,80.7,3.97,100.53,4.15,华北_河南,34.76,113.65,NASA POWER API
1545,1545,2024-03-25,6.92,2.12,74.65,3.95,101.07,13.72,华北_河南,34.76,113.65,NASA POWER API
1546,1546,2024-03-26,11.5,0.0,74.06,2.22,101.14,14.78,华北_河南,34.76,113.65,NASA POWER API
1547,1547,2024-03-27,12.7,0.08,81.05,2.11,100.44,13.1,华北_河南,34.76,113.65,NASA POWER API
1548,1548,2024-03-28,15.31,0.0,44.53,2.5,99.91,21.37,华北_河南,34.76,113.65,NASA POWER API
1549,1549,2024-03-29,17.26,0.0,47.78,1.93,99.6,22.49,华北_河南,34.76,113.65,NASA POWER API
1550,1550,2024-03-30,17.91,0.0,45.0,3.49,100.05,18.23,华北_河南,34.76,113.65,NASA POWER API
1551,1551,2024-03-31,18.53,0.0,52.73,1.78,99.95,22.08,华北_河南,34.76,113.65,NASA POWER API
1552,1552,2024-04-01,19.39,3.04,78.0,1.77,99.63,15.54,华北_河南,34.76,113.65,NASA POWER API
1553,1553,2024-04-02,14.85,2.08,74.53,5.45,99.66,6.93,华北_河南,34.76,113.65,NASA POWER API
1554,1554,2024-04-03,11.32,0.6,66.33,5.12,100.59,7.33,华北_河南,34.76,113.65,NASA POWER API
1555,1555,2024-04-04,11.21,0.0,62.17,1.72,101.07,9.19,华北_河南,34.76,113.65,NASA POWER API
1556,1556,2024-04-05,13.71,0.0,53.89,1.68,100.94,16.81,华北_河南,34.76,113.65,NASA POWER API
1557,1557,2024-04-06,16.44,0.0,59.62,2.04,100.66,18.85,华北_河南,34.76,113.65,NASA POWER API
1558,1558,2024-04-07,17.71,0.0,57.9,1.86,100.48,19.07,华北_河南,34.76,113.65,NASA POWER API
1559,1559,2024-04-08,19.44,0.0,51.27,1.69,100.74,21.0,华北_河南,34.76,113.65,NASA POWER API
1560,1560,2024-04-09,17.28,0.0,53.32,2.76,101.14,20.79,华北_河南,34.76,113.65,NASA POWER API
1561,1561,2024-04-10,18.19,0.0,66.26,1.54,100.68,17.16,华北_河南,34.76,113.65,NASA POWER API
1562,1562,2024-04-11,20.0,0.0,62.5,2.07,100.41,18.84,华北_河南,34.76,113.65,NASA POWER API
1563,1563,2024-04-12,20.21,0.0,66.4,1.91,100.08,23.31,华北_河南,34.76,113.65,NASA POWER API
1564,1564,2024-04-13,19.93,2.7,70.46,2.96,99.96,20.85,华北_河南,34.76,113.65,NASA POWER API
1565,1565,2024-04-14,19.1,26.3,81.52,1.47,99.86,12.98,华北_河南,34.76,113.65,NASA POWER API
1566,1566,2024-04-15,21.04,0.13,61.56,1.52,100.16,18.2,华北_河南,34.76,113.65,NASA POWER API
1567,1567,2024-04-16,18.32,0.25,49.24,1.95,100.39,17.71,华北_河南,34.76,113.65,NASA POWER API
1568,1568,2024-04-17,20.23,0.0,54.9,1.54,100.15,22.6,华北_河南,34.76,113.65,NASA POWER API
1569,1569,2024-04-18,20.39,0.0,58.45,2.16,99.92,24.86,华北_河南,34.76,113.65,NASA POWER API
1570,1570,2024-04-19,17.6,1.14,69.79,1.63,99.59,7.43,华北_河南,34.76,113.65,NASA POWER API
1571,1571,2024-04-20,18.75,0.01,66.39,1.24,99.81,19.77,华北_河南,34.76,113.65,NASA POWER API
1572,1572,2024-04-21,20.74,0.0,59.85,1.4,100.0,20.34,华北_河南,34.76,113.65,NASA POWER API
1573,1573,2024-04-22,21.71,1.96,68.41,1.77,99.79,17.27,华北_河南,34.76,113.65,NASA POWER API
1574,1574,2024-04-23,20.31,0.33,43.64,2.81,99.92,26.22,华北_河南,34.76,113.65,NASA POWER API
1575,1575,2024-04-24,21.12,0.12,42.95,2.4,99.81,23.89,华北_河南,34.76,113.65,NASA POWER API
1576,1576,2024-04-25,23.28,0.0,59.77,2.52,99.34,24.88,华北_河南,34.76,113.65,NASA POWER API
1577,1577,2024-04-26,24.04,0.0,57.2,1.95,99.24,25.87,华北_河南,34.76,113.65,NASA POWER API
1578,1578,2024-04-27,23.82,0.0,56.05,2.3,99.61,23.27,华北_河南,34.76,113.65,NASA POWER API
1579,1579,2024-04-28,20.97,0.0,61.97,3.4,99.97,16.4,华北_河南,34.76,113.65,NASA POWER API
1580,1580,2024-04-29,17.61,0.22,58.59,3.77,100.27,15.2,华北_河南,34.76,113.65,NASA POWER API
1581,1581,2024-04-30,16.36,2.96,52.56,3.39,100.47,13.35,华北_河南,34.76,113.65,NASA POWER API
1582,1582,2024-05-01,17.93,0.93,46.33,1.57,100.43,26.01,华北_河南,34.76,113.65,NASA POWER API
1583,1583,2024-05-02,19.71,0.0,47.28,1.72,100.52,26.17,华北_河南,34.76,113.65,NASA POWER API
1584,1584,2024-05-03,19.93,1.74,49.14,1.84,100.52,11.6,华北_河南,34.76,113.65,NASA POWER API
1585,1585,2024-05-04,17.71,0.61,60.94,1.38,100.14,7.93,华北_河南,34.76,113.65,NASA POWER API
1586,1586,2024-05-05,19.1,0.61,64.74,1.28,99.78,16.03,华北_河南,34.76,113.65,NASA POWER API
1587,1587,2024-05-06,20.92,0.0,59.73,1.85,100.16,20.99,华北_河南,34.76,113.65,NASA POWER API
1588,1588,2024-05-07,23.48,0.0,48.63,2.41,100.6,23.97,华北_河南,34.76,113.65,NASA POWER API
1589,1589,2024-05-08,22.65,0.0,48.21,1.91,100.84,24.23,华北_河南,34.76,113.65,NASA POWER API
1590,1590,2024-05-09,23.13,0.0,49.23,2.89,100.33,23.81,华北_河南,34.76,113.65,NASA POWER API
1591,1591,2024-05-10,25.45,0.0,58.68,2.85,99.61,25.15,华北_河南,34.76,113.65,NASA POWER API
1592,1592,2024-05-11,24.75,0.0,29.89,3.27,100.21,20.23,华北_河南,34.76,113.65,NASA POWER API
1593,1593,2024-05-12,22.72,0.0,34.83,1.79,100.43,26.63,华北_河南,34.76,113.65,NASA POWER API
1594,1594,2024-05-13,24.96,0.0,38.23,2.07,100.24,26.12,华北_河南,34.76,113.65,NASA POWER API
1595,1595,2024-05-14,27.05,0.66,48.46,2.72,99.92,25.67,华北_河南,34.76,113.65,NASA POWER API
1596,1596,2024-05-15,21.95,0.41,33.38,5.13,101.2,28.86,华北_河南,34.76,113.65,NASA POWER API
1597,1597,2024-05-16,24.21,1.62,43.11,2.9,100.05,25.76,华北_河南,34.76,113.65,NASA POWER API
1598,1598,2024-05-17,29.42,0.12,42.74,1.82,99.38,25.98,华北_河南,34.76,113.65,NASA POWER API
1599,1599,2024-05-18,30.46,0.0,40.61,2.11,99.51,23.89,华北_河南,34.76,113.65,NASA POWER API
1600,1600,2024-05-19,28.28,0.0,58.6,1.77,99.72,19.91,华北_河南,34.76,113.65,NASA POWER API
1601,1601,2024-05-20,23.51,0.0,64.42,4.16,100.35,20.54,华北_河南,34.76,113.65,NASA POWER API
1602,1602,2024-05-21,24.73,0.0,58.47,1.84,100.41,20.77,华北_河南,34.76,113.65,NASA POWER API
1603,1603,2024-05-22,27.26,0.0,46.79,1.66,100.05,24.95,华北_河南,34.76,113.65,NASA POWER API
1604,1604,2024-05-23,28.87,0.0,42.59,2.41,99.55,26.35,华北_河南,34.76,113.65,NASA POWER API
1605,1605,2024-05-24,28.02,0.0,49.71,3.46,99.84,23.02,华北_河南,34.76,113.65,NASA POWER API
1606,1606,2024-05-25,24.86,22.11,67.46,2.92,99.83,15.58,华北_河南,34.76,113.65,NASA POWER API
1607,1607,2024-05-26,24.94,1.09,63.09,2.68,99.6,20.87,华北_河南,34.76,113.65,NASA POWER API
1608,1608,2024-05-27,24.8,0.03,45.09,1.86,99.78,24.22,华北_河南,34.76,113.65,NASA POWER API
1609,1609,2024-05-28,26.93,0.0,39.06,1.58,99.76,23.3,华北_河南,34.76,113.65,NASA POWER API
1610,1610,2024-05-29,24.18,0.04,46.04,2.44,99.76,12.62,华北_河南,34.76,113.65,NASA POWER API
1611,1611,2024-05-30,27.08,0.0,47.24,1.74,99.59,17.19,华北_河南,34.76,113.65,NASA POWER API
1612,1612,2024-05-31,27.06,0.0,40.75,4.03,100.08,17.29,华北_河南,34.76,113.65,NASA POWER API
1613,1613,2024-06-01,26.21,0.0,44.72,2.34,100.39,18.1,华北_河南,34.76,113.65,NASA POWER API
1614,1614,2024-06-02,26.71,0.0,48.84,1.77,100.12,13.03,华北_河南,34.76,113.65,NASA POWER API
1615,1615,2024-06-03,28.54,0.0,39.14,1.62,99.99,19.37,华北_河南,34.76,113.65,NASA POWER API
1616,1616,2024-06-04,27.01,0.06,44.63,1.42,100.19,7.6,华北_河南,34.76,113.65,NASA POWER API
1617,1617,2024-06-05,25.61,0.11,45.25,1.25,100.26,9.95,华北_河南,34.76,113.65,NASA POWER API
1618,1618,2024-06-06,26.08,0.0,39.68,1.77,100.17,17.6,华北_河南,34.76,113.65,NASA POWER API
1619,1619,2024-06-07,27.38,0.15,49.88,2.26,99.69,19.62,华北_河南,34.76,113.65,NASA POWER API
1620,1620,2024-06-08,27.58,0.09,41.28,1.59,99.68,14.47,华北_河南,34.76,113.65,NASA POWER API
1621,1621,2024-06-09,29.59,0.0,35.96,1.69,99.47,21.19,华北_河南,34.76,113.65,NASA POWER API
1622,1622,2024-06-10,31.72,0.0,37.47,2.26,99.32,20.05,华北_河南,34.76,113.65,NASA POWER API
1623,1623,2024-06-11,32.69,0.34,41.12,2.86,99.1,22.77,华北_河南,34.76,113.65,NASA POWER API
1624,1624,2024-06-12,33.59,0.0,37.99,2.13,98.87,24.26,华北_河南,34.76,113.65,NASA POWER API
1625,1625,2024-06-13,34.4,0.02,36.99,3.13,98.74,23.22,华北_河南,34.76,113.65,NASA POWER API
1626,1626,2024-06-14,32.74,0.69,45.7,2.62,98.89,17.07,华北_河南,34.76,113.65,NASA POWER API
1627,1627,2024-06-15,32.33,0.0,39.87,2.68,99.3,22.86,华北_河南,34.76,113.65,NASA POWER API
1628,1628,2024-06-16,25.2,28.06,72.64,2.41,99.67,3.2,华北_河南,34.76,113.65,NASA POWER API
1629,1629,2024-06-17,27.89,0.0,60.4,2.13,99.56,25.73,华北_河南,34.76,113.65,NASA POWER API
1630,1630,2024-06-18,30.0,0.0,54.44,2.05,99.24,18.59,华北_河南,34.76,113.65,NASA POWER API
1631,1631,2024-06-19,31.05,0.0,51.24,1.86,99.01,16.77,华北_河南,34.76,113.65,NASA POWER API
1632,1632,2024-06-20,30.84,0.0,50.15,1.92,98.92,23.38,华北_河南,34.76,113.65,NASA POWER API
1633,1633,2024-06-21,28.31,10.11,68.83,1.21,98.83,9.77,华北_河南,34.76,113.65,NASA POWER API
1634,1634,2024-06-22,29.91,0.02,53.17,1.9,98.86,20.45,华北_河南,34.76,113.65,NASA POWER API
1635,1635,2024-06-23,32.27,0.0,29.05,2.69,98.88,26.94,华北_河南,34.76,113.65,NASA POWER API
1636,1636,2024-06-24,28.41,0.0,36.49,3.07,99.71,22.68,华北_河南,34.76,113.65,NASA POWER API
1637,1637,2024-06-25,30.13,0.0,39.93,1.98,99.89,24.32,华北_河南,34.76,113.65,NASA POWER API
1638,1638,2024-06-26,29.68,0.9,46.5,2.85,100.05,22.66,华北_河南,34.76,113.65,NASA POWER API
1639,1639,2024-06-27,29.87,0.01,46.1,1.79,99.67,24.11,华北_河南,34.76,113.65,NASA POWER API
1640,1640,2024-06-28,30.06,0.05,51.51,2.87,99.16,23.26,华北_河南,34.76,113.65,NASA POWER API
1641,1641,2024-06-29,30.53,0.05,54.51,1.25,98.82,23.63,华北_河南,34.76,113.65,NASA POWER API
1642,1642,2024-06-30,33.42,0.01,46.91,1.6,98.66,21.94,华北_河南,34.76,113.65,NASA POWER API
1643,1643,2024-07-01,27.38,19.89,64.26,2.88,99.03,6.95,华北_河南,34.76,113.65,NASA POWER API
1644,1644,2024-07-02,25.61,6.69,72.09,2.4,99.14,20.38,华北_河南,34.76,113.65,NASA POWER API
1645,1645,2024-07-03,26.3,1.67,71.18,1.95,99.58,16.86,华北_河南,34.76,113.65,NASA POWER API
1646,1646,2024-07-04,27.84,4.28,73.51,2.51,99.28,24.88,华北_河南,34.76,113.65,NASA POWER API
1647,1647,2024-07-05,27.37,30.56,79.89,2.24,98.86,8.37,华北_河南,34.76,113.65,NASA POWER API
1648,1648,2024-07-06,27.49,2.5,65.12,1.28,98.98,24.76,华北_河南,34.76,113.65,NASA POWER API
1649,1649,2024-07-07,29.04,2.26,76.35,1.69,98.97,11.48,华北_河南,34.76,113.65,NASA POWER API
1650,1650,2024-07-08,24.74,108.04,90.88,4.44,99.07,3.45,华北_河南,34.76,113.65,NASA POWER API
1651,1651,2024-07-09,25.74,0.8,79.33,2.54,99.38,14.59,华北_河南,34.76,113.65,NASA POWER API
1652,1652,2024-07-10,27.46,0.17,73.82,1.46,99.42,9.52,华北_河南,34.76,113.65,NASA POWER API
1653,1653,2024-07-11,26.91,0.39,72.77,2.71,99.15,21.7,华北_河南,34.76,113.65,NASA POWER API
1654,1654,2024-07-12,26.96,0.0,72.71,1.62,98.95,21.58,华北_河南,34.76,113.65,NASA POWER API
1655,1655,2024-07-13,27.65,0.01,76.9,1.57,99.15,20.41,华北_河南,34.76,113.65,NASA POWER API
1656,1656,2024-07-14,27.74,0.06,71.67,1.98,99.6,18.48,华北_河南,34.76,113.65,NASA POWER API
1657,1657,2024-07-15,27.31,10.53,78.73,2.52,99.63,5.84,华北_河南,34.76,113.65,NASA POWER API
1658,1658,2024-07-16,26.97,0.67,81.8,1.55,99.35,10.01,华北_河南,34.76,113.65,NASA POWER API
1659,1659,2024-07-17,27.88,34.26,81.64,1.56,99.29,6.46,华北_河南,34.76,113.65,NASA POWER API
1660,1660,2024-07-18,28.88,0.98,77.48,1.8,99.1,25.42,华北_河南,34.76,113.65,NASA POWER API
1661,1661,2024-07-19,28.74,24.12,83.13,1.63,98.95,10.72,华北_河南,34.76,113.65,NASA POWER API
1662,1662,2024-07-20,28.65,26.43,77.65,1.08,99.06,18.75,华北_河南,34.76,113.65,NASA POWER API
1663,1663,2024-07-21,30.11,14.01,84.92,1.8,98.98,21.71,华北_河南,34.76,113.65,NASA POWER API
1664,1664,2024-07-22,30.94,37.21,82.98,1.86,98.82,20.65,华北_河南,34.76,113.65,NASA POWER API
1665,1665,2024-07-23,31.8,12.68,78.41,0.72,98.76,19.57,华北_河南,34.76,113.65,NASA POWER API
1666,1666,2024-07-24,30.92,17.08,87.52,1.37,98.71,20.95,华北_河南,34.76,113.65,NASA POWER API
1667,1667,2024-07-25,29.64,8.52,82.79,1.2,98.71,15.11,华北_河南,34.76,113.65,NASA POWER API
1668,1668,2024-07-26,28.84,13.91,85.18,2.39,99.03,16.53,华北_河南,34.76,113.65,NASA POWER API
1669,1669,2024-07-27,28.79,4.16,83.52,3.86,99.22,15.82,华北_河南,34.76,113.65,NASA POWER API
1670,1670,2024-07-28,28.3,3.97,87.2,2.84,99.27,13.51,华北_河南,34.76,113.65,NASA POWER API
1671,1671,2024-07-29,29.05,15.85,86.09,2.34,99.35,14.91,华北_河南,34.76,113.65,NASA POWER API
1672,1672,2024-07-30,29.43,3.58,83.98,3.28,99.08,19.26,华北_河南,34.76,113.65,NASA POWER API
1673,1673,2024-07-31,28.58,1.68,85.4,2.27,98.92,18.08,华北_河南,34.76,113.65,NASA POWER API
1674,1674,2024-08-01,29.96,0.1,80.66,1.74,98.83,22.06,华北_河南,34.76,113.65,NASA POWER API
1675,1675,2024-08-02,29.76,0.0,84.43,1.85,99.02,22.65,华北_河南,34.76,113.65,NASA POWER API
1676,1676,2024-08-03,30.18,0.12,83.96,2.05,99.24,20.41,华北_河南,34.76,113.65,NASA POWER API
1677,1677,2024-08-04,29.82,8.53,85.03,1.28,99.26,14.44,华北_河南,34.76,113.65,NASA POWER API
1678,1678,2024-08-05,28.77,8.52,85.82,1.92,99.29,20.2,华北_河南,34.76,113.65,NASA POWER API
1679,1679,2024-08-06,28.63,8.33,86.65,1.93,99.39,23.59,华北_河南,34.76,113.65,NASA POWER API
1680,1680,2024-08-07,27.64,6.37,90.38,1.39,99.34,16.55,华北_河南,34.76,113.65,NASA POWER API
1681,1681,2024-08-08,26.49,16.22,84.96,3.24,99.37,9.22,华北_河南,34.76,113.65,NASA POWER API
1682,1682,2024-08-09,28.77,17.86,90.75,2.27,98.93,15.07,华北_河南,34.76,113.65,NASA POWER API
1683,1683,2024-08-10,29.2,0.12,76.0,2.58,98.77,17.84,华北_河南,34.76,113.65,NASA POWER API
1684,1684,2024-08-11,27.92,0.06,69.99,2.88,98.82,26.33,华北_河南,34.76,113.65,NASA POWER API
1685,1685,2024-08-12,28.07,0.0,66.45,1.68,99.14,26.4,华北_河南,34.76,113.65,NASA POWER API
1686,1686,2024-08-13,28.03,0.0,75.04,2.53,99.72,24.59,华北_河南,34.76,113.65,NASA POWER API
1687,1687,2024-08-14,26.98,0.0,79.51,2.48,99.96,22.41,华北_河南,34.76,113.65,NASA POWER API
1688,1688,2024-08-15,28.36,0.01,73.76,1.36,99.84,20.56,华北_河南,34.76,113.65,NASA POWER API
1689,1689,2024-08-16,28.6,1.4,77.35,1.17,99.81,17.28,华北_河南,34.76,113.65,NASA POWER API
1690,1690,2024-08-17,27.75,17.86,83.09,0.75,99.9,14.72,华北_河南,34.76,113.65,NASA POWER API
1691,1691,2024-08-18,26.68,1.85,82.16,1.16,99.72,11.24,华北_河南,34.76,113.65,NASA POWER API
1692,1692,2024-08-19,27.71,1.42,82.62,1.0,99.39,19.67,华北_河南,34.76,113.65,NASA POWER API
1693,1693,2024-08-20,26.54,1.31,82.52,1.0,99.6,22.71,华北_河南,34.76,113.65,NASA POWER API
1694,1694,2024-08-21,27.09,0.3,77.83,0.87,99.51,22.71,华北_河南,34.76,113.65,NASA POWER API
1695,1695,2024-08-22,28.52,0.0,73.53,1.57,99.45,23.52,华北_河南,34.76,113.65,NASA POWER API
1696,1696,2024-08-23,30.24,0.0,71.42,0.96,99.65,20.49,华北_河南,34.76,113.65,NASA POWER API
1697,1697,2024-08-24,29.83,0.41,75.76,1.52,99.81,15.29,华北_河南,34.76,113.65,NASA POWER API
1698,1698,2024-08-25,28.93,17.37,85.74,1.46,99.69,9.59,华北_河南,34.76,113.65,NASA POWER API
1699,1699,2024-08-26,28.64,3.18,76.35,3.21,99.28,17.47,华北_河南,34.76,113.65,NASA POWER API
1700,1700,2024-08-27,24.5,0.0,64.93,4.39,99.91,17.96,华北_河南,34.76,113.65,NASA POWER API
1701,1701,2024-08-28,23.95,0.0,70.72,2.92,100.0,20.88,华北_河南,34.76,113.65,NASA POWER API
1702,1702,2024-08-29,26.07,0.04,75.77,1.51,99.86,16.61,华北_河南,34.76,113.65,NASA POWER API
1703,1703,2024-08-30,28.48,0.0,75.69,1.45,99.72,21.68,华北_河南,34.76,113.65,NASA POWER API
1704,1704,2024-08-31,28.93,0.0,79.3,1.58,99.75,18.19,华北_河南,34.76,113.65,NASA POWER API
1705,1705,2024-09-01,29.36,7.25,76.86,2.58,99.61,18.43,华北_河南,34.76,113.65,NASA POWER API
1706,1706,2024-09-02,23.94,9.72,80.35,3.3,100.28,10.34,华北_河南,34.76,113.65,NASA POWER API
1707,1707,2024-09-03,24.58,0.0,74.59,1.97,100.09,17.16,华北_河南,34.76,113.65,NASA POWER API
1708,1708,2024-09-04,27.51,0.04,76.84,1.83,99.5,22.25,华北_河南,34.76,113.65,NASA POWER API
1709,1709,2024-09-05,27.05,0.01,66.3,3.59,100.03,13.52,华北_河南,34.76,113.65,NASA POWER API
1710,1710,2024-09-06,24.28,0.0,66.94,2.52,100.38,20.77,华北_河南,34.76,113.65,NASA POWER API
1711,1711,2024-09-07,25.53,0.0,79.6,1.28,100.31,11.39,华北_河南,34.76,113.65,NASA POWER API
1712,1712,2024-09-08,27.66,0.01,83.38,2.23,100.12,13.42,华北_河南,34.76,113.65,NASA POWER API
1713,1713,2024-09-09,28.51,0.34,78.0,1.68,99.93,19.78,华北_河南,34.76,113.65,NASA POWER API
1714,1714,2024-09-10,25.22,5.34,74.76,4.12,100.36,7.27,华北_河南,34.76,113.65,NASA POWER API
1715,1715,2024-09-11,22.93,0.01,65.64,4.52,100.71,16.23,华北_河南,34.76,113.65,NASA POWER API
1716,1716,2024-09-12,24.0,0.77,59.94,3.83,100.31,13.61,华北_河南,34.76,113.65,NASA POWER API
1717,1717,2024-09-13,24.96,0.86,71.45,2.24,99.87,9.8,华北_河南,34.76,113.65,NASA POWER API
1718,1718,2024-09-14,25.11,0.01,70.49,3.5,99.85,15.9,华北_河南,34.76,113.65,NASA POWER API
1719,1719,2024-09-15,22.69,0.04,64.66,3.97,100.24,6.82,华北_河南,34.76,113.65,NASA POWER API
1720,1720,2024-09-16,24.12,0.01,63.43,1.27,100.38,13.3,华北_河南,34.76,113.65,NASA POWER API
1721,1721,2024-09-17,26.5,0.11,61.13,4.07,100.28,17.62,华北_河南,34.76,113.65,NASA POWER API
1722,1722,2024-09-18,24.6,3.56,80.12,5.0,100.06,7.68,华北_河南,34.76,113.65,NASA POWER API
1723,1723,2024-09-19,25.03,12.74,88.79,2.96,100.08,4.02,华北_河南,34.76,113.65,NASA POWER API
1724,1724,2024-09-20,25.98,5.58,75.34,2.99,100.02,18.42,华北_河南,34.76,113.65,NASA POWER API
1725,1725,2024-09-21,18.65,1.08,61.41,4.57,100.96,13.82,华北_河南,34.76,113.65,NASA POWER API
1726,1726,2024-09-22,17.53,0.01,63.9,2.46,101.19,19.62,华北_河南,34.76,113.65,NASA POWER API
1727,1727,2024-09-23,17.82,0.0,64.27,1.37,100.91,18.72,华北_河南,34.76,113.65,NASA POWER API
1728,1728,2024-09-24,20.32,0.0,63.36,1.72,100.37,19.34,华北_河南,34.76,113.65,NASA POWER API
1729,1729,2024-09-25,21.89,0.01,65.32,1.63,100.28,17.9,华北_河南,34.76,113.65,NASA POWER API
1730,1730,2024-09-26,21.95,0.0,71.08,2.74,100.43,10.45,华北_河南,34.76,113.65,NASA POWER API
1731,1731,2024-09-27,22.03,0.07,77.78,2.84,100.35,13.1,华北_河南,34.76,113.65,NASA POWER API
1732,1732,2024-09-28,22.76,0.0,80.95,2.68,100.34,12.63,华北_河南,34.76,113.65,NASA POWER API
1733,1733,2024-09-29,24.07,5.08,79.3,2.03,100.31,11.1,华北_河南,34.76,113.65,NASA POWER API
1734,1734,2024-09-30,17.15,31.82,85.01,2.95,100.95,2.94,华北_河南,34.76,113.65,NASA POWER API
1735,1735,2024-10-01,16.02,0.0,57.91,1.46,101.26,18.95,华北_河南,34.76,113.65,NASA POWER API
1736,1736,2024-10-02,14.07,0.0,56.95,1.51,101.47,20.82,华北_河南,34.76,113.65,NASA POWER API
1737,1737,2024-10-03,15.85,0.0,53.43,1.17,101.37,19.18,华北_河南,34.76,113.65,NASA POWER API
1738,1738,2024-10-04,15.36,0.0,57.27,1.34,101.25,18.65,华北_河南,34.76,113.65,NASA POWER API
1739,1739,2024-10-05,17.76,0.01,62.97,1.0,101.12,7.31,华北_河南,34.76,113.65,NASA POWER API
1740,1740,2024-10-06,19.07,0.01,64.87,0.94,101.14,11.38,华北_河南,34.76,113.65,NASA POWER API
1741,1741,2024-10-07,17.51,0.0,76.43,2.21,101.38,6.66,华北_河南,34.76,113.65,NASA POWER API
1742,1742,2024-10-08,18.21,0.0,72.42,1.29,101.11,11.65,华北_河南,34.76,113.65,NASA POWER API
1743,1743,2024-10-09,19.42,0.19,68.14,1.87,100.47,9.47,华北_河南,34.76,113.65,NASA POWER API
1744,1744,2024-10-10,17.89,0.0,45.01,2.71,100.73,15.14,华北_河南,34.76,113.65,NASA POWER API
1745,1745,2024-10-11,17.78,0.0,54.88,1.24,100.74,14.57,华北_河南,34.76,113.65,NASA POWER API
1746,1746,2024-10-12,19.87,0.0,62.43,1.33,100.88,8.82,华北_河南,34.76,113.65,NASA POWER API
1747,1747,2024-10-13,18.88,0.03,72.72,1.14,100.76,8.89,华北_河南,34.76,113.65,NASA POWER API
1748,1748,2024-10-14,20.08,0.0,66.13,1.51,100.48,13.73,华北_河南,34.76,113.65,NASA POWER API
1749,1749,2024-10-15,19.91,0.0,62.66,3.26,100.81,12.22,华北_河南,34.76,113.65,NASA POWER API
1750,1750,2024-10-16,18.2,0.18,76.67,2.86,101.09,6.63,华北_河南,34.76,113.65,NASA POWER API
1751,1751,2024-10-17,17.42,23.03,91.76,2.76,100.53,4.17,华北_河南,34.76,113.65,NASA POWER API
1752,1752,2024-10-18,18.21,16.91,81.34,3.78,100.57,7.84,华北_河南,34.76,113.65,NASA POWER API
1753,1753,2024-10-19,10.5,0.03,55.31,5.6,102.15,13.77,华北_河南,34.76,113.65,NASA POWER API
1754,1754,2024-10-20,6.86,1.77,71.56,2.14,102.02,4.16,华北_河南,34.76,113.65,NASA POWER API
1755,1755,2024-10-21,8.63,0.27,85.04,1.31,101.26,8.45,华北_河南,34.76,113.65,NASA POWER API
1756,1756,2024-10-22,14.03,0.03,62.1,1.66,101.37,15.19,华北_河南,34.76,113.65,NASA POWER API
1757,1757,2024-10-23,13.99,0.0,58.97,1.92,101.14,15.54,华北_河南,34.76,113.65,NASA POWER API
1758,1758,2024-10-24,14.93,0.0,67.12,1.58,100.96,14.86,华北_河南,34.76,113.65,NASA POWER API
1759,1759,2024-10-25,14.78,0.0,72.96,1.2,101.22,13.08,华北_河南,34.76,113.65,NASA POWER API
1760,1760,2024-10-26,15.31,0.0,72.7,1.18,101.08,9.07,华北_河南,34.76,113.65,NASA POWER API
1761,1761,2024-10-27,15.37,0.03,70.44,2.37,101.11,9.67,华北_河南,34.76,113.65,NASA POWER API
1762,1762,2024-10-28,13.82,0.0,73.1,1.34,100.86,13.2,华北_河南,34.76,113.65,NASA POWER API
1763,1763,2024-10-29,16.15,0.0,75.03,1.19,100.72,12.76,华北_河南,34.76,113.65,NASA POWER API
1764,1764,2024-10-30,15.81,0.03,79.33,1.59,101.15,9.1,华北_河南,34.76,113.65,NASA POWER API
1765,1765,2024-10-31,14.52,1.11,84.78,2.01,101.22,7.78,华北_河南,34.76,113.65,NASA POWER API
1766,1766,2024-11-01,14.09,0.04,74.65,2.02,101.34,10.83,华北_河南,34.76,113.65,NASA POWER API
1767,1767,2024-11-02,15.57,0.0,71.23,1.24,101.25,12.83,华北_河南,34.76,113.65,NASA POWER API
1768,1768,2024-11-03,16.59,0.0,66.65,1.4,101.11,10.65,华北_河南,34.76,113.65,NASA POWER API
1769,1769,2024-11-04,9.58,0.0,48.52,3.72,101.98,10.14,华北_河南,34.76,113.65,NASA POWER API
1770,1770,2024-11-05,9.54,0.0,53.15,1.16,101.89,13.98,华北_河南,34.76,113.65,NASA POWER API
1771,1771,2024-11-06,11.33,0.0,62.27,1.36,101.82,12.6,华北_河南,34.76,113.65,NASA POWER API
1772,1772,2024-11-07,11.36,0.0,71.87,1.38,101.63,9.07,华北_河南,34.76,113.65,NASA POWER API
1773,1773,2024-11-08,12.28,0.0,76.07,1.72,101.4,9.89,华北_河南,34.76,113.65,NASA POWER API
1774,1774,2024-11-09,12.43,0.07,86.33,1.49,101.27,3.35,华北_河南,34.76,113.65,NASA POWER API
1775,1775,2024-11-10,14.41,0.04,84.3,1.55,101.18,9.94,华北_河南,34.76,113.65,NASA POWER API
1776,1776,2024-11-11,14.56,0.01,81.99,1.67,101.24,3.9,华北_河南,34.76,113.65,NASA POWER API
1777,1777,2024-11-12,13.75,3.29,85.47,2.3,101.01,4.17,华北_河南,34.76,113.65,NASA POWER API
1778,1778,2024-11-13,15.16,9.53,86.73,1.87,100.76,2.69,华北_河南,34.76,113.65,NASA POWER API
1779,1779,2024-11-14,16.03,1.96,85.0,1.02,100.63,5.79,华北_河南,34.76,113.65,NASA POWER API
1780,1780,2024-11-15,14.43,0.48,85.7,1.07,100.76,2.71,华北_河南,34.76,113.65,NASA POWER API
1781,1781,2024-11-16,13.99,2.02,64.47,2.65,101.28,2.61,华北_河南,34.76,113.65,NASA POWER API
1782,1782,2024-11-17,9.46,0.05,59.04,2.55,102.08,6.17,华北_河南,34.76,113.65,NASA POWER API
1783,1783,2024-11-18,6.12,2.63,70.54,2.4,102.49,2.25,华北_河南,34.76,113.65,NASA POWER API
1784,1784,2024-11-19,7.14,0.11,78.19,1.43,102.12,5.66,华北_河南,34.76,113.65,NASA POWER API
1785,1785,2024-11-20,8.84,0.0,69.28,1.25,101.58,10.57,华北_河南,34.76,113.65,NASA POWER API
1786,1786,2024-11-21,9.4,0.0,60.32,1.72,101.48,11.98,华北_河南,34.76,113.65,NASA POWER API
1787,1787,2024-11-22,7.4,0.0,63.06,1.78,101.76,8.02,华北_河南,34.76,113.65,NASA POWER API
1788,1788,2024-11-23,6.59,0.0,82.17,1.37,101.83,7.58,华北_河南,34.76,113.65,NASA POWER API
1789,1789,2024-11-24,6.99,1.76,84.93,1.09,101.67,4.44,华北_河南,34.76,113.65,NASA POWER API
1790,1790,2024-11-25,7.02,4.39,60.12,2.91,101.64,10.63,华北_河南,34.76,113.65,NASA POWER API
1791,1791,2024-11-26,2.51,0.05,49.82,3.33,101.64,13.45,华北_河南,34.76,113.65,NASA POWER API
1792,1792,2024-11-27,4.23,0.0,46.73,3.75,101.42,13.3,华北_河南,34.76,113.65,NASA POWER API
1793,1793,2024-11-28,4.78,0.0,47.05,3.98,101.42,13.33,华北_河南,34.76,113.65,NASA POWER API
1794,1794,2024-11-29,8.12,0.0,55.3,2.73,100.97,12.44,华北_河南,34.76,113.65,NASA POWER API
1795,1795,2024-11-30,8.77,0.0,58.27,1.77,100.45,9.0,华北_河南,34.76,113.65,NASA POWER API
1796,1796,2024-12-01,8.33,0.0,54.67,2.72,100.19,12.01,华北_河南,34.76,113.65,NASA POWER API
1797,1797,2024-12-02,5.03,0.0,46.01,4.38,101.23,11.3,华北_河南,34.76,113.65,NASA POWER API
1798,1798,2024-12-03,4.35,0.0,54.99,1.16,101.57,9.75,华北_河南,34.76,113.65,NASA POWER API
1799,1799,2024-12-04,4.37,0.0,72.08,1.08,101.51,4.36,华北_河南,34.76,113.65,NASA POWER API
1800,1800,2024-12-05,5.34,0.0,61.26,1.62,101.3,8.76,华北_河南,34.76,113.65,NASA POWER API
1801,1801,2024-12-06,5.67,0.0,53.71,2.03,101.32,10.82,华北_河南,34.76,113.65,NASA POWER API
1802,1802,2024-12-07,1.89,0.0,57.81,2.61,102.27,10.89,华北_河南,34.76,113.65,NASA POWER API
1803,1803,2024-12-08,2.24,0.0,53.76,1.79,102.19,10.44,华北_河南,34.76,113.65,NASA POWER API
1804,1804,2024-12-09,2.46,0.0,60.84,1.28,101.58,7.0,华北_河南,34.76,113.65,NASA POWER API
1805,1805,2024-12-10,1.89,0.04,63.79,1.81,101.66,3.6,华北_河南,34.76,113.65,NASA POWER API
1806,1806,2024-12-11,2.06,0.01,68.26,1.94,102.0,5.46,华北_河南,34.76,113.65,NASA POWER API
1807,1807,2024-12-12,3.09,0.0,69.59,1.24,101.87,4.53,华北_河南,34.76,113.65,NASA POWER API
1808,1808,2024-12-13,1.53,0.0,46.38,2.24,102.22,11.62,华北_河南,34.76,113.65,NASA POWER API
1809,1809,2024-12-14,0.7,0.0,48.57,1.87,102.41,12.31,华北_河南,34.76,113.65,NASA POWER API
1810,1810,2024-12-15,0.36,0.0,52.83,1.73,101.82,12.43,华北_河南,34.76,113.65,NASA POWER API
1811,1811,2024-12-16,1.55,0.0,52.85,1.55,101.44,12.06,华北_河南,34.76,113.65,NASA POWER API
1812,1812,2024-12-17,1.66,0.0,55.29,2.32,101.93,10.27,华北_河南,34.76,113.65,NASA POWER API
1813,1813,2024-12-18,-1.14,0.0,57.67,2.64,102.66,11.37,华北_河南,34.76,113.65,NASA POWER API
1814,1814,2024-12-19,-1.51,0.0,62.77,1.32,102.19,4.94,华北_河南,34.76,113.65,NASA POWER API
1815,1815,2024-12-20,1.26,0.0,56.22,1.47,101.53,9.26,华北_河南,34.76,113.65,NASA POWER API
1816,1816,2024-12-21,-1.18,0.0,52.1,1.79,102.41,11.85,华北_河南,34.76,113.65,NASA POWER API
1817,1817,2024-12-22,-0.19,0.0,52.72,0.94,102.33,9.01,华北_河南,34.76,113.65,NASA POWER API
1818,1818,2024-12-23,0.66,0.0,53.38,1.07,102.03,9.89,华北_河南,34.76,113.65,NASA POWER API
1819,1819,2024-12-24,0.6,0.0,65.37,1.28,101.92,6.15,华北_河南,34.76,113.65,NASA POWER API
1820,1820,2024-12-25,3.0,0.0,55.48,1.12,101.71,8.33,华北_河南,34.76,113.65,NASA POWER API
1821,1821,2024-12-26,0.42,0.0,54.4,2.72,102.36,9.36,华北_河南,34.76,113.65,NASA POWER API
1822,1822,2024-12-27,1.01,0.0,48.96,2.04,102.5,8.56,华北_河南,34.76,113.65,NASA POWER API
1823,1823,2024-12-28,0.07,0.0,49.53,2.35,102.14,12.28,华北_河南,34.76,113.65,NASA POWER API
1824,1824,2024-12-29,1.91,0.0,48.0,2.29,101.28,9.03,华北_河南,34.76,113.65,NASA POWER API
1825,1825,2024-12-30,3.71,0.0,47.58,1.49,101.34,8.39,华北_河南,34.76,113.65,NASA POWER API
1826,1826,2024-12-31,2.81,0.0,50.38,1.54,101.41,11.6,华北_河南,34.76,113.65,NASA POWER API
1827,1827,2025-01-01,2.98,0.0,61.23,1.73,101.09,9.23,华北_河南,34.76,113.65,NASA POWER API
1828,1828,2025-01-02,0.7,0.0,66.98,2.24,101.92,4.75,华北_河南,34.76,113.65,NASA POWER API
1829,1829,2025-01-03,1.61,0.0,63.13,1.22,101.85,10.09,华北_河南,34.76,113.65,NASA POWER API
1830,1830,2025-01-04,3.1,0.0,57.44,1.75,101.48,6.03,华北_河南,34.76,113.65,NASA POWER API
1831,1831,2025-01-05,3.53,0.0,54.24,2.6,101.09,11.4,华北_河南,34.76,113.65,NASA POWER API
1832,1832,2025-01-06,0.98,0.0,50.29,1.51,101.86,12.65,华北_河南,34.76,113.65,NASA POWER API
1833,1833,2025-01-07,1.9,0.0,48.09,1.98,101.55,12.67,华北_河南,34.76,113.65,NASA POWER API
1834,1834,2025-01-08,-0.01,0.0,49.62,2.9,101.89,12.47,华北_河南,34.76,113.65,NASA POWER API
1835,1835,2025-01-09,-1.75,0.0,52.65,1.97,102.64,10.87,华北_河南,34.76,113.65,NASA POWER API
1836,1836,2025-01-10,1.21,0.0,45.85,1.38,102.67,11.49,华北_河南,34.76,113.65,NASA POWER API
1837,1837,2025-01-11,1.38,0.0,56.1,2.64,102.05,11.29,华北_河南,34.76,113.65,NASA POWER API
1838,1838,2025-01-12,0.29,0.0,52.95,2.0,101.76,11.81,华北_河南,34.76,113.65,NASA POWER API
1839,1839,2025-01-13,4.3,0.0,53.4,1.93,101.22,11.67,华北_河南,34.76,113.65,NASA POWER API
1840,1840,2025-01-14,2.17,0.0,51.56,2.52,102.15,11.25,华北_河南,34.76,113.65,NASA POWER API
1841,1841,2025-01-15,-0.71,0.0,44.67,2.09,102.63,13.53,华北_河南,34.76,113.65,NASA POWER API
1842,1842,2025-01-16,0.34,0.0,44.55,1.75,101.97,13.81,华北_河南,34.76,113.65,NASA POWER API
1843,1843,2025-01-17,3.11,0.0,43.5,1.36,101.65,12.13,华北_河南,34.76,113.65,NASA POWER API
1844,1844,2025-01-18,5.28,0.0,48.18,1.92,100.99,11.04,华北_河南,34.76,113.65,NASA POWER API
1845,1845,2025-01-19,4.68,0.0,47.5,1.68,100.94,12.73,华北_河南,34.76,113.65,NASA POWER API
1846,1846,2025-01-20,6.09,0.0,47.44,1.12,100.84,11.55,华北_河南,34.76,113.65,NASA POWER API
1847,1847,2025-01-21,5.97,0.0,48.34,2.69,100.9,5.82,华北_河南,34.76,113.65,NASA POWER API
1848,1848,2025-01-22,3.81,0.0,59.55,4.52,101.31,7.5,华北_河南,34.76,113.65,NASA POWER API
1849,1849,2025-01-23,2.33,1.5,67.13,2.85,101.4,3.03,华北_河南,34.76,113.65,NASA POWER API
1850,1850,2025-01-24,2.21,9.2,79.69,4.22,101.59,2.1,华北_河南,34.76,113.65,NASA POWER API
1851,1851,2025-01-25,1.45,11.3,86.16,3.17,102.09,2.14,华北_河南,34.76,113.65,NASA POWER API
1852,1852,2025-01-26,-0.4,0.38,57.37,3.55,102.22,14.63,华北_河南,34.76,113.65,NASA POWER API
1853,1853,2025-01-27,-3.09,0.63,48.36,2.71,101.91,15.08,华北_河南,34.76,113.65,NASA POWER API
1854,1854,2025-01-28,-1.61,0.0,50.26,2.77,101.88,14.83,华北_河南,34.76,113.65,NASA POWER API
1855,1855,2025-01-29,1.41,0.0,56.51,1.63,101.41,11.13,华北_河南,34.76,113.65,NASA POWER API
1856,1856,2025-01-30,0.27,0.0,69.17,3.35,101.21,7.62,华北_河南,34.76,113.65,NASA POWER API
1857,1857,2025-01-31,-0.93,0.19,73.88,2.72,101.5,6.09,华北_河南,34.76,113.65,NASA POWER API
1858,1858,2025-02-01,-0.74,0.0,75.5,1.41,101.59,3.02,华北_河南,34.76,113.65,NASA POWER API
1859,1859,2025-02-02,2.41,0.0,75.38,1.94,101.43,4.73,华北_河南,34.76,113.65,NASA POWER API
1860,1860,2025-02-03,2.52,0.0,49.84,1.84,101.96,15.62,华北_河南,34.76,113.65,NASA POWER API
1861,1861,2025-02-04,1.86,0.0,49.52,2.14,101.55,15.03,华北_河南,34.76,113.65,NASA POWER API
1862,1862,2025-02-05,0.89,0.0,44.2,2.18,101.56,12.7,华北_河南,34.76,113.65,NASA POWER API
1863,1863,2025-02-06,1.52,0.0,40.75,2.96,101.47,6.78,华北_河南,34.76,113.65,NASA POWER API
1864,1864,2025-02-07,-4.05,0.0,39.66,2.06,102.88,17.16,华北_河南,34.76,113.65,NASA POWER API
1865,1865,2025-02-08,-3.05,0.0,46.47,1.38,102.73,15.85,华北_河南,34.76,113.65,NASA POWER API
1866,1866,2025-02-09,-0.11,0.0,56.46,1.88,101.88,14.49,华北_河南,34.76,113.65,NASA POWER API
1867,1867,2025-02-10,1.52,0.0,66.48,1.57,101.24,13.43,华北_河南,34.76,113.65,NASA POWER API
1868,1868,2025-02-11,1.12,0.0,82.67,0.91,100.87,3.75,华北_河南,34.76,113.65,NASA POWER API
1869,1869,2025-02-12,3.18,0.0,51.1,1.62,101.78,11.44,华北_河南,34.76,113.65,NASA POWER API
1870,1870,2025-02-13,2.61,0.0,43.23,2.44,101.46,16.02,华北_河南,34.76,113.65,NASA POWER API
1871,1871,2025-02-14,6.96,0.0,37.86,1.09,100.8,13.92,华北_河南,34.76,113.65,NASA POWER API
1872,1872,2025-02-15,7.84,0.0,38.88,2.82,100.6,15.34,华北_河南,34.76,113.65,NASA POWER API
1873,1873,2025-02-16,6.25,0.0,45.42,2.24,101.36,17.03,华北_河南,34.76,113.65,NASA POWER API
1874,1874,2025-02-17,5.12,0.0,53.52,1.88,101.83,12.56,华北_河南,34.76,113.65,NASA POWER API
1875,1875,2025-02-18,4.95,0.0,57.31,2.3,101.75,12.74,华北_河南,34.76,113.65,NASA POWER API
1876,1876,2025-02-19,4.02,0.03,45.2,3.7,102.03,7.03,华北_河南,34.76,113.65,NASA POWER API
1877,1877,2025-02-20,3.19,1.03,67.12,2.25,102.23,4.76,华北_河南,34.76,113.65,NASA POWER API
1878,1878,2025-02-21,3.4,0.32,78.09,0.98,102.23,5.58,华北_河南,34.76,113.65,NASA POWER API
1879,1879,2025-02-22,1.59,0.1,64.79,3.44,102.56,8.41,华北_河南,34.76,113.65,NASA POWER API
1880,1880,2025-02-23,1.12,0.0,46.01,3.1,102.92,17.67,华北_河南,34.76,113.65,NASA POWER API
1881,1881,2025-02-24,2.74,0.0,46.88,1.99,102.42,16.61,华北_河南,34.76,113.65,NASA POWER API
1882,1882,2025-02-25,7.31,0.0,51.47,1.98,101.53,15.25,华北_河南,34.76,113.65,NASA POWER API
1883,1883,2025-02-26,8.72,0.0,43.98,2.39,101.08,16.02,华北_河南,34.76,113.65,NASA POWER API
1884,1884,2025-02-27,8.58,0.0,74.63,1.42,100.4,13.29,华北_河南,34.76,113.65,NASA POWER API
1885,1885,2025-02-28,12.12,0.07,65.16,1.56,100.38,12.08,华北_河南,34.76,113.65,NASA POWER API
1886,1886,2025-03-01,13.0,1.73,89.94,2.26,100.05,5.27,华北_河南,34.76,113.65,NASA POWER API
1887,1887,2025-03-02,4.26,34.92,82.82,8.42,100.58,3.45,华北_河南,34.76,113.65,NASA POWER API
1888,1888,2025-03-03,-0.12,6.32,62.16,5.7,101.59,4.36,华北_河南,34.76,113.65,NASA POWER API
1889,1889,2025-03-04,-0.61,0.0,62.83,1.22,101.41,9.61,华北_河南,34.76,113.65,NASA POWER API
1890,1890,2025-03-05,4.18,0.01,62.64,1.02,101.64,8.3,华北_河南,34.76,113.65,NASA POWER API
1891,1891,2025-03-06,7.0,0.0,64.12,1.55,102.18,16.43,华北_河南,34.76,113.65,NASA POWER API
1892,1892,2025-03-07,7.15,0.0,69.82,1.92,101.48,11.5,华北_河南,34.76,113.65,NASA POWER API
1893,1893,2025-03-08,8.86,0.0,63.11,1.87,101.27,14.62,华北_河南,34.76,113.65,NASA POWER API
1894,1894,2025-03-09,9.28,0.0,75.33,2.13,101.38,13.76,华北_河南,34.76,113.65,NASA POWER API
1895,1895,2025-03-10,10.34,0.0,81.69,2.34,100.84,13.6,华北_河南,34.76,113.65,NASA POWER API
1896,1896,2025-03-11,13.37,0.0,70.73,1.2,100.54,9.59,华北_河南,34.76,113.65,NASA POWER API
1897,1897,2025-03-12,11.68,0.0,47.14,2.02,100.8,14.14,华北_河南,34.76,113.65,NASA POWER API
1898,1898,2025-03-13,11.22,0.0,60.56,1.67,100.98,10.31,华北_河南,34.76,113.65,NASA POWER API
1899,1899,2025-03-14,7.82,0.47,60.64,2.6,101.36,8.82,华北_河南,34.76,113.65,NASA POWER API
1900,1900,2025-03-15,7.61,0.01,66.89,2.31,101.78,11.33,华北_河南,34.76,113.65,NASA POWER API
1901,1901,2025-03-16,7.23,0.0,43.63,1.77,101.92,22.52,华北_河南,34.76,113.65,NASA POWER API
1902,1902,2025-03-17,8.22,0.0,40.59,3.42,101.15,22.64,华北_河南,34.76,113.65,NASA POWER API
1903,1903,2025-03-18,7.79,0.0,47.44,1.74,101.67,22.12,华北_河南,34.76,113.65,NASA POWER API
1904,1904,2025-03-19,12.46,0.0,39.51,1.48,101.35,21.48,华北_河南,34.76,113.65,NASA POWER API
1905,1905,2025-03-20,14.58,0.0,33.97,3.07,101.04,22.61,华北_河南,34.76,113.65,NASA POWER API
1906,1906,2025-03-21,15.59,0.0,30.71,3.08,100.79,23.29,华北_河南,34.76,113.65,NASA POWER API
1907,1907,2025-03-22,16.15,0.0,30.67,3.72,100.52,22.34,华北_河南,34.76,113.65,NASA POWER API
1908,1908,2025-03-23,17.12,0.0,35.0,3.81,100.03,14.12,华北_河南,34.76,113.65,NASA POWER API
1909,1909,2025-03-24,18.55,0.0,40.25,2.47,99.5,18.68,华北_河南,34.76,113.65,NASA POWER API
1910,1910,2025-03-25,19.3,0.0,48.16,2.75,98.93,19.89,华北_河南,34.76,113.65,NASA POWER API
1911,1911,2025-03-26,18.96,0.0,52.36,3.04,98.62,19.2,华北_河南,34.76,113.65,NASA POWER API
1912,1912,2025-03-27,11.9,0.98,41.48,3.83,100.47,4.46,华北_河南,34.76,113.65,NASA POWER API
1913,1913,2025-03-28,7.32,0.0,33.85,3.41,101.38,18.32,华北_河南,34.76,113.65,NASA POWER API
1914,1914,2025-03-29,7.2,0.0,36.12,2.08,101.76,14.19,华北_河南,34.76,113.65,NASA POWER API
1915,1915,2025-03-30,9.2,0.0,38.44,1.68,101.59,21.14,华北_河南,34.76,113.65,NASA POWER API
1916,1916,2025-03-31,11.37,0.0,47.02,2.11,101.08,18.11,华北_河南,34.76,113.65,NASA POWER API
1917,1917,2025-04-01,14.84,0.0,36.29,2.88,100.63,20.8,华北_河南,34.76,113.65,NASA POWER API
1918,1918,2025-04-02,13.31,0.0,34.95,3.55,101.24,24.58,华北_河南,34.76,113.65,NASA POWER API
1919,1919,2025-04-03,14.88,0.0,47.0,2.12,100.77,20.24,华北_河南,34.76,113.65,NASA POWER API
1920,1920,2025-04-04,15.79,0.0,51.01,2.3,100.3,10.17,华北_河南,34.76,113.65,NASA POWER API
1921,1921,2025-04-05,14.7,0.0,28.13,2.25,100.63,25.78,华北_河南,34.76,113.65,NASA POWER API
1922,1922,2025-04-06,18.3,0.0,41.46,2.65,100.18,23.37,华北_河南,34.76,113.65,NASA POWER API
1923,1923,2025-04-07,22.01,0.0,50.58,2.08,99.95,18.59,华北_河南,34.76,113.65,NASA POWER API
1924,1924,2025-04-08,18.91,0.0,49.96,2.75,100.31,14.83,华北_河南,34.76,113.65,NASA POWER API
1925,1925,2025-04-09,19.31,0.0,47.18,2.71,99.96,16.73,华北_河南,34.76,113.65,NASA POWER API
1926,1926,2025-04-10,19.89,0.0,47.84,1.73,99.64,23.14,华北_河南,34.76,113.65,NASA POWER API
1927,1927,2025-04-11,19.62,0.04,54.17,1.46,99.31,10.78,华北_河南,34.76,113.65,NASA POWER API
1928,1928,2025-04-12,11.16,0.06,18.35,6.59,100.69,26.96,华北_河南,34.76,113.65,NASA POWER API
1929,1929,2025-04-13,15.38,0.0,29.84,4.57,99.88,25.99,华北_河南,34.76,113.65,NASA POWER API
1930,1930,2025-04-14,17.09,0.0,33.21,2.21,100.08,26.72,华北_河南,34.76,113.65,NASA POWER API
1931,1931,2025-04-15,21.58,0.0,36.03,2.28,99.77,22.64,华北_河南,34.76,113.65,NASA POWER API
1932,1932,2025-04-16,24.58,0.0,35.73,2.95,99.02,21.57,华北_河南,34.76,113.65,NASA POWER API
1933,1933,2025-04-17,26.18,0.0,33.5,2.43,98.99,22.65,华北_河南,34.76,113.65,NASA POWER API
1934,1934,2025-04-18,23.35,3.72,55.75,3.53,99.42,17.99,华北_河南,34.76,113.65,NASA POWER API
1935,1935,2025-04-19,17.97,0.03,58.91,2.52,100.01,20.02,华北_河南,34.76,113.65,NASA POWER API
1936,1936,2025-04-20,20.97,0.13,53.47,3.21,99.9,23.07,华北_河南,34.76,113.65,NASA POWER API
1937,1937,2025-04-21,22.07,0.6,56.62,2.81,99.64,10.6,华北_河南,34.76,113.65,NASA POWER API
1938,1938,2025-04-22,21.54,0.0,34.37,2.22,100.26,24.88,华北_河南,34.76,113.65,NASA POWER API
1939,1939,2025-04-23,23.77,0.0,30.87,1.94,99.73,26.6,华北_河南,34.76,113.65,NASA POWER API
1940,1940,2025-04-24,19.62,0.0,22.97,4.81,100.49,23.23,华北_河南,34.76,113.65,NASA POWER API
1941,1941,2025-04-25,20.78,0.0,41.61,2.53,100.47,22.72,华北_河南,34.76,113.65,NASA POWER API
1942,1942,2025-04-26,21.72,0.0,53.94,2.48,100.32,17.73,华北_河南,34.76,113.65,NASA POWER API
1943,1943,2025-04-27,20.68,0.0,48.58,4.29,100.34,16.04,华北_河南,34.76,113.65,NASA POWER API
1944,1944,2025-04-28,21.93,0.0,31.4,1.77,100.46,27.72,华北_河南,34.76,113.65,NASA POWER API
1945,1945,2025-04-29,24.11,0.0,26.72,3.23,99.83,20.89,华北_河南,34.76,113.65,NASA POWER API
1946,1946,2025-04-30,26.21,0.07,27.87,3.92,99.32,22.07,华北_河南,34.76,113.65,NASA POWER API
1947,1947,2025-05-01,23.95,0.16,28.12,1.85,99.97,28.59,华北_河南,34.76,113.65,NASA POWER API
1948,1948,2025-05-02,25.48,0.15,35.32,4.42,99.29,24.16,华北_河南,34.76,113.65,NASA POWER API
1949,1949,2025-05-03,19.41,0.14,31.05,3.8,100.45,27.85,华北_河南,34.76,113.65,NASA POWER API
1950,1950,2025-05-04,20.38,0.18,36.43,2.1,99.93,21.03,华北_河南,34.76,113.65,NASA POWER API
1951,1951,2025-05-05,23.05,0.0,31.46,3.32,99.57,20.44,华北_河南,34.76,113.65,NASA POWER API
1952,1952,2025-05-06,21.92,0.12,34.77,2.42,99.91,24.5,华北_河南,34.76,113.65,NASA POWER API
1953,1953,2025-05-07,22.65,0.0,45.85,3.59,99.71,23.71,华北_河南,34.76,113.65,NASA POWER API
1954,1954,2025-05-08,19.8,1.66,65.0,2.7,99.53,12.55,华北_河南,34.76,113.65,NASA POWER API
1955,1955,2025-05-09,21.78,3.66,47.73,4.73,99.59,22.34,华北_河南,34.76,113.65,NASA POWER API
1956,1956,2025-05-10,20.12,0.09,37.83,2.96,100.31,25.68,华北_河南,34.76,113.65,NASA POWER API
1957,1957,2025-05-11,24.14,0.01,22.07,3.74,99.58,28.45,华北_河南,34.76,113.65,NASA POWER API
1958,1958,2025-05-12,27.13,0.0,26.05,3.44,99.18,24.57,华北_河南,34.76,113.65,NASA POWER API
1959,1959,2025-05-13,25.95,0.0,45.17,3.18,99.27,14.7,华北_河南,34.76,113.65,NASA POWER API
1960,1960,2025-05-14,26.26,0.0,42.52,3.56,99.79,18.2,华北_河南,34.76,113.65,NASA POWER API
1961,1961,2025-05-15,23.85,0.0,44.69,2.1,100.26,22.13,华北_河南,34.76,113.65,NASA POWER API
1962,1962,2025-05-16,28.54,0.0,45.55,3.35,99.44,22.85,华北_河南,34.76,113.65,NASA POWER API
1963,1963,2025-05-17,26.01,0.0,22.36,3.72,99.94,24.6,华北_河南,34.76,113.65,NASA POWER API
1964,1964,2025-05-18,25.58,0.0,30.06,2.27,99.74,23.02,华北_河南,34.76,113.65,NASA POWER API
1965,1965,2025-05-19,31.26,0.0,29.04,3.41,98.98,27.21,华北_河南,34.76,113.65,NASA POWER API
1966,1966,2025-05-20,31.39,0.0,41.59,2.57,98.89,25.7,华北_河南,34.76,113.65,NASA POWER API
1967,1967,2025-05-21,32.81,0.0,39.36,3.27,99.22,24.09,华北_河南,34.76,113.65,NASA POWER API
1968,1968,2025-05-22,21.22,12.21,57.9,6.33,99.95,7.68,华北_河南,34.76,113.65,NASA POWER API
1969,1969,2025-05-23,17.75,0.19,62.12,3.85,100.48,15.48,华北_河南,34.76,113.65,NASA POWER API
1970,1970,2025-05-24,20.21,0.01,47.35,1.68,100.67,27.23,华北_河南,34.76,113.65,NASA POWER API
1971,1971,2025-05-25,21.12,0.0,40.66,1.96,100.55,8.82,华北_河南,34.76,113.65,NASA POWER API
1972,1972,2025-05-26,23.69,0.0,36.65,1.56,100.44,24.48,华北_河南,34.76,113.65,NASA POWER API
1973,1973,2025-05-27,24.61,0.02,42.25,1.56,100.43,19.16,华北_河南,34.76,113.65,NASA POWER API
1974,1974,2025-05-28,25.68,0.0,40.29,1.91,100.25,22.98,华北_河南,34.76,113.65,NASA POWER API
1975,1975,2025-05-29,27.42,0.0,43.98,2.61,100.06,21.43,华北_河南,34.76,113.65,NASA POWER API
1976,1976,2025-05-30,27.0,0.01,47.06,2.81,99.79,17.54,华北_河南,34.76,113.65,NASA POWER API
1977,1977,2025-05-31,24.79,0.29,58.34,1.49,99.5,10.72,华北_河南,34.76,113.65,NASA POWER API
1978,1978,2025-06-01,24.37,0.86,51.25,2.61,99.61,9.77,华北_河南,34.76,113.65,NASA POWER API
1979,1979,2025-06-02,26.93,0.0,44.43,1.33,99.32,17.61,华北_河南,34.76,113.65,NASA POWER API
1980,1980,2025-06-03,28.16,0.0,23.05,2.23,99.46,19.17,华北_河南,34.76,113.65,NASA POWER API
1981,1981,2025-06-04,29.59,0.0,24.28,2.48,99.62,25.04,华北_河南,34.76,113.65,NASA POWER API
1982,1982,2025-06-05,31.15,0.0,29.13,2.72,99.36,24.67,华北_河南,34.76,113.65,NASA POWER API
1983,1983,2025-06-06,32.6,0.0,32.48,1.83,99.08,21.0,华北_河南,34.76,113.65,NASA POWER API
1984,1984,2025-06-07,30.0,0.0,41.34,2.26,99.41,7.03,华北_河南,34.76,113.65,NASA POWER API
1985,1985,2025-06-08,31.83,0.37,36.82,1.98,99.52,14.04,华北_河南,34.76,113.65,NASA POWER API
1986,1986,2025-06-09,33.33,0.09,35.01,3.02,99.29,17.12,华北_河南,34.76,113.65,NASA POWER API
1987,1987,2025-06-10,28.25,0.05,39.44,3.68,99.83,17.74,华北_河南,34.76,113.65,NASA POWER API
1988,1988,2025-06-11,30.4,0.0,44.89,2.43,99.83,20.28,华北_河南,34.76,113.65,NASA POWER API
1989,1989,2025-06-12,31.07,0.0,40.03,3.34,99.71,25.37,华北_河南,34.76,113.65,NASA POWER API
1990,1990,2025-06-13,31.8,0.03,46.8,2.74,99.32,24.02,华北_河南,34.76,113.65,NASA POWER API
1991,1991,2025-06-14,30.91,0.27,42.6,3.15,98.92,12.94,华北_河南,34.76,113.65,NASA POWER API
1992,1992,2025-06-15,30.64,0.0,29.84,4.11,98.71,29.05,华北_河南,34.76,113.65,NASA POWER API
1993,1993,2025-06-16,31.09,0.0,25.75,3.84,98.82,26.22,华北_河南,34.76,113.65,NASA POWER API
1994,1994,2025-06-17,33.49,0.0,27.25,1.79,99.11,23.95,华北_河南,34.76,113.65,NASA POWER API
1995,1995,2025-06-18,29.98,27.69,70.76,2.82,99.23,3.65,华北_河南,34.76,113.65,NASA POWER API
1996,1996,2025-06-19,25.96,12.13,83.59,3.22,99.23,6.56,华北_河南,34.76,113.65,NASA POWER API
1997,1997,2025-06-20,27.9,0.11,63.53,3.1,99.4,17.63,华北_河南,34.76,113.65,NASA POWER API
1998,1998,2025-06-21,29.44,0.01,54.47,1.78,99.57,20.58,华北_河南,34.76,113.65,NASA POWER API
1999,1999,2025-06-22,29.79,0.0,52.76,1.65,99.58,23.91,华北_河南,34.76,113.65,NASA POWER API
2000,2000,2025-06-23,29.22,0.0,48.33,1.61,99.49,21.52,华北_河南,34.76,113.65,NASA POWER API
2001,2001,2025-06-24,29.31,0.0,45.06,1.91,99.69,21.87,华北_河南,34.76,113.65,NASA POWER API
2002,2002,2025-06-25,27.99,0.69,51.04,1.42,99.8,8.66,华北_河南,34.76,113.65,NASA POWER API
2003,2003,2025-06-26,24.71,0.95,59.51,1.12,99.65,12.58,华北_河南,34.76,113.65,NASA POWER API
2004,2004,2025-06-27,27.91,0.17,54.77,2.03,99.39,22.24,华北_河南,34.76,113.65,NASA POWER API
2005,2005,2025-06-28,30.55,1.86,61.21,2.59,98.97,21.27,华北_河南,34.76,113.65,NASA POWER API
2006,2006,2025-06-29,27.94,3.91,74.43,2.4,99.07,16.64,华北_河南,34.76,113.65,NASA POWER API
2007,2007,2025-06-30,29.6,1.85,68.23,2.14,99.27,20.04,华北_河南,34.76,113.65,NASA POWER API
2008,2008,2025-07-01,29.39,35.96,76.96,2.47,99.42,15.19,华北_河南,34.76,113.65,NASA POWER API
2009,2009,2025-07-02,30.91,5.04,70.24,2.84,99.43,20.29,华北_河南,34.76,113.65,NASA POWER API
2010,2010,2025-07-03,32.58,0.15,63.62,2.87,99.18,25.88,华北_河南,34.76,113.65,NASA POWER API
2011,2011,2025-07-04,33.76,0.2,59.15,2.52,99.01,26.12,华北_河南,34.76,113.65,NASA POWER API
2012,2012,2025-07-05,33.55,0.0,48.54,3.64,99.04,28.05,华北_河南,34.76,113.65,NASA POWER API
2013,2013,2025-07-06,33.64,0.06,48.83,2.25,99.25,27.67,华北_河南,34.76,113.65,NASA POWER API
2014,2014,2025-07-07,31.41,1.92,64.31,1.47,99.12,22.78,华北_河南,34.76,113.65,NASA POWER API
2015,2015,2025-07-08,30.04,8.71,71.46,2.24,99.31,17.3,华北_河南,34.76,113.65,NASA POWER API
2016,2016,2025-07-09,27.34,23.42,79.71,2.22,99.58,20.8,华北_河南,34.76,113.65,NASA POWER API
2017,2017,2025-07-10,29.64,0.83,63.75,2.31,99.64,21.76,华北_河南,34.76,113.65,NASA POWER API
2018,2018,2025-07-11,31.18,0.03,60.86,2.13,99.76,20.17,华北_河南,34.76,113.65,NASA POWER API
2019,2019,2025-07-12,31.83,0.0,57.33,1.77,99.82,22.31,华北_河南,34.76,113.65,NASA POWER API
2020,2020,2025-07-13,33.4,0.07,46.46,0.91,99.5,24.83,华北_河南,34.76,113.65,NASA POWER API
2021,2021,2025-07-14,32.51,1.59,51.59,2.03,99.12,22.58,华北_河南,34.76,113.65,NASA POWER API
2022,2022,2025-07-15,34.54,0.0,54.33,1.9,98.46,23.09,华北_河南,34.76,113.65,NASA POWER API
2023,2023,2025-07-16,33.13,0.0,56.67,3.44,98.71,21.86,华北_河南,34.76,113.65,NASA POWER API
2024,2024,2025-07-17,32.23,0.0,51.56,1.67,99.24,24.67,华北_河南,34.76,113.65,NASA POWER API
2025,2025,2025-07-18,32.62,0.0,48.12,1.73,99.32,25.01,华北_河南,34.76,113.65,NASA POWER API
2026,2026,2025-07-19,32.03,0.19,50.51,1.75,99.23,22.19,华北_河南,34.76,113.65,NASA POWER API
2027,2027,2025-07-20,32.5,0.36,49.8,1.33,99.35,18.69,华北_河南,34.76,113.65,NASA POWER API
2028,2028,2025-07-21,30.6,1.67,61.66,3.4,99.69,17.04,华北_河南,34.76,113.65,NASA POWER API
2029,2029,2025-07-22,27.78,4.6,80.19,3.97,99.65,12.66,华北_河南,34.76,113.65,NASA POWER API
2030,2030,2025-07-23,29.57,8.5,74.92,2.87,99.56,15.89,华北_河南,34.76,113.65,NASA POWER API
2031,2031,2025-07-24,31.14,4.41,68.9,1.85,99.37,20.74,华北_河南,34.76,113.65,NASA POWER API
2032,2032,2025-07-25,32.39,1.74,60.02,2.56,99.24,23.9,华北_河南,34.76,113.65,NASA POWER API
2033,2033,2025-07-26,32.66,0.0,55.86,2.27,99.3,26.26,华北_河南,34.76,113.65,NASA POWER API
2034,2034,2025-07-27,32.94,0.0,56.41,2.1,99.26,24.31,华北_河南,34.76,113.65,NASA POWER API
2035,2035,2025-07-28,33.06,0.0,54.07,1.56,99.04,23.88,华北_河南,34.76,113.65,NASA POWER API
2036,2036,2025-07-29,33.2,0.01,53.43,1.12,98.77,23.71,华北_河南,34.76,113.65,NASA POWER API
2037,2037,2025-07-30,33.59,0.01,52.31,2.64,98.89,25.92,华北_河南,34.76,113.65,NASA POWER API
2038,2038,2025-07-31,31.96,0.0,51.35,2.48,98.98,25.32,华北_河南,34.76,113.65,NASA POWER API
2039,2039,2025-08-01,32.34,0.01,52.28,3.0,98.97,23.28,华北_河南,34.76,113.65,NASA POWER API
2040,2040,2025-08-02,32.25,0.06,57.38,1.7,98.95,21.86,华北_河南,34.76,113.65,NASA POWER API
2041,2041,2025-08-03,34.35,0.0,46.41,1.37,98.77,23.51,华北_河南,34.76,113.65,NASA POWER API
2042,2042,2025-08-04,34.3,1.27,47.88,1.82,99.02,17.07,华北_河南,34.76,113.65,NASA POWER API
2043,2043,2025-08-05,33.13,27.15,65.13,1.55,99.06,16.83,华北_河南,34.76,113.65,NASA POWER API
2044,2044,2025-08-06,30.56,12.51,82.68,1.9,99.18,13.28,华北_河南,34.76,113.65,NASA POWER API
2045,2045,2025-08-07,30.74,38.54,81.82,1.48,99.34,10.99,华北_河南,34.76,113.65,NASA POWER API
2046,2046,2025-08-08,29.43,10.18,83.82,1.61,99.21,15.5,华北_河南,34.76,113.65,NASA POWER API
2047,2047,2025-08-09,27.51,18.45,77.89,3.06,99.2,5.8,华北_河南,34.76,113.65,NASA POWER API
2048,2048,2025-08-10,26.93,0.67,74.66,2.11,99.53,11.48,华北_河南,34.76,113.65,NASA POWER API
2049,2049,2025-08-11,28.34,0.02,68.0,2.16,99.37,24.89,华北_河南,34.76,113.65,NASA POWER API
2050,2050,2025-08-12,28.31,0.01,69.39,2.06,99.53,24.01,华北_河南,34.76,113.65,NASA POWER API
2051,2051,2025-08-13,29.16,0.01,69.06,1.75,99.79,22.86,华北_河南,34.76,113.65,NASA POWER API
2052,2052,2025-08-14,28.07,0.07,74.62,1.62,100.05,16.61,华北_河南,34.76,113.65,NASA POWER API
2053,2053,2025-08-15,27.95,1.16,78.5,1.78,99.96,17.41,华北_河南,34.76,113.65,NASA POWER API
2054,2054,2025-08-16,31.32,0.4,62.46,1.83,99.71,22.33,华北_河南,34.76,113.65,NASA POWER API
2055,2055,2025-08-17,31.88,2.91,64.72,1.46,99.81,21.83,华北_河南,34.76,113.65,NASA POWER API
2056,2056,2025-08-18,32.43,2.33,65.19,2.15,99.79,23.15,华北_河南,34.76,113.65,NASA POWER API
2057,2057,2025-08-19,32.13,0.78,62.01,2.81,99.42,23.16,华北_河南,34.76,113.65,NASA POWER API
2058,2058,2025-08-20,31.89,5.36,64.22,2.59,99.25,21.87,华北_河南,34.76,113.65,NASA POWER API
2059,2059,2025-08-21,31.6,7.48,68.77,2.19,99.4,21.61,华北_河南,34.76,113.65,NASA POWER API
2060,2060,2025-08-22,30.44,4.1,71.91,1.75,99.49,21.12,华北_河南,34.76,113.65,NASA POWER API
2061,2061,2025-08-23,30.61,11.65,69.63,1.45,99.6,17.45,华北_河南,34.76,113.65,NASA POWER API
2062,2062,2025-08-24,26.03,8.29,70.88,2.54,99.98,9.15,华北_河南,34.76,113.65,NASA POWER API
2063,2063,2025-08-25,27.12,2.75,72.11,1.01,99.97,15.38,华北_河南,34.76,113.65,NASA POWER API
2064,2064,2025-08-26,26.63,1.12,75.95,2.49,100.04,13.1,华北_河南,34.76,113.65,NASA POWER API
2065,2065,2025-08-27,29.11,3.09,74.25,2.15,99.64,16.29,华北_河南,34.76,113.65,NASA POWER API
2066,2066,2025-08-28,28.44,2.79,70.57,2.29,99.81,19.46,华北_河南,34.76,113.65,NASA POWER API
2067,2067,2025-08-29,28.26,1.91,70.18,1.01,100.16,16.97,华北_河南,34.76,113.65,NASA POWER API
2068,2068,2025-08-30,26.5,7.37,74.77,0.72,100.21,12.56,华北_河南,34.76,113.65,NASA POWER API
2069,2069,2025-08-31,25.82,17.49,77.73,1.09,99.85,20.94,华北_河南,34.76,113.65,NASA POWER API
2070,2070,2025-09-01,27.65,0.0,68.49,1.02,99.69,22.85,华北_河南,34.76,113.65,NASA POWER API
2071,2071,2025-09-02,27.07,0.03,66.58,1.47,99.82,15.13,华北_河南,34.76,113.65,NASA POWER API
2072,2072,2025-09-03,25.68,24.48,79.32,1.4,99.88,2.98,华北_河南,34.76,113.65,NASA POWER API
2073,2073,2025-09-04,23.19,62.88,84.19,2.15,99.93,2.67,华北_河南,34.76,113.65,NASA POWER API
2074,2074,2025-09-05,23.72,11.44,87.53,1.99,99.85,4.7,华北_河南,34.76,113.65,NASA POWER API
2075,2075,2025-09-06,24.26,0.68,76.7,1.49,100.1,10.38,华北_河南,34.76,113.65,NASA POWER API
2076,2076,2025-09-07,24.48,0.13,69.04,1.83,99.88,14.4,华北_河南,34.76,113.65,NASA POWER API
2077,2077,2025-09-08,22.69,1.95,78.28,2.03,100.11,9.27,华北_河南,34.76,113.65,NASA POWER API
2078,2078,2025-09-09,23.43,0.02,76.8,1.43,100.22,19.77,华北_河南,34.76,113.65,NASA POWER API
2079,2079,2025-09-10,23.89,4.35,83.27,1.27,100.2,7.24,华北_河南,34.76,113.65,NASA POWER API
2080,2080,2025-09-11,20.78,56.73,85.88,2.61,100.26,2.86,华北_河南,34.76,113.65,NASA POWER API
2081,2081,2025-09-12,20.97,2.47,83.76,1.95,100.12,11.11,华北_河南,34.76,113.65,NASA POWER API
2082,2082,2025-09-13,23.96,0.23,82.39,1.7,99.98,20.67,华北_河南,34.76,113.65,NASA POWER API
2083,2083,2025-09-14,25.06,0.0,83.0,1.65,99.86,21.27,华北_河南,34.76,113.65,NASA POWER API
2084,2084,2025-09-15,25.48,2.87,84.5,1.13,99.96,12.69,华北_河南,34.76,113.65,NASA POWER API
2085,2085,2025-09-16,24.0,7.57,85.74,3.06,100.1,7.27,华北_河南,34.76,113.65,NASA POWER API
2086,2086,2025-09-17,18.71,8.66,70.49,4.06,100.75,6.6,华北_河南,34.76,113.65,NASA POWER API
2087,2087,2025-09-18,16.06,43.96,81.21,3.16,100.97,3.48,华北_河南,34.76,113.65,NASA POWER API
2088,2088,2025-09-19,15.99,25.83,89.09,2.54,100.73,6.1,华北_河南,34.76,113.65,NASA POWER API
2089,2089,2025-09-20,18.49,0.05,80.41,1.59,100.64,21.74,华北_河南,34.76,113.65,NASA POWER API
2090,2090,2025-09-21,19.23,11.27,80.73,1.84,100.8,5.05,华北_河南,34.76,113.65,NASA POWER API
2091,2091,2025-09-22,17.2,20.23,91.36,2.99,100.91,3.65,华北_河南,34.76,113.65,NASA POWER API
2092,2092,2025-09-23,16.5,39.31,92.68,1.82,100.75,4.66,华北_河南,34.76,113.65,NASA POWER API
2093,2093,2025-09-24,19.37,0.09,74.82,1.63,100.44,21.22,华北_河南,34.76,113.65,NASA POWER API
2094,2094,2025-09-25,20.47,0.11,67.92,1.35,100.79,20.94,华北_河南,34.76,113.65,NASA POWER API
2095,2095,2025-09-26,19.17,6.46,86.88,1.26,101.01,6.22,华北_河南,34.76,113.65,NASA POWER API
2096,2096,2025-09-27,20.47,15.81,89.46,0.85,100.68,4.43,华北_河南,34.76,113.65,NASA POWER API
2097,2097,2025-09-28,21.24,3.43,85.58,0.98,100.5,4.9,华北_河南,34.76,113.65,NASA POWER API
2098,2098,2025-09-29,20.24,0.06,82.1,1.95,100.51,17.43,华北_河南,34.76,113.65,NASA POWER API
2099,2099,2025-09-30,22.08,0.16,74.95,1.56,100.21,18.33,华北_河南,34.76,113.65,NASA POWER API
2100,2100,2025-10-01,20.44,26.15,75.7,2.03,100.21,3.99,华北_河南,34.76,113.65,NASA POWER API
2101,2101,2025-10-02,17.12,15.3,91.2,3.47,100.35,6.79,华北_河南,34.76,113.65,NASA POWER API
2102,2102,2025-10-03,18.22,1.15,87.38,1.59,100.61,7.95,华北_河南,34.76,113.65,NASA POWER API
2103,2103,2025-10-04,19.0,7.69,89.17,0.99,100.58,3.65,华北_河南,34.76,113.65,NASA POWER API
2104,2104,2025-10-05,19.7,14.66,90.49,1.42,100.38,3.6,华北_河南,34.76,113.65,NASA POWER API
2105,2105,2025-10-06,16.46,7.81,89.57,3.73,100.73,4.12,华北_河南,34.76,113.65,NASA POWER API
2106,2106,2025-10-07,17.87,1.42,85.85,0.67,100.95,5.08,华北_河南,34.76,113.65,NASA POWER API
2107,2107,2025-10-08,19.0,3.15,91.45,2.69,100.65,2.86,华北_河南,34.76,113.65,NASA POWER API
2108,2108,2025-10-09,11.87,6.08,87.04,5.27,100.79,2.76,华北_河南,34.76,113.65,NASA POWER API
2109,2109,2025-10-10,11.76,4.22,87.55,4.93,100.8,2.89,华北_河南,34.76,113.65,NASA POWER API
2110,2110,2025-10-11,14.15,4.29,86.0,1.8,100.67,3.74,华北_河南,34.76,113.65,NASA POWER API
2111,2111,2025-10-12,13.64,26.04,93.43,2.65,100.72,6.04,华北_河南,34.76,113.65,NASA POWER API
2112,2112,2025-10-13,15.17,0.65,82.73,0.78,100.86,12.54,华北_河南,34.76,113.65,NASA POWER API
2113,2113,2025-10-14,15.7,1.22,85.74,1.11,100.85,15.87,华北_河南,34.76,113.65,NASA POWER API
2114,2114,2025-10-15,16.18,4.74,89.5,0.93,100.77,9.06,华北_河南,34.76,113.65,NASA POWER API
2115,2115,2025-10-16,16.04,5.12,91.31,2.09,101.09,6.89,华北_河南,34.76,113.65,NASA POWER API
2116,2116,2025-10-17,14.18,49.1,90.47,5.07,101.21,2.45,华北_河南,34.76,113.65,NASA POWER API
2117,2117,2025-10-18,9.52,0.03,76.35,3.96,101.89,10.89,华北_河南,34.76,113.65,NASA POWER API
2118,2118,2025-10-19,8.72,0.01,78.65,3.18,102.14,5.89,华北_河南,34.76,113.65,NASA POWER API
2119,2119,2025-10-20,7.01,0.82,75.82,2.8,102.57,5.29,华北_河南,34.76,113.65,NASA POWER API
2120,2120,2025-10-21,7.16,0.0,76.2,1.77,102.53,13.57,华北_河南,34.76,113.65,NASA POWER API
2121,2121,2025-10-22,8.91,0.09,69.45,1.15,102.3,11.78,华北_河南,34.76,113.65,NASA POWER API
2122,2122,2025-10-23,8.75,0.0,81.02,1.86,102.22,9.34,华北_河南,34.76,113.65,NASA POWER API
2123,2123,2025-10-24,9.82,3.68,83.03,1.49,101.97,7.35,华北_河南,34.76,113.65,NASA POWER API
2124,2124,2025-10-25,10.32,1.9,89.57,2.0,101.49,5.49,华北_河南,34.76,113.65,NASA POWER API
2125,2125,2025-10-26,10.47,0.01,75.34,2.52,101.46,10.9,华北_河南,34.76,113.65,NASA POWER API
2126,2126,2025-10-27,10.78,0.0,80.34,1.08,101.47,11.23,华北_河南,34.76,113.65,NASA POWER API
2127,2127,2025-10-28,13.2,0.0,90.5,1.4,101.17,8.46,华北_河南,34.76,113.65,NASA POWER API
2128,2128,2025-10-29,12.57,0.0,92.53,1.17,101.12,8.46,华北_河南,34.76,113.65,NASA POWER API
2129,2129,2025-10-30,14.87,0.01,85.87,1.23,101.07,10.79,华北_河南,34.76,113.65,NASA POWER API
2130,2130,2025-10-31,14.06,0.01,78.84,1.62,101.18,9.45,华北_河南,34.76,113.65,NASA POWER API
2131,2131,2025-11-01,13.41,0.0,66.56,1.97,100.9,14.87,华北_河南,34.76,113.65,NASA POWER API
2132,2132,2025-11-02,10.69,0.01,67.97,3.62,101.64,15.12,华北_河南,34.76,113.65,NASA POWER API
2133,2133,2025-11-03,9.83,0.0,84.56,1.71,101.6,12.61,华北_河南,34.76,113.65,NASA POWER API
2134,2134,2025-11-04,12.99,0.01,89.71,1.4,101.15,11.21,华北_河南,34.76,113.65,NASA POWER API
2135,2135,2025-11-05,11.22,0.0,86.92,1.5,101.02,12.96,华北_河南,34.76,113.65,NASA POWER API
2136,2136,2025-11-06,11.69,6.54,90.93,3.43,101.16,2.48,华北_河南,34.76,113.65,NASA POWER API
2137,2137,2025-11-07,12.03,16.49,92.89,3.7,101.25,2.42,华北_河南,34.76,113.65,NASA POWER API
2138,2138,2025-11-08,11.59,0.05,84.79,1.13,101.41,9.45,华北_河南,34.76,113.65,NASA POWER API
2139,2139,2025-11-09,11.05,0.0,66.84,1.45,101.37,12.43,华北_河南,34.76,113.65,NASA POWER API
2140,2140,2025-11-10,10.28,0.01,71.22,1.3,101.27,9.75,华北_河南,34.76,113.65,NASA POWER API
2141,2141,2025-11-11,12.3,0.01,70.59,1.19,101.15,10.78,华北_河南,34.76,113.65,NASA POWER API
2142,2142,2025-11-12,12.17,0.0,75.96,1.28,101.26,10.56,华北_河南,34.76,113.65,NASA POWER API
2143,2143,2025-11-13,10.71,0.0,68.43,2.26,101.44,11.89,华北_河南,34.76,113.65,NASA POWER API
2144,2144,2025-11-14,11.79,0.0,72.68,1.65,101.16,10.18,华北_河南,34.76,113.65,NASA POWER API
2145,2145,2025-11-15,14.89,0.0,58.4,1.11,101.1,8.99,华北_河南,34.76,113.65,NASA POWER API
2146,2146,2025-11-16,10.15,0.5,64.7,3.76,101.85,11.66,华北_河南,34.76,113.65,NASA POWER API
2147,2147,2025-11-17,3.18,0.55,63.03,2.48,103.08,7.32,华北_河南,34.76,113.65,NASA POWER API
2148,2148,2025-11-18,2.24,0.39,67.87,2.35,102.57,14.35,华北_河南,34.76,113.65,NASA POWER API
2149,2149,2025-11-19,5.35,0.0,72.64,2.02,101.91,13.1,华北_河南,34.76,113.65,NASA POWER API
2150,2150,2025-11-20,7.39,0.0,66.66,2.05,101.77,12.38,华北_河南,34.76,113.65,NASA POWER API
2151,2151,2025-11-21,6.61,0.0,63.93,1.18,101.8,12.72,华北_河南,34.76,113.65,NASA POWER API
2152,2152,2025-11-22,8.76,0.0,66.46,2.24,101.28,10.28,华北_河南,34.76,113.65,NASA POWER API
2153,2153,2025-11-23,9.2,0.0,74.32,2.47,100.93,8.55,华北_河南,34.76,113.65,NASA POWER API
2154,2154,2025-11-24,6.13,0.0,67.14,3.81,101.46,8.22,华北_河南,34.76,113.65,NASA POWER API
2155,2155,2025-11-25,3.69,0.0,67.79,1.69,101.51,13.06,华北_河南,34.76,113.65,NASA POWER API
2156,2156,2025-11-26,6.49,0.0,67.38,3.41,101.29,11.24,华北_河南,34.76,113.65,NASA POWER API
2157,2157,2025-11-27,3.86,0.0,69.04,2.4,101.56,12.56,华北_河南,34.76,113.65,NASA POWER API
2158,2158,2025-11-28,7.61,0.0,80.78,2.03,100.31,11.4,华北_河南,34.76,113.65,NASA POWER API
2159,2159,2025-11-29,10.05,0.0,67.22,1.66,100.21,11.71,华北_河南,34.76,113.65,NASA POWER API
2160,2160,2025-11-30,9.61,0.0,59.34,2.2,100.69,11.58,华北_河南,34.76,113.65,NASA POWER API
2161,2161,2025-12-01,4.43,0.0,61.89,1.91,101.26,11.26,华北_河南,34.76,113.65,NASA POWER API
2162,2162,2025-12-02,0.29,0.0,60.5,4.44,101.97,9.07,华北_河南,34.76,113.65,NASA POWER API
2163,2163,2025-12-03,1.05,0.0,59.59,1.32,102.09,12.94,华北_河南,34.76,113.65,NASA POWER API
2164,2164,2025-12-04,1.56,0.0,64.6,2.91,101.81,9.81,华北_河南,34.76,113.65,NASA POWER API
2165,2165,2025-12-05,1.63,0.0,75.04,1.74,101.57,9.49,华北_河南,34.76,113.65,NASA POWER API
2166,2166,2025-12-06,5.95,0.0,75.74,2.03,100.82,11.09,华北_河南,34.76,113.65,NASA POWER API
2167,2167,2025-12-07,8.58,0.0,62.2,1.72,101.42,10.11,华北_河南,34.76,113.65,NASA POWER API
2168,2168,2025-12-08,3.65,0.0,60.23,2.92,102.02,9.64,华北_河南,34.76,113.65,NASA POWER API
2169,2169,2025-12-09,6.08,0.0,71.95,1.05,101.38,7.95,华北_河南,34.76,113.65,NASA POWER API
2170,2170,2025-12-10,7.38,0.0,83.51,1.91,100.9,7.9,华北_河南,34.76,113.65,NASA POWER API
2171,2171,2025-12-11,4.31,0.03,76.61,5.21,101.64,7.72,华北_河南,34.76,113.65,NASA POWER API
2172,2172,2025-12-12,-1.38,7.75,85.55,4.59,102.27,1.81,华北_河南,34.76,113.65,NASA POWER API
2173,2173,2025-12-13,-0.37,0.0,76.33,2.73,102.08,11.42,华北_河南,34.76,113.65,NASA POWER API
2174,2174,2025-12-14,-0.59,0.05,74.79,2.12,101.58,11.79,华北_河南,34.76,113.65,NASA POWER API
2175,2175,2025-12-15,3.48,0.0,72.37,1.94,100.85,9.87,华北_河南,34.76,113.65,NASA POWER API
2176,2176,2025-12-16,2.6,0.0,80.39,2.05,101.34,7.62,华北_河南,34.76,113.65,NASA POWER API
2177,2177,2025-12-17,2.56,0.0,75.7,0.97,101.96,11.08,华北_河南,34.76,113.65,NASA POWER API
2178,2178,2025-12-18,3.33,0.0,91.37,1.93,100.82,7.96,华北_河南,34.76,113.65,NASA POWER API
2179,2179,2025-12-19,6.39,0.0,85.04,1.82,100.49,7.71,华北_河南,34.76,113.65,NASA POWER API
2180,2180,2025-12-20,5.47,0.0,68.12,1.73,101.87,4.7,华北_河南,34.76,113.65,NASA POWER API
2181,2181,2025-12-21,0.61,0.0,74.46,1.77,102.1,5.83,华北_河南,34.76,113.65,NASA POWER API
2182,2182,2025-12-22,1.81,1.41,92.3,1.33,101.44,2.32,华北_河南,34.76,113.65,NASA POWER API
2183,2183,2025-12-23,3.54,0.07,75.85,1.82,101.37,4.66,华北_河南,34.76,113.65,NASA POWER API
2184,2184,2025-12-24,2.08,0.53,64.76,1.47,101.61,11.05,华北_河南,34.76,113.65,NASA POWER API
2185,2185,2025-12-25,-0.31,0.0,66.94,1.57,102.18,12.45,华北_河南,34.76,113.65,NASA POWER API
2186,2186,2025-12-26,-0.12,0.0,79.88,1.62,101.57,8.2,华北_河南,34.76,113.65,NASA POWER API
2187,2187,2025-12-27,1.63,0.0,76.24,1.5,101.23,8.7,华北_河南,34.76,113.65,NASA POWER API
2188,2188,2025-12-28,3.88,0.0,79.1,1.93,100.77,9.14,华北_河南,34.76,113.65,NASA POWER API
2189,2189,2025-12-29,3.16,0.0,70.51,1.87,101.19,10.73,华北_河南,34.76,113.65,NASA POWER API
2190,2190,2025-12-30,1.53,0.0,74.64,3.13,101.54,5.48,华北_河南,34.76,113.65,NASA POWER API
2191,2191,2025-12-31,-2.0,2.82,66.5,5.26,102.18,2.65,华北_河南,34.76,113.65,NASA POWER API
