,Unnamed: 0,date,temperature,precipitation,humidity,wind_speed,surface_pressure,solar_radiation,region,latitude,longitude,data_source
0,0,2020-01-01,-6.29,0.01,74.85,0.99,94.02,6.24,西北_新疆,43.82,87.61,NASA POWER API
1,1,2020-01-02,-4.72,0.0,59.52,1.09,93.99,6.38,西北_新疆,43.82,87.61,NASA POWER API
2,2,2020-01-03,-5.23,0.0,56.59,0.81,93.67,6.35,西北_新疆,43.82,87.61,NASA POWER API
3,3,2020-01-04,-6.76,0.0,70.51,1.18,93.83,5.94,西北_新疆,43.82,87.61,NASA POWER API
4,4,2020-01-05,-6.05,0.0,67.86,1.12,93.89,6.6,西北_新疆,43.82,87.61,NASA POWER API
5,5,2020-01-06,-4.46,0.0,55.0,2.03,93.35,6.99,西北_新疆,43.82,87.61,NASA POWER API
6,6,2020-01-07,-5.15,0.0,53.14,1.07,93.7,7.15,西北_新疆,43.82,87.61,NASA POWER API
7,7,2020-01-08,-6.36,0.0,63.6,1.26,93.95,6.33,西北_新疆,43.82,87.61,NASA POWER API
8,8,2020-01-09,-7.57,0.01,74.56,1.03,93.93,6.15,西北_新疆,43.82,87.61,NASA POWER API
9,9,2020-01-10,-6.67,0.01,70.65,1.49,93.7,6.35,西北_新疆,43.82,87.61,NASA POWER API
10,10,2020-01-11,-8.05,0.0,70.06,1.13,93.94,7.08,西北_新疆,43.82,87.61,NASA POWER API
11,11,2020-01-12,-5.14,0.0,52.93,1.59,93.36,6.24,西北_新疆,43.82,87.61,NASA POWER API
12,12,2020-01-13,-7.12,0.0,71.71,1.22,93.23,6.94,西北_新疆,43.82,87.61,NASA POWER API
13,13,2020-01-14,-7.62,4.76,87.77,1.07,93.7,3.18,西北_新疆,43.82,87.61,NASA POWER API
14,14,2020-01-15,-5.6,1.44,86.0,1.01,94.12,4.59,西北_新疆,43.82,87.61,NASA POWER API
15,15,2020-01-16,-5.93,0.82,89.48,0.96,94.33,5.16,西北_新疆,43.82,87.61,NASA POWER API
16,16,2020-01-17,-7.4,1.17,86.16,1.5,94.84,4.95,西北_新疆,43.82,87.61,NASA POWER API
17,17,2020-01-18,-4.83,0.0,44.33,1.42,94.39,8.17,西北_新疆,43.82,87.61,NASA POWER API
18,18,2020-01-19,-4.24,0.02,53.49,2.61,93.43,7.46,西北_新疆,43.82,87.61,NASA POWER API
19,19,2020-01-20,-4.77,0.02,58.71,1.47,93.38,6.7,西北_新疆,43.82,87.61,NASA POWER API
20,20,2020-01-21,-3.05,0.0,60.39,1.28,93.48,8.1,西北_新疆,43.82,87.61,NASA POWER API
21,21,2020-01-22,-3.51,0.0,62.16,1.28,93.77,7.44,西北_新疆,43.82,87.61,NASA POWER API
22,22,2020-01-23,-3.0,0.0,64.1,1.31,94.14,7.5,西北_新疆,43.82,87.61,NASA POWER API
23,23,2020-01-24,-2.09,0.0,48.63,6.86,93.47,7.59,西北_新疆,43.82,87.61,NASA POWER API
24,24,2020-01-25,-1.82,0.0,46.19,2.34,93.31,8.0,西北_新疆,43.82,87.61,NASA POWER API
25,25,2020-01-26,-1.51,0.0,49.6,1.85,93.44,7.19,西北_新疆,43.82,87.61,NASA POWER API
26,26,2020-01-27,-2.93,0.0,54.83,1.4,93.4,7.38,西北_新疆,43.82,87.61,NASA POWER API
27,27,2020-01-28,-4.19,0.0,58.13,1.6,93.76,8.12,西北_新疆,43.82,87.61,NASA POWER API
28,28,2020-01-29,-2.79,0.0,58.27,1.72,94.1,8.71,西北_新疆,43.82,87.61,NASA POWER API
29,29,2020-01-30,-6.15,0.0,75.75,1.44,94.24,7.47,西北_新疆,43.82,87.61,NASA POWER API
30,30,2020-01-31,-6.86,0.01,74.04,1.25,94.13,7.75,西北_新疆,43.82,87.61,NASA POWER API
31,31,2020-02-01,-4.04,0.0,60.72,1.51,93.97,10.21,西北_新疆,43.82,87.61,NASA POWER API
32,32,2020-02-02,-2.67,0.0,50.26,1.62,93.56,9.72,西北_新疆,43.82,87.61,NASA POWER API
33,33,2020-02-03,-1.02,0.0,46.54,1.36,93.41,10.54,西北_新疆,43.82,87.61,NASA POWER API
34,34,2020-02-04,-0.59,0.0,49.1,1.08,93.55,10.21,西北_新疆,43.82,87.61,NASA POWER API
35,35,2020-02-05,-0.67,0.0,51.59,0.75,93.4,10.01,西北_新疆,43.82,87.61,NASA POWER API
36,36,2020-02-06,0.27,0.0,47.24,1.25,93.66,11.09,西北_新疆,43.82,87.61,NASA POWER API
37,37,2020-02-07,3.47,0.0,43.83,1.57,94.14,11.34,西北_新疆,43.82,87.61,NASA POWER API
38,38,2020-02-08,3.68,0.0,37.46,5.84,93.77,11.97,西北_新疆,43.82,87.61,NASA POWER API
39,39,2020-02-09,4.06,0.0,34.03,6.29,92.76,12.51,西北_新疆,43.82,87.61,NASA POWER API
40,40,2020-02-10,3.66,0.0,37.78,2.12,92.66,12.16,西北_新疆,43.82,87.61,NASA POWER API
41,41,2020-02-11,0.66,0.14,60.32,2.97,92.97,11.91,西北_新疆,43.82,87.61,NASA POWER API
42,42,2020-02-12,-5.02,0.3,76.09,1.84,93.9,11.84,西北_新疆,43.82,87.61,NASA POWER API
43,43,2020-02-13,-0.55,0.0,43.23,1.35,93.86,13.21,西北_新疆,43.82,87.61,NASA POWER API
44,44,2020-02-14,-3.38,0.0,46.25,2.23,94.7,13.33,西北_新疆,43.82,87.61,NASA POWER API
45,45,2020-02-15,-1.82,0.01,39.82,3.73,94.18,11.99,西北_新疆,43.82,87.61,NASA POWER API
46,46,2020-02-16,-2.75,0.0,44.55,2.16,94.47,10.27,西北_新疆,43.82,87.61,NASA POWER API
47,47,2020-02-17,-0.21,0.01,51.61,1.34,94.54,11.75,西北_新疆,43.82,87.61,NASA POWER API
48,48,2020-02-18,-1.22,0.58,57.74,1.86,94.11,11.28,西北_新疆,43.82,87.61,NASA POWER API
49,49,2020-02-19,-3.2,1.68,68.21,2.39,94.91,12.52,西北_新疆,43.82,87.61,NASA POWER API
50,50,2020-02-20,-1.23,0.02,52.01,1.48,94.77,13.54,西北_新疆,43.82,87.61,NASA POWER API
51,51,2020-02-21,2.16,0.0,48.27,2.31,93.72,13.76,西北_新疆,43.82,87.61,NASA POWER API
52,52,2020-02-22,3.94,0.0,40.48,1.45,93.28,13.96,西北_新疆,43.82,87.61,NASA POWER API
53,53,2020-02-23,1.7,0.07,60.97,0.75,93.57,12.9,西北_新疆,43.82,87.61,NASA POWER API
54,54,2020-02-24,0.08,0.0,75.2,2.04,93.63,13.57,西北_新疆,43.82,87.61,NASA POWER API
55,55,2020-02-25,-0.15,0.03,73.23,1.18,93.68,13.53,西北_新疆,43.82,87.61,NASA POWER API
56,56,2020-02-26,3.94,0.0,54.17,2.19,93.62,15.28,西北_新疆,43.82,87.61,NASA POWER API
57,57,2020-02-27,5.8,0.18,44.01,3.06,93.03,14.33,西北_新疆,43.82,87.61,NASA POWER API
58,58,2020-02-28,-0.14,2.25,68.02,2.58,94.35,11.41,西北_新疆,43.82,87.61,NASA POWER API
59,59,2020-02-29,0.57,0.0,55.68,1.76,94.31,16.71,西北_新疆,43.82,87.61,NASA POWER API
60,60,2020-03-01,0.01,0.0,52.47,1.49,94.14,15.81,西北_新疆,43.82,87.61,NASA POWER API
61,61,2020-03-02,5.53,0.0,30.64,1.64,93.47,15.4,西北_新疆,43.82,87.61,NASA POWER API
62,62,2020-03-03,6.79,0.0,31.95,1.44,93.08,15.13,西北_新疆,43.82,87.61,NASA POWER API
63,63,2020-03-04,1.81,0.04,57.78,1.94,93.42,13.13,西北_新疆,43.82,87.61,NASA POWER API
64,64,2020-03-05,2.33,0.0,56.01,1.86,93.19,16.4,西北_新疆,43.82,87.61,NASA POWER API
65,65,2020-03-06,1.35,0.0,50.41,1.8,92.95,12.76,西北_新疆,43.82,87.61,NASA POWER API
66,66,2020-03-07,-1.71,7.25,67.68,3.5,93.73,8.74,西北_新疆,43.82,87.61,NASA POWER API
67,67,2020-03-08,-7.34,0.73,47.11,2.23,95.3,12.92,西北_新疆,43.82,87.61,NASA POWER API
68,68,2020-03-09,-2.16,1.82,41.33,1.51,94.65,15.7,西北_新疆,43.82,87.61,NASA POWER API
69,69,2020-03-10,-0.35,0.0,42.48,1.48,93.75,16.09,西北_新疆,43.82,87.61,NASA POWER API
70,70,2020-03-11,-0.91,0.0,50.82,1.71,93.93,13.48,西北_新疆,43.82,87.61,NASA POWER API
71,71,2020-03-12,-0.07,0.0,42.41,1.89,94.38,18.61,西北_新疆,43.82,87.61,NASA POWER API
72,72,2020-03-13,3.16,0.0,36.23,3.38,93.89,15.49,西北_新疆,43.82,87.61,NASA POWER API
73,73,2020-03-14,5.07,0.0,35.65,1.87,93.82,15.56,西北_新疆,43.82,87.61,NASA POWER API
74,74,2020-03-15,6.75,0.0,35.38,1.65,93.95,16.87,西北_新疆,43.82,87.61,NASA POWER API
75,75,2020-03-16,9.29,0.0,32.59,2.46,93.62,16.65,西北_新疆,43.82,87.61,NASA POWER API
76,76,2020-03-17,9.76,0.0,32.35,1.94,93.47,17.39,西北_新疆,43.82,87.61,NASA POWER API
77,77,2020-03-18,11.88,0.0,31.72,1.22,93.5,15.74,西北_新疆,43.82,87.61,NASA POWER API
78,78,2020-03-19,9.9,0.14,61.11,1.61,93.25,16.17,西北_新疆,43.82,87.61,NASA POWER API
79,79,2020-03-20,3.89,0.66,83.57,1.75,93.19,10.46,西北_新疆,43.82,87.61,NASA POWER API
80,80,2020-03-21,6.02,0.0,62.07,1.97,93.11,17.2,西北_新疆,43.82,87.61,NASA POWER API
81,81,2020-03-22,8.67,0.0,50.96,2.06,93.52,19.61,西北_新疆,43.82,87.61,NASA POWER API
82,82,2020-03-23,9.69,3.58,61.43,3.05,93.41,18.87,西北_新疆,43.82,87.61,NASA POWER API
83,83,2020-03-24,1.76,0.35,49.85,3.02,93.73,15.26,西北_新疆,43.82,87.61,NASA POWER API
84,84,2020-03-25,-0.79,0.05,42.43,2.12,94.16,14.57,西北_新疆,43.82,87.61,NASA POWER API
85,85,2020-03-26,0.71,0.0,34.95,1.92,94.27,20.84,西北_新疆,43.82,87.61,NASA POWER API
86,86,2020-03-27,3.84,0.0,33.46,1.87,93.83,19.29,西北_新疆,43.82,87.61,NASA POWER API
87,87,2020-03-28,7.67,0.0,31.69,2.07,93.12,20.15,西北_新疆,43.82,87.61,NASA POWER API
88,88,2020-03-29,4.25,1.69,45.85,2.69,93.46,12.39,西北_新疆,43.82,87.61,NASA POWER API
89,89,2020-03-30,3.27,0.0,39.4,1.76,93.88,17.6,西北_新疆,43.82,87.61,NASA POWER API
90,90,2020-03-31,6.12,0.0,29.42,2.57,93.52,21.74,西北_新疆,43.82,87.61,NASA POWER API
91,91,2020-04-01,9.55,0.0,28.66,5.19,93.05,21.88,西北_新疆,43.82,87.61,NASA POWER API
92,92,2020-04-02,11.04,0.0,30.56,3.39,93.37,21.5,西北_新疆,43.82,87.61,NASA POWER API
93,93,2020-04-03,11.95,0.0,31.91,1.9,93.67,20.97,西北_新疆,43.82,87.61,NASA POWER API
94,94,2020-04-04,12.95,0.0,32.35,1.94,93.62,16.06,西北_新疆,43.82,87.61,NASA POWER API
95,95,2020-04-05,13.72,0.0,29.12,1.92,93.36,19.4,西北_新疆,43.82,87.61,NASA POWER API
96,96,2020-04-06,14.73,0.0,29.99,1.95,93.17,23.18,西北_新疆,43.82,87.61,NASA POWER API
97,97,2020-04-07,15.75,0.0,31.71,2.08,93.05,17.61,西北_新疆,43.82,87.61,NASA POWER API
98,98,2020-04-08,17.25,0.0,31.29,2.2,92.98,23.43,西北_新疆,43.82,87.61,NASA POWER API
99,99,2020-04-09,16.5,0.0,31.79,3.71,92.85,23.8,西北_新疆,43.82,87.61,NASA POWER API
100,100,2020-04-10,7.02,0.02,52.46,2.4,94.42,13.06,西北_新疆,43.82,87.61,NASA POWER API
101,101,2020-04-11,9.47,0.0,50.48,1.92,93.77,18.93,西北_新疆,43.82,87.61,NASA POWER API
102,102,2020-04-12,13.86,0.0,37.54,1.78,93.28,19.11,西北_新疆,43.82,87.61,NASA POWER API
103,103,2020-04-13,17.41,0.0,34.74,2.12,92.8,18.26,西北_新疆,43.82,87.61,NASA POWER API
104,104,2020-04-14,15.58,0.12,49.11,2.72,92.99,13.34,西北_新疆,43.82,87.61,NASA POWER API
105,105,2020-04-15,14.32,0.05,64.52,2.24,93.38,15.16,西北_新疆,43.82,87.61,NASA POWER API
106,106,2020-04-16,12.63,1.52,73.01,2.9,93.57,12.35,西北_新疆,43.82,87.61,NASA POWER API
107,107,2020-04-17,12.54,2.56,61.29,1.25,93.33,15.25,西北_新疆,43.82,87.61,NASA POWER API
108,108,2020-04-18,13.13,0.35,54.54,1.74,93.42,15.96,西北_新疆,43.82,87.61,NASA POWER API
109,109,2020-04-19,15.1,0.07,47.91,1.81,93.52,21.05,西北_新疆,43.82,87.61,NASA POWER API
110,110,2020-04-20,16.59,0.44,36.6,1.59,93.54,17.23,西北_新疆,43.82,87.61,NASA POWER API
111,111,2020-04-21,16.95,0.15,39.76,1.67,93.33,18.07,西北_新疆,43.82,87.61,NASA POWER API
112,112,2020-04-22,18.23,0.13,32.85,2.12,93.23,23.17,西北_新疆,43.82,87.61,NASA POWER API
113,113,2020-04-23,20.04,0.01,24.09,4.86,93.22,25.18,西北_新疆,43.82,87.61,NASA POWER API
114,114,2020-04-24,21.27,0.0,17.57,6.31,92.98,24.84,西北_新疆,43.82,87.61,NASA POWER API
115,115,2020-04-25,22.66,0.0,19.47,5.22,92.92,27.13,西北_新疆,43.82,87.61,NASA POWER API
116,116,2020-04-26,23.58,0.0,15.29,5.16,93.01,26.87,西北_新疆,43.82,87.61,NASA POWER API
117,117,2020-04-27,24.59,0.0,20.1,2.65,92.76,23.47,西北_新疆,43.82,87.61,NASA POWER API
118,118,2020-04-28,24.35,0.0,22.9,2.01,92.52,26.59,西北_新疆,43.82,87.61,NASA POWER API
119,119,2020-04-29,25.46,0.0,24.86,2.35,92.52,26.79,西北_新疆,43.82,87.61,NASA POWER API
120,120,2020-04-30,21.74,1.03,44.21,3.13,92.85,24.86,西北_新疆,43.82,87.61,NASA POWER API
121,121,2020-05-01,15.94,1.59,60.76,3.41,93.45,11.91,西北_新疆,43.82,87.61,NASA POWER API
122,122,2020-05-02,17.79,0.0,38.15,2.06,93.03,24.41,西北_新疆,43.82,87.61,NASA POWER API
123,123,2020-05-03,20.64,0.01,24.26,2.04,92.59,25.48,西北_新疆,43.82,87.61,NASA POWER API
124,124,2020-05-04,18.07,0.3,44.82,2.29,92.81,15.95,西北_新疆,43.82,87.61,NASA POWER API
125,125,2020-05-05,17.46,3.56,50.01,3.32,92.9,18.94,西北_新疆,43.82,87.61,NASA POWER API
126,126,2020-05-06,11.42,0.47,44.23,3.11,93.66,17.71,西北_新疆,43.82,87.61,NASA POWER API
127,127,2020-05-07,12.67,0.07,29.15,1.95,93.85,29.97,西北_新疆,43.82,87.61,NASA POWER API
128,128,2020-05-08,17.66,0.0,21.04,2.69,93.0,27.17,西北_新疆,43.82,87.61,NASA POWER API
129,129,2020-05-09,19.26,0.0,20.21,1.98,92.93,28.24,西北_新疆,43.82,87.61,NASA POWER API
130,130,2020-05-10,19.87,0.0,20.36,4.61,93.32,25.94,西北_新疆,43.82,87.61,NASA POWER API
131,131,2020-05-11,23.28,0.0,14.62,3.43,92.88,28.5,西北_新疆,43.82,87.61,NASA POWER API
132,132,2020-05-12,23.21,0.02,20.66,3.13,92.51,20.31,西北_新疆,43.82,87.61,NASA POWER API
133,133,2020-05-13,22.66,0.38,34.42,2.84,92.4,16.13,西北_新疆,43.82,87.61,NASA POWER API
134,134,2020-05-14,22.88,0.0,29.97,3.31,92.37,19.89,西北_新疆,43.82,87.61,NASA POWER API
135,135,2020-05-15,24.7,0.0,26.84,3.2,92.64,29.85,西北_新疆,43.82,87.61,NASA POWER API
136,136,2020-05-16,23.2,0.01,39.12,2.59,92.93,26.81,西北_新疆,43.82,87.61,NASA POWER API
137,137,2020-05-17,21.76,0.17,45.15,1.94,92.81,18.68,西北_新疆,43.82,87.61,NASA POWER API
138,138,2020-05-18,22.22,0.57,50.84,1.47,92.56,18.7,西北_新疆,43.82,87.61,NASA POWER API
139,139,2020-05-19,20.66,0.49,55.71,2.38,92.64,19.9,西北_新疆,43.82,87.61,NASA POWER API
140,140,2020-05-20,21.66,0.14,49.6,3.53,92.97,18.87,西北_新疆,43.82,87.61,NASA POWER API
141,141,2020-05-21,15.36,7.82,72.45,3.62,93.49,6.59,西北_新疆,43.82,87.61,NASA POWER API
142,142,2020-05-22,19.68,0.02,38.98,3.27,93.52,28.8,西北_新疆,43.82,87.61,NASA POWER API
143,143,2020-05-23,21.62,0.09,35.41,2.44,93.46,25.97,西北_新疆,43.82,87.61,NASA POWER API
144,144,2020-05-24,20.69,4.77,43.11,2.6,93.46,14.26,西北_新疆,43.82,87.61,NASA POWER API
145,145,2020-05-25,21.85,0.48,38.68,1.68,93.85,27.7,西北_新疆,43.82,87.61,NASA POWER API
146,146,2020-05-26,24.13,0.07,28.96,1.72,93.43,29.51,西北_新疆,43.82,87.61,NASA POWER API
147,147,2020-05-27,26.33,0.16,25.41,2.92,92.55,30.44,西北_新疆,43.82,87.61,NASA POWER API
148,148,2020-05-28,20.04,0.26,26.08,4.5,92.73,30.02,西北_新疆,43.82,87.61,NASA POWER API
149,149,2020-05-29,21.04,0.47,18.22,3.53,92.63,32.28,西北_新疆,43.82,87.61,NASA POWER API
150,150,2020-05-30,23.86,0.0,19.18,2.09,92.55,30.7,西北_新疆,43.82,87.61,NASA POWER API
151,151,2020-05-31,24.49,0.0,23.08,3.59,92.84,28.78,西北_新疆,43.82,87.61,NASA POWER API
152,152,2020-06-01,26.4,0.0,19.44,2.15,92.76,31.64,西北_新疆,43.82,87.61,NASA POWER API
153,153,2020-06-02,28.17,0.0,15.04,1.93,92.45,31.87,西北_新疆,43.82,87.61,NASA POWER API
154,154,2020-06-03,28.7,0.01,17.16,2.43,92.28,24.04,西北_新疆,43.82,87.61,NASA POWER API
155,155,2020-06-04,28.17,0.1,25.67,2.64,92.18,23.91,西北_新疆,43.82,87.61,NASA POWER API
156,156,2020-06-05,25.87,8.33,30.46,4.27,91.93,20.65,西北_新疆,43.82,87.61,NASA POWER API
157,157,2020-06-06,16.0,2.14,46.42,2.49,93.01,20.25,西北_新疆,43.82,87.61,NASA POWER API
158,158,2020-06-07,17.52,0.39,38.86,1.96,93.21,26.31,西北_新疆,43.82,87.61,NASA POWER API
159,159,2020-06-08,19.11,0.0,29.93,1.92,93.04,29.14,西北_新疆,43.82,87.61,NASA POWER API
160,160,2020-06-09,22.07,0.01,22.95,1.88,92.79,29.16,西北_新疆,43.82,87.61,NASA POWER API
161,161,2020-06-10,21.42,0.1,34.23,3.25,92.67,20.8,西北_新疆,43.82,87.61,NASA POWER API
162,162,2020-06-11,21.93,0.08,32.0,3.47,92.67,22.82,西北_新疆,43.82,87.61,NASA POWER API
163,163,2020-06-12,22.16,0.18,28.4,2.27,92.78,26.71,西北_新疆,43.82,87.61,NASA POWER API
164,164,2020-06-13,24.25,0.18,23.56,2.84,92.46,22.31,西北_新疆,43.82,87.61,NASA POWER API
165,165,2020-06-14,24.46,0.06,30.59,1.83,92.57,24.34,西北_新疆,43.82,87.61,NASA POWER API
166,166,2020-06-15,25.88,0.0,25.94,2.76,92.56,30.02,西北_新疆,43.82,87.61,NASA POWER API
167,167,2020-06-16,27.91,0.0,18.36,2.64,92.21,25.95,西北_新疆,43.82,87.61,NASA POWER API
168,168,2020-06-17,26.59,0.01,26.59,1.73,92.03,18.03,西北_新疆,43.82,87.61,NASA POWER API
169,169,2020-06-18,22.24,1.19,50.49,2.41,92.45,19.8,西北_新疆,43.82,87.61,NASA POWER API
170,170,2020-06-19,20.16,1.07,51.65,2.22,92.68,12.02,西北_新疆,43.82,87.61,NASA POWER API
171,171,2020-06-20,24.11,0.13,30.3,2.54,92.3,29.71,西北_新疆,43.82,87.61,NASA POWER API
172,172,2020-06-21,18.23,6.34,41.03,2.9,92.97,27.07,西北_新疆,43.82,87.61,NASA POWER API
173,173,2020-06-22,19.26,0.56,31.61,2.0,92.5,32.4,西北_新疆,43.82,87.61,NASA POWER API
174,174,2020-06-23,23.18,0.0,24.74,1.78,92.24,28.88,西北_新疆,43.82,87.61,NASA POWER API
175,175,2020-06-24,23.47,1.79,36.31,1.39,92.36,15.98,西北_新疆,43.82,87.61,NASA POWER API
176,176,2020-06-25,24.15,0.13,38.74,2.39,92.4,21.13,西北_新疆,43.82,87.61,NASA POWER API
177,177,2020-06-26,25.43,0.0,27.04,1.87,92.1,29.87,西北_新疆,43.82,87.61,NASA POWER API
178,178,2020-06-27,27.68,0.01,26.0,3.49,91.77,22.97,西北_新疆,43.82,87.61,NASA POWER API
179,179,2020-06-28,21.14,0.56,53.94,4.09,92.68,13.32,西北_新疆,43.82,87.61,NASA POWER API
180,180,2020-06-29,12.92,18.35,75.58,2.97,93.28,6.63,西北_新疆,43.82,87.61,NASA POWER API
181,181,2020-06-30,16.26,1.59,51.94,2.19,92.9,29.79,西北_新疆,43.82,87.61,NASA POWER API
182,182,2020-07-01,21.77,0.0,36.34,2.1,92.44,30.48,西北_新疆,43.82,87.61,NASA POWER API
183,183,2020-07-02,24.79,0.02,36.38,1.66,92.49,27.53,西北_新疆,43.82,87.61,NASA POWER API
184,184,2020-07-03,26.49,0.92,35.59,2.46,92.51,20.11,西北_新疆,43.82,87.61,NASA POWER API
185,185,2020-07-04,25.59,0.2,39.82,2.34,92.48,26.26,西北_新疆,43.82,87.61,NASA POWER API
186,186,2020-07-05,23.53,0.03,40.93,1.93,92.28,24.17,西北_新疆,43.82,87.61,NASA POWER API
187,187,2020-07-06,20.92,0.66,51.97,1.54,92.29,13.19,西北_新疆,43.82,87.61,NASA POWER API
188,188,2020-07-07,20.21,1.03,55.37,1.89,92.67,15.25,西北_新疆,43.82,87.61,NASA POWER API
189,189,2020-07-08,24.94,0.03,37.65,2.28,92.46,30.3,西北_新疆,43.82,87.61,NASA POWER API
190,190,2020-07-09,25.53,0.17,38.15,1.88,92.21,26.0,西北_新疆,43.82,87.61,NASA POWER API
191,191,2020-07-10,26.7,0.68,37.31,1.83,91.99,21.19,西北_新疆,43.82,87.61,NASA POWER API
192,192,2020-07-11,23.68,0.92,47.29,3.37,92.09,16.97,西北_新疆,43.82,87.61,NASA POWER API
193,193,2020-07-12,21.41,1.58,55.84,3.12,92.4,16.19,西北_新疆,43.82,87.61,NASA POWER API
194,194,2020-07-13,22.96,0.99,41.5,2.36,92.49,27.49,西北_新疆,43.82,87.61,NASA POWER API
195,195,2020-07-14,24.92,0.14,33.44,1.96,92.44,28.37,西北_新疆,43.82,87.61,NASA POWER API
196,196,2020-07-15,26.41,0.0,31.38,2.08,92.52,26.35,西北_新疆,43.82,87.61,NASA POWER API
197,197,2020-07-16,27.08,0.0,31.93,2.09,92.38,23.38,西北_新疆,43.82,87.61,NASA POWER API
198,198,2020-07-17,28.75,0.0,28.93,1.78,92.35,30.13,西北_新疆,43.82,87.61,NASA POWER API
199,199,2020-07-18,31.42,0.0,22.83,2.3,92.07,26.29,西北_新疆,43.82,87.61,NASA POWER API
200,200,2020-07-19,28.82,0.28,32.61,3.53,92.15,12.17,西北_新疆,43.82,87.61,NASA POWER API
201,201,2020-07-20,24.25,2.04,58.24,2.72,91.95,13.75,西北_新疆,43.82,87.61,NASA POWER API
202,202,2020-07-21,22.29,6.19,65.02,2.7,91.78,14.87,西北_新疆,43.82,87.61,NASA POWER API
203,203,2020-07-22,25.88,0.94,43.78,2.85,92.04,19.71,西北_新疆,43.82,87.61,NASA POWER API
204,204,2020-07-23,22.56,3.68,55.83,1.91,92.46,8.68,西北_新疆,43.82,87.61,NASA POWER API
205,205,2020-07-24,26.25,0.5,36.41,1.77,92.49,29.11,西北_新疆,43.82,87.61,NASA POWER API
206,206,2020-07-25,26.95,2.18,39.57,3.08,92.78,25.19,西北_新疆,43.82,87.61,NASA POWER API
207,207,2020-07-26,27.79,0.0,37.39,1.68,92.72,28.02,西北_新疆,43.82,87.61,NASA POWER API
208,208,2020-07-27,25.71,13.5,45.58,3.08,92.35,16.94,西北_新疆,43.82,87.61,NASA POWER API
209,209,2020-07-28,22.55,3.58,51.96,2.24,92.66,27.02,西北_新疆,43.82,87.61,NASA POWER API
210,210,2020-07-29,25.19,0.96,36.38,1.98,92.42,23.91,西北_新疆,43.82,87.61,NASA POWER API
211,211,2020-07-30,21.11,4.87,53.71,2.04,92.86,14.57,西北_新疆,43.82,87.61,NASA POWER API
212,212,2020-07-31,23.19,0.0,39.79,1.96,92.76,28.27,西北_新疆,43.82,87.61,NASA POWER API
213,213,2020-08-01,25.29,0.0,29.49,1.74,92.67,26.56,西北_新疆,43.82,87.61,NASA POWER API
214,214,2020-08-02,27.47,0.11,28.71,1.73,92.35,26.47,西北_新疆,43.82,87.61,NASA POWER API
215,215,2020-08-03,25.64,0.67,47.7,2.58,92.21,17.68,西北_新疆,43.82,87.61,NASA POWER API
216,216,2020-08-04,24.87,2.13,52.0,2.47,92.06,21.68,西北_新疆,43.82,87.61,NASA POWER API
217,217,2020-08-05,25.98,0.81,47.08,1.98,92.27,26.66,西北_新疆,43.82,87.61,NASA POWER API
218,218,2020-08-06,27.13,0.8,38.8,1.61,92.53,15.67,西北_新疆,43.82,87.61,NASA POWER API
219,219,2020-08-07,28.81,0.0,34.99,1.88,92.37,24.99,西北_新疆,43.82,87.61,NASA POWER API
220,220,2020-08-08,28.38,0.0,32.71,2.17,92.06,26.23,西北_新疆,43.82,87.61,NASA POWER API
221,221,2020-08-09,28.89,0.45,29.62,2.09,91.83,23.33,西北_新疆,43.82,87.61,NASA POWER API
222,222,2020-08-10,25.52,0.5,42.37,2.28,92.15,15.67,西北_新疆,43.82,87.61,NASA POWER API
223,223,2020-08-11,27.09,0.37,33.76,1.59,92.18,21.17,西北_新疆,43.82,87.61,NASA POWER API
224,224,2020-08-12,26.13,1.43,41.53,2.06,92.25,18.32,西北_新疆,43.82,87.61,NASA POWER API
225,225,2020-08-13,25.2,0.05,43.14,1.39,92.23,21.64,西北_新疆,43.82,87.61,NASA POWER API
226,226,2020-08-14,18.29,12.31,68.08,2.7,92.5,8.61,西北_新疆,43.82,87.61,NASA POWER API
227,227,2020-08-15,21.21,3.07,48.19,1.94,92.53,25.28,西北_新疆,43.82,87.61,NASA POWER API
228,228,2020-08-16,24.14,0.0,35.98,2.01,92.34,25.23,西北_新疆,43.82,87.61,NASA POWER API
229,229,2020-08-17,26.06,0.0,32.26,1.9,92.31,23.41,西北_新疆,43.82,87.61,NASA POWER API
230,230,2020-08-18,26.72,0.07,34.19,2.77,91.98,23.11,西北_新疆,43.82,87.61,NASA POWER API
231,231,2020-08-19,21.9,1.52,52.58,2.16,92.7,17.37,西北_新疆,43.82,87.61,NASA POWER API
232,232,2020-08-20,22.74,0.92,45.91,2.36,92.55,23.26,西北_新疆,43.82,87.61,NASA POWER API
233,233,2020-08-21,24.77,0.35,31.97,1.57,92.44,22.57,西北_新疆,43.82,87.61,NASA POWER API
234,234,2020-08-22,22.56,0.66,43.03,2.4,92.75,23.51,西北_新疆,43.82,87.61,NASA POWER API
235,235,2020-08-23,24.93,0.01,35.41,2.34,92.24,20.68,西北_新疆,43.82,87.61,NASA POWER API
236,236,2020-08-24,26.72,0.0,33.98,1.61,92.05,22.49,西北_新疆,43.82,87.61,NASA POWER API
237,237,2020-08-25,28.62,0.08,32.33,1.8,91.99,20.46,西北_新疆,43.82,87.61,NASA POWER API
238,238,2020-08-26,19.97,1.55,47.21,2.46,92.95,16.83,西北_新疆,43.82,87.61,NASA POWER API
239,239,2020-08-27,18.43,4.63,42.29,2.32,92.74,19.32,西北_新疆,43.82,87.61,NASA POWER API
240,240,2020-08-28,16.4,9.47,67.1,2.43,93.13,9.33,西北_新疆,43.82,87.61,NASA POWER API
241,241,2020-08-29,19.41,0.02,47.42,2.0,93.15,21.59,西北_新疆,43.82,87.61,NASA POWER API
242,242,2020-08-30,20.44,0.0,38.96,1.75,93.11,24.04,西北_新疆,43.82,87.61,NASA POWER API
243,243,2020-08-31,22.12,0.0,33.93,1.91,93.1,23.48,西北_新疆,43.82,87.61,NASA POWER API
244,244,2020-09-01,24.96,0.0,32.39,1.56,92.95,20.26,西北_新疆,43.82,87.61,NASA POWER API
245,245,2020-09-02,24.82,0.0,34.59,1.48,93.02,16.07,西北_新疆,43.82,87.61,NASA POWER API
246,246,2020-09-03,26.16,0.01,30.6,2.1,92.6,21.88,西北_新疆,43.82,87.61,NASA POWER API
247,247,2020-09-04,21.42,0.48,49.46,2.68,93.0,10.95,西北_新疆,43.82,87.61,NASA POWER API
248,248,2020-09-05,21.2,0.26,44.71,2.58,92.92,18.52,西北_新疆,43.82,87.61,NASA POWER API
249,249,2020-09-06,24.25,0.18,35.9,2.97,92.37,21.36,西北_新疆,43.82,87.61,NASA POWER API
250,250,2020-09-07,16.68,5.19,66.6,2.33,93.13,8.73,西北_新疆,43.82,87.61,NASA POWER API
251,251,2020-09-08,16.47,0.34,56.22,2.09,93.4,21.94,西北_新疆,43.82,87.61,NASA POWER API
252,252,2020-09-09,18.57,1.03,41.66,1.62,93.03,20.36,西北_新疆,43.82,87.61,NASA POWER API
253,253,2020-09-10,17.09,0.04,43.91,2.12,93.1,14.98,西北_新疆,43.82,87.61,NASA POWER API
254,254,2020-09-11,14.19,0.0,43.06,1.66,93.59,21.81,西北_新疆,43.82,87.61,NASA POWER API
255,255,2020-09-12,15.46,0.0,27.4,1.82,93.52,22.22,西北_新疆,43.82,87.61,NASA POWER API
256,256,2020-09-13,14.12,0.13,36.77,2.29,93.54,11.6,西北_新疆,43.82,87.61,NASA POWER API
257,257,2020-09-14,16.63,0.0,36.86,1.87,93.29,21.71,西北_新疆,43.82,87.61,NASA POWER API
258,258,2020-09-15,18.69,0.67,33.27,2.05,92.91,18.53,西北_新疆,43.82,87.61,NASA POWER API
259,259,2020-09-16,19.32,0.05,35.89,1.67,92.99,21.11,西北_新疆,43.82,87.61,NASA POWER API
260,260,2020-09-17,22.16,0.51,27.78,3.04,92.46,20.96,西北_新疆,43.82,87.61,NASA POWER API
261,261,2020-09-18,16.26,0.2,44.32,4.35,93.25,14.1,西北_新疆,43.82,87.61,NASA POWER API
262,262,2020-09-19,14.06,0.01,43.7,2.07,93.94,16.46,西北_新疆,43.82,87.61,NASA POWER API
263,263,2020-09-20,15.13,0.16,40.86,1.87,93.49,12.67,西北_新疆,43.82,87.61,NASA POWER API
264,264,2020-09-21,16.41,0.42,46.9,1.68,93.23,14.41,西北_新疆,43.82,87.61,NASA POWER API
265,265,2020-09-22,19.0,0.03,34.64,1.85,93.11,19.53,西北_新疆,43.82,87.61,NASA POWER API
266,266,2020-09-23,18.2,0.0,34.54,2.53,92.96,17.86,西北_新疆,43.82,87.61,NASA POWER API
267,267,2020-09-24,19.79,0.0,34.28,2.56,92.58,18.27,西北_新疆,43.82,87.61,NASA POWER API
268,268,2020-09-25,12.31,0.03,46.29,2.34,93.23,14.62,西北_新疆,43.82,87.61,NASA POWER API
269,269,2020-09-26,10.23,0.05,43.96,2.3,93.36,9.95,西北_新疆,43.82,87.61,NASA POWER API
270,270,2020-09-27,10.05,0.0,40.42,1.72,93.5,15.3,西北_新疆,43.82,87.61,NASA POWER API
271,271,2020-09-28,10.94,0.0,36.86,1.64,93.51,15.64,西北_新疆,43.82,87.61,NASA POWER API
272,272,2020-09-29,9.5,0.12,42.06,2.23,93.77,8.28,西北_新疆,43.82,87.61,NASA POWER API
273,273,2020-09-30,9.25,0.0,39.73,1.94,93.75,18.38,西北_新疆,43.82,87.61,NASA POWER API
274,274,2020-10-01,8.31,0.01,36.23,1.5,93.78,17.5,西北_新疆,43.82,87.61,NASA POWER API
275,275,2020-10-02,9.79,0.0,32.43,1.79,93.77,18.13,西北_新疆,43.82,87.61,NASA POWER API
276,276,2020-10-03,10.85,0.0,29.83,1.36,93.67,12.29,西北_新疆,43.82,87.61,NASA POWER API
277,277,2020-10-04,12.56,0.0,32.86,1.56,93.6,16.07,西北_新疆,43.82,87.61,NASA POWER API
278,278,2020-10-05,12.59,0.0,30.79,1.6,93.58,16.11,西北_新疆,43.82,87.61,NASA POWER API
279,279,2020-10-06,14.61,12.04,38.11,4.6,93.02,15.93,西北_新疆,43.82,87.61,NASA POWER API
280,280,2020-10-07,3.97,19.31,68.46,1.77,94.17,15.9,西北_新疆,43.82,87.61,NASA POWER API
281,281,2020-10-08,6.33,2.57,45.79,1.44,93.89,15.91,西北_新疆,43.82,87.61,NASA POWER API
282,282,2020-10-09,5.93,0.27,55.32,1.43,94.18,13.8,西北_新疆,43.82,87.61,NASA POWER API
283,283,2020-10-10,5.64,0.28,61.28,1.44,94.53,10.48,西北_新疆,43.82,87.61,NASA POWER API
284,284,2020-10-11,6.09,0.0,53.66,1.54,94.37,16.38,西北_新疆,43.82,87.61,NASA POWER API
285,285,2020-10-12,7.77,0.07,45.06,1.7,94.09,14.95,西北_新疆,43.82,87.61,NASA POWER API
286,286,2020-10-13,8.05,0.02,53.15,1.46,94.36,13.33,西北_新疆,43.82,87.61,NASA POWER API
287,287,2020-10-14,9.01,0.0,46.47,1.54,94.22,14.94,西北_新疆,43.82,87.61,NASA POWER API
288,288,2020-10-15,9.49,0.0,39.87,1.25,94.29,14.89,西北_新疆,43.82,87.61,NASA POWER API
289,289,2020-10-16,9.93,0.0,40.6,1.63,94.02,14.51,西北_新疆,43.82,87.61,NASA POWER API
290,290,2020-10-17,10.69,0.0,37.61,1.83,93.8,14.14,西北_新疆,43.82,87.61,NASA POWER API
291,291,2020-10-18,10.18,0.0,38.3,1.8,93.67,10.93,西北_新疆,43.82,87.61,NASA POWER API
292,292,2020-10-19,11.12,0.0,38.74,2.33,94.15,13.84,西北_新疆,43.82,87.61,NASA POWER API
293,293,2020-10-20,12.17,0.0,35.04,1.59,93.75,14.22,西北_新疆,43.82,87.61,NASA POWER API
294,294,2020-10-21,12.67,0.0,32.22,1.39,93.18,14.1,西北_新疆,43.82,87.61,NASA POWER API
295,295,2020-10-22,11.71,0.0,34.66,1.41,93.06,13.77,西北_新疆,43.82,87.61,NASA POWER API
296,296,2020-10-23,9.35,0.0,39.84,1.55,93.08,13.4,西北_新疆,43.82,87.61,NASA POWER API
297,297,2020-10-24,4.68,0.78,71.26,1.71,93.99,5.55,西北_新疆,43.82,87.61,NASA POWER API
298,298,2020-10-25,4.64,0.01,62.93,1.76,94.54,13.17,西北_新疆,43.82,87.61,NASA POWER API
299,299,2020-10-26,6.26,0.0,44.08,1.73,94.19,12.34,西北_新疆,43.82,87.61,NASA POWER API
300,300,2020-10-27,9.66,0.0,35.94,3.39,93.38,11.71,西北_新疆,43.82,87.61,NASA POWER API
301,301,2020-10-28,9.1,0.0,38.41,4.65,93.2,10.33,西北_新疆,43.82,87.61,NASA POWER API
302,302,2020-10-29,3.59,1.46,58.75,1.71,94.5,6.33,西北_新疆,43.82,87.61,NASA POWER API
303,303,2020-10-30,3.04,0.02,54.63,1.41,94.96,12.4,西北_新疆,43.82,87.61,NASA POWER API
304,304,2020-10-31,4.35,0.01,46.21,1.31,94.55,11.09,西北_新疆,43.82,87.61,NASA POWER API
305,305,2020-11-01,6.43,0.0,42.35,1.43,94.14,12.0,西北_新疆,43.82,87.61,NASA POWER API
306,306,2020-11-02,5.71,0.0,46.49,1.43,93.84,10.95,西北_新疆,43.82,87.61,NASA POWER API
307,307,2020-11-03,7.05,0.0,39.49,1.41,93.78,11.01,西北_新疆,43.82,87.61,NASA POWER API
308,308,2020-11-04,4.0,0.0,49.8,1.65,93.83,10.07,西北_新疆,43.82,87.61,NASA POWER API
309,309,2020-11-05,2.47,0.0,46.13,1.83,94.54,10.33,西北_新疆,43.82,87.61,NASA POWER API
310,310,2020-11-06,6.92,0.0,33.79,1.27,94.12,10.91,西北_新疆,43.82,87.61,NASA POWER API
311,311,2020-11-07,5.68,0.0,39.67,1.26,93.92,10.3,西北_新疆,43.82,87.61,NASA POWER API
312,312,2020-11-08,7.84,0.0,34.24,1.86,93.67,10.97,西北_新疆,43.82,87.61,NASA POWER API
313,313,2020-11-09,7.71,0.0,37.74,3.33,93.52,8.31,西北_新疆,43.82,87.61,NASA POWER API
314,314,2020-11-10,4.21,0.0,60.42,1.53,94.0,10.41,西北_新疆,43.82,87.61,NASA POWER API
315,315,2020-11-11,6.63,0.0,47.69,2.04,93.59,10.26,西北_新疆,43.82,87.61,NASA POWER API
316,316,2020-11-12,7.61,0.0,40.55,1.58,93.25,8.69,西北_新疆,43.82,87.61,NASA POWER API
317,317,2020-11-13,2.56,0.02,67.35,1.54,93.84,7.4,西北_新疆,43.82,87.61,NASA POWER API
318,318,2020-11-14,0.98,0.0,78.23,1.6,93.56,7.12,西北_新疆,43.82,87.61,NASA POWER API
319,319,2020-11-15,-0.62,0.05,82.08,1.29,93.63,3.8,西北_新疆,43.82,87.61,NASA POWER API
320,320,2020-11-16,-0.12,0.0,71.88,0.97,93.67,3.19,西北_新疆,43.82,87.61,NASA POWER API
321,321,2020-11-17,-3.48,0.83,74.87,1.36,94.04,5.88,西北_新疆,43.82,87.61,NASA POWER API
322,322,2020-11-18,-4.44,1.15,60.83,2.2,93.97,5.59,西北_新疆,43.82,87.61,NASA POWER API
323,323,2020-11-19,-6.39,0.9,66.49,1.36,94.38,5.8,西北_新疆,43.82,87.61,NASA POWER API
324,324,2020-11-20,-6.81,0.05,58.67,1.1,95.14,7.79,西北_新疆,43.82,87.61,NASA POWER API
325,325,2020-11-21,-7.36,0.01,43.8,1.14,94.82,8.14,西北_新疆,43.82,87.61,NASA POWER API
326,326,2020-11-22,-4.31,0.0,46.87,1.86,93.99,7.88,西北_新疆,43.82,87.61,NASA POWER API
327,327,2020-11-23,-4.69,0.01,48.55,1.59,93.96,6.16,西北_新疆,43.82,87.61,NASA POWER API
328,328,2020-11-24,-4.98,0.02,60.02,1.34,94.22,6.33,西北_新疆,43.82,87.61,NASA POWER API
329,329,2020-11-25,-5.62,0.0,64.56,1.4,94.37,7.54,西北_新疆,43.82,87.61,NASA POWER API
330,330,2020-11-26,-3.88,0.16,52.12,1.5,94.36,6.68,西北_新疆,43.82,87.61,NASA POWER API
331,331,2020-11-27,-2.43,0.29,59.49,1.85,94.42,7.43,西北_新疆,43.82,87.61,NASA POWER API
332,332,2020-11-28,-0.64,1.99,49.28,1.69,94.18,6.98,西北_新疆,43.82,87.61,NASA POWER API
333,333,2020-11-29,-2.98,7.03,86.18,1.7,94.9,1.79,西北_新疆,43.82,87.61,NASA POWER API
334,334,2020-11-30,-4.71,0.41,79.57,1.21,94.93,3.62,西北_新疆,43.82,87.61,NASA POWER API
335,335,2020-12-01,-7.23,0.29,71.99,1.43,95.15,6.11,西北_新疆,43.82,87.61,NASA POWER API
336,336,2020-12-02,-7.67,0.52,61.46,1.29,94.83,6.82,西北_新疆,43.82,87.61,NASA POWER API
337,337,2020-12-03,-7.08,0.24,58.66,1.08,94.42,7.14,西北_新疆,43.82,87.61,NASA POWER API
338,338,2020-12-04,-6.34,0.0,64.32,1.37,94.0,7.23,西北_新疆,43.82,87.61,NASA POWER API
339,339,2020-12-05,-7.02,0.07,77.11,1.1,94.2,6.46,西北_新疆,43.82,87.61,NASA POWER API
340,340,2020-12-06,-6.49,0.06,80.13,1.38,94.66,5.32,西北_新疆,43.82,87.61,NASA POWER API
341,341,2020-12-07,-7.15,0.0,75.73,1.22,94.14,6.84,西北_新疆,43.82,87.61,NASA POWER API
342,342,2020-12-08,-7.02,0.01,76.8,1.18,94.29,7.0,西北_新疆,43.82,87.61,NASA POWER API
343,343,2020-12-09,-7.36,0.0,71.23,1.35,94.23,7.5,西北_新疆,43.82,87.61,NASA POWER API
344,344,2020-12-10,-6.48,0.0,65.61,1.36,94.03,7.3,西北_新疆,43.82,87.61,NASA POWER API
345,345,2020-12-11,-7.6,0.01,69.66,1.19,94.39,7.11,西北_新疆,43.82,87.61,NASA POWER API
346,346,2020-12-12,-10.68,0.07,79.82,1.53,94.59,7.72,西北_新疆,43.82,87.61,NASA POWER API
347,347,2020-12-13,-12.28,0.13,78.54,1.07,94.64,7.6,西北_新疆,43.82,87.61,NASA POWER API
348,348,2020-12-14,-11.19,0.0,70.62,1.01,94.66,7.67,西北_新疆,43.82,87.61,NASA POWER API
349,349,2020-12-15,-10.4,0.0,64.72,0.91,94.84,7.84,西北_新疆,43.82,87.61,NASA POWER API
350,350,2020-12-16,-10.02,0.0,62.82,0.98,94.85,7.92,西北_新疆,43.82,87.61,NASA POWER API
351,351,2020-12-17,-9.73,0.0,60.22,0.91,94.88,7.64,西北_新疆,43.82,87.61,NASA POWER API
352,352,2020-12-18,-8.28,0.0,58.85,1.24,94.63,7.33,西北_新疆,43.82,87.61,NASA POWER API
353,353,2020-12-19,-6.26,0.0,51.33,2.39,94.25,6.97,西北_新疆,43.82,87.61,NASA POWER API
354,354,2020-12-20,-5.3,0.0,45.6,2.33,93.86,7.44,西北_新疆,43.82,87.61,NASA POWER API
355,355,2020-12-21,-7.91,2.63,71.01,1.63,94.35,6.25,西北_新疆,43.82,87.61,NASA POWER API
356,356,2020-12-22,-10.27,0.0,72.15,1.75,94.51,7.41,西北_新疆,43.82,87.61,NASA POWER API
357,357,2020-12-23,-8.35,0.0,53.81,1.05,94.32,7.43,西北_新疆,43.82,87.61,NASA POWER API
358,358,2020-12-24,-7.51,0.0,55.13,1.18,93.71,7.39,西北_新疆,43.82,87.61,NASA POWER API
359,359,2020-12-25,-6.68,0.0,55.57,1.22,93.55,7.05,西北_新疆,43.82,87.61,NASA POWER API
360,360,2020-12-26,-6.3,0.16,58.88,1.08,93.55,7.0,西北_新疆,43.82,87.61,NASA POWER API
361,361,2020-12-27,-7.42,1.05,79.25,1.21,94.38,5.76,西北_新疆,43.82,87.61,NASA POWER API
362,362,2020-12-28,-9.61,0.74,81.57,1.06,95.17,6.94,西北_新疆,43.82,87.61,NASA POWER API
363,363,2020-12-29,-8.66,0.0,56.6,1.29,94.78,7.18,西北_新疆,43.82,87.61,NASA POWER API
364,364,2020-12-30,-10.1,0.0,58.17,1.1,94.53,7.39,西北_新疆,43.82,87.61,NASA POWER API
365,365,2020-12-31,-9.42,0.03,61.14,1.28,94.56,7.38,西北_新疆,43.82,87.61,NASA POWER API
366,366,2021-01-01,-9.83,0.53,76.84,0.92,94.35,6.25,西北_新疆,43.82,87.61,NASA POWER API
367,367,2021-01-02,-10.85,2.91,88.14,1.2,94.69,3.93,西北_新疆,43.82,87.61,NASA POWER API
368,368,2021-01-03,-12.96,0.55,82.9,1.33,95.01,5.04,西北_新疆,43.82,87.61,NASA POWER API
369,369,2021-01-04,-14.83,0.01,76.42,1.12,95.6,6.68,西北_新疆,43.82,87.61,NASA POWER API
370,370,2021-01-05,-15.9,0.0,68.61,1.66,95.07,6.59,西北_新疆,43.82,87.61,NASA POWER API
371,371,2021-01-06,-16.77,0.0,73.86,1.09,94.87,6.34,西北_新疆,43.82,87.61,NASA POWER API
372,372,2021-01-07,-15.73,0.0,68.23,1.16,94.81,6.19,西北_新疆,43.82,87.61,NASA POWER API
373,373,2021-01-08,-15.26,0.65,85.94,1.42,94.81,6.08,西北_新疆,43.82,87.61,NASA POWER API
374,374,2021-01-09,-12.0,0.37,81.51,1.42,95.19,5.32,西北_新疆,43.82,87.61,NASA POWER API
375,375,2021-01-10,-8.78,0.0,57.98,1.92,95.1,7.42,西北_新疆,43.82,87.61,NASA POWER API
376,376,2021-01-11,-4.53,0.0,45.93,1.63,94.09,7.41,西北_新疆,43.82,87.61,NASA POWER API
377,377,2021-01-12,-0.19,0.0,37.88,1.36,93.09,7.46,西北_新疆,43.82,87.61,NASA POWER API
378,378,2021-01-13,-4.83,0.46,63.8,2.22,93.23,5.69,西北_新疆,43.82,87.61,NASA POWER API
379,379,2021-01-14,-9.61,0.12,82.01,0.97,94.4,5.93,西北_新疆,43.82,87.61,NASA POWER API
380,380,2021-01-15,-12.33,0.0,83.73,1.2,95.0,7.07,西北_新疆,43.82,87.61,NASA POWER API
381,381,2021-01-16,-7.27,0.0,52.65,4.09,94.76,7.62,西北_新疆,43.82,87.61,NASA POWER API
382,382,2021-01-17,-2.29,0.0,44.79,2.64,93.46,7.75,西北_新疆,43.82,87.61,NASA POWER API
383,383,2021-01-18,-3.12,0.0,41.7,1.05,92.99,8.36,西北_新疆,43.82,87.61,NASA POWER API
384,384,2021-01-19,-2.55,0.0,41.61,1.12,93.08,7.7,西北_新疆,43.82,87.61,NASA POWER API
385,385,2021-01-20,0.63,0.0,40.64,1.27,93.48,7.31,西北_新疆,43.82,87.61,NASA POWER API
386,386,2021-01-21,1.88,0.0,48.62,2.96,93.21,8.34,西北_新疆,43.82,87.61,NASA POWER API
387,387,2021-01-22,1.04,0.28,44.33,3.4,92.35,8.04,西北_新疆,43.82,87.61,NASA POWER API
388,388,2021-01-23,-6.91,3.05,80.53,3.22,94.21,4.4,西北_新疆,43.82,87.61,NASA POWER API
389,389,2021-01-24,-7.12,0.09,65.75,1.37,94.41,5.56,西北_新疆,43.82,87.61,NASA POWER API
390,390,2021-01-25,-8.44,1.1,71.91,1.13,94.61,8.68,西北_新疆,43.82,87.61,NASA POWER API
391,391,2021-01-26,-9.55,0.08,72.18,1.31,94.48,6.61,西北_新疆,43.82,87.61,NASA POWER API
392,392,2021-01-27,-7.51,0.0,68.13,2.05,94.65,7.92,西北_新疆,43.82,87.61,NASA POWER API
393,393,2021-01-28,-8.84,0.0,78.0,1.17,94.66,8.33,西北_新疆,43.82,87.61,NASA POWER API
394,394,2021-01-29,-6.71,0.0,70.35,1.06,94.73,8.74,西北_新疆,43.82,87.61,NASA POWER API
395,395,2021-01-30,-4.71,0.0,62.29,1.21,94.29,8.61,西北_新疆,43.82,87.61,NASA POWER API
396,396,2021-01-31,-3.77,0.0,51.24,1.53,93.67,9.46,西北_新疆,43.82,87.61,NASA POWER API
397,397,2021-02-01,-2.91,0.0,45.78,1.03,93.55,9.03,西北_新疆,43.82,87.61,NASA POWER API
398,398,2021-02-02,-0.64,0.04,43.31,1.18,94.04,7.91,西北_新疆,43.82,87.61,NASA POWER API
399,399,2021-02-03,0.04,0.06,63.43,1.16,94.34,8.58,西北_新疆,43.82,87.61,NASA POWER API
400,400,2021-02-04,2.47,0.0,46.68,1.19,93.94,9.82,西北_新疆,43.82,87.61,NASA POWER API
401,401,2021-02-05,1.78,0.0,48.85,1.13,93.57,8.85,西北_新疆,43.82,87.61,NASA POWER API
402,402,2021-02-06,0.5,0.0,49.4,1.09,93.43,8.3,西北_新疆,43.82,87.61,NASA POWER API
403,403,2021-02-07,1.67,0.0,43.84,1.02,93.66,9.06,西北_新疆,43.82,87.61,NASA POWER API
404,404,2021-02-08,4.24,0.0,39.85,3.68,93.07,9.65,西北_新疆,43.82,87.61,NASA POWER API
405,405,2021-02-09,2.47,0.0,51.09,1.73,92.86,9.65,西北_新疆,43.82,87.61,NASA POWER API
406,406,2021-02-10,-3.04,3.05,74.72,2.77,93.71,8.13,西北_新疆,43.82,87.61,NASA POWER API
407,407,2021-02-11,-2.75,0.68,59.0,1.84,93.74,10.29,西北_新疆,43.82,87.61,NASA POWER API
408,408,2021-02-12,-1.62,0.75,73.77,1.6,93.86,9.99,西北_新疆,43.82,87.61,NASA POWER API
409,409,2021-02-13,-1.43,0.06,80.12,1.8,93.88,9.35,西北_新疆,43.82,87.61,NASA POWER API
410,410,2021-02-14,-1.28,0.0,70.16,1.41,94.33,10.34,西北_新疆,43.82,87.61,NASA POWER API
411,411,2021-02-15,-1.03,0.0,59.02,1.29,94.24,10.14,西北_新疆,43.82,87.61,NASA POWER API
412,412,2021-02-16,2.03,0.0,43.82,0.93,93.93,10.9,西北_新疆,43.82,87.61,NASA POWER API
413,413,2021-02-17,4.6,0.0,37.8,1.37,93.86,12.36,西北_新疆,43.82,87.61,NASA POWER API
414,414,2021-02-18,6.66,0.0,33.98,2.28,93.64,12.67,西北_新疆,43.82,87.61,NASA POWER API
415,415,2021-02-19,8.71,0.0,29.11,4.81,92.73,13.22,西北_新疆,43.82,87.61,NASA POWER API
416,416,2021-02-20,4.14,0.1,60.65,2.09,93.48,12.61,西北_新疆,43.82,87.61,NASA POWER API
417,417,2021-02-21,1.3,0.57,82.54,1.96,93.88,10.86,西北_新疆,43.82,87.61,NASA POWER API
418,418,2021-02-22,0.17,0.26,82.9,1.86,93.87,11.77,西北_新疆,43.82,87.61,NASA POWER API
419,419,2021-02-23,1.45,0.05,73.35,1.8,93.48,9.48,西北_新疆,43.82,87.61,NASA POWER API
420,420,2021-02-24,6.6,0.0,51.37,4.41,92.81,12.53,西北_新疆,43.82,87.61,NASA POWER API
421,421,2021-02-25,0.06,7.32,63.95,4.42,93.05,9.11,西北_新疆,43.82,87.61,NASA POWER API
422,422,2021-02-26,-8.53,5.51,66.93,3.43,94.29,9.56,西北_新疆,43.82,87.61,NASA POWER API
423,423,2021-02-27,-9.09,0.0,50.96,2.2,94.19,12.63,西北_新疆,43.82,87.61,NASA POWER API
424,424,2021-02-28,-6.22,0.0,50.42,2.34,94.41,14.8,西北_新疆,43.82,87.61,NASA POWER API
425,425,2021-03-01,-0.94,0.0,48.82,1.04,93.7,12.91,西北_新疆,43.82,87.61,NASA POWER API
426,426,2021-03-02,4.22,0.0,41.38,1.74,93.25,13.6,西北_新疆,43.82,87.61,NASA POWER API
427,427,2021-03-03,2.2,0.11,55.05,2.03,93.28,13.03,西北_新疆,43.82,87.61,NASA POWER API
428,428,2021-03-04,-0.67,0.29,73.75,1.85,93.77,12.06,西北_新疆,43.82,87.61,NASA POWER API
429,429,2021-03-05,2.4,1.54,61.74,2.62,93.82,12.53,西北_新疆,43.82,87.61,NASA POWER API
430,430,2021-03-06,1.31,0.35,68.63,1.78,93.77,13.85,西北_新疆,43.82,87.61,NASA POWER API
431,431,2021-03-07,3.88,0.66,52.96,1.48,93.12,13.77,西北_新疆,43.82,87.61,NASA POWER API
432,432,2021-03-08,1.41,0.02,67.39,1.09,93.32,12.93,西北_新疆,43.82,87.61,NASA POWER API
433,433,2021-03-09,5.34,0.0,51.83,1.94,93.7,15.47,西北_新疆,43.82,87.61,NASA POWER API
434,434,2021-03-10,6.76,0.0,48.63,1.58,93.03,14.33,西北_新疆,43.82,87.61,NASA POWER API
435,435,2021-03-11,7.48,0.0,46.98,1.91,93.08,14.53,西北_新疆,43.82,87.61,NASA POWER API
436,436,2021-03-12,6.98,0.0,55.27,2.34,93.11,15.0,西北_新疆,43.82,87.61,NASA POWER API
437,437,2021-03-13,10.11,0.0,44.12,2.89,92.45,14.42,西北_新疆,43.82,87.61,NASA POWER API
438,438,2021-03-14,-0.44,0.1,52.92,2.7,93.07,9.33,西北_新疆,43.82,87.61,NASA POWER API
439,439,2021-03-15,-0.83,0.66,63.53,2.02,93.88,11.01,西北_新疆,43.82,87.61,NASA POWER API
440,440,2021-03-16,-2.45,6.21,79.98,1.86,93.99,9.83,西北_新疆,43.82,87.61,NASA POWER API
441,441,2021-03-17,-2.93,2.51,81.57,1.57,94.12,7.25,西北_新疆,43.82,87.61,NASA POWER API
442,442,2021-03-18,-3.7,1.33,72.5,1.99,94.8,12.89,西北_新疆,43.82,87.61,NASA POWER API
443,443,2021-03-19,-2.38,0.0,48.3,2.13,94.57,17.87,西北_新疆,43.82,87.61,NASA POWER API
444,444,2021-03-20,3.35,0.0,38.21,4.72,93.68,17.55,西北_新疆,43.82,87.61,NASA POWER API
445,445,2021-03-21,8.47,0.0,32.41,6.73,92.87,17.88,西北_新疆,43.82,87.61,NASA POWER API
446,446,2021-03-22,7.05,0.0,42.24,1.65,93.45,15.04,西北_新疆,43.82,87.61,NASA POWER API
447,447,2021-03-23,10.25,0.0,34.17,2.53,92.73,17.24,西北_新疆,43.82,87.61,NASA POWER API
448,448,2021-03-24,5.1,0.22,62.26,2.4,93.49,12.41,西北_新疆,43.82,87.61,NASA POWER API
449,449,2021-03-25,8.31,0.0,45.37,2.15,93.27,20.25,西北_新疆,43.82,87.61,NASA POWER API
450,450,2021-03-26,11.68,0.0,39.53,3.13,92.41,17.3,西北_新疆,43.82,87.61,NASA POWER API
451,451,2021-03-27,9.54,0.25,63.91,0.99,92.98,8.11,西北_新疆,43.82,87.61,NASA POWER API
452,452,2021-03-28,13.07,0.3,55.33,3.16,92.03,17.78,西北_新疆,43.82,87.61,NASA POWER API
453,453,2021-03-29,8.71,3.54,67.87,2.58,92.76,11.07,西北_新疆,43.82,87.61,NASA POWER API
454,454,2021-03-30,2.16,10.0,80.79,2.79,93.82,6.52,西北_新疆,43.82,87.61,NASA POWER API
455,455,2021-03-31,2.98,0.16,68.75,1.46,93.96,13.29,西北_新疆,43.82,87.61,NASA POWER API
456,456,2021-04-01,4.5,0.31,60.43,1.43,93.85,15.65,西北_新疆,43.82,87.61,NASA POWER API
457,457,2021-04-02,4.93,0.0,46.88,1.94,94.08,16.54,西北_新疆,43.82,87.61,NASA POWER API
458,458,2021-04-03,5.21,0.0,44.17,1.75,93.91,14.2,西北_新疆,43.82,87.61,NASA POWER API
459,459,2021-04-04,8.98,0.0,36.84,1.51,92.99,17.49,西北_新疆,43.82,87.61,NASA POWER API
460,460,2021-04-05,10.42,0.0,32.99,2.04,93.27,20.23,西北_新疆,43.82,87.61,NASA POWER API
461,461,2021-04-06,11.0,0.0,33.76,2.04,93.75,21.4,西北_新疆,43.82,87.61,NASA POWER API
462,462,2021-04-07,12.08,0.0,38.6,2.22,93.63,20.94,西北_新疆,43.82,87.61,NASA POWER API
463,463,2021-04-08,11.66,0.01,47.84,1.4,93.77,11.77,西北_新疆,43.82,87.61,NASA POWER API
464,464,2021-04-09,13.6,0.07,42.75,1.3,93.47,16.9,西北_新疆,43.82,87.61,NASA POWER API
465,465,2021-04-10,11.88,0.0,41.03,3.13,93.34,19.44,西北_新疆,43.82,87.61,NASA POWER API
466,466,2021-04-11,11.53,0.0,33.92,2.24,93.52,13.35,西北_新疆,43.82,87.61,NASA POWER API
467,467,2021-04-12,9.68,0.0,33.67,2.43,94.05,22.23,西北_新疆,43.82,87.61,NASA POWER API
468,468,2021-04-13,12.57,0.01,30.06,2.54,93.57,24.19,西北_新疆,43.82,87.61,NASA POWER API
469,469,2021-04-14,10.6,0.05,31.94,2.9,93.75,25.16,西北_新疆,43.82,87.61,NASA POWER API
470,470,2021-04-15,12.28,0.05,24.4,2.02,93.48,24.51,西北_新疆,43.82,87.61,NASA POWER API
471,471,2021-04-16,15.16,0.0,27.03,1.69,93.14,24.12,西北_新疆,43.82,87.61,NASA POWER API
472,472,2021-04-17,15.18,0.0,33.32,2.68,92.94,21.77,西北_新疆,43.82,87.61,NASA POWER API
473,473,2021-04-18,14.38,0.0,48.99,2.15,93.25,22.01,西北_新疆,43.82,87.61,NASA POWER API
474,474,2021-04-19,13.77,0.46,50.45,2.7,93.02,18.69,西北_新疆,43.82,87.61,NASA POWER API
475,475,2021-04-20,15.92,0.0,42.8,1.79,92.55,23.05,西北_新疆,43.82,87.61,NASA POWER API
476,476,2021-04-21,12.52,3.9,55.69,3.41,92.37,23.79,西北_新疆,43.82,87.61,NASA POWER API
477,477,2021-04-22,4.49,3.53,53.43,3.42,93.73,5.09,西北_新疆,43.82,87.61,NASA POWER API
478,478,2021-04-23,3.72,0.63,50.26,3.09,94.36,13.65,西北_新疆,43.82,87.61,NASA POWER API
479,479,2021-04-24,2.76,1.03,45.27,2.33,94.33,11.27,西北_新疆,43.82,87.61,NASA POWER API
480,480,2021-04-25,4.66,0.14,35.98,1.62,94.29,24.84,西北_新疆,43.82,87.61,NASA POWER API
481,481,2021-04-26,9.14,0.03,28.48,1.77,94.08,21.81,西北_新疆,43.82,87.61,NASA POWER API
482,482,2021-04-27,13.96,0.0,35.21,1.69,94.02,25.78,西北_新疆,43.82,87.61,NASA POWER API
483,483,2021-04-28,18.82,0.0,30.6,2.15,93.4,24.86,西北_新疆,43.82,87.61,NASA POWER API
484,484,2021-04-29,21.83,0.0,27.37,1.87,92.97,26.95,西北_新疆,43.82,87.61,NASA POWER API
485,485,2021-04-30,23.36,0.0,24.6,2.07,92.41,26.87,西北_新疆,43.82,87.61,NASA POWER API
486,486,2021-05-01,16.9,6.1,43.5,4.82,92.9,19.95,西北_新疆,43.82,87.61,NASA POWER API
487,487,2021-05-02,11.28,0.0,38.64,3.18,93.98,19.37,西北_新疆,43.82,87.61,NASA POWER API
488,488,2021-05-03,13.0,0.0,23.44,2.22,93.85,22.64,西北_新疆,43.82,87.61,NASA POWER API
489,489,2021-05-04,16.39,0.0,22.84,2.72,93.38,25.57,西北_新疆,43.82,87.61,NASA POWER API
490,490,2021-05-05,18.83,0.0,23.51,2.31,92.99,28.84,西北_新疆,43.82,87.61,NASA POWER API
491,491,2021-05-06,23.11,0.0,21.91,1.92,92.5,28.63,西北_新疆,43.82,87.61,NASA POWER API
492,492,2021-05-07,24.89,0.0,21.11,2.1,92.6,28.46,西北_新疆,43.82,87.61,NASA POWER API
493,493,2021-05-08,20.27,0.57,54.9,2.9,92.85,21.74,西北_新疆,43.82,87.61,NASA POWER API
494,494,2021-05-09,21.78,0.0,38.05,2.31,92.78,25.61,西北_新疆,43.82,87.61,NASA POWER API
495,495,2021-05-10,20.49,0.63,46.99,3.16,92.63,19.7,西北_新疆,43.82,87.61,NASA POWER API
496,496,2021-05-11,17.86,1.42,60.43,2.05,92.59,9.61,西北_新疆,43.82,87.61,NASA POWER API
497,497,2021-05-12,15.0,9.69,61.43,3.59,92.88,11.69,西北_新疆,43.82,87.61,NASA POWER API
498,498,2021-05-13,14.08,0.05,45.96,3.14,93.17,19.27,西北_新疆,43.82,87.61,NASA POWER API
499,499,2021-05-14,16.43,0.0,36.27,2.43,93.1,24.25,西北_新疆,43.82,87.61,NASA POWER API
500,500,2021-05-15,15.4,0.05,54.02,2.3,93.58,19.13,西北_新疆,43.82,87.61,NASA POWER API
501,501,2021-05-16,15.66,0.88,56.38,1.84,93.39,15.55,西北_新疆,43.82,87.61,NASA POWER API
502,502,2021-05-17,15.96,4.32,61.13,1.73,93.28,14.93,西北_新疆,43.82,87.61,NASA POWER API
503,503,2021-05-18,20.7,1.25,33.73,2.41,92.96,27.9,西北_新疆,43.82,87.61,NASA POWER API
504,504,2021-05-19,22.74,0.18,29.01,2.04,92.25,29.48,西北_新疆,43.82,87.61,NASA POWER API
505,505,2021-05-20,17.48,7.96,52.12,3.38,92.28,18.55,西北_新疆,43.82,87.61,NASA POWER API
506,506,2021-05-21,12.01,0.29,40.33,4.2,93.29,25.37,西北_新疆,43.82,87.61,NASA POWER API
507,507,2021-05-22,13.08,0.06,33.73,2.25,93.79,19.87,西北_新疆,43.82,87.61,NASA POWER API
508,508,2021-05-23,17.75,0.0,34.42,2.1,93.63,30.72,西北_新疆,43.82,87.61,NASA POWER API
509,509,2021-05-24,22.01,0.0,26.8,1.9,93.19,31.07,西北_新疆,43.82,87.61,NASA POWER API
510,510,2021-05-25,23.06,0.0,28.13,1.95,92.94,31.37,西北_新疆,43.82,87.61,NASA POWER API
511,511,2021-05-26,25.58,0.0,24.44,2.16,92.65,30.04,西北_新疆,43.82,87.61,NASA POWER API
512,512,2021-05-27,27.51,0.0,23.77,2.13,92.3,22.88,西北_新疆,43.82,87.61,NASA POWER API
513,513,2021-05-28,25.13,0.68,41.43,4.27,92.67,19.49,西北_新疆,43.82,87.61,NASA POWER API
514,514,2021-05-29,23.03,3.08,48.42,2.06,92.8,18.37,西北_新疆,43.82,87.61,NASA POWER API
515,515,2021-05-30,23.75,0.12,32.37,2.34,92.8,29.11,西北_新疆,43.82,87.61,NASA POWER API
516,516,2021-05-31,24.97,0.04,22.56,2.91,92.51,31.79,西北_新疆,43.82,87.61,NASA POWER API
517,517,2021-06-01,26.33,0.0,23.19,2.72,92.37,24.91,西北_新疆,43.82,87.61,NASA POWER API
518,518,2021-06-02,27.49,0.0,24.82,2.46,92.56,28.48,西北_新疆,43.82,87.61,NASA POWER API
519,519,2021-06-03,29.95,0.0,21.14,2.25,92.35,24.75,西北_新疆,43.82,87.61,NASA POWER API
520,520,2021-06-04,24.9,0.42,43.56,3.36,92.44,17.16,西北_新疆,43.82,87.61,NASA POWER API
521,521,2021-06-05,23.91,6.85,47.14,4.28,92.53,19.93,西北_新疆,43.82,87.61,NASA POWER API
522,522,2021-06-06,18.48,0.56,47.38,2.5,92.94,24.89,西北_新疆,43.82,87.61,NASA POWER API
523,523,2021-06-07,21.56,0.0,28.39,1.9,92.63,24.77,西北_新疆,43.82,87.61,NASA POWER API
524,524,2021-06-08,26.03,0.02,31.04,1.38,92.27,24.71,西北_新疆,43.82,87.61,NASA POWER API
525,525,2021-06-09,24.74,0.03,36.83,1.4,92.44,16.49,西北_新疆,43.82,87.61,NASA POWER API
526,526,2021-06-10,24.94,0.16,36.17,1.27,92.38,23.76,西北_新疆,43.82,87.61,NASA POWER API
527,527,2021-06-11,21.82,3.23,57.01,2.37,92.34,21.99,西北_新疆,43.82,87.61,NASA POWER API
528,528,2021-06-12,22.01,1.06,42.9,1.9,92.64,17.69,西北_新疆,43.82,87.61,NASA POWER API
529,529,2021-06-13,16.21,6.05,54.72,2.33,92.86,15.63,西北_新疆,43.82,87.61,NASA POWER API
530,530,2021-06-14,16.29,9.65,51.01,2.45,92.99,19.09,西北_新疆,43.82,87.61,NASA POWER API
531,531,2021-06-15,19.33,0.0,34.11,2.42,92.92,32.1,西北_新疆,43.82,87.61,NASA POWER API
532,532,2021-06-16,22.87,0.0,27.7,1.94,92.83,29.92,西北_新疆,43.82,87.61,NASA POWER API
533,533,2021-06-17,24.61,0.0,30.84,1.59,92.63,22.91,西北_新疆,43.82,87.61,NASA POWER API
534,534,2021-06-18,26.61,0.0,29.65,2.02,92.36,27.12,西北_新疆,43.82,87.61,NASA POWER API
535,535,2021-06-19,24.55,0.03,42.16,2.57,92.17,13.68,西北_新疆,43.82,87.61,NASA POWER API
536,536,2021-06-20,23.07,3.96,48.98,3.94,92.44,19.59,西北_新疆,43.82,87.61,NASA POWER API
537,537,2021-06-21,20.34,0.52,42.07,2.48,92.84,27.87,西北_新疆,43.82,87.61,NASA POWER API
538,538,2021-06-22,21.38,3.41,47.53,4.54,92.54,15.35,西北_新疆,43.82,87.61,NASA POWER API
539,539,2021-06-23,18.6,0.05,49.55,1.93,93.03,22.16,西北_新疆,43.82,87.61,NASA POWER API
540,540,2021-06-24,23.79,0.01,33.13,1.87,92.39,31.01,西北_新疆,43.82,87.61,NASA POWER API
541,541,2021-06-25,18.57,0.69,52.16,3.12,92.5,16.12,西北_新疆,43.82,87.61,NASA POWER API
542,542,2021-06-26,15.13,1.61,60.26,1.82,92.75,18.11,西北_新疆,43.82,87.61,NASA POWER API
543,543,2021-06-27,18.38,0.2,48.47,2.26,92.99,18.85,西北_新疆,43.82,87.61,NASA POWER API
544,544,2021-06-28,21.54,0.0,32.06,1.75,93.03,32.08,西北_新疆,43.82,87.61,NASA POWER API
545,545,2021-06-29,24.15,0.0,25.09,2.05,92.7,30.28,西北_新疆,43.82,87.61,NASA POWER API
546,546,2021-06-30,26.16,0.0,29.14,2.67,92.44,21.85,西北_新疆,43.82,87.61,NASA POWER API
547,547,2021-07-01,26.51,0.05,29.24,2.74,92.38,30.62,西北_新疆,43.82,87.61,NASA POWER API
548,548,2021-07-02,28.11,0.62,30.69,2.71,91.97,30.43,西北_新疆,43.82,87.61,NASA POWER API
549,549,2021-07-03,28.69,0.0,26.86,3.22,91.97,30.03,西北_新疆,43.82,87.61,NASA POWER API
550,550,2021-07-04,30.18,0.0,23.79,2.13,92.1,29.2,西北_新疆,43.82,87.61,NASA POWER API
551,551,2021-07-05,32.51,0.01,22.76,1.53,92.05,23.46,西北_新疆,43.82,87.61,NASA POWER API
552,552,2021-07-06,32.81,0.01,24.59,2.25,91.97,19.39,西北_新疆,43.82,87.61,NASA POWER API
553,553,2021-07-07,28.36,1.77,47.76,2.94,92.43,19.67,西北_新疆,43.82,87.61,NASA POWER API
554,554,2021-07-08,27.63,0.28,50.99,2.54,92.6,13.44,西北_新疆,43.82,87.61,NASA POWER API
555,555,2021-07-09,31.05,0.02,33.06,1.45,92.19,22.76,西北_新疆,43.82,87.61,NASA POWER API
556,556,2021-07-10,32.25,1.51,26.5,2.09,91.93,27.93,西北_新疆,43.82,87.61,NASA POWER API
557,557,2021-07-11,27.93,0.44,39.48,2.22,92.02,22.17,西北_新疆,43.82,87.61,NASA POWER API
558,558,2021-07-12,24.89,0.9,44.87,2.42,92.33,22.17,西北_新疆,43.82,87.61,NASA POWER API
559,559,2021-07-13,27.48,0.17,33.53,2.32,92.1,23.37,西北_新疆,43.82,87.61,NASA POWER API
560,560,2021-07-14,24.48,0.66,45.77,1.48,92.31,8.54,西北_新疆,43.82,87.61,NASA POWER API
561,561,2021-07-15,27.32,0.0,33.31,2.06,92.43,28.46,西北_新疆,43.82,87.61,NASA POWER API
562,562,2021-07-16,30.8,0.06,28.47,2.7,92.41,24.99,西北_新疆,43.82,87.61,NASA POWER API
563,563,2021-07-17,22.3,1.32,54.05,2.31,93.13,11.03,西北_新疆,43.82,87.61,NASA POWER API
564,564,2021-07-18,25.3,0.02,36.05,1.7,92.76,21.31,西北_新疆,43.82,87.61,NASA POWER API
565,565,2021-07-19,26.96,0.03,29.04,1.82,92.35,21.73,西北_新疆,43.82,87.61,NASA POWER API
566,566,2021-07-20,29.13,0.06,24.14,2.05,92.04,24.44,西北_新疆,43.82,87.61,NASA POWER API
567,567,2021-07-21,31.79,0.0,19.12,2.63,91.78,25.05,西北_新疆,43.82,87.61,NASA POWER API
568,568,2021-07-22,31.0,0.0,20.57,2.83,91.75,18.69,西北_新疆,43.82,87.61,NASA POWER API
569,569,2021-07-23,28.98,0.01,28.67,2.07,92.02,18.79,西北_新疆,43.82,87.61,NASA POWER API
570,570,2021-07-24,31.59,0.0,24.51,2.02,92.2,28.7,西北_新疆,43.82,87.61,NASA POWER API
571,571,2021-07-25,31.44,0.0,22.11,2.62,92.29,28.83,西北_新疆,43.82,87.61,NASA POWER API
572,572,2021-07-26,31.06,0.0,20.97,2.82,92.22,27.5,西北_新疆,43.82,87.61,NASA POWER API
573,573,2021-07-27,32.59,0.0,18.85,2.27,91.86,25.3,西北_新疆,43.82,87.61,NASA POWER API
574,574,2021-07-28,29.94,0.0,27.83,2.85,91.96,24.83,西北_新疆,43.82,87.61,NASA POWER API
575,575,2021-07-29,29.84,0.09,25.27,2.24,91.96,26.09,西北_新疆,43.82,87.61,NASA POWER API
576,576,2021-07-30,25.38,1.21,41.52,2.86,92.26,18.92,西北_新疆,43.82,87.61,NASA POWER API
577,577,2021-07-31,19.64,10.86,63.61,1.95,92.94,4.48,西北_新疆,43.82,87.61,NASA POWER API
578,578,2021-08-01,22.52,0.16,38.39,2.69,92.69,29.06,西北_新疆,43.82,87.61,NASA POWER API
579,579,2021-08-02,25.26,0.01,25.74,1.76,92.51,29.28,西北_新疆,43.82,87.61,NASA POWER API
580,580,2021-08-03,26.95,0.0,25.88,1.58,92.45,24.88,西北_新疆,43.82,87.61,NASA POWER API
581,581,2021-08-04,28.5,0.25,31.16,1.99,92.35,20.89,西北_新疆,43.82,87.61,NASA POWER API
582,582,2021-08-05,27.12,0.51,36.19,2.82,92.24,19.05,西北_新疆,43.82,87.61,NASA POWER API
583,583,2021-08-06,26.38,0.04,37.48,1.82,92.38,23.61,西北_新疆,43.82,87.61,NASA POWER API
584,584,2021-08-07,26.83,0.0,30.41,2.29,92.49,24.87,西北_新疆,43.82,87.61,NASA POWER API
585,585,2021-08-08,26.01,0.1,30.63,1.6,92.61,17.72,西北_新疆,43.82,87.61,NASA POWER API
586,586,2021-08-09,28.45,0.0,26.37,1.71,92.34,26.17,西北_新疆,43.82,87.61,NASA POWER API
587,587,2021-08-10,23.04,1.11,43.42,2.76,92.6,13.86,西北_新疆,43.82,87.61,NASA POWER API
588,588,2021-08-11,25.82,0.05,34.37,1.99,92.61,25.93,西北_新疆,43.82,87.61,NASA POWER API
589,589,2021-08-12,29.92,0.05,23.35,2.07,92.23,26.11,西北_新疆,43.82,87.61,NASA POWER API
590,590,2021-08-13,27.04,0.36,31.09,2.96,92.18,18.62,西北_新疆,43.82,87.61,NASA POWER API
591,591,2021-08-14,25.55,5.26,40.3,3.74,92.23,17.69,西北_新疆,43.82,87.61,NASA POWER API
592,592,2021-08-15,18.83,3.34,73.46,1.77,92.58,7.69,西北_新疆,43.82,87.61,NASA POWER API
593,593,2021-08-16,21.36,1.4,54.12,1.51,92.84,12.27,西北_新疆,43.82,87.61,NASA POWER API
594,594,2021-08-17,18.72,18.06,72.97,2.43,93.03,10.04,西北_新疆,43.82,87.61,NASA POWER API
595,595,2021-08-18,19.63,0.61,57.55,1.52,93.0,24.74,西北_新疆,43.82,87.61,NASA POWER API
596,596,2021-08-19,23.06,0.0,41.03,1.93,92.74,26.14,西北_新疆,43.82,87.61,NASA POWER API
597,597,2021-08-20,24.53,0.0,37.81,1.77,92.73,24.05,西北_新疆,43.82,87.61,NASA POWER API
598,598,2021-08-21,22.33,0.0,40.28,2.16,92.95,24.1,西北_新疆,43.82,87.61,NASA POWER API
599,599,2021-08-22,22.49,0.02,32.22,2.6,92.93,25.81,西北_新疆,43.82,87.61,NASA POWER API
600,600,2021-08-23,23.13,0.03,26.85,1.75,92.94,26.13,西北_新疆,43.82,87.61,NASA POWER API
601,601,2021-08-24,24.38,0.0,26.03,1.85,92.79,24.19,西北_新疆,43.82,87.61,NASA POWER API
602,602,2021-08-25,25.02,0.0,26.59,1.48,92.81,25.03,西北_新疆,43.82,87.61,NASA POWER API
603,603,2021-08-26,24.5,0.13,34.0,1.47,92.47,14.95,西北_新疆,43.82,87.61,NASA POWER API
604,604,2021-08-27,24.38,0.01,37.23,1.42,92.35,16.44,西北_新疆,43.82,87.61,NASA POWER API
605,605,2021-08-28,26.05,0.04,31.69,1.79,92.36,21.08,西北_新疆,43.82,87.61,NASA POWER API
606,606,2021-08-29,22.14,0.74,50.16,1.47,92.59,19.54,西北_新疆,43.82,87.61,NASA POWER API
607,607,2021-08-30,24.0,0.37,41.86,2.15,92.57,14.14,西北_新疆,43.82,87.61,NASA POWER API
608,608,2021-08-31,25.26,0.0,33.5,1.71,92.57,22.61,西北_新疆,43.82,87.61,NASA POWER API
609,609,2021-09-01,24.24,3.39,40.08,2.24,92.74,16.3,西北_新疆,43.82,87.61,NASA POWER API
610,610,2021-09-02,17.55,7.99,73.1,1.91,93.03,11.94,西北_新疆,43.82,87.61,NASA POWER API
611,611,2021-09-03,20.78,0.0,46.02,1.89,92.88,22.63,西北_新疆,43.82,87.61,NASA POWER API
612,612,2021-09-04,21.96,0.0,38.67,1.46,93.06,22.46,西北_新疆,43.82,87.61,NASA POWER API
613,613,2021-09-05,23.12,0.0,34.61,1.49,93.32,23.67,西北_新疆,43.82,87.61,NASA POWER API
614,614,2021-09-06,25.48,0.0,27.76,2.05,93.01,23.59,西北_新疆,43.82,87.61,NASA POWER API
615,615,2021-09-07,25.59,0.0,27.43,1.73,92.93,22.9,西北_新疆,43.82,87.61,NASA POWER API
616,616,2021-09-08,26.75,0.0,25.58,1.78,92.69,22.78,西北_新疆,43.82,87.61,NASA POWER API
617,617,2021-09-09,26.7,0.01,25.72,2.12,92.44,20.72,西北_新疆,43.82,87.61,NASA POWER API
618,618,2021-09-10,20.6,1.04,49.47,2.75,92.78,15.82,西北_新疆,43.82,87.61,NASA POWER API
619,619,2021-09-11,17.74,0.76,53.94,1.66,93.13,19.0,西北_新疆,43.82,87.61,NASA POWER API
620,620,2021-09-12,19.59,0.02,29.31,1.56,92.79,19.8,西北_新疆,43.82,87.61,NASA POWER API
621,621,2021-09-13,20.74,0.14,33.19,1.78,93.04,20.49,西北_新疆,43.82,87.61,NASA POWER API
622,622,2021-09-14,21.28,0.0,29.97,1.79,93.22,21.03,西北_新疆,43.82,87.61,NASA POWER API
623,623,2021-09-15,22.74,0.0,29.25,1.46,93.1,19.97,西北_新疆,43.82,87.61,NASA POWER API
624,624,2021-09-16,23.22,0.0,28.99,2.11,92.71,18.43,西北_新疆,43.82,87.61,NASA POWER API
625,625,2021-09-17,21.94,0.0,31.6,1.9,92.81,15.31,西北_新疆,43.82,87.61,NASA POWER API
626,626,2021-09-18,24.03,0.0,23.06,1.83,92.59,19.88,西北_新疆,43.82,87.61,NASA POWER API
627,627,2021-09-19,25.99,0.0,22.09,2.1,92.5,18.35,西北_新疆,43.82,87.61,NASA POWER API
628,628,2021-09-20,21.32,0.0,25.69,2.7,92.76,17.52,西北_新疆,43.82,87.61,NASA POWER API
629,629,2021-09-21,15.88,0.0,21.01,2.02,92.94,18.57,西北_新疆,43.82,87.61,NASA POWER API
630,630,2021-09-22,15.45,0.0,22.17,1.69,93.03,16.04,西北_新疆,43.82,87.61,NASA POWER API
631,631,2021-09-23,15.3,0.0,23.27,1.71,93.0,13.87,西北_新疆,43.82,87.61,NASA POWER API
632,632,2021-09-24,13.5,1.29,40.59,2.36,93.17,11.6,西北_新疆,43.82,87.61,NASA POWER API
633,633,2021-09-25,11.56,0.01,42.41,1.88,93.79,19.21,西北_新疆,43.82,87.61,NASA POWER API
634,634,2021-09-26,15.68,0.0,27.74,2.14,93.04,18.62,西北_新疆,43.82,87.61,NASA POWER API
635,635,2021-09-27,17.49,0.0,20.88,1.5,92.7,17.54,西北_新疆,43.82,87.61,NASA POWER API
636,636,2021-09-28,16.42,0.0,27.02,2.22,93.09,18.02,西北_新疆,43.82,87.61,NASA POWER API
637,637,2021-09-29,18.42,0.0,26.0,1.92,92.81,15.97,西北_新疆,43.82,87.61,NASA POWER API
638,638,2021-09-30,17.05,0.0,30.36,1.81,92.97,15.67,西北_新疆,43.82,87.61,NASA POWER API
639,639,2021-10-01,12.46,0.62,50.94,3.56,92.91,10.41,西北_新疆,43.82,87.61,NASA POWER API
640,640,2021-10-02,4.6,4.62,79.91,1.58,93.68,4.85,西北_新疆,43.82,87.61,NASA POWER API
641,641,2021-10-03,5.93,0.16,55.22,1.79,94.14,15.14,西北_新疆,43.82,87.61,NASA POWER API
642,642,2021-10-04,8.26,0.03,39.53,2.38,93.66,9.27,西北_新疆,43.82,87.61,NASA POWER API
643,643,2021-10-05,11.76,0.0,42.16,2.0,93.26,16.74,西北_新疆,43.82,87.61,NASA POWER API
644,644,2021-10-06,7.98,1.88,53.79,3.44,93.54,9.37,西北_新疆,43.82,87.61,NASA POWER API
645,645,2021-10-07,1.45,7.33,79.54,1.62,94.27,4.64,西北_新疆,43.82,87.61,NASA POWER API
646,646,2021-10-08,2.11,3.36,64.41,2.3,94.7,14.02,西北_新疆,43.82,87.61,NASA POWER API
647,647,2021-10-09,6.35,0.99,43.44,3.02,94.16,16.08,西北_新疆,43.82,87.61,NASA POWER API
648,648,2021-10-10,8.64,0.0,42.34,1.39,93.48,14.76,西北_新疆,43.82,87.61,NASA POWER API
649,649,2021-10-11,4.56,0.18,66.46,1.36,93.78,9.82,西北_新疆,43.82,87.61,NASA POWER API
650,650,2021-10-12,6.08,2.69,70.08,1.88,94.14,12.01,西北_新疆,43.82,87.61,NASA POWER API
651,651,2021-10-13,5.18,3.95,67.9,1.65,94.9,13.29,西北_新疆,43.82,87.61,NASA POWER API
652,652,2021-10-14,7.74,0.8,40.2,1.77,94.36,15.83,西北_新疆,43.82,87.61,NASA POWER API
653,653,2021-10-15,8.73,0.0,39.58,1.59,93.92,14.4,西北_新疆,43.82,87.61,NASA POWER API
654,654,2021-10-16,10.5,0.0,37.83,2.74,93.64,13.82,西北_新疆,43.82,87.61,NASA POWER API
655,655,2021-10-17,11.13,0.0,35.17,1.7,93.61,14.37,西北_新疆,43.82,87.61,NASA POWER API
656,656,2021-10-18,10.42,0.0,37.71,1.45,93.65,14.29,西北_新疆,43.82,87.61,NASA POWER API
657,657,2021-10-19,12.36,0.0,32.47,2.08,93.41,14.13,西北_新疆,43.82,87.61,NASA POWER API
658,658,2021-10-20,13.28,0.0,36.56,2.2,93.3,10.57,西北_新疆,43.82,87.61,NASA POWER API
659,659,2021-10-21,13.12,0.0,40.33,1.54,93.26,12.82,西北_新疆,43.82,87.61,NASA POWER API
660,660,2021-10-22,10.63,0.0,42.42,3.19,93.36,12.93,西北_新疆,43.82,87.61,NASA POWER API
661,661,2021-10-23,2.48,1.63,75.55,1.95,94.79,3.96,西北_新疆,43.82,87.61,NASA POWER API
662,662,2021-10-24,3.65,0.02,53.94,1.46,94.69,12.77,西北_新疆,43.82,87.61,NASA POWER API
663,663,2021-10-25,8.13,0.04,34.42,2.13,93.78,13.59,西北_新疆,43.82,87.61,NASA POWER API
664,664,2021-10-26,8.58,0.0,40.67,2.06,93.35,12.43,西北_新疆,43.82,87.61,NASA POWER API
665,665,2021-10-27,10.48,0.0,34.68,1.55,93.69,12.47,西北_新疆,43.82,87.61,NASA POWER API
666,666,2021-10-28,11.25,0.0,38.02,1.59,93.77,11.87,西北_新疆,43.82,87.61,NASA POWER API
667,667,2021-10-29,9.27,0.0,47.53,1.77,93.98,11.44,西北_新疆,43.82,87.61,NASA POWER API
668,668,2021-10-30,7.66,0.32,74.54,1.2,94.4,7.93,西北_新疆,43.82,87.61,NASA POWER API
669,669,2021-10-31,7.86,0.08,75.33,1.1,93.95,9.24,西北_新疆,43.82,87.61,NASA POWER API
670,670,2021-11-01,5.18,0.09,71.81,1.48,94.18,8.25,西北_新疆,43.82,87.61,NASA POWER API
671,671,2021-11-02,8.64,0.0,47.74,1.28,93.52,11.34,西北_新疆,43.82,87.61,NASA POWER API
672,672,2021-11-03,6.78,0.13,46.18,3.49,92.8,9.95,西北_新疆,43.82,87.61,NASA POWER API
673,673,2021-11-04,-6.11,1.87,70.32,2.52,94.06,4.91,西北_新疆,43.82,87.61,NASA POWER API
674,674,2021-11-05,-7.66,0.32,46.44,2.81,95.43,9.93,西北_新疆,43.82,87.61,NASA POWER API
675,675,2021-11-06,-3.35,0.09,35.74,1.88,95.37,10.69,西北_新疆,43.82,87.61,NASA POWER API
676,676,2021-11-07,-3.69,0.0,44.42,1.07,94.69,8.98,西北_新疆,43.82,87.61,NASA POWER API
677,677,2021-11-08,-3.01,0.0,47.44,1.25,94.6,8.3,西北_新疆,43.82,87.61,NASA POWER API
678,678,2021-11-09,-0.32,0.0,43.28,1.28,94.59,9.34,西北_新疆,43.82,87.61,NASA POWER API
679,679,2021-11-10,0.74,0.0,40.52,1.11,94.28,9.39,西北_新疆,43.82,87.61,NASA POWER API
680,680,2021-11-11,1.03,0.0,41.92,1.21,94.09,9.32,西北_新疆,43.82,87.61,NASA POWER API
681,681,2021-11-12,3.4,0.0,36.18,0.95,94.03,8.84,西北_新疆,43.82,87.61,NASA POWER API
682,682,2021-11-13,4.97,0.0,37.87,1.27,93.78,9.0,西北_新疆,43.82,87.61,NASA POWER API
683,683,2021-11-14,4.57,0.0,37.62,1.4,93.32,8.77,西北_新疆,43.82,87.61,NASA POWER API
684,684,2021-11-15,1.73,0.19,56.96,1.87,93.5,6.9,西北_新疆,43.82,87.61,NASA POWER API
685,685,2021-11-16,3.08,0.0,52.19,3.12,93.44,8.24,西北_新疆,43.82,87.61,NASA POWER API
686,686,2021-11-17,2.28,0.01,43.43,1.61,92.79,7.51,西北_新疆,43.82,87.61,NASA POWER API
687,687,2021-11-18,-1.9,1.15,60.22,1.73,94.08,2.79,西北_新疆,43.82,87.61,NASA POWER API
688,688,2021-11-19,-3.75,1.79,61.77,1.75,94.18,3.56,西北_新疆,43.82,87.61,NASA POWER API
689,689,2021-11-20,-4.71,0.55,58.76,1.59,94.99,7.21,西北_新疆,43.82,87.61,NASA POWER API
690,690,2021-11-21,-0.48,0.0,38.06,2.83,94.03,6.91,西北_新疆,43.82,87.61,NASA POWER API
691,691,2021-11-22,0.63,0.0,35.07,1.34,93.75,7.45,西北_新疆,43.82,87.61,NASA POWER API
692,692,2021-11-23,2.88,0.0,37.61,2.16,93.82,6.48,西北_新疆,43.82,87.61,NASA POWER API
693,693,2021-11-24,3.79,0.0,39.21,1.65,93.51,7.86,西北_新疆,43.82,87.61,NASA POWER API
694,694,2021-11-25,4.3,0.0,36.5,2.77,93.38,8.28,西北_新疆,43.82,87.61,NASA POWER API
695,695,2021-11-26,2.35,2.04,53.16,4.47,93.46,6.51,西北_新疆,43.82,87.61,NASA POWER API
696,696,2021-11-27,-3.61,3.5,73.53,2.71,95.09,1.77,西北_新疆,43.82,87.61,NASA POWER API
697,697,2021-11-28,-2.2,0.0,44.74,1.83,95.18,7.85,西北_新疆,43.82,87.61,NASA POWER API
698,698,2021-11-29,-0.22,0.0,38.0,2.22,94.39,8.43,西北_新疆,43.82,87.61,NASA POWER API
699,699,2021-11-30,-1.24,0.0,44.39,1.57,94.26,8.21,西北_新疆,43.82,87.61,NASA POWER API
700,700,2021-12-01,0.06,0.0,37.7,1.37,94.27,7.32,西北_新疆,43.82,87.61,NASA POWER API
701,701,2021-12-02,-0.15,0.0,41.22,1.75,93.83,6.74,西北_新疆,43.82,87.61,NASA POWER API
702,702,2021-12-03,2.16,0.0,38.11,1.43,93.74,7.14,西北_新疆,43.82,87.61,NASA POWER API
703,703,2021-12-04,2.87,0.0,40.5,0.95,94.09,6.31,西北_新疆,43.82,87.61,NASA POWER API
704,704,2021-12-05,2.8,0.0,46.62,1.13,93.68,6.32,西北_新疆,43.82,87.61,NASA POWER API
705,705,2021-12-06,2.55,0.0,43.93,1.29,93.55,6.71,西北_新疆,43.82,87.61,NASA POWER API
706,706,2021-12-07,1.57,0.0,50.33,0.94,93.74,3.5,西北_新疆,43.82,87.61,NASA POWER API
707,707,2021-12-08,2.61,0.01,51.35,0.89,93.93,6.71,西北_新疆,43.82,87.61,NASA POWER API
708,708,2021-12-09,-2.78,3.75,74.64,2.01,94.63,3.42,西北_新疆,43.82,87.61,NASA POWER API
709,709,2021-12-10,-6.95,0.14,62.97,1.4,95.42,6.49,西北_新疆,43.82,87.61,NASA POWER API
710,710,2021-12-11,-4.72,0.0,38.41,1.98,94.67,6.26,西北_新疆,43.82,87.61,NASA POWER API
711,711,2021-12-12,-4.77,0.0,44.96,0.99,94.04,7.04,西北_新疆,43.82,87.61,NASA POWER API
712,712,2021-12-13,-1.07,0.0,41.22,1.1,93.81,6.97,西北_新疆,43.82,87.61,NASA POWER API
713,713,2021-12-14,-2.58,0.54,64.75,1.22,94.01,5.38,西北_新疆,43.82,87.61,NASA POWER API
714,714,2021-12-15,-5.36,1.25,80.5,1.3,94.63,4.52,西北_新疆,43.82,87.61,NASA POWER API
715,715,2021-12-16,-4.35,0.08,69.72,1.19,95.07,4.22,西北_新疆,43.82,87.61,NASA POWER API
716,716,2021-12-17,-2.99,0.0,58.7,1.3,94.71,6.26,西北_新疆,43.82,87.61,NASA POWER API
717,717,2021-12-18,-1.05,0.0,45.14,1.64,93.93,6.85,西北_新疆,43.82,87.61,NASA POWER API
718,718,2021-12-19,-0.02,0.0,40.88,1.88,93.28,7.13,西北_新疆,43.82,87.61,NASA POWER API
719,719,2021-12-20,-0.21,0.0,41.16,1.42,93.31,4.84,西北_新疆,43.82,87.61,NASA POWER API
720,720,2021-12-21,1.89,0.01,42.51,0.85,93.83,6.87,西北_新疆,43.82,87.61,NASA POWER API
721,721,2021-12-22,-0.19,0.0,50.11,1.47,93.32,6.48,西北_新疆,43.82,87.61,NASA POWER API
722,722,2021-12-23,-2.64,0.0,55.69,1.05,93.77,6.3,西北_新疆,43.82,87.61,NASA POWER API
723,723,2021-12-24,-2.52,0.0,41.91,1.03,94.37,6.24,西北_新疆,43.82,87.61,NASA POWER API
724,724,2021-12-25,-1.5,0.0,40.1,6.51,93.93,6.46,西北_新疆,43.82,87.61,NASA POWER API
725,725,2021-12-26,-2.69,0.0,45.14,3.53,94.01,6.28,西北_新疆,43.82,87.61,NASA POWER API
726,726,2021-12-27,-5.45,0.0,49.67,1.57,94.38,6.37,西北_新疆,43.82,87.61,NASA POWER API
727,727,2021-12-28,-5.46,0.0,50.22,1.03,94.73,6.08,西北_新疆,43.82,87.61,NASA POWER API
728,728,2021-12-29,-4.56,0.0,54.26,1.58,94.36,6.89,西北_新疆,43.82,87.61,NASA POWER API
729,729,2021-12-30,-2.86,0.0,43.48,1.85,94.07,6.78,西北_新疆,43.82,87.61,NASA POWER API
730,730,2021-12-31,-4.87,0.0,54.76,1.27,94.29,7.12,西北_新疆,43.82,87.61,NASA POWER API
731,731,2022-01-01,-3.06,0.0,45.33,1.65,93.66,6.36,西北_新疆,43.82,87.61,NASA POWER API
732,732,2022-01-02,-2.6,0.0,46.0,1.09,93.72,6.76,西北_新疆,43.82,87.61,NASA POWER API
733,733,2022-01-03,-0.24,0.0,40.21,3.16,93.3,7.01,西北_新疆,43.82,87.61,NASA POWER API
734,734,2022-01-04,-0.7,0.0,42.45,1.75,92.75,7.17,西北_新疆,43.82,87.61,NASA POWER API
735,735,2022-01-05,-2.76,0.0,52.31,0.96,93.32,6.89,西北_新疆,43.82,87.61,NASA POWER API
736,736,2022-01-06,-3.78,0.0,58.01,1.07,93.7,6.33,西北_新疆,43.82,87.61,NASA POWER API
737,737,2022-01-07,-1.73,0.0,48.43,0.86,94.01,6.89,西北_新疆,43.82,87.61,NASA POWER API
738,738,2022-01-08,-3.54,0.01,54.61,0.83,94.26,6.67,西北_新疆,43.82,87.61,NASA POWER API
739,739,2022-01-09,-2.87,0.0,61.98,1.01,94.02,7.21,西北_新疆,43.82,87.61,NASA POWER API
740,740,2022-01-10,-5.33,0.0,68.05,1.1,94.37,7.11,西北_新疆,43.82,87.61,NASA POWER API
741,741,2022-01-11,-6.65,0.0,72.91,1.31,94.48,6.96,西北_新疆,43.82,87.61,NASA POWER API
742,742,2022-01-12,-2.97,0.0,42.3,1.6,93.67,7.34,西北_新疆,43.82,87.61,NASA POWER API
743,743,2022-01-13,-1.02,0.0,42.31,1.18,93.22,7.27,西北_新疆,43.82,87.61,NASA POWER API
744,744,2022-01-14,-0.38,0.0,42.16,1.28,93.3,7.05,西北_新疆,43.82,87.61,NASA POWER API
745,745,2022-01-15,1.48,0.0,35.44,2.78,93.16,7.68,西北_新疆,43.82,87.61,NASA POWER API
746,746,2022-01-16,2.95,0.0,32.03,2.7,93.24,8.24,西北_新疆,43.82,87.61,NASA POWER API
747,747,2022-01-17,2.54,0.0,34.86,3.19,92.99,7.99,西北_新疆,43.82,87.61,NASA POWER API
748,748,2022-01-18,1.21,0.0,37.1,0.79,93.44,7.77,西北_新疆,43.82,87.61,NASA POWER API
749,749,2022-01-19,0.33,0.0,48.41,1.18,92.9,8.06,西北_新疆,43.82,87.61,NASA POWER API
750,750,2022-01-20,-2.96,0.5,68.06,1.29,93.36,6.64,西北_新疆,43.82,87.61,NASA POWER API
751,751,2022-01-21,-3.44,0.36,86.58,0.81,93.29,5.37,西北_新疆,43.82,87.61,NASA POWER API
752,752,2022-01-22,-5.27,0.11,85.19,1.01,93.55,6.63,西北_新疆,43.82,87.61,NASA POWER API
753,753,2022-01-23,-4.54,0.01,63.54,1.25,93.92,7.51,西北_新疆,43.82,87.61,NASA POWER API
754,754,2022-01-24,-7.64,0.04,74.93,1.21,93.96,6.94,西北_新疆,43.82,87.61,NASA POWER API
755,755,2022-01-25,-8.8,0.01,82.01,0.81,93.99,7.29,西北_新疆,43.82,87.61,NASA POWER API
756,756,2022-01-26,-8.14,0.0,64.86,1.19,94.17,7.5,西北_新疆,43.82,87.61,NASA POWER API
757,757,2022-01-27,-6.74,0.0,49.88,1.32,94.26,7.94,西北_新疆,43.82,87.61,NASA POWER API
758,758,2022-01-28,-6.94,0.0,54.37,1.72,93.83,8.15,西北_新疆,43.82,87.61,NASA POWER API
759,759,2022-01-29,-7.91,0.0,59.16,1.23,93.89,8.28,西北_新疆,43.82,87.61,NASA POWER API
760,760,2022-01-30,-6.87,0.0,47.14,0.94,94.12,8.72,西北_新疆,43.82,87.61,NASA POWER API
761,761,2022-01-31,-6.99,0.0,44.38,1.24,94.03,8.62,西北_新疆,43.82,87.61,NASA POWER API
762,762,2022-02-01,-5.15,0.0,40.31,1.56,94.04,8.83,西北_新疆,43.82,87.61,NASA POWER API
763,763,2022-02-02,-5.33,0.0,43.44,1.46,93.93,9.06,西北_新疆,43.82,87.61,NASA POWER API
764,764,2022-02-03,-5.95,0.0,44.02,1.28,94.41,8.95,西北_新疆,43.82,87.61,NASA POWER API
765,765,2022-02-04,-5.66,0.0,42.96,1.16,94.57,9.25,西北_新疆,43.82,87.61,NASA POWER API
766,766,2022-02-05,-3.57,0.0,35.4,2.83,93.99,10.17,西北_新疆,43.82,87.61,NASA POWER API
767,767,2022-02-06,-2.13,0.0,32.88,4.82,93.21,9.44,西北_新疆,43.82,87.61,NASA POWER API
768,768,2022-02-07,-3.4,0.0,38.07,2.04,93.82,10.72,西北_新疆,43.82,87.61,NASA POWER API
769,769,2022-02-08,-3.01,0.0,36.88,1.28,93.78,10.96,西北_新疆,43.82,87.61,NASA POWER API
770,770,2022-02-09,-3.66,0.0,43.43,1.41,93.4,9.8,西北_新疆,43.82,87.61,NASA POWER API
771,771,2022-02-10,-5.86,0.05,67.03,1.27,93.84,7.54,西北_新疆,43.82,87.61,NASA POWER API
772,772,2022-02-11,-4.08,0.02,58.86,2.03,93.89,8.36,西北_新疆,43.82,87.61,NASA POWER API
773,773,2022-02-12,-4.64,0.0,54.66,1.46,93.59,8.35,西北_新疆,43.82,87.61,NASA POWER API
774,774,2022-02-13,-3.44,0.18,55.53,1.39,93.84,10.1,西北_新疆,43.82,87.61,NASA POWER API
775,775,2022-02-14,-1.42,0.0,40.82,1.86,93.44,11.06,西北_新疆,43.82,87.61,NASA POWER API
776,776,2022-02-15,-3.39,2.09,64.81,1.27,93.73,7.69,西北_新疆,43.82,87.61,NASA POWER API
777,777,2022-02-16,-6.4,4.28,73.12,1.48,94.18,8.56,西北_新疆,43.82,87.61,NASA POWER API
778,778,2022-02-17,-8.14,1.0,67.11,1.19,94.66,10.43,西北_新疆,43.82,87.61,NASA POWER API
779,779,2022-02-18,-7.54,0.0,48.77,1.86,94.88,12.53,西北_新疆,43.82,87.61,NASA POWER API
780,780,2022-02-19,-5.04,0.0,37.41,1.2,94.44,11.85,西北_新疆,43.82,87.61,NASA POWER API
781,781,2022-02-20,-3.11,0.0,40.48,1.38,94.07,11.86,西北_新疆,43.82,87.61,NASA POWER API
782,782,2022-02-21,-1.06,0.0,38.92,1.57,93.87,11.79,西北_新疆,43.82,87.61,NASA POWER API
783,783,2022-02-22,0.45,0.0,37.66,2.48,93.43,12.38,西北_新疆,43.82,87.61,NASA POWER API
784,784,2022-02-23,0.99,0.0,35.22,1.94,93.61,13.63,西北_新疆,43.82,87.61,NASA POWER API
785,785,2022-02-24,1.06,0.0,36.97,1.37,94.05,12.88,西北_新疆,43.82,87.61,NASA POWER API
786,786,2022-02-25,1.88,0.0,35.69,1.48,94.03,14.26,西北_新疆,43.82,87.61,NASA POWER API
787,787,2022-02-26,0.84,0.0,43.47,1.51,93.89,13.23,西北_新疆,43.82,87.61,NASA POWER API
788,788,2022-02-27,-0.16,0.0,46.34,1.87,94.36,14.73,西北_新疆,43.82,87.61,NASA POWER API
789,789,2022-02-28,1.67,0.0,29.55,2.72,93.89,14.14,西北_新疆,43.82,87.61,NASA POWER API
790,790,2022-03-01,2.74,0.0,30.06,1.76,93.57,15.31,西北_新疆,43.82,87.61,NASA POWER API
791,791,2022-03-02,4.19,0.0,39.66,1.17,93.6,14.71,西北_新疆,43.82,87.61,NASA POWER API
792,792,2022-03-03,2.13,0.62,67.92,1.5,93.94,11.19,西北_新疆,43.82,87.61,NASA POWER API
793,793,2022-03-04,3.74,0.0,51.07,1.84,93.39,14.57,西北_新疆,43.82,87.61,NASA POWER API
794,794,2022-03-05,4.16,0.0,47.66,1.54,93.22,15.91,西北_新疆,43.82,87.61,NASA POWER API
795,795,2022-03-06,6.92,0.0,33.92,2.33,92.71,10.48,西北_新疆,43.82,87.61,NASA POWER API
796,796,2022-03-07,5.41,0.0,38.98,1.89,92.68,15.45,西北_新疆,43.82,87.61,NASA POWER API
797,797,2022-03-08,4.62,0.0,48.99,2.48,93.23,13.59,西北_新疆,43.82,87.61,NASA POWER API
798,798,2022-03-09,3.97,0.0,56.5,1.95,93.14,13.56,西北_新疆,43.82,87.61,NASA POWER API
799,799,2022-03-10,3.14,0.01,56.13,1.94,93.19,11.79,西北_新疆,43.82,87.61,NASA POWER API
800,800,2022-03-11,5.88,0.0,55.19,2.2,93.09,16.82,西北_新疆,43.82,87.61,NASA POWER API
801,801,2022-03-12,5.07,0.3,60.03,1.45,92.54,14.64,西北_新疆,43.82,87.61,NASA POWER API
802,802,2022-03-13,10.62,0.01,47.23,2.02,92.86,14.56,西北_新疆,43.82,87.61,NASA POWER API
803,803,2022-03-14,8.08,0.06,61.36,2.28,93.4,13.58,西北_新疆,43.82,87.61,NASA POWER API
804,804,2022-03-15,4.38,3.04,69.96,3.1,93.44,11.94,西北_新疆,43.82,87.61,NASA POWER API
805,805,2022-03-16,3.55,4.29,73.6,1.26,93.6,10.01,西北_新疆,43.82,87.61,NASA POWER API
806,806,2022-03-17,3.74,0.17,61.42,1.86,93.25,9.87,西北_新疆,43.82,87.61,NASA POWER API
807,807,2022-03-18,3.16,1.75,73.18,2.23,92.99,7.17,西北_新疆,43.82,87.61,NASA POWER API
808,808,2022-03-19,1.43,0.85,72.47,1.94,93.87,8.61,西北_新疆,43.82,87.61,NASA POWER API
809,809,2022-03-20,0.94,0.05,58.55,1.51,93.84,9.69,西北_新疆,43.82,87.61,NASA POWER API
810,810,2022-03-21,2.35,0.01,47.7,1.65,93.54,13.97,西北_新疆,43.82,87.61,NASA POWER API
811,811,2022-03-22,5.57,0.0,45.35,3.75,92.99,11.89,西北_新疆,43.82,87.61,NASA POWER API
812,812,2022-03-23,1.96,4.17,65.16,2.91,92.9,7.02,西北_新疆,43.82,87.61,NASA POWER API
813,813,2022-03-24,-0.94,0.47,64.71,1.49,93.93,16.25,西北_新疆,43.82,87.61,NASA POWER API
814,814,2022-03-25,2.33,0.0,43.6,1.8,93.94,20.08,西北_新疆,43.82,87.61,NASA POWER API
815,815,2022-03-26,7.9,0.0,36.03,2.26,93.23,19.91,西北_新疆,43.82,87.61,NASA POWER API
816,816,2022-03-27,7.29,6.62,57.62,4.32,92.62,9.67,西北_新疆,43.82,87.61,NASA POWER API
817,817,2022-03-28,4.75,1.7,71.95,2.39,93.49,14.71,西北_新疆,43.82,87.61,NASA POWER API
818,818,2022-03-29,6.38,0.0,52.26,2.41,93.57,20.42,西北_新疆,43.82,87.61,NASA POWER API
819,819,2022-03-30,2.63,6.12,63.07,2.22,95.01,13.76,西北_新疆,43.82,87.61,NASA POWER API
820,820,2022-03-31,5.85,0.0,32.31,2.25,94.97,22.45,西北_新疆,43.82,87.61,NASA POWER API
821,821,2022-04-01,10.68,0.0,31.8,4.16,94.03,21.1,西北_新疆,43.82,87.61,NASA POWER API
822,822,2022-04-02,12.48,0.0,34.76,2.61,93.57,22.04,西北_新疆,43.82,87.61,NASA POWER API
823,823,2022-04-03,13.76,0.0,32.52,2.11,93.8,21.97,西北_新疆,43.82,87.61,NASA POWER API
824,824,2022-04-04,14.67,0.0,31.23,2.03,93.71,22.55,西北_新疆,43.82,87.61,NASA POWER API
825,825,2022-04-05,17.39,0.0,28.5,2.1,93.43,21.81,西北_新疆,43.82,87.61,NASA POWER API
826,826,2022-04-06,18.43,0.0,27.75,1.98,93.37,21.09,西北_新疆,43.82,87.61,NASA POWER API
827,827,2022-04-07,19.69,0.0,27.14,2.09,92.93,22.43,西北_新疆,43.82,87.61,NASA POWER API
828,828,2022-04-08,18.78,0.01,32.9,3.07,92.64,18.33,西北_新疆,43.82,87.61,NASA POWER API
829,829,2022-04-09,13.31,0.18,55.39,2.22,93.01,16.17,西北_新疆,43.82,87.61,NASA POWER API
830,830,2022-04-10,11.39,0.06,37.27,2.19,93.34,17.95,西北_新疆,43.82,87.61,NASA POWER API
831,831,2022-04-11,11.83,0.1,33.05,2.17,93.61,19.77,西北_新疆,43.82,87.61,NASA POWER API
832,832,2022-04-12,11.44,0.02,22.77,2.14,93.29,17.75,西北_新疆,43.82,87.61,NASA POWER API
833,833,2022-04-13,11.45,0.07,22.97,1.72,93.15,19.93,西北_新疆,43.82,87.61,NASA POWER API
834,834,2022-04-14,11.84,0.08,22.54,2.91,93.1,25.04,西北_新疆,43.82,87.61,NASA POWER API
835,835,2022-04-15,5.15,0.0,26.81,3.55,94.05,26.5,西北_新疆,43.82,87.61,NASA POWER API
836,836,2022-04-16,8.9,0.0,25.19,1.97,93.79,25.72,西北_新疆,43.82,87.61,NASA POWER API
837,837,2022-04-17,14.15,0.0,17.53,4.44,93.39,25.04,西北_新疆,43.82,87.61,NASA POWER API
838,838,2022-04-18,18.4,0.0,12.99,5.35,93.12,24.54,西北_新疆,43.82,87.61,NASA POWER API
839,839,2022-04-19,22.05,0.0,17.85,4.91,92.5,21.41,西北_新疆,43.82,87.61,NASA POWER API
840,840,2022-04-20,15.04,0.0,34.66,1.99,92.83,20.24,西北_新疆,43.82,87.61,NASA POWER API
841,841,2022-04-21,15.03,0.0,31.34,2.33,92.9,19.05,西北_新疆,43.82,87.61,NASA POWER API
842,842,2022-04-22,17.62,0.0,27.5,2.06,92.79,24.28,西北_新疆,43.82,87.61,NASA POWER API
843,843,2022-04-23,16.99,0.0,33.17,2.1,92.74,24.37,西北_新疆,43.82,87.61,NASA POWER API
844,844,2022-04-24,14.98,0.49,48.18,3.08,92.67,21.89,西北_新疆,43.82,87.61,NASA POWER API
845,845,2022-04-25,12.98,7.44,57.54,2.53,92.98,19.27,西北_新疆,43.82,87.61,NASA POWER API
846,846,2022-04-26,11.6,3.96,60.27,2.33,93.39,15.1,西北_新疆,43.82,87.61,NASA POWER API
847,847,2022-04-27,13.21,0.33,48.16,2.37,93.4,22.53,西北_新疆,43.82,87.61,NASA POWER API
848,848,2022-04-28,13.25,0.06,40.4,2.61,93.93,15.15,西北_新疆,43.82,87.61,NASA POWER API
849,849,2022-04-29,14.61,0.0,29.96,1.72,94.3,25.58,西北_新疆,43.82,87.61,NASA POWER API
850,850,2022-04-30,18.42,0.0,19.76,6.53,93.72,26.38,西北_新疆,43.82,87.61,NASA POWER API
851,851,2022-05-01,20.92,0.0,19.31,7.88,92.95,27.68,西北_新疆,43.82,87.61,NASA POWER API
852,852,2022-05-02,22.65,0.0,20.3,5.44,92.42,27.01,西北_新疆,43.82,87.61,NASA POWER API
853,853,2022-05-03,27.07,0.0,20.78,3.65,91.88,26.11,西北_新疆,43.82,87.61,NASA POWER API
854,854,2022-05-04,20.9,0.17,50.88,2.69,92.42,23.03,西北_新疆,43.82,87.61,NASA POWER API
855,855,2022-05-05,22.06,0.18,50.78,2.29,92.7,18.93,西北_新疆,43.82,87.61,NASA POWER API
856,856,2022-05-06,16.12,4.34,75.04,1.91,93.22,8.17,西北_新疆,43.82,87.61,NASA POWER API
857,857,2022-05-07,20.65,0.1,42.72,2.01,93.22,26.76,西北_新疆,43.82,87.61,NASA POWER API
858,858,2022-05-08,21.07,1.59,40.12,2.25,93.21,19.39,西北_新疆,43.82,87.61,NASA POWER API
859,859,2022-05-09,17.77,0.01,36.48,2.52,93.17,26.43,西北_新疆,43.82,87.61,NASA POWER API
860,860,2022-05-10,19.1,0.0,22.2,2.0,92.82,26.33,西北_新疆,43.82,87.61,NASA POWER API
861,861,2022-05-11,19.38,0.37,40.05,3.12,92.9,15.12,西北_新疆,43.82,87.61,NASA POWER API
862,862,2022-05-12,17.67,0.68,44.9,2.46,93.21,12.13,西北_新疆,43.82,87.61,NASA POWER API
863,863,2022-05-13,19.1,0.0,30.87,2.02,93.05,18.03,西北_新疆,43.82,87.61,NASA POWER API
864,864,2022-05-14,22.68,0.0,17.48,5.35,92.83,23.71,西北_新疆,43.82,87.61,NASA POWER API
865,865,2022-05-15,24.24,0.0,21.06,2.65,92.93,22.12,西北_新疆,43.82,87.61,NASA POWER API
866,866,2022-05-16,17.89,0.28,51.8,2.14,93.13,15.1,西北_新疆,43.82,87.61,NASA POWER API
867,867,2022-05-17,19.36,0.19,42.77,1.18,92.8,20.54,西北_新疆,43.82,87.61,NASA POWER API
868,868,2022-05-18,23.45,0.02,26.63,1.73,92.71,26.34,西北_新疆,43.82,87.61,NASA POWER API
869,869,2022-05-19,25.23,0.0,22.05,2.33,92.81,26.72,西北_新疆,43.82,87.61,NASA POWER API
870,870,2022-05-20,20.96,0.21,46.83,1.73,93.13,16.98,西北_新疆,43.82,87.61,NASA POWER API
871,871,2022-05-21,24.38,0.0,28.38,2.27,92.53,30.19,西北_新疆,43.82,87.61,NASA POWER API
872,872,2022-05-22,25.94,0.0,20.47,3.36,92.07,23.44,西北_新疆,43.82,87.61,NASA POWER API
873,873,2022-05-23,22.07,0.0,40.88,3.84,92.77,17.39,西北_新疆,43.82,87.61,NASA POWER API
874,874,2022-05-24,25.99,0.0,31.28,2.09,92.47,26.43,西北_新疆,43.82,87.61,NASA POWER API
875,875,2022-05-25,29.77,0.0,21.22,2.52,92.37,17.12,西北_新疆,43.82,87.61,NASA POWER API
876,876,2022-05-26,26.36,0.16,33.09,2.37,92.56,12.94,西北_新疆,43.82,87.61,NASA POWER API
877,877,2022-05-27,26.01,3.14,37.98,4.03,92.36,15.36,西北_新疆,43.82,87.61,NASA POWER API
878,878,2022-05-28,26.79,0.07,27.78,3.37,92.28,28.87,西北_新疆,43.82,87.61,NASA POWER API
879,879,2022-05-29,25.45,0.01,29.93,4.08,92.79,29.51,西北_新疆,43.82,87.61,NASA POWER API
880,880,2022-05-30,23.62,0.0,37.9,2.37,92.93,28.94,西北_新疆,43.82,87.61,NASA POWER API
881,881,2022-05-31,22.2,2.35,49.01,2.45,92.57,19.27,西北_新疆,43.82,87.61,NASA POWER API
882,882,2022-06-01,17.57,3.37,61.99,2.99,92.76,13.25,西北_新疆,43.82,87.61,NASA POWER API
883,883,2022-06-02,16.25,4.65,61.92,2.63,93.03,15.72,西北_新疆,43.82,87.61,NASA POWER API
884,884,2022-06-03,18.2,0.03,45.33,2.09,93.11,27.0,西北_新疆,43.82,87.61,NASA POWER API
885,885,2022-06-04,20.37,1.29,40.99,2.52,92.83,18.86,西北_新疆,43.82,87.61,NASA POWER API
886,886,2022-06-05,19.93,0.13,43.88,2.06,93.03,29.8,西北_新疆,43.82,87.61,NASA POWER API
887,887,2022-06-06,20.95,0.16,33.57,2.75,92.99,30.08,西北_新疆,43.82,87.61,NASA POWER API
888,888,2022-06-07,22.61,0.08,30.2,1.96,92.85,21.0,西北_新疆,43.82,87.61,NASA POWER API
889,889,2022-06-08,23.94,0.01,26.42,2.36,92.81,31.69,西北_新疆,43.82,87.61,NASA POWER API
890,890,2022-06-09,26.28,0.0,19.1,1.97,92.46,32.19,西北_新疆,43.82,87.61,NASA POWER API
891,891,2022-06-10,28.14,0.0,17.55,2.2,92.22,18.96,西北_新疆,43.82,87.61,NASA POWER API
892,892,2022-06-11,28.85,0.0,18.42,2.37,92.29,27.51,西北_新疆,43.82,87.61,NASA POWER API
893,893,2022-06-12,31.3,0.0,17.43,2.28,92.17,27.04,西北_新疆,43.82,87.61,NASA POWER API
894,894,2022-06-13,33.28,0.0,14.67,1.82,92.01,26.96,西北_新疆,43.82,87.61,NASA POWER API
895,895,2022-06-14,29.35,0.0,28.78,4.26,92.35,25.53,西北_新疆,43.82,87.61,NASA POWER API
896,896,2022-06-15,26.45,0.83,43.63,2.63,92.43,26.59,西北_新疆,43.82,87.61,NASA POWER API
897,897,2022-06-16,21.63,10.46,60.21,3.02,92.53,11.46,西北_新疆,43.82,87.61,NASA POWER API
898,898,2022-06-17,22.72,2.32,47.04,2.27,92.54,21.4,西北_新疆,43.82,87.61,NASA POWER API
899,899,2022-06-18,24.85,0.37,33.69,2.05,92.46,29.15,西北_新疆,43.82,87.61,NASA POWER API
900,900,2022-06-19,25.18,0.35,33.28,2.54,92.34,21.62,西北_新疆,43.82,87.61,NASA POWER API
901,901,2022-06-20,25.71,0.13,34.44,2.39,92.15,19.97,西北_新疆,43.82,87.61,NASA POWER API
902,902,2022-06-21,27.49,0.0,27.33,2.02,92.08,29.36,西北_新疆,43.82,87.61,NASA POWER API
903,903,2022-06-22,29.91,0.0,21.64,2.15,92.27,29.98,西北_新疆,43.82,87.61,NASA POWER API
904,904,2022-06-23,34.18,0.0,18.08,2.1,91.9,28.09,西北_新疆,43.82,87.61,NASA POWER API
905,905,2022-06-24,29.14,0.57,28.19,3.91,92.11,13.92,西北_新疆,43.82,87.61,NASA POWER API
906,906,2022-06-25,27.25,1.67,42.3,3.79,92.38,18.71,西北_新疆,43.82,87.61,NASA POWER API
907,907,2022-06-26,29.98,0.0,24.49,2.76,92.38,30.38,西北_新疆,43.82,87.61,NASA POWER API
908,908,2022-06-27,30.32,0.05,28.63,2.08,92.21,18.61,西北_新疆,43.82,87.61,NASA POWER API
909,909,2022-06-28,30.81,1.44,30.83,2.53,92.25,20.15,西北_新疆,43.82,87.61,NASA POWER API
910,910,2022-06-29,28.72,0.12,31.63,1.9,92.35,28.48,西北_新疆,43.82,87.61,NASA POWER API
911,911,2022-06-30,32.54,0.14,19.72,2.13,91.86,30.27,西北_新疆,43.82,87.61,NASA POWER API
912,912,2022-07-01,26.02,0.47,35.38,2.61,92.19,17.22,西北_新疆,43.82,87.61,NASA POWER API
913,913,2022-07-02,25.87,0.94,38.13,2.86,92.34,22.78,西北_新疆,43.82,87.61,NASA POWER API
914,914,2022-07-03,24.22,0.45,38.68,1.87,92.29,25.42,西北_新疆,43.82,87.61,NASA POWER API
915,915,2022-07-04,27.7,0.0,23.63,2.12,92.02,27.92,西北_新疆,43.82,87.61,NASA POWER API
916,916,2022-07-05,27.43,0.28,30.37,3.53,91.94,22.64,西北_新疆,43.82,87.61,NASA POWER API
917,917,2022-07-06,21.72,1.1,51.84,1.97,92.87,13.1,西北_新疆,43.82,87.61,NASA POWER API
918,918,2022-07-07,23.59,0.0,33.57,2.08,92.81,15.92,西北_新疆,43.82,87.61,NASA POWER API
919,919,2022-07-08,26.65,0.0,27.32,2.04,92.61,22.59,西北_新疆,43.82,87.61,NASA POWER API
920,920,2022-07-09,26.05,0.34,29.61,3.06,92.25,22.07,西北_新疆,43.82,87.61,NASA POWER API
921,921,2022-07-10,24.93,0.02,35.03,2.17,92.35,24.17,西北_新疆,43.82,87.61,NASA POWER API
922,922,2022-07-11,27.12,0.02,24.15,2.14,92.31,27.53,西北_新疆,43.82,87.61,NASA POWER API
923,923,2022-07-12,25.12,0.99,34.76,1.4,92.45,15.15,西北_新疆,43.82,87.61,NASA POWER API
924,924,2022-07-13,24.6,2.59,42.61,3.5,92.54,21.85,西北_新疆,43.82,87.61,NASA POWER API
925,925,2022-07-14,25.27,1.88,29.3,2.93,92.75,24.52,西北_新疆,43.82,87.61,NASA POWER API
926,926,2022-07-15,24.73,0.27,26.04,2.09,92.85,30.6,西北_新疆,43.82,87.61,NASA POWER API
927,927,2022-07-16,25.28,0.24,31.04,1.55,92.61,17.02,西北_新疆,43.82,87.61,NASA POWER API
928,928,2022-07-17,29.33,0.47,26.68,1.62,92.36,26.18,西北_新疆,43.82,87.61,NASA POWER API
929,929,2022-07-18,30.0,0.48,24.05,3.0,92.01,24.37,西北_新疆,43.82,87.61,NASA POWER API
930,930,2022-07-19,23.94,0.41,40.91,2.26,92.41,16.64,西北_新疆,43.82,87.61,NASA POWER API
931,931,2022-07-20,23.31,0.14,31.46,3.67,92.79,21.44,西北_新疆,43.82,87.61,NASA POWER API
932,932,2022-07-21,25.85,0.0,22.65,2.0,92.62,29.82,西北_新疆,43.82,87.61,NASA POWER API
933,933,2022-07-22,30.39,0.0,18.15,2.31,92.03,29.27,西北_新疆,43.82,87.61,NASA POWER API
934,934,2022-07-23,30.97,0.01,19.65,3.06,91.78,28.17,西北_新疆,43.82,87.61,NASA POWER API
935,935,2022-07-24,30.6,0.9,24.65,2.22,91.76,21.09,西北_新疆,43.82,87.61,NASA POWER API
936,936,2022-07-25,28.62,2.21,30.51,1.62,92.29,24.21,西北_新疆,43.82,87.61,NASA POWER API
937,937,2022-07-26,28.13,0.0,24.3,2.18,92.39,28.39,西北_新疆,43.82,87.61,NASA POWER API
938,938,2022-07-27,30.37,0.0,20.39,2.19,92.17,23.84,西北_新疆,43.82,87.61,NASA POWER API
939,939,2022-07-28,30.91,0.0,18.63,2.39,92.06,26.27,西北_新疆,43.82,87.61,NASA POWER API
940,940,2022-07-29,29.81,0.28,27.11,2.18,92.14,18.36,西北_新疆,43.82,87.61,NASA POWER API
941,941,2022-07-30,28.56,0.33,32.41,3.67,92.22,18.29,西北_新疆,43.82,87.61,NASA POWER API
942,942,2022-07-31,24.49,2.4,50.36,2.35,92.19,16.98,西北_新疆,43.82,87.61,NASA POWER API
943,943,2022-08-01,25.55,0.97,47.66,2.64,92.3,23.66,西北_新疆,43.82,87.61,NASA POWER API
944,944,2022-08-02,22.52,2.1,51.62,3.51,92.44,22.56,西北_新疆,43.82,87.61,NASA POWER API
945,945,2022-08-03,27.88,0.11,33.66,2.27,92.42,27.79,西北_新疆,43.82,87.61,NASA POWER API
946,946,2022-08-04,28.64,0.08,33.74,1.78,92.5,21.79,西北_新疆,43.82,87.61,NASA POWER API
947,947,2022-08-05,28.74,0.16,33.84,1.95,92.54,24.78,西北_新疆,43.82,87.61,NASA POWER API
948,948,2022-08-06,28.74,0.87,33.21,2.34,92.38,12.88,西北_新疆,43.82,87.61,NASA POWER API
949,949,2022-08-07,28.87,0.76,37.23,1.87,92.26,23.48,西北_新疆,43.82,87.61,NASA POWER API
950,950,2022-08-08,31.35,0.24,27.1,2.24,92.08,24.2,西北_新疆,43.82,87.61,NASA POWER API
951,951,2022-08-09,28.42,0.77,38.72,1.37,92.36,21.75,西北_新疆,43.82,87.61,NASA POWER API
952,952,2022-08-10,30.9,0.22,30.6,3.29,92.26,19.67,西北_新疆,43.82,87.61,NASA POWER API
953,953,2022-08-11,27.17,1.67,45.82,1.97,92.59,10.31,西北_新疆,43.82,87.61,NASA POWER API
954,954,2022-08-12,24.73,2.53,42.27,2.09,92.67,4.63,西北_新疆,43.82,87.61,NASA POWER API
955,955,2022-08-13,24.72,0.18,42.64,2.03,92.81,24.72,西北_新疆,43.82,87.61,NASA POWER API
956,956,2022-08-14,26.48,0.0,30.83,1.92,92.81,26.61,西北_新疆,43.82,87.61,NASA POWER API
957,957,2022-08-15,29.58,0.04,23.97,2.29,92.2,25.35,西北_新疆,43.82,87.61,NASA POWER API
958,958,2022-08-16,28.13,0.01,27.17,1.85,92.1,13.99,西北_新疆,43.82,87.61,NASA POWER API
959,959,2022-08-17,23.74,0.02,21.48,2.35,92.53,14.74,西北_新疆,43.82,87.61,NASA POWER API
960,960,2022-08-18,23.7,0.0,20.89,2.06,92.52,25.78,西北_新疆,43.82,87.61,NASA POWER API
961,961,2022-08-19,23.12,0.02,24.78,1.89,92.35,22.18,西北_新疆,43.82,87.61,NASA POWER API
962,962,2022-08-20,17.53,0.08,35.19,2.96,92.9,21.0,西北_新疆,43.82,87.61,NASA POWER API
963,963,2022-08-21,18.9,0.07,35.44,2.3,93.0,22.58,西北_新疆,43.82,87.61,NASA POWER API
964,964,2022-08-22,17.43,5.99,53.77,2.89,93.35,4.75,西北_新疆,43.82,87.61,NASA POWER API
965,965,2022-08-23,17.65,0.0,39.86,2.15,93.34,20.86,西北_新疆,43.82,87.61,NASA POWER API
966,966,2022-08-24,21.68,0.0,27.35,1.81,93.13,23.8,西北_新疆,43.82,87.61,NASA POWER API
967,967,2022-08-25,22.28,0.03,27.25,1.33,92.99,7.7,西北_新疆,43.82,87.61,NASA POWER API
968,968,2022-08-26,21.37,0.25,38.84,1.85,92.99,8.42,西北_新疆,43.82,87.61,NASA POWER API
969,969,2022-08-27,21.89,0.03,31.49,2.81,93.09,20.64,西北_新疆,43.82,87.61,NASA POWER API
970,970,2022-08-28,22.33,0.01,26.53,2.1,93.09,24.3,西北_新疆,43.82,87.61,NASA POWER API
971,971,2022-08-29,23.74,0.0,25.51,1.89,93.12,23.89,西北_新疆,43.82,87.61,NASA POWER API
972,972,2022-08-30,24.07,0.3,27.34,1.34,93.18,14.28,西北_新疆,43.82,87.61,NASA POWER API
973,973,2022-08-31,23.14,0.13,31.62,1.64,93.17,18.8,西北_新疆,43.82,87.61,NASA POWER API
974,974,2022-09-01,24.05,0.08,27.63,1.63,93.15,20.54,西北_新疆,43.82,87.61,NASA POWER API
975,975,2022-09-02,24.29,0.01,21.05,2.74,93.3,21.92,西北_新疆,43.82,87.61,NASA POWER API
976,976,2022-09-03,24.7,0.0,20.47,2.41,93.31,22.57,西北_新疆,43.82,87.61,NASA POWER API
977,977,2022-09-04,25.38,0.0,19.68,1.87,93.03,23.45,西北_新疆,43.82,87.61,NASA POWER API
978,978,2022-09-05,26.42,0.0,18.74,1.85,92.65,22.56,西北_新疆,43.82,87.61,NASA POWER API
979,979,2022-09-06,28.52,0.0,17.86,2.03,92.29,20.11,西北_新疆,43.82,87.61,NASA POWER API
980,980,2022-09-07,28.96,0.0,15.84,1.87,92.74,20.36,西北_新疆,43.82,87.61,NASA POWER API
981,981,2022-09-08,30.19,0.0,13.84,2.21,92.71,22.44,西北_新疆,43.82,87.61,NASA POWER API
982,982,2022-09-09,27.88,0.0,17.56,3.64,92.82,21.03,西北_新疆,43.82,87.61,NASA POWER API
983,983,2022-09-10,23.34,0.03,31.96,2.24,92.98,17.23,西北_新疆,43.82,87.61,NASA POWER API
984,984,2022-09-11,27.7,0.0,22.16,2.09,92.3,20.72,西北_新疆,43.82,87.61,NASA POWER API
985,985,2022-09-12,16.95,2.01,61.1,3.22,93.22,6.26,西北_新疆,43.82,87.61,NASA POWER API
986,986,2022-09-13,14.77,1.42,61.53,2.34,93.62,12.59,西北_新疆,43.82,87.61,NASA POWER API
987,987,2022-09-14,17.18,0.0,42.95,2.15,93.08,20.78,西北_新疆,43.82,87.61,NASA POWER API
988,988,2022-09-15,14.14,0.1,39.55,2.54,93.36,15.78,西北_新疆,43.82,87.61,NASA POWER API
989,989,2022-09-16,15.19,0.0,24.18,2.2,92.92,20.83,西北_新疆,43.82,87.61,NASA POWER API
990,990,2022-09-17,17.26,0.0,24.11,1.91,92.93,20.72,西北_新疆,43.82,87.61,NASA POWER API
991,991,2022-09-18,18.37,0.0,22.95,1.78,93.34,19.45,西北_新疆,43.82,87.61,NASA POWER API
992,992,2022-09-19,19.48,0.0,21.85,1.7,93.47,18.03,西北_新疆,43.82,87.61,NASA POWER API
993,993,2022-09-20,21.43,0.01,24.92,1.62,93.24,16.11,西北_新疆,43.82,87.61,NASA POWER API
994,994,2022-09-21,21.53,0.0,19.85,1.76,93.21,19.94,西北_新疆,43.82,87.61,NASA POWER API
995,995,2022-09-22,23.59,0.0,19.83,1.55,93.0,18.7,西北_新疆,43.82,87.61,NASA POWER API
996,996,2022-09-23,22.29,0.0,27.4,2.58,93.02,16.17,西北_新疆,43.82,87.61,NASA POWER API
997,997,2022-09-24,22.59,0.0,26.02,1.57,92.91,18.16,西北_新疆,43.82,87.61,NASA POWER API
998,998,2022-09-25,23.05,0.0,21.2,1.81,92.73,16.99,西北_新疆,43.82,87.61,NASA POWER API
999,999,2022-09-26,23.44,0.0,22.75,1.63,92.86,17.52,西北_新疆,43.82,87.61,NASA POWER API
1000,1000,2022-09-27,22.2,0.0,26.16,2.6,92.76,15.91,西北_新疆,43.82,87.61,NASA POWER API
1001,1001,2022-09-28,14.93,1.26,52.29,2.45,92.88,10.65,西北_新疆,43.82,87.61,NASA POWER API
1002,1002,2022-09-29,15.41,0.31,43.48,2.79,92.78,12.81,西北_新疆,43.82,87.61,NASA POWER API
1003,1003,2022-09-30,6.46,2.59,71.19,2.48,93.3,5.76,西北_新疆,43.82,87.61,NASA POWER API
1004,1004,2022-10-01,3.99,0.89,48.27,1.72,93.98,8.84,西北_新疆,43.82,87.61,NASA POWER API
1005,1005,2022-10-02,3.93,0.0,29.63,1.91,94.34,17.51,西北_新疆,43.82,87.61,NASA POWER API
1006,1006,2022-10-03,8.77,0.0,27.16,1.59,93.75,17.74,西北_新疆,43.82,87.61,NASA POWER API
1007,1007,2022-10-04,9.2,0.01,31.34,1.87,93.75,11.73,西北_新疆,43.82,87.61,NASA POWER API
1008,1008,2022-10-05,11.0,0.0,36.37,1.52,94.21,14.1,西北_新疆,43.82,87.61,NASA POWER API
1009,1009,2022-10-06,12.09,0.0,32.41,1.6,94.17,17.62,西北_新疆,43.82,87.61,NASA POWER API
1010,1010,2022-10-07,12.55,0.0,31.8,1.66,93.89,16.43,西北_新疆,43.82,87.61,NASA POWER API
1011,1011,2022-10-08,14.67,0.0,25.55,2.04,93.78,16.44,西北_新疆,43.82,87.61,NASA POWER API
1012,1012,2022-10-09,16.29,0.0,26.22,2.21,93.65,15.1,西北_新疆,43.82,87.61,NASA POWER API
1013,1013,2022-10-10,11.8,0.43,39.78,3.09,93.88,14.75,西北_新疆,43.82,87.61,NASA POWER API
1014,1014,2022-10-11,8.96,0.71,48.39,2.08,94.28,5.22,西北_新疆,43.82,87.61,NASA POWER API
1015,1015,2022-10-12,10.14,0.0,28.62,1.74,93.96,14.94,西北_新疆,43.82,87.61,NASA POWER API
1016,1016,2022-10-13,12.16,0.0,23.98,2.25,93.66,15.37,西北_新疆,43.82,87.61,NASA POWER API
1017,1017,2022-10-14,13.25,0.0,22.31,1.48,93.82,15.41,西北_新疆,43.82,87.61,NASA POWER API
1018,1018,2022-10-15,15.03,0.0,19.32,1.61,93.82,15.25,西北_新疆,43.82,87.61,NASA POWER API
1019,1019,2022-10-16,16.19,0.0,19.32,1.66,93.78,13.84,西北_新疆,43.82,87.61,NASA POWER API
1020,1020,2022-10-17,16.52,0.0,19.27,1.71,93.46,13.57,西北_新疆,43.82,87.61,NASA POWER API
1021,1021,2022-10-18,12.03,0.4,39.98,2.0,93.3,10.41,西北_新疆,43.82,87.61,NASA POWER API
1022,1022,2022-10-19,7.47,7.51,83.99,1.34,93.51,5.78,西北_新疆,43.82,87.61,NASA POWER API
1023,1023,2022-10-20,7.15,0.22,73.56,1.25,94.25,9.28,西北_新疆,43.82,87.61,NASA POWER API
1024,1024,2022-10-21,10.91,0.0,42.81,2.03,94.14,14.41,西北_新疆,43.82,87.61,NASA POWER API
1025,1025,2022-10-22,12.03,0.0,37.36,1.85,93.77,12.34,西北_新疆,43.82,87.61,NASA POWER API
1026,1026,2022-10-23,13.49,0.0,34.86,2.99,93.4,11.97,西北_新疆,43.82,87.61,NASA POWER API
1027,1027,2022-10-24,6.48,0.35,64.83,2.41,94.09,5.44,西北_新疆,43.82,87.61,NASA POWER API
1028,1028,2022-10-25,4.96,0.0,48.12,1.54,93.62,7.64,西北_新疆,43.82,87.61,NASA POWER API
1029,1029,2022-10-26,7.67,0.0,44.35,1.76,93.43,11.75,西北_新疆,43.82,87.61,NASA POWER API
1030,1030,2022-10-27,7.96,0.1,53.44,1.49,93.83,9.89,西北_新疆,43.82,87.61,NASA POWER API
1031,1031,2022-10-28,3.5,2.23,78.44,1.88,94.08,5.26,西北_新疆,43.82,87.61,NASA POWER API
1032,1032,2022-10-29,2.96,0.29,67.8,1.78,94.39,11.09,西北_新疆,43.82,87.61,NASA POWER API
1033,1033,2022-10-30,7.06,0.0,42.04,2.45,93.69,10.53,西北_新疆,43.82,87.61,NASA POWER API
1034,1034,2022-10-31,4.19,0.46,55.17,1.41,93.79,6.56,西北_新疆,43.82,87.61,NASA POWER API
1035,1035,2022-11-01,5.7,0.53,68.71,1.43,93.93,8.47,西北_新疆,43.82,87.61,NASA POWER API
1036,1036,2022-11-02,7.91,0.0,44.92,1.58,93.47,11.56,西北_新疆,43.82,87.61,NASA POWER API
1037,1037,2022-11-03,6.8,0.0,44.36,1.55,93.83,11.0,西北_新疆,43.82,87.61,NASA POWER API
1038,1038,2022-11-04,9.24,0.0,38.12,1.84,93.31,10.59,西北_新疆,43.82,87.61,NASA POWER API
1039,1039,2022-11-05,8.03,0.0,39.47,1.64,93.57,9.81,西北_新疆,43.82,87.61,NASA POWER API
1040,1040,2022-11-06,8.74,0.0,41.28,1.02,93.4,8.63,西北_新疆,43.82,87.61,NASA POWER API
1041,1041,2022-11-07,7.99,0.0,43.04,1.2,93.1,7.45,西北_新疆,43.82,87.61,NASA POWER API
1042,1042,2022-11-08,8.58,0.0,42.08,1.89,92.99,8.08,西北_新疆,43.82,87.61,NASA POWER API
1043,1043,2022-11-09,0.88,15.5,83.53,3.49,94.16,5.08,西北_新疆,43.82,87.61,NASA POWER API
1044,1044,2022-11-10,-0.57,1.82,73.24,1.33,94.63,7.24,西北_新疆,43.82,87.61,NASA POWER API
1045,1045,2022-11-11,0.48,0.0,55.07,1.53,94.37,9.46,西北_新疆,43.82,87.61,NASA POWER API
1046,1046,2022-11-12,0.89,0.0,55.01,1.48,94.25,9.05,西北_新疆,43.82,87.61,NASA POWER API
1047,1047,2022-11-13,3.38,0.0,46.48,1.84,93.78,8.74,西北_新疆,43.82,87.61,NASA POWER API
1048,1048,2022-11-14,3.42,0.0,46.7,2.26,93.15,8.59,西北_新疆,43.82,87.61,NASA POWER API
1049,1049,2022-11-15,5.84,0.0,42.05,3.51,92.73,7.6,西北_新疆,43.82,87.61,NASA POWER API
1050,1050,2022-11-16,2.55,0.0,51.4,1.18,92.97,5.85,西北_新疆,43.82,87.61,NASA POWER API
1051,1051,2022-11-17,-2.43,4.88,86.26,2.76,94.07,2.03,西北_新疆,43.82,87.61,NASA POWER API
1052,1052,2022-11-18,-2.13,0.06,67.51,1.73,93.9,5.77,西北_新疆,43.82,87.61,NASA POWER API
1053,1053,2022-11-19,-1.1,0.05,58.72,1.2,93.46,5.42,西北_新疆,43.82,87.61,NASA POWER API
1054,1054,2022-11-20,2.87,0.0,52.38,1.85,93.53,6.78,西北_新疆,43.82,87.61,NASA POWER API
1055,1055,2022-11-21,2.42,1.5,65.65,1.61,93.52,5.79,西北_新疆,43.82,87.61,NASA POWER API
1056,1056,2022-11-22,3.2,0.07,54.51,1.62,93.19,5.95,西北_新疆,43.82,87.61,NASA POWER API
1057,1057,2022-11-23,0.84,3.32,72.65,1.24,93.45,4.33,西北_新疆,43.82,87.61,NASA POWER API
1058,1058,2022-11-24,-1.73,1.52,75.65,1.53,93.96,6.04,西北_新疆,43.82,87.61,NASA POWER API
1059,1059,2022-11-25,1.98,0.2,54.08,1.41,92.93,6.41,西北_新疆,43.82,87.61,NASA POWER API
1060,1060,2022-11-26,-1.91,7.23,72.82,3.89,93.05,7.04,西北_新疆,43.82,87.61,NASA POWER API
1061,1061,2022-11-27,-14.87,1.15,46.32,3.47,94.82,6.48,西北_新疆,43.82,87.61,NASA POWER API
1062,1062,2022-11-28,-15.79,0.13,45.58,1.26,95.24,6.96,西北_新疆,43.82,87.61,NASA POWER API
1063,1063,2022-11-29,-12.77,0.0,43.52,1.23,95.21,6.65,西北_新疆,43.82,87.61,NASA POWER API
1064,1064,2022-11-30,-9.66,0.0,42.22,1.65,94.7,6.97,西北_新疆,43.82,87.61,NASA POWER API
1065,1065,2022-12-01,-7.95,1.04,48.91,1.2,93.99,7.58,西北_新疆,43.82,87.61,NASA POWER API
1066,1066,2022-12-02,-6.67,0.72,65.62,1.16,94.18,4.32,西北_新疆,43.82,87.61,NASA POWER API
1067,1067,2022-12-03,-7.03,0.2,73.22,1.27,94.46,7.8,西北_新疆,43.82,87.61,NASA POWER API
1068,1068,2022-12-04,-5.44,0.07,55.06,1.58,94.05,6.69,西北_新疆,43.82,87.61,NASA POWER API
1069,1069,2022-12-05,-7.66,0.11,62.72,1.33,94.18,7.2,西北_新疆,43.82,87.61,NASA POWER API
1070,1070,2022-12-06,-9.11,0.02,60.72,1.0,94.5,5.83,西北_新疆,43.82,87.61,NASA POWER API
1071,1071,2022-12-07,-9.89,0.0,57.74,1.01,94.4,7.41,西北_新疆,43.82,87.61,NASA POWER API
1072,1072,2022-12-08,-10.75,0.0,65.81,0.96,94.32,7.02,西北_新疆,43.82,87.61,NASA POWER API
1073,1073,2022-12-09,-10.41,0.41,80.28,1.42,94.18,4.58,西北_新疆,43.82,87.61,NASA POWER API
1074,1074,2022-12-10,-11.44,4.44,88.9,1.52,94.89,4.92,西北_新疆,43.82,87.61,NASA POWER API
1075,1075,2022-12-11,-11.38,0.21,66.44,1.44,95.32,8.18,西北_新疆,43.82,87.61,NASA POWER API
1076,1076,2022-12-12,-10.67,0.07,58.78,1.12,94.77,8.32,西北_新疆,43.82,87.61,NASA POWER API
1077,1077,2022-12-13,-8.66,0.0,67.06,1.14,94.52,7.76,西北_新疆,43.82,87.61,NASA POWER API
1078,1078,2022-12-14,-7.84,2.68,71.06,0.93,94.11,6.39,西北_新疆,43.82,87.61,NASA POWER API
1079,1079,2022-12-15,-11.57,0.67,86.21,0.86,95.22,7.56,西北_新疆,43.82,87.61,NASA POWER API
1080,1080,2022-12-16,-10.2,0.0,54.21,1.93,95.21,7.98,西北_新疆,43.82,87.61,NASA POWER API
1081,1081,2022-12-17,-7.8,0.0,61.64,3.92,94.44,7.19,西北_新疆,43.82,87.61,NASA POWER API
1082,1082,2022-12-18,-6.9,0.65,63.82,1.12,94.31,6.45,西北_新疆,43.82,87.61,NASA POWER API
1083,1083,2022-12-19,-5.3,0.13,66.33,1.17,94.61,7.49,西北_新疆,43.82,87.61,NASA POWER API
1084,1084,2022-12-20,-4.18,0.03,61.28,0.75,94.07,7.36,西北_新疆,43.82,87.61,NASA POWER API
1085,1085,2022-12-21,-5.96,0.0,56.13,0.56,93.63,6.89,西北_新疆,43.82,87.61,NASA POWER API
1086,1086,2022-12-22,-6.45,0.26,67.28,1.24,94.15,6.73,西北_新疆,43.82,87.61,NASA POWER API
1087,1087,2022-12-23,-10.47,1.71,88.55,1.25,94.77,5.92,西北_新疆,43.82,87.61,NASA POWER API
1088,1088,2022-12-24,-9.93,0.3,65.84,1.29,94.98,7.92,西北_新疆,43.82,87.61,NASA POWER API
1089,1089,2022-12-25,-10.94,0.03,56.97,1.19,94.59,8.08,西北_新疆,43.82,87.61,NASA POWER API
1090,1090,2022-12-26,-11.1,0.0,69.3,1.07,94.44,7.39,西北_新疆,43.82,87.61,NASA POWER API
1091,1091,2022-12-27,-8.58,0.0,59.5,1.08,94.41,7.12,西北_新疆,43.82,87.61,NASA POWER API
1092,1092,2022-12-28,-8.22,0.0,61.39,0.95,94.16,6.97,西北_新疆,43.82,87.61,NASA POWER API
1093,1093,2022-12-29,-7.14,0.0,52.6,1.0,94.11,7.65,西北_新疆,43.82,87.61,NASA POWER API
1094,1094,2022-12-30,-7.46,0.05,58.25,0.95,94.4,6.87,西北_新疆,43.82,87.61,NASA POWER API
1095,1095,2022-12-31,-5.73,0.01,58.85,1.06,94.62,6.71,西北_新疆,43.82,87.61,NASA POWER API
1096,1096,2023-01-01,-7.39,0.0,72.01,0.8,94.74,6.26,西北_新疆,43.82,87.61,NASA POWER API
1097,1097,2023-01-02,-5.2,0.0,60.85,1.49,94.42,7.4,西北_新疆,43.82,87.61,NASA POWER API
1098,1098,2023-01-03,-5.25,0.0,53.92,2.36,93.75,7.45,西北_新疆,43.82,87.61,NASA POWER API
1099,1099,2023-01-04,-5.38,0.05,70.89,2.84,93.64,4.66,西北_新疆,43.82,87.61,NASA POWER API
1100,1100,2023-01-05,-1.85,0.0,52.81,2.42,94.13,6.76,西北_新疆,43.82,87.61,NASA POWER API
1101,1101,2023-01-06,-0.9,0.02,53.5,1.41,93.42,7.69,西北_新疆,43.82,87.61,NASA POWER API
1102,1102,2023-01-07,1.21,0.0,54.62,1.16,93.6,7.16,西北_新疆,43.82,87.61,NASA POWER API
1103,1103,2023-01-08,1.63,0.0,49.71,2.08,93.28,7.5,西北_新疆,43.82,87.61,NASA POWER API
1104,1104,2023-01-09,-0.92,0.01,59.85,1.1,93.44,4.32,西北_新疆,43.82,87.61,NASA POWER API
1105,1105,2023-01-10,0.74,0.01,62.67,1.68,93.11,6.66,西北_新疆,43.82,87.61,NASA POWER API
1106,1106,2023-01-11,-7.86,5.57,87.17,2.91,93.71,4.53,西北_新疆,43.82,87.61,NASA POWER API
1107,1107,2023-01-12,-13.61,1.91,69.42,3.26,95.38,5.27,西北_新疆,43.82,87.61,NASA POWER API
1108,1108,2023-01-13,-15.4,0.01,64.28,1.38,95.81,9.03,西北_新疆,43.82,87.61,NASA POWER API
1109,1109,2023-01-14,-16.59,0.0,67.31,1.55,95.65,8.88,西北_新疆,43.82,87.61,NASA POWER API
1110,1110,2023-01-15,-14.44,0.0,55.22,1.19,95.17,9.12,西北_新疆,43.82,87.61,NASA POWER API
1111,1111,2023-01-16,-10.44,0.0,50.45,1.13,94.9,8.56,西北_新疆,43.82,87.61,NASA POWER API
1112,1112,2023-01-17,-11.6,0.0,63.61,1.28,94.67,8.5,西北_新疆,43.82,87.61,NASA POWER API
1113,1113,2023-01-18,-10.68,0.0,65.54,1.24,94.82,8.85,西北_新疆,43.82,87.61,NASA POWER API
1114,1114,2023-01-19,-10.94,0.0,69.4,1.16,94.54,8.28,西北_新疆,43.82,87.61,NASA POWER API
1115,1115,2023-01-20,-11.51,0.0,74.63,1.22,94.39,8.67,西北_新疆,43.82,87.61,NASA POWER API
1116,1116,2023-01-21,-11.16,5.65,83.03,1.89,94.36,5.95,西北_新疆,43.82,87.61,NASA POWER API
1117,1117,2023-01-22,-16.17,0.54,82.27,1.9,95.22,9.37,西北_新疆,43.82,87.61,NASA POWER API
1118,1118,2023-01-23,-12.61,0.06,51.43,3.44,94.95,9.54,西北_新疆,43.82,87.61,NASA POWER API
1119,1119,2023-01-24,-13.52,0.0,52.78,1.33,94.01,6.9,西北_新疆,43.82,87.61,NASA POWER API
1120,1120,2023-01-25,-12.65,0.0,63.91,1.42,94.58,9.22,西北_新疆,43.82,87.61,NASA POWER API
1121,1121,2023-01-26,-11.0,0.0,67.27,1.65,95.01,10.19,西北_新疆,43.82,87.61,NASA POWER API
1122,1122,2023-01-27,-11.83,0.0,70.62,0.85,94.76,8.85,西北_新疆,43.82,87.61,NASA POWER API
1123,1123,2023-01-28,-9.65,0.0,66.08,1.53,94.37,9.28,西北_新疆,43.82,87.61,NASA POWER API
1124,1124,2023-01-29,-8.24,0.0,67.17,1.14,93.6,9.39,西北_新疆,43.82,87.61,NASA POWER API
1125,1125,2023-01-30,-6.83,0.0,64.09,1.27,93.83,9.36,西北_新疆,43.82,87.61,NASA POWER API
1126,1126,2023-01-31,-8.64,0.0,81.51,1.02,93.92,6.94,西北_新疆,43.82,87.61,NASA POWER API
1127,1127,2023-02-01,-4.3,0.0,68.08,1.17,93.71,9.28,西北_新疆,43.82,87.61,NASA POWER API
1128,1128,2023-02-02,-2.37,0.0,55.31,1.66,93.37,10.29,西北_新疆,43.82,87.61,NASA POWER API
1129,1129,2023-02-03,-1.96,0.0,60.43,1.16,93.26,10.33,西北_新疆,43.82,87.61,NASA POWER API
1130,1130,2023-02-04,-1.86,0.03,66.29,0.96,93.41,9.85,西北_新疆,43.82,87.61,NASA POWER API
1131,1131,2023-02-05,0.3,0.14,61.27,1.58,93.4,11.35,西北_新疆,43.82,87.61,NASA POWER API
1132,1132,2023-02-06,-2.3,0.07,64.29,1.28,93.54,10.29,西北_新疆,43.82,87.61,NASA POWER API
1133,1133,2023-02-07,-1.18,0.0,63.15,1.2,93.89,9.42,西北_新疆,43.82,87.61,NASA POWER API
1134,1134,2023-02-08,-1.69,0.0,60.75,1.52,93.25,10.83,西北_新疆,43.82,87.61,NASA POWER API
1135,1135,2023-02-09,1.12,0.0,48.88,3.28,92.04,10.96,西北_新疆,43.82,87.61,NASA POWER API
1136,1136,2023-02-10,-2.75,0.14,67.59,2.35,92.82,10.15,西北_新疆,43.82,87.61,NASA POWER API
1137,1137,2023-02-11,-4.95,0.0,68.39,1.32,94.17,11.53,西北_新疆,43.82,87.61,NASA POWER API
1138,1138,2023-02-12,-5.43,0.02,69.46,1.41,94.54,11.75,西北_新疆,43.82,87.61,NASA POWER API
1139,1139,2023-02-13,-2.31,0.04,61.93,1.65,94.2,12.14,西北_新疆,43.82,87.61,NASA POWER API
1140,1140,2023-02-14,-3.09,0.0,57.63,1.2,93.91,12.27,西北_新疆,43.82,87.61,NASA POWER API
1141,1141,2023-02-15,-2.0,0.0,56.25,1.29,93.85,12.59,西北_新疆,43.82,87.61,NASA POWER API
1142,1142,2023-02-16,-3.34,0.0,59.12,1.57,93.45,11.84,西北_新疆,43.82,87.61,NASA POWER API
1143,1143,2023-02-17,-3.91,0.0,58.77,1.83,94.21,13.47,西北_新疆,43.82,87.61,NASA POWER API
1144,1144,2023-02-18,-0.63,0.0,44.36,1.38,94.16,11.69,西北_新疆,43.82,87.61,NASA POWER API
1145,1145,2023-02-19,-2.74,0.0,54.14,1.28,94.06,12.54,西北_新疆,43.82,87.61,NASA POWER API
1146,1146,2023-02-20,-1.84,0.0,54.08,1.43,93.92,13.98,西北_新疆,43.82,87.61,NASA POWER API
1147,1147,2023-02-21,1.25,0.0,50.77,1.55,93.81,13.6,西北_新疆,43.82,87.61,NASA POWER API
1148,1148,2023-02-22,2.95,0.01,52.98,1.83,93.35,13.67,西北_新疆,43.82,87.61,NASA POWER API
1149,1149,2023-02-23,4.34,0.0,46.4,1.98,93.46,12.83,西北_新疆,43.82,87.61,NASA POWER API
1150,1150,2023-02-24,7.47,0.0,39.11,2.63,93.43,13.59,西北_新疆,43.82,87.61,NASA POWER API
1151,1151,2023-02-25,8.48,0.0,38.57,3.95,93.14,14.96,西北_新疆,43.82,87.61,NASA POWER API
1152,1152,2023-02-26,-0.21,1.42,64.53,2.62,94.94,8.53,西北_新疆,43.82,87.61,NASA POWER API
1153,1153,2023-02-27,-1.13,0.0,51.74,1.53,95.15,17.26,西北_新疆,43.82,87.61,NASA POWER API
1154,1154,2023-02-28,0.56,0.0,40.87,1.54,94.58,15.98,西北_新疆,43.82,87.61,NASA POWER API
1155,1155,2023-03-01,2.93,0.0,38.88,1.22,94.19,13.85,西北_新疆,43.82,87.61,NASA POWER API
1156,1156,2023-03-02,5.84,0.0,33.88,1.91,93.8,13.39,西北_新疆,43.82,87.61,NASA POWER API
1157,1157,2023-03-03,7.51,0.0,34.59,1.73,93.4,15.04,西北_新疆,43.82,87.61,NASA POWER API
1158,1158,2023-03-04,5.45,0.0,43.01,1.61,93.97,14.79,西北_新疆,43.82,87.61,NASA POWER API
1159,1159,2023-03-05,6.94,0.0,41.13,1.87,93.6,15.34,西北_新疆,43.82,87.61,NASA POWER API
1160,1160,2023-03-06,8.32,0.0,42.32,2.7,93.35,14.54,西北_新疆,43.82,87.61,NASA POWER API
1161,1161,2023-03-07,7.48,0.0,54.83,2.37,93.62,15.08,西北_新疆,43.82,87.61,NASA POWER API
1162,1162,2023-03-08,13.31,0.0,30.19,3.69,92.92,15.52,西北_新疆,43.82,87.61,NASA POWER API
1163,1163,2023-03-09,5.95,1.1,58.07,2.9,94.03,8.16,西北_新疆,43.82,87.61,NASA POWER API
1164,1164,2023-03-10,4.11,0.01,41.77,1.66,94.62,19.03,西北_新疆,43.82,87.61,NASA POWER API
1165,1165,2023-03-11,9.39,0.0,21.84,6.4,94.0,18.41,西北_新疆,43.82,87.61,NASA POWER API
1166,1166,2023-03-12,11.55,0.0,28.35,3.55,93.24,17.04,西北_新疆,43.82,87.61,NASA POWER API
1167,1167,2023-03-13,6.06,2.79,53.66,2.35,93.57,11.8,西北_新疆,43.82,87.61,NASA POWER API
1168,1168,2023-03-14,4.26,3.86,71.16,1.47,93.98,9.51,西北_新疆,43.82,87.61,NASA POWER API
1169,1169,2023-03-15,5.66,0.1,50.46,1.62,93.54,13.16,西北_新疆,43.82,87.61,NASA POWER API
1170,1170,2023-03-16,8.71,0.03,36.75,1.92,93.38,15.01,西北_新疆,43.82,87.61,NASA POWER API
1171,1171,2023-03-17,7.87,0.79,43.71,1.67,93.04,15.62,西北_新疆,43.82,87.61,NASA POWER API
1172,1172,2023-03-18,9.78,0.01,40.65,2.08,92.54,16.48,西北_新疆,43.82,87.61,NASA POWER API
1173,1173,2023-03-19,0.11,11.0,72.1,3.33,93.21,4.44,西北_新疆,43.82,87.61,NASA POWER API
1174,1174,2023-03-20,-0.29,0.46,51.77,2.56,93.4,16.74,西北_新疆,43.82,87.61,NASA POWER API
1175,1175,2023-03-21,-1.65,0.0,47.09,1.68,93.64,15.97,西北_新疆,43.82,87.61,NASA POWER API
1176,1176,2023-03-22,1.58,0.18,37.42,1.86,93.3,18.63,西北_新疆,43.82,87.61,NASA POWER API
1177,1177,2023-03-23,2.48,0.0,43.22,1.76,93.37,17.56,西北_新疆,43.82,87.61,NASA POWER API
1178,1178,2023-03-24,6.97,0.0,34.58,1.89,93.44,19.18,西北_新疆,43.82,87.61,NASA POWER API
1179,1179,2023-03-25,8.11,0.0,34.26,1.95,93.43,20.17,西北_新疆,43.82,87.61,NASA POWER API
1180,1180,2023-03-26,10.53,0.0,31.13,1.61,93.25,17.12,西北_新疆,43.82,87.61,NASA POWER API
1181,1181,2023-03-27,12.06,0.0,32.98,2.17,93.11,18.54,西北_新疆,43.82,87.61,NASA POWER API
1182,1182,2023-03-28,7.37,0.09,63.4,2.2,93.42,14.47,西北_新疆,43.82,87.61,NASA POWER API
1183,1183,2023-03-29,9.41,0.0,52.76,2.23,92.81,17.64,西北_新疆,43.82,87.61,NASA POWER API
1184,1184,2023-03-30,12.18,0.0,38.05,1.94,92.64,20.05,西北_新疆,43.82,87.61,NASA POWER API
1185,1185,2023-03-31,8.1,1.98,44.71,4.22,92.95,13.16,西北_新疆,43.82,87.61,NASA POWER API
1186,1186,2023-04-01,-0.77,0.01,37.85,4.64,93.59,21.73,西北_新疆,43.82,87.61,NASA POWER API
1187,1187,2023-04-02,-2.24,0.0,37.5,3.2,93.55,23.42,西北_新疆,43.82,87.61,NASA POWER API
1188,1188,2023-04-03,-2.13,0.0,36.65,3.06,94.28,15.13,西北_新疆,43.82,87.61,NASA POWER API
1189,1189,2023-04-04,0.66,0.0,31.74,2.17,94.48,19.28,西北_新疆,43.82,87.61,NASA POWER API
1190,1190,2023-04-05,6.73,0.0,26.24,2.45,93.63,22.49,西北_新疆,43.82,87.61,NASA POWER API
1191,1191,2023-04-06,9.61,0.0,21.62,2.8,93.11,21.18,西北_新疆,43.82,87.61,NASA POWER API
1192,1192,2023-04-07,11.68,0.0,23.59,3.2,92.86,16.48,西北_新疆,43.82,87.61,NASA POWER API
1193,1193,2023-04-08,12.38,0.0,33.39,2.84,92.99,19.63,西北_新疆,43.82,87.61,NASA POWER API
1194,1194,2023-04-09,6.97,4.72,67.37,2.15,93.38,8.19,西北_新疆,43.82,87.61,NASA POWER API
1195,1195,2023-04-10,8.87,0.1,51.8,1.99,93.34,20.55,西北_新疆,43.82,87.61,NASA POWER API
1196,1196,2023-04-11,11.35,2.05,45.16,2.25,92.94,13.84,西北_新疆,43.82,87.61,NASA POWER API
1197,1197,2023-04-12,9.13,1.78,58.97,2.54,93.67,16.14,西北_新疆,43.82,87.61,NASA POWER API
1198,1198,2023-04-13,9.55,0.06,46.11,1.89,93.92,22.47,西北_新疆,43.82,87.61,NASA POWER API
1199,1199,2023-04-14,14.19,0.0,34.26,2.09,93.22,22.19,西北_新疆,43.82,87.61,NASA POWER API
1200,1200,2023-04-15,19.51,0.09,35.38,2.66,92.15,22.39,西北_新疆,43.82,87.61,NASA POWER API
1201,1201,2023-04-16,13.59,3.75,68.58,1.91,92.72,10.74,西北_新疆,43.82,87.61,NASA POWER API
1202,1202,2023-04-17,15.81,0.04,51.69,2.18,92.62,18.48,西北_新疆,43.82,87.61,NASA POWER API
1203,1203,2023-04-18,6.02,7.61,71.05,3.57,93.72,8.53,西北_新疆,43.82,87.61,NASA POWER API
1204,1204,2023-04-19,4.39,0.15,41.66,2.27,94.37,19.92,西北_新疆,43.82,87.61,NASA POWER API
1205,1205,2023-04-20,7.08,0.0,29.88,2.77,93.68,25.78,西北_新疆,43.82,87.61,NASA POWER API
1206,1206,2023-04-21,7.61,0.0,38.7,1.89,93.3,22.78,西北_新疆,43.82,87.61,NASA POWER API
1207,1207,2023-04-22,8.06,0.09,45.17,2.47,93.49,14.81,西北_新疆,43.82,87.61,NASA POWER API
1208,1208,2023-04-23,9.17,0.18,44.83,1.85,93.87,17.38,西北_新疆,43.82,87.61,NASA POWER API
1209,1209,2023-04-24,13.78,0.01,29.01,2.05,93.33,26.0,西北_新疆,43.82,87.61,NASA POWER API
1210,1210,2023-04-25,11.33,1.69,50.91,3.23,93.34,12.96,西北_新疆,43.82,87.61,NASA POWER API
1211,1211,2023-04-26,10.4,1.33,45.47,2.88,93.65,22.49,西北_新疆,43.82,87.61,NASA POWER API
1212,1212,2023-04-27,13.03,0.21,38.29,2.8,93.8,27.98,西北_新疆,43.82,87.61,NASA POWER API
1213,1213,2023-04-28,17.94,0.0,25.19,3.46,93.33,27.26,西北_新疆,43.82,87.61,NASA POWER API
1214,1214,2023-04-29,20.98,0.0,22.75,2.39,92.49,25.96,西北_新疆,43.82,87.61,NASA POWER API
1215,1215,2023-04-30,19.15,0.03,37.72,2.87,92.23,16.02,西北_新疆,43.82,87.61,NASA POWER API
1216,1216,2023-05-01,13.32,1.4,53.98,2.29,92.42,13.86,西北_新疆,43.82,87.61,NASA POWER API
1217,1217,2023-05-02,6.95,0.46,60.82,2.63,92.87,14.82,西北_新疆,43.82,87.61,NASA POWER API
1218,1218,2023-05-03,5.95,0.23,56.77,2.31,93.51,14.11,西北_新疆,43.82,87.61,NASA POWER API
1219,1219,2023-05-04,5.68,0.07,51.73,2.72,93.81,13.09,西北_新疆,43.82,87.61,NASA POWER API
1220,1220,2023-05-05,6.43,0.01,37.88,2.09,93.97,13.45,西北_新疆,43.82,87.61,NASA POWER API
1221,1221,2023-05-06,7.63,0.17,35.45,1.61,93.74,16.23,西北_新疆,43.82,87.61,NASA POWER API
1222,1222,2023-05-07,8.43,0.11,44.18,1.53,93.48,18.62,西北_新疆,43.82,87.61,NASA POWER API
1223,1223,2023-05-08,11.61,0.0,39.2,1.62,93.5,19.13,西北_新疆,43.82,87.61,NASA POWER API
1224,1224,2023-05-09,16.67,0.0,33.07,3.05,93.49,16.33,西北_新疆,43.82,87.61,NASA POWER API
1225,1225,2023-05-10,18.99,0.0,28.12,2.32,93.68,26.68,西北_新疆,43.82,87.61,NASA POWER API
1226,1226,2023-05-11,21.54,0.0,24.95,2.16,93.15,27.5,西北_新疆,43.82,87.61,NASA POWER API
1227,1227,2023-05-12,23.27,0.0,25.99,2.01,92.71,23.37,西北_新疆,43.82,87.61,NASA POWER API
1228,1228,2023-05-13,23.33,0.0,33.25,2.23,92.84,21.51,西北_新疆,43.82,87.61,NASA POWER API
1229,1229,2023-05-14,23.16,0.51,39.15,1.73,92.4,19.27,西北_新疆,43.82,87.61,NASA POWER API
1230,1230,2023-05-15,16.98,4.47,62.37,2.2,92.67,15.08,西北_新疆,43.82,87.61,NASA POWER API
1231,1231,2023-05-16,17.05,0.04,50.79,1.81,92.87,21.66,西北_新疆,43.82,87.61,NASA POWER API
1232,1232,2023-05-17,16.66,0.43,48.36,2.08,93.01,14.4,西北_新疆,43.82,87.61,NASA POWER API
1233,1233,2023-05-18,20.11,0.0,40.79,2.24,92.75,27.36,西北_新疆,43.82,87.61,NASA POWER API
1234,1234,2023-05-19,16.61,0.02,41.94,1.91,93.07,16.88,西北_新疆,43.82,87.61,NASA POWER API
1235,1235,2023-05-20,18.86,0.05,35.41,1.75,92.91,19.04,西北_新疆,43.82,87.61,NASA POWER API
1236,1236,2023-05-21,17.17,0.73,45.95,2.24,93.02,15.87,西北_新疆,43.82,87.61,NASA POWER API
1237,1237,2023-05-22,15.99,6.19,55.92,2.9,93.0,14.45,西北_新疆,43.82,87.61,NASA POWER API
1238,1238,2023-05-23,17.31,0.48,41.93,3.36,92.91,21.04,西北_新疆,43.82,87.61,NASA POWER API
1239,1239,2023-05-24,18.86,0.02,30.6,3.13,92.97,27.14,西北_新疆,43.82,87.61,NASA POWER API
1240,1240,2023-05-25,18.34,0.12,36.99,3.42,92.89,17.17,西北_新疆,43.82,87.61,NASA POWER API
1241,1241,2023-05-26,19.04,0.02,34.93,2.8,92.85,19.03,西北_新疆,43.82,87.61,NASA POWER API
1242,1242,2023-05-27,19.46,0.01,36.01,1.77,92.86,25.81,西北_新疆,43.82,87.61,NASA POWER API
1243,1243,2023-05-28,18.6,3.37,43.64,2.42,92.85,9.73,西北_新疆,43.82,87.61,NASA POWER API
1244,1244,2023-05-29,13.55,2.54,56.42,2.01,93.62,15.11,西北_新疆,43.82,87.61,NASA POWER API
1245,1245,2023-05-30,16.38,0.08,36.34,2.44,93.47,25.38,西北_新疆,43.82,87.61,NASA POWER API
1246,1246,2023-05-31,17.61,0.0,36.43,2.46,93.28,24.82,西北_新疆,43.82,87.61,NASA POWER API
1247,1247,2023-06-01,19.41,0.0,32.12,1.89,92.91,19.1,西北_新疆,43.82,87.61,NASA POWER API
1248,1248,2023-06-02,19.7,0.0,30.95,2.2,93.17,30.85,西北_新疆,43.82,87.61,NASA POWER API
1249,1249,2023-06-03,21.83,0.0,26.71,2.12,93.24,31.2,西北_新疆,43.82,87.61,NASA POWER API
1250,1250,2023-06-04,24.57,0.0,22.76,1.97,93.11,30.23,西北_新疆,43.82,87.61,NASA POWER API
1251,1251,2023-06-05,26.15,0.0,20.06,2.39,92.78,30.16,西北_新疆,43.82,87.61,NASA POWER API
1252,1252,2023-06-06,28.17,0.0,19.13,2.0,92.7,28.0,西北_新疆,43.82,87.61,NASA POWER API
1253,1253,2023-06-07,29.53,0.0,18.61,1.92,92.73,28.59,西北_新疆,43.82,87.61,NASA POWER API
1254,1254,2023-06-08,29.16,0.01,23.36,3.39,92.88,25.22,西北_新疆,43.82,87.61,NASA POWER API
1255,1255,2023-06-09,29.97,0.0,24.77,1.21,92.77,25.88,西北_新疆,43.82,87.61,NASA POWER API
1256,1256,2023-06-10,31.79,0.0,18.08,2.29,92.33,30.42,西北_新疆,43.82,87.61,NASA POWER API
1257,1257,2023-06-11,32.84,0.0,17.15,2.23,92.08,25.58,西北_新疆,43.82,87.61,NASA POWER API
1258,1258,2023-06-12,25.58,0.25,42.35,2.62,92.62,17.82,西北_新疆,43.82,87.61,NASA POWER API
1259,1259,2023-06-13,27.07,0.0,26.0,2.04,92.47,28.53,西北_新疆,43.82,87.61,NASA POWER API
1260,1260,2023-06-14,25.86,0.02,24.26,1.49,92.22,22.07,西北_新疆,43.82,87.61,NASA POWER API
1261,1261,2023-06-15,21.02,1.34,52.43,1.99,92.28,12.56,西北_新疆,43.82,87.61,NASA POWER API
1262,1262,2023-06-16,23.0,1.76,37.37,3.03,92.3,21.26,西北_新疆,43.82,87.61,NASA POWER API
1263,1263,2023-06-17,25.0,0.01,22.47,2.13,92.29,29.9,西北_新疆,43.82,87.61,NASA POWER API
1264,1264,2023-06-18,27.5,0.0,18.48,1.77,92.15,28.34,西北_新疆,43.82,87.61,NASA POWER API
1265,1265,2023-06-19,29.93,0.0,18.87,2.18,91.77,22.87,西北_新疆,43.82,87.61,NASA POWER API
1266,1266,2023-06-20,29.84,0.19,27.58,2.05,91.98,16.86,西北_新疆,43.82,87.61,NASA POWER API
1267,1267,2023-06-21,27.74,0.46,36.81,1.6,92.27,22.2,西北_新疆,43.82,87.61,NASA POWER API
1268,1268,2023-06-22,27.13,0.87,31.6,2.24,92.46,23.03,西北_新疆,43.82,87.61,NASA POWER API
1269,1269,2023-06-23,24.72,1.34,44.18,2.32,92.69,24.23,西北_新疆,43.82,87.61,NASA POWER API
1270,1270,2023-06-24,21.82,3.08,46.64,2.4,92.63,12.4,西北_新疆,43.82,87.61,NASA POWER API
1271,1271,2023-06-25,23.55,0.01,37.33,1.87,92.62,27.87,西北_新疆,43.82,87.61,NASA POWER API
1272,1272,2023-06-26,17.1,2.53,59.07,1.7,92.72,9.18,西北_新疆,43.82,87.61,NASA POWER API
1273,1273,2023-06-27,22.7,0.0,30.6,2.04,92.37,32.22,西北_新疆,43.82,87.61,NASA POWER API
1274,1274,2023-06-28,27.75,0.05,22.42,1.66,92.0,27.6,西北_新疆,43.82,87.61,NASA POWER API
1275,1275,2023-06-29,22.74,1.77,51.68,3.85,92.62,16.42,西北_新疆,43.82,87.61,NASA POWER API
1276,1276,2023-06-30,21.21,0.17,43.18,2.61,92.72,23.82,西北_新疆,43.82,87.61,NASA POWER API
1277,1277,2023-07-01,21.76,0.51,28.92,1.71,92.6,14.08,西北_新疆,43.82,87.61,NASA POWER API
1278,1278,2023-07-02,21.93,0.39,30.64,2.91,92.78,28.1,西北_新疆,43.82,87.61,NASA POWER API
1279,1279,2023-07-03,25.51,0.04,19.45,2.04,92.59,31.4,西北_新疆,43.82,87.61,NASA POWER API
1280,1280,2023-07-04,26.73,0.0,20.03,1.78,92.21,20.64,西北_新疆,43.82,87.61,NASA POWER API
1281,1281,2023-07-05,26.55,0.4,34.08,2.41,92.17,24.7,西北_新疆,43.82,87.61,NASA POWER API
1282,1282,2023-07-06,27.44,0.11,33.01,2.21,92.24,20.5,西北_新疆,43.82,87.61,NASA POWER API
1283,1283,2023-07-07,24.64,1.13,44.47,2.28,92.43,23.28,西北_新疆,43.82,87.61,NASA POWER API
1284,1284,2023-07-08,22.54,1.47,56.38,2.18,92.67,10.91,西北_新疆,43.82,87.61,NASA POWER API
1285,1285,2023-07-09,21.79,3.79,62.46,1.57,92.6,8.2,西北_新疆,43.82,87.61,NASA POWER API
1286,1286,2023-07-10,22.74,9.76,58.91,2.36,92.63,18.42,西北_新疆,43.82,87.61,NASA POWER API
1287,1287,2023-07-11,24.15,0.18,39.83,3.38,92.68,21.19,西北_新疆,43.82,87.61,NASA POWER API
1288,1288,2023-07-12,24.72,0.0,31.17,2.43,92.93,30.42,西北_新疆,43.82,87.61,NASA POWER API
1289,1289,2023-07-13,27.89,0.0,26.72,1.66,92.75,30.76,西北_新疆,43.82,87.61,NASA POWER API
1290,1290,2023-07-14,31.74,0.0,22.48,1.91,92.35,29.1,西北_新疆,43.82,87.61,NASA POWER API
1291,1291,2023-07-15,33.35,0.0,20.19,1.9,92.19,27.72,西北_新疆,43.82,87.61,NASA POWER API
1292,1292,2023-07-16,33.32,0.0,21.12,2.15,92.14,26.11,西北_新疆,43.82,87.61,NASA POWER API
1293,1293,2023-07-17,28.63,0.17,28.0,3.17,92.53,19.33,西北_新疆,43.82,87.61,NASA POWER API
1294,1294,2023-07-18,30.14,0.08,26.5,1.96,92.45,27.94,西北_新疆,43.82,87.61,NASA POWER API
1295,1295,2023-07-19,32.15,0.06,20.55,2.03,92.39,29.14,西北_新疆,43.82,87.61,NASA POWER API
1296,1296,2023-07-20,31.83,0.87,25.96,3.48,92.35,19.69,西北_新疆,43.82,87.61,NASA POWER API
1297,1297,2023-07-21,29.15,0.19,28.18,2.47,92.69,27.89,西北_新疆,43.82,87.61,NASA POWER API
1298,1298,2023-07-22,30.31,0.7,23.75,2.03,92.72,24.74,西北_新疆,43.82,87.61,NASA POWER API
1299,1299,2023-07-23,31.34,0.0,19.98,1.98,92.42,27.6,西北_新疆,43.82,87.61,NASA POWER API
1300,1300,2023-07-24,30.07,0.0,22.28,2.47,92.3,23.79,西北_新疆,43.82,87.61,NASA POWER API
1301,1301,2023-07-25,30.73,0.0,21.26,2.46,92.3,28.86,西北_新疆,43.82,87.61,NASA POWER API
1302,1302,2023-07-26,32.47,0.0,16.22,2.05,92.27,28.53,西北_新疆,43.82,87.61,NASA POWER API
1303,1303,2023-07-27,34.53,0.0,13.92,2.29,91.94,25.93,西北_新疆,43.82,87.61,NASA POWER API
1304,1304,2023-07-28,29.26,0.54,27.27,2.96,91.9,13.63,西北_新疆,43.82,87.61,NASA POWER API
1305,1305,2023-07-29,24.55,2.14,43.71,2.38,92.5,7.74,西北_新疆,43.82,87.61,NASA POWER API
1306,1306,2023-07-30,26.92,0.18,31.2,1.68,92.41,23.15,西北_新疆,43.82,87.61,NASA POWER API
1307,1307,2023-07-31,28.63,0.1,22.95,1.7,92.24,27.3,西北_新疆,43.82,87.61,NASA POWER API
1308,1308,2023-08-01,29.31,0.91,28.85,3.11,92.28,16.56,西北_新疆,43.82,87.61,NASA POWER API
1309,1309,2023-08-02,30.49,0.02,30.55,2.04,92.18,26.88,西北_新疆,43.82,87.61,NASA POWER API
1310,1310,2023-08-03,26.92,0.11,33.07,3.02,92.35,15.42,西北_新疆,43.82,87.61,NASA POWER API
1311,1311,2023-08-04,30.56,0.0,26.71,2.06,92.26,26.63,西北_新疆,43.82,87.61,NASA POWER API
1312,1312,2023-08-05,30.27,0.0,21.86,2.69,92.3,25.91,西北_新疆,43.82,87.61,NASA POWER API
1313,1313,2023-08-06,31.8,0.18,22.54,2.5,91.94,23.08,西北_新疆,43.82,87.61,NASA POWER API
1314,1314,2023-08-07,31.37,0.23,29.09,2.28,91.59,18.93,西北_新疆,43.82,87.61,NASA POWER API
1315,1315,2023-08-08,24.86,0.54,53.86,2.15,92.07,7.67,西北_新疆,43.82,87.61,NASA POWER API
1316,1316,2023-08-09,26.67,0.0,43.1,1.88,92.58,25.29,西北_新疆,43.82,87.61,NASA POWER API
1317,1317,2023-08-10,28.49,0.0,30.18,1.88,92.69,27.13,西北_新疆,43.82,87.61,NASA POWER API
1318,1318,2023-08-11,31.49,0.07,21.6,2.68,92.22,25.48,西北_新疆,43.82,87.61,NASA POWER API
1319,1319,2023-08-12,26.94,8.92,41.83,2.56,92.47,17.4,西北_新疆,43.82,87.61,NASA POWER API
1320,1320,2023-08-13,22.36,4.24,60.03,1.74,92.7,19.8,西北_新疆,43.82,87.61,NASA POWER API
1321,1321,2023-08-14,17.86,7.88,68.7,3.05,93.02,7.52,西北_新疆,43.82,87.61,NASA POWER API
1322,1322,2023-08-15,15.4,2.87,73.75,1.79,93.47,9.55,西北_新疆,43.82,87.61,NASA POWER API
1323,1323,2023-08-16,19.4,0.2,47.38,2.0,93.34,26.59,西北_新疆,43.82,87.61,NASA POWER API
1324,1324,2023-08-17,21.97,0.03,37.04,1.84,93.28,26.35,西北_新疆,43.82,87.61,NASA POWER API
1325,1325,2023-08-18,24.21,0.04,30.88,1.71,92.92,24.04,西北_新疆,43.82,87.61,NASA POWER API
1326,1326,2023-08-19,25.33,0.08,33.86,1.9,92.91,23.03,西北_新疆,43.82,87.61,NASA POWER API
1327,1327,2023-08-20,25.93,0.0,32.59,1.78,92.88,25.79,西北_新疆,43.82,87.61,NASA POWER API
1328,1328,2023-08-21,26.44,0.0,32.12,1.83,92.74,23.3,西北_新疆,43.82,87.61,NASA POWER API
1329,1329,2023-08-22,26.75,0.0,29.96,1.68,92.6,25.59,西北_新疆,43.82,87.61,NASA POWER API
1330,1330,2023-08-23,25.57,0.01,34.1,1.68,92.55,11.33,西北_新疆,43.82,87.61,NASA POWER API
1331,1331,2023-08-24,25.93,0.01,35.43,1.96,92.42,20.07,西北_新疆,43.82,87.61,NASA POWER API
1332,1332,2023-08-25,26.7,0.0,30.76,1.48,92.36,24.5,西北_新疆,43.82,87.61,NASA POWER API
1333,1333,2023-08-26,28.93,0.0,23.7,2.13,92.14,24.38,西北_新疆,43.82,87.61,NASA POWER API
1334,1334,2023-08-27,30.41,0.0,19.21,3.16,91.88,24.89,西北_新疆,43.82,87.61,NASA POWER API
1335,1335,2023-08-28,29.23,0.0,23.97,3.17,92.04,17.74,西北_新疆,43.82,87.61,NASA POWER API
1336,1336,2023-08-29,21.78,0.09,56.08,2.77,92.96,12.46,西北_新疆,43.82,87.61,NASA POWER API
1337,1337,2023-08-30,24.54,0.01,44.96,1.62,92.56,20.9,西北_新疆,43.82,87.61,NASA POWER API
1338,1338,2023-08-31,27.61,0.0,26.33,2.33,92.59,23.29,西北_新疆,43.82,87.61,NASA POWER API
1339,1339,2023-09-01,25.64,0.0,29.84,2.28,92.9,22.45,西北_新疆,43.82,87.61,NASA POWER API
1340,1340,2023-09-02,24.34,0.18,36.6,2.18,92.87,18.08,西北_新疆,43.82,87.61,NASA POWER API
1341,1341,2023-09-03,25.35,0.06,40.02,2.12,92.59,20.89,西北_新疆,43.82,87.61,NASA POWER API
1342,1342,2023-09-04,24.58,0.84,41.09,3.03,92.32,13.78,西北_新疆,43.82,87.61,NASA POWER API
1343,1343,2023-09-05,15.34,11.57,80.4,2.21,93.32,4.63,西北_新疆,43.82,87.61,NASA POWER API
1344,1344,2023-09-06,18.15,0.0,46.87,2.18,93.22,23.2,西北_新疆,43.82,87.61,NASA POWER API
1345,1345,2023-09-07,21.2,0.0,36.08,2.05,92.83,21.44,西北_新疆,43.82,87.61,NASA POWER API
1346,1346,2023-09-08,24.14,0.0,34.36,1.77,92.59,20.21,西北_新疆,43.82,87.61,NASA POWER API
1347,1347,2023-09-09,21.82,0.01,43.15,1.64,93.04,19.93,西北_新疆,43.82,87.61,NASA POWER API
1348,1348,2023-09-10,24.17,0.01,34.55,1.97,92.86,19.22,西北_新疆,43.82,87.61,NASA POWER API
1349,1349,2023-09-11,25.2,0.03,33.79,1.92,92.42,15.16,西北_新疆,43.82,87.61,NASA POWER API
1350,1350,2023-09-12,23.65,0.12,37.08,3.43,92.65,19.08,西北_新疆,43.82,87.61,NASA POWER API
1351,1351,2023-09-13,16.98,4.77,69.71,2.17,93.02,8.71,西北_新疆,43.82,87.61,NASA POWER API
1352,1352,2023-09-14,17.05,1.2,65.99,1.25,93.05,12.69,西北_新疆,43.82,87.61,NASA POWER API
1353,1353,2023-09-15,14.36,6.25,79.55,1.53,93.22,8.56,西北_新疆,43.82,87.61,NASA POWER API
1354,1354,2023-09-16,15.4,0.1,58.97,1.48,93.31,16.55,西北_新疆,43.82,87.61,NASA POWER API
1355,1355,2023-09-17,15.78,0.02,46.59,1.55,93.28,14.03,西北_新疆,43.82,87.61,NASA POWER API
1356,1356,2023-09-18,16.31,0.0,40.7,1.82,93.22,20.57,西北_新疆,43.82,87.61,NASA POWER API
1357,1357,2023-09-19,18.62,0.02,39.04,1.57,93.12,19.26,西北_新疆,43.82,87.61,NASA POWER API
1358,1358,2023-09-20,20.59,0.44,38.51,2.7,92.89,16.34,西北_新疆,43.82,87.61,NASA POWER API
1359,1359,2023-09-21,15.02,4.52,65.9,1.85,93.54,7.44,西北_新疆,43.82,87.61,NASA POWER API
1360,1360,2023-09-22,15.71,0.1,50.64,1.64,93.38,18.37,西北_新疆,43.82,87.61,NASA POWER API
1361,1361,2023-09-23,14.15,2.95,63.1,1.77,93.62,9.96,西北_新疆,43.82,87.61,NASA POWER API
1362,1362,2023-09-24,9.85,9.12,73.72,2.58,93.54,6.28,西北_新疆,43.82,87.61,NASA POWER API
1363,1363,2023-09-25,8.9,1.33,60.01,1.36,93.87,16.0,西北_新疆,43.82,87.61,NASA POWER API
1364,1364,2023-09-26,13.72,0.0,44.48,1.97,93.29,19.35,西北_新疆,43.82,87.61,NASA POWER API
1365,1365,2023-09-27,12.34,0.0,52.84,1.62,93.56,18.61,西北_新疆,43.82,87.61,NASA POWER API
1366,1366,2023-09-28,14.78,0.0,37.27,1.73,93.44,18.99,西北_新疆,43.82,87.61,NASA POWER API
1367,1367,2023-09-29,16.77,0.0,35.84,1.84,93.29,17.99,西北_新疆,43.82,87.61,NASA POWER API
1368,1368,2023-09-30,15.96,1.95,43.6,1.72,93.24,15.66,西北_新疆,43.82,87.61,NASA POWER API
1369,1369,2023-10-01,14.17,1.02,60.43,1.7,93.48,15.53,西北_新疆,43.82,87.61,NASA POWER API
1370,1370,2023-10-02,16.22,0.0,43.01,1.74,93.14,17.39,西北_新疆,43.82,87.61,NASA POWER API
1371,1371,2023-10-03,17.2,0.0,41.98,1.47,93.2,15.94,西北_新疆,43.82,87.61,NASA POWER API
1372,1372,2023-10-04,16.43,0.0,44.51,1.83,93.5,15.63,西北_新疆,43.82,87.61,NASA POWER API
1373,1373,2023-10-05,15.52,0.0,45.86,1.55,93.62,16.68,西北_新疆,43.82,87.61,NASA POWER API
1374,1374,2023-10-06,17.45,0.0,34.92,1.57,93.13,16.02,西北_新疆,43.82,87.61,NASA POWER API
1375,1375,2023-10-07,16.51,0.0,37.69,1.76,93.32,15.51,西北_新疆,43.82,87.61,NASA POWER API
1376,1376,2023-10-08,17.48,0.01,40.59,1.59,93.44,14.21,西北_新疆,43.82,87.61,NASA POWER API
1377,1377,2023-10-09,15.44,0.01,54.61,1.69,93.98,12.07,西北_新疆,43.82,87.61,NASA POWER API
1378,1378,2023-10-10,17.22,0.0,46.89,1.07,93.56,14.27,西北_新疆,43.82,87.61,NASA POWER API
1379,1379,2023-10-11,16.57,0.0,40.4,1.88,93.76,13.96,西北_新疆,43.82,87.61,NASA POWER API
1380,1380,2023-10-12,18.66,0.0,31.18,2.34,93.42,15.7,西北_新疆,43.82,87.61,NASA POWER API
1381,1381,2023-10-13,18.79,0.0,31.76,2.1,93.13,15.44,西北_新疆,43.82,87.61,NASA POWER API
1382,1382,2023-10-14,14.44,0.48,48.35,2.86,93.42,14.97,西北_新疆,43.82,87.61,NASA POWER API
1383,1383,2023-10-15,9.07,4.38,62.47,1.83,93.79,9.21,西北_新疆,43.82,87.61,NASA POWER API
1384,1384,2023-10-16,7.6,0.0,49.0,1.77,94.04,12.67,西北_新疆,43.82,87.61,NASA POWER API
1385,1385,2023-10-17,7.74,0.0,43.22,1.65,94.22,15.71,西北_新疆,43.82,87.61,NASA POWER API
1386,1386,2023-10-18,11.1,0.0,35.48,2.67,93.72,15.31,西北_新疆,43.82,87.61,NASA POWER API
1387,1387,2023-10-19,11.7,0.0,32.12,1.54,93.96,14.63,西北_新疆,43.82,87.61,NASA POWER API
1388,1388,2023-10-20,13.7,0.0,28.52,1.93,93.6,14.0,西北_新疆,43.82,87.61,NASA POWER API
1389,1389,2023-10-21,13.19,0.0,31.35,2.58,93.32,12.91,西北_新疆,43.82,87.61,NASA POWER API
1390,1390,2023-10-22,14.63,0.0,31.77,2.1,93.11,13.59,西北_新疆,43.82,87.61,NASA POWER API
1391,1391,2023-10-23,13.36,0.01,43.07,2.91,92.99,11.88,西北_新疆,43.82,87.61,NASA POWER API
1392,1392,2023-10-24,8.49,0.0,62.07,1.47,94.14,11.53,西北_新疆,43.82,87.61,NASA POWER API
1393,1393,2023-10-25,11.89,0.0,42.65,1.9,93.62,12.89,西北_新疆,43.82,87.61,NASA POWER API
1394,1394,2023-10-26,13.39,0.0,35.32,2.06,93.04,12.48,西北_新疆,43.82,87.61,NASA POWER API
1395,1395,2023-10-27,12.05,0.0,48.6,2.59,93.41,10.4,西北_新疆,43.82,87.61,NASA POWER API
1396,1396,2023-10-28,6.9,0.1,69.53,1.82,93.9,6.66,西北_新疆,43.82,87.61,NASA POWER API
1397,1397,2023-10-29,10.42,0.34,49.49,1.59,93.28,10.09,西北_新疆,43.82,87.61,NASA POWER API
1398,1398,2023-10-30,12.54,0.21,56.77,1.58,93.32,9.42,西北_新疆,43.82,87.61,NASA POWER API
1399,1399,2023-10-31,16.05,2.45,43.35,3.33,92.88,10.5,西北_新疆,43.82,87.61,NASA POWER API
1400,1400,2023-11-01,7.66,6.72,71.32,1.76,94.01,10.16,西北_新疆,43.82,87.61,NASA POWER API
1401,1401,2023-11-02,6.43,0.41,62.49,1.51,94.17,8.86,西北_新疆,43.82,87.61,NASA POWER API
1402,1402,2023-11-03,7.92,0.69,46.89,2.73,93.64,10.45,西北_新疆,43.82,87.61,NASA POWER API
1403,1403,2023-11-04,0.41,0.0,41.25,1.11,94.15,11.38,西北_新疆,43.82,87.61,NASA POWER API
1404,1404,2023-11-05,4.84,0.08,34.79,1.88,93.71,11.17,西北_新疆,43.82,87.61,NASA POWER API
1405,1405,2023-11-06,3.18,0.0,39.97,1.18,93.86,11.28,西北_新疆,43.82,87.61,NASA POWER API
1406,1406,2023-11-07,3.26,0.0,43.83,1.49,93.89,11.14,西北_新疆,43.82,87.61,NASA POWER API
1407,1407,2023-11-08,5.23,0.0,39.44,1.53,93.49,11.23,西北_新疆,43.82,87.61,NASA POWER API
1408,1408,2023-11-09,5.66,0.0,44.12,1.03,93.48,9.58,西北_新疆,43.82,87.61,NASA POWER API
1409,1409,2023-11-10,5.56,0.4,54.96,1.15,94.22,8.8,西北_新疆,43.82,87.61,NASA POWER API
1410,1410,2023-11-11,1.78,1.32,66.61,1.27,94.46,3.04,西北_新疆,43.82,87.61,NASA POWER API
1411,1411,2023-11-12,4.69,0.0,44.37,1.42,94.13,6.92,西北_新疆,43.82,87.61,NASA POWER API
1412,1412,2023-11-13,-0.71,3.25,65.35,1.48,94.27,2.32,西北_新疆,43.82,87.61,NASA POWER API
1413,1413,2023-11-14,0.41,3.04,74.98,2.15,95.06,7.4,西北_新疆,43.82,87.61,NASA POWER API
1414,1414,2023-11-15,3.04,0.0,44.41,3.73,94.72,8.73,西北_新疆,43.82,87.61,NASA POWER API
1415,1415,2023-11-16,5.08,0.0,37.6,3.43,93.95,8.17,西北_新疆,43.82,87.61,NASA POWER API
1416,1416,2023-11-17,6.77,0.0,32.05,1.58,93.91,8.66,西北_新疆,43.82,87.61,NASA POWER API
1417,1417,2023-11-18,6.63,0.0,33.11,2.62,93.26,7.84,西北_新疆,43.82,87.61,NASA POWER API
1418,1418,2023-11-19,5.51,0.14,45.14,1.44,93.5,6.81,西北_新疆,43.82,87.61,NASA POWER API
1419,1419,2023-11-20,0.59,3.71,89.06,1.29,94.06,3.6,西北_新疆,43.82,87.61,NASA POWER API
1420,1420,2023-11-21,1.76,0.07,75.23,1.28,94.19,7.42,西北_新疆,43.82,87.61,NASA POWER API
1421,1421,2023-11-22,2.29,0.03,56.0,2.22,93.73,7.06,西北_新疆,43.82,87.61,NASA POWER API
1422,1422,2023-11-23,0.94,0.0,52.44,1.48,93.43,5.67,西北_新疆,43.82,87.61,NASA POWER API
1423,1423,2023-11-24,1.72,0.03,58.11,1.81,93.67,7.26,西北_新疆,43.82,87.61,NASA POWER API
1424,1424,2023-11-25,3.81,0.0,41.32,1.48,93.7,6.98,西北_新疆,43.82,87.61,NASA POWER API
1425,1425,2023-11-26,4.34,0.0,54.56,1.28,94.32,7.82,西北_新疆,43.82,87.61,NASA POWER API
1426,1426,2023-11-27,3.95,0.0,51.01,0.86,93.81,6.06,西北_新疆,43.82,87.61,NASA POWER API
1427,1427,2023-11-28,3.04,0.0,56.14,1.07,93.61,7.47,西北_新疆,43.82,87.61,NASA POWER API
1428,1428,2023-11-29,5.25,0.0,44.43,2.03,93.96,6.64,西北_新疆,43.82,87.61,NASA POWER API
1429,1429,2023-11-30,3.74,0.0,40.24,1.99,94.11,6.53,西北_新疆,43.82,87.61,NASA POWER API
1430,1430,2023-12-01,1.49,0.0,44.11,1.1,94.1,8.04,西北_新疆,43.82,87.61,NASA POWER API
1431,1431,2023-12-02,2.45,0.0,42.06,1.17,93.99,7.2,西北_新疆,43.82,87.61,NASA POWER API
1432,1432,2023-12-03,4.47,0.0,37.72,1.89,93.64,7.71,西北_新疆,43.82,87.61,NASA POWER API
1433,1433,2023-12-04,1.79,1.36,65.3,1.77,93.61,3.57,西北_新疆,43.82,87.61,NASA POWER API
1434,1434,2023-12-05,0.85,0.0,62.13,1.5,94.23,8.23,西北_新疆,43.82,87.61,NASA POWER API
1435,1435,2023-12-06,6.06,0.01,40.56,1.72,93.01,7.81,西北_新疆,43.82,87.61,NASA POWER API
1436,1436,2023-12-07,1.19,0.11,63.84,1.51,93.24,5.64,西北_新疆,43.82,87.61,NASA POWER API
1437,1437,2023-12-08,-2.83,0.0,70.03,1.61,93.39,7.06,西北_新疆,43.82,87.61,NASA POWER API
1438,1438,2023-12-09,-5.79,2.8,69.11,1.55,93.84,3.38,西北_新疆,43.82,87.61,NASA POWER API
1439,1439,2023-12-10,-5.43,0.55,73.54,2.05,94.1,4.38,西北_新疆,43.82,87.61,NASA POWER API
1440,1440,2023-12-11,-6.19,0.13,76.7,2.12,93.09,6.57,西北_新疆,43.82,87.61,NASA POWER API
1441,1441,2023-12-12,-8.78,6.78,82.93,2.4,93.35,4.42,西北_新疆,43.82,87.61,NASA POWER API
1442,1442,2023-12-13,-13.75,2.74,64.7,3.48,95.12,4.07,西北_新疆,43.82,87.61,NASA POWER API
1443,1443,2023-12-14,-15.6,0.01,53.63,1.18,95.99,8.13,西北_新疆,43.82,87.61,NASA POWER API
1444,1444,2023-12-15,-12.76,0.23,46.94,1.71,95.04,7.65,西北_新疆,43.82,87.61,NASA POWER API
1445,1445,2023-12-16,-13.67,0.0,57.64,1.2,94.36,7.19,西北_新疆,43.82,87.61,NASA POWER API
1446,1446,2023-12-17,-12.53,0.0,56.06,1.45,94.46,7.93,西北_新疆,43.82,87.61,NASA POWER API
1447,1447,2023-12-18,-11.45,0.0,55.56,1.35,94.72,7.79,西北_新疆,43.82,87.61,NASA POWER API
1448,1448,2023-12-19,-10.47,0.0,51.79,1.24,94.65,7.09,西北_新疆,43.82,87.61,NASA POWER API
1449,1449,2023-12-20,-9.29,0.08,57.17,1.35,94.63,6.42,西北_新疆,43.82,87.61,NASA POWER API
1450,1450,2023-12-21,-6.28,1.81,75.22,1.15,95.24,6.42,西北_新疆,43.82,87.61,NASA POWER API
1451,1451,2023-12-22,-4.23,0.0,56.4,1.05,94.95,7.46,西北_新疆,43.82,87.61,NASA POWER API
1452,1452,2023-12-23,-1.64,0.0,56.01,4.11,93.97,6.94,西北_新疆,43.82,87.61,NASA POWER API
1453,1453,2023-12-24,0.47,0.0,39.57,1.62,93.66,6.68,西北_新疆,43.82,87.61,NASA POWER API
1454,1454,2023-12-25,-0.09,0.0,42.22,1.0,93.93,6.14,西北_新疆,43.82,87.61,NASA POWER API
1455,1455,2023-12-26,1.11,0.0,46.12,1.69,93.51,6.76,西北_新疆,43.82,87.61,NASA POWER API
1456,1456,2023-12-27,1.13,0.0,46.48,1.34,93.49,6.39,西北_新疆,43.82,87.61,NASA POWER API
1457,1457,2023-12-28,-0.56,1.74,74.94,1.38,94.1,4.88,西北_新疆,43.82,87.61,NASA POWER API
1458,1458,2023-12-29,0.81,0.0,55.21,3.62,93.31,6.56,西北_新疆,43.82,87.61,NASA POWER API
1459,1459,2023-12-30,-3.56,2.64,87.7,1.87,94.13,2.61,西北_新疆,43.82,87.61,NASA POWER API
1460,1460,2023-12-31,-3.51,0.04,77.18,1.12,94.21,6.66,西北_新疆,43.82,87.61,NASA POWER API
1461,1461,2024-01-01,-2.92,0.0,65.89,1.82,94.18,7.7,西北_新疆,43.82,87.61,NASA POWER API
1462,1462,2024-01-02,-0.49,0.0,50.53,2.92,93.44,6.57,西北_新疆,43.82,87.61,NASA POWER API
1463,1463,2024-01-03,-2.77,0.0,53.61,1.02,94.14,5.91,西北_新疆,43.82,87.61,NASA POWER API
1464,1464,2024-01-04,-3.19,0.0,51.57,1.05,93.84,6.99,西北_新疆,43.82,87.61,NASA POWER API
1465,1465,2024-01-05,-2.04,0.0,44.41,1.15,93.56,6.24,西北_新疆,43.82,87.61,NASA POWER API
1466,1466,2024-01-06,-0.18,0.0,43.8,1.22,93.43,6.91,西北_新疆,43.82,87.61,NASA POWER API
1467,1467,2024-01-07,-0.56,0.0,46.71,1.17,93.53,7.17,西北_新疆,43.82,87.61,NASA POWER API
1468,1468,2024-01-08,1.43,0.0,48.75,1.4,93.48,7.38,西北_新疆,43.82,87.61,NASA POWER API
1469,1469,2024-01-09,1.1,0.0,47.63,1.39,93.37,6.54,西北_新疆,43.82,87.61,NASA POWER API
1470,1470,2024-01-10,2.07,0.0,45.62,1.69,92.91,7.26,西北_新疆,43.82,87.61,NASA POWER API
1471,1471,2024-01-11,3.75,0.0,42.28,4.36,92.4,6.9,西北_新疆,43.82,87.61,NASA POWER API
1472,1472,2024-01-12,-2.97,1.29,74.43,2.78,93.93,4.94,西北_新疆,43.82,87.61,NASA POWER API
1473,1473,2024-01-13,-1.05,0.0,49.15,1.8,93.29,6.49,西北_新疆,43.82,87.61,NASA POWER API
1474,1474,2024-01-14,0.16,0.0,48.07,1.47,93.25,7.07,西北_新疆,43.82,87.61,NASA POWER API
1475,1475,2024-01-15,-0.1,0.05,50.9,2.2,93.29,7.51,西北_新疆,43.82,87.61,NASA POWER API
1476,1476,2024-01-16,-6.69,0.27,81.61,0.86,93.94,6.08,西北_新疆,43.82,87.61,NASA POWER API
1477,1477,2024-01-17,-7.88,3.37,90.48,1.64,93.99,6.92,西北_新疆,43.82,87.61,NASA POWER API
1478,1478,2024-01-18,-8.13,0.8,81.4,1.36,94.29,6.66,西北_新疆,43.82,87.61,NASA POWER API
1479,1479,2024-01-19,-8.31,0.03,75.75,1.42,94.49,8.3,西北_新疆,43.82,87.61,NASA POWER API
1480,1480,2024-01-20,-8.27,0.0,57.04,1.25,94.66,6.68,西北_新疆,43.82,87.61,NASA POWER API
1481,1481,2024-01-21,-8.94,0.0,61.11,1.13,94.66,7.9,西北_新疆,43.82,87.61,NASA POWER API
1482,1482,2024-01-22,-11.18,0.07,70.18,1.91,94.78,6.66,西北_新疆,43.82,87.61,NASA POWER API
1483,1483,2024-01-23,-8.82,0.0,53.41,1.62,94.84,8.55,西北_新疆,43.82,87.61,NASA POWER API
1484,1484,2024-01-24,-6.47,0.06,43.84,1.65,94.73,9.27,西北_新疆,43.82,87.61,NASA POWER API
1485,1485,2024-01-25,-3.16,0.0,37.65,3.18,93.86,8.16,西北_新疆,43.82,87.61,NASA POWER API
1486,1486,2024-01-26,-4.89,0.0,46.66,2.14,93.91,8.56,西北_新疆,43.82,87.61,NASA POWER API
1487,1487,2024-01-27,-7.49,0.0,55.89,1.2,94.24,8.77,西北_新疆,43.82,87.61,NASA POWER API
1488,1488,2024-01-28,-5.09,0.0,54.39,1.29,93.61,8.38,西北_新疆,43.82,87.61,NASA POWER API
1489,1489,2024-01-29,-5.18,0.0,57.7,1.29,93.21,9.14,西北_新疆,43.82,87.61,NASA POWER API
1490,1490,2024-01-30,-6.31,0.0,63.7,1.2,93.66,9.23,西北_新疆,43.82,87.61,NASA POWER API
1491,1491,2024-01-31,-4.7,0.0,58.4,1.33,93.73,9.58,西北_新疆,43.82,87.61,NASA POWER API
1492,1492,2024-02-01,-4.82,0.0,58.2,1.37,93.78,10.09,西北_新疆,43.82,87.61,NASA POWER API
1493,1493,2024-02-02,-6.64,1.02,76.34,1.19,93.85,7.89,西北_新疆,43.82,87.61,NASA POWER API
1494,1494,2024-02-03,-3.39,0.45,69.55,1.77,93.52,10.67,西北_新疆,43.82,87.61,NASA POWER API
1495,1495,2024-02-04,-5.52,0.04,64.71,1.7,93.54,11.28,西北_新疆,43.82,87.61,NASA POWER API
1496,1496,2024-02-05,-4.23,0.02,68.71,1.46,94.03,11.6,西北_新疆,43.82,87.61,NASA POWER API
1497,1497,2024-02-06,-2.07,0.01,61.95,1.31,93.71,10.02,西北_新疆,43.82,87.61,NASA POWER API
1498,1498,2024-02-07,-0.71,0.0,50.69,1.21,93.38,10.75,西北_新疆,43.82,87.61,NASA POWER API
1499,1499,2024-02-08,0.62,0.0,48.26,1.86,93.62,10.39,西北_新疆,43.82,87.61,NASA POWER API
1500,1500,2024-02-09,2.0,0.0,47.61,1.99,94.15,11.63,西北_新疆,43.82,87.61,NASA POWER API
1501,1501,2024-02-10,4.31,0.0,38.48,1.96,93.65,12.03,西北_新疆,43.82,87.61,NASA POWER API
1502,1502,2024-02-11,6.12,0.0,35.07,2.48,93.06,11.85,西北_新疆,43.82,87.61,NASA POWER API
1503,1503,2024-02-12,0.44,1.59,66.38,2.65,93.59,8.89,西北_新疆,43.82,87.61,NASA POWER API
1504,1504,2024-02-13,-3.77,0.68,57.1,1.62,94.7,13.17,西北_新疆,43.82,87.61,NASA POWER API
1505,1505,2024-02-14,0.57,0.09,36.88,2.4,94.21,13.2,西北_新疆,43.82,87.61,NASA POWER API
1506,1506,2024-02-15,5.45,0.02,38.18,3.48,92.69,12.13,西北_新疆,43.82,87.61,NASA POWER API
1507,1507,2024-02-16,1.91,4.32,56.37,4.25,92.18,11.11,西北_新疆,43.82,87.61,NASA POWER API
1508,1508,2024-02-17,-14.75,2.04,50.29,4.7,94.48,13.62,西北_新疆,43.82,87.61,NASA POWER API
1509,1509,2024-02-18,-14.15,0.0,49.92,2.36,94.04,15.0,西北_新疆,43.82,87.61,NASA POWER API
1510,1510,2024-02-19,-15.7,0.0,59.49,2.35,93.57,14.5,西北_新疆,43.82,87.61,NASA POWER API
1511,1511,2024-02-20,-16.83,0.0,67.34,2.26,94.28,13.83,西北_新疆,43.82,87.61,NASA POWER API
1512,1512,2024-02-21,-15.76,0.0,64.67,2.1,94.49,12.3,西北_新疆,43.82,87.61,NASA POWER API
1513,1513,2024-02-22,-11.67,0.0,63.93,1.72,94.48,13.59,西北_新疆,43.82,87.61,NASA POWER API
1514,1514,2024-02-23,-6.22,0.0,57.3,1.51,94.22,13.21,西北_新疆,43.82,87.61,NASA POWER API
1515,1515,2024-02-24,-5.12,0.0,55.18,1.76,93.95,12.92,西北_新疆,43.82,87.61,NASA POWER API
1516,1516,2024-02-25,-6.93,0.0,68.45,1.85,94.43,13.26,西北_新疆,43.82,87.61,NASA POWER API
1517,1517,2024-02-26,-7.65,0.0,67.33,1.41,94.43,15.02,西北_新疆,43.82,87.61,NASA POWER API
1518,1518,2024-02-27,-7.91,0.0,64.11,1.54,94.48,14.8,西北_新疆,43.82,87.61,NASA POWER API
1519,1519,2024-02-28,-6.57,0.0,61.36,1.5,94.81,16.23,西北_新疆,43.82,87.61,NASA POWER API
1520,1520,2024-02-29,-5.17,0.0,49.27,1.68,94.72,16.43,西北_新疆,43.82,87.61,NASA POWER API
1521,1521,2024-03-01,-1.02,0.0,39.56,3.24,93.65,15.37,西北_新疆,43.82,87.61,NASA POWER API
1522,1522,2024-03-02,-1.29,0.0,45.4,1.76,93.07,14.84,西北_新疆,43.82,87.61,NASA POWER API
1523,1523,2024-03-03,-3.93,0.07,59.32,2.29,93.22,13.08,西北_新疆,43.82,87.61,NASA POWER API
1524,1524,2024-03-04,-3.95,0.0,56.79,1.64,93.91,13.75,西北_新疆,43.82,87.61,NASA POWER API
1525,1525,2024-03-05,-2.89,0.0,48.01,1.41,94.24,16.7,西北_新疆,43.82,87.61,NASA POWER API
1526,1526,2024-03-06,0.91,0.0,36.78,1.65,93.69,15.5,西北_新疆,43.82,87.61,NASA POWER API
1527,1527,2024-03-07,2.31,0.0,37.98,1.12,93.32,14.82,西北_新疆,43.82,87.61,NASA POWER API
1528,1528,2024-03-08,0.28,0.0,43.67,1.5,93.56,14.28,西北_新疆,43.82,87.61,NASA POWER API
1529,1529,2024-03-09,4.62,0.0,36.03,1.75,93.63,15.54,西北_新疆,43.82,87.61,NASA POWER API
1530,1530,2024-03-10,7.74,0.0,31.86,1.67,93.32,16.01,西北_新疆,43.82,87.61,NASA POWER API
1531,1531,2024-03-11,3.79,0.0,45.48,2.37,93.67,14.84,西北_新疆,43.82,87.61,NASA POWER API
1532,1532,2024-03-12,9.87,0.0,30.32,3.45,93.14,17.25,西北_新疆,43.82,87.61,NASA POWER API
1533,1533,2024-03-13,7.0,0.81,43.47,3.64,92.9,15.63,西北_新疆,43.82,87.61,NASA POWER API
1534,1534,2024-03-14,-0.51,6.38,82.67,2.82,93.68,8.56,西北_新疆,43.82,87.61,NASA POWER API
1535,1535,2024-03-15,-2.21,0.59,70.73,2.87,94.45,9.19,西北_新疆,43.82,87.61,NASA POWER API
1536,1536,2024-03-16,-1.96,0.06,56.02,1.82,94.79,16.35,西北_新疆,43.82,87.61,NASA POWER API
1537,1537,2024-03-17,1.16,0.0,42.43,1.98,94.7,20.2,西北_新疆,43.82,87.61,NASA POWER API
1538,1538,2024-03-18,6.43,0.0,31.28,1.8,93.94,17.61,西北_新疆,43.82,87.61,NASA POWER API
1539,1539,2024-03-19,8.0,0.0,32.37,1.45,93.65,19.17,西北_新疆,43.82,87.61,NASA POWER API
1540,1540,2024-03-20,7.12,0.02,34.89,2.14,92.86,15.37,西北_新疆,43.82,87.61,NASA POWER API
1541,1541,2024-03-21,5.28,0.42,63.15,1.1,92.52,11.06,西北_新疆,43.82,87.61,NASA POWER API
1542,1542,2024-03-22,7.15,0.04,67.4,1.65,92.66,14.61,西北_新疆,43.82,87.61,NASA POWER API
1543,1543,2024-03-23,4.92,0.6,75.29,1.33,93.37,9.67,西北_新疆,43.82,87.61,NASA POWER API
1544,1544,2024-03-24,7.37,0.17,55.9,2.02,93.36,15.55,西北_新疆,43.82,87.61,NASA POWER API
1545,1545,2024-03-25,10.05,0.23,48.79,1.75,93.64,16.91,西北_新疆,43.82,87.61,NASA POWER API
1546,1546,2024-03-26,8.66,0.67,54.91,1.72,93.82,19.35,西北_新疆,43.82,87.61,NASA POWER API
1547,1547,2024-03-27,12.93,0.09,33.44,2.07,93.26,20.78,西北_新疆,43.82,87.61,NASA POWER API
1548,1548,2024-03-28,13.68,0.0,31.63,2.04,92.87,18.26,西北_新疆,43.82,87.61,NASA POWER API
1549,1549,2024-03-29,14.52,0.0,36.49,2.29,92.92,19.4,西北_新疆,43.82,87.61,NASA POWER API
1550,1550,2024-03-30,12.1,0.7,49.67,3.09,92.64,16.45,西北_新疆,43.82,87.61,NASA POWER API
1551,1551,2024-03-31,6.05,23.44,73.65,4.31,93.74,10.09,西北_新疆,43.82,87.61,NASA POWER API
1552,1552,2024-04-01,1.27,1.99,85.49,1.42,94.07,9.22,西北_新疆,43.82,87.61,NASA POWER API
1553,1553,2024-04-02,4.33,0.13,64.87,1.35,93.58,14.08,西北_新疆,43.82,87.61,NASA POWER API
1554,1554,2024-04-03,8.43,0.05,42.72,1.87,93.31,21.81,西北_新疆,43.82,87.61,NASA POWER API
1555,1555,2024-04-04,6.62,3.12,58.2,2.06,93.8,16.32,西北_新疆,43.82,87.61,NASA POWER API
1556,1556,2024-04-05,7.42,0.01,50.92,1.85,93.69,21.23,西北_新疆,43.82,87.61,NASA POWER API
1557,1557,2024-04-06,8.9,0.0,46.35,1.71,93.25,21.4,西北_新疆,43.82,87.61,NASA POWER API
1558,1558,2024-04-07,11.25,0.0,39.83,1.95,93.4,23.15,西北_新疆,43.82,87.61,NASA POWER API
1559,1559,2024-04-08,12.4,0.05,53.98,1.74,93.56,19.03,西北_新疆,43.82,87.61,NASA POWER API
1560,1560,2024-04-09,17.0,0.0,35.37,3.06,92.71,21.86,西北_新疆,43.82,87.61,NASA POWER API
1561,1561,2024-04-10,9.83,8.85,68.45,3.22,93.46,14.99,西北_新疆,43.82,87.61,NASA POWER API
1562,1562,2024-04-11,12.19,0.05,50.67,2.29,92.98,21.4,西北_新疆,43.82,87.61,NASA POWER API
1563,1563,2024-04-12,9.3,4.52,56.43,5.22,92.52,12.17,西北_新疆,43.82,87.61,NASA POWER API
1564,1564,2024-04-13,5.54,0.0,39.8,2.19,93.18,23.28,西北_新疆,43.82,87.61,NASA POWER API
1565,1565,2024-04-14,11.04,0.0,33.08,1.68,93.11,21.47,西北_新疆,43.82,87.61,NASA POWER API
1566,1566,2024-04-15,14.71,0.0,36.4,1.59,93.08,21.73,西北_新疆,43.82,87.61,NASA POWER API
1567,1567,2024-04-16,16.72,0.01,39.76,2.31,92.88,19.65,西北_新疆,43.82,87.61,NASA POWER API
1568,1568,2024-04-17,10.99,13.18,80.35,2.1,93.65,7.86,西北_新疆,43.82,87.61,NASA POWER API
1569,1569,2024-04-18,13.31,2.31,60.49,1.88,93.62,19.46,西北_新疆,43.82,87.61,NASA POWER API
1570,1570,2024-04-19,15.95,0.0,39.44,1.56,93.32,25.25,西北_新疆,43.82,87.61,NASA POWER API
1571,1571,2024-04-20,18.27,0.0,36.69,1.47,92.82,25.84,西北_新疆,43.82,87.61,NASA POWER API
1572,1572,2024-04-21,17.82,0.0,38.5,2.48,93.02,25.64,西北_新疆,43.82,87.61,NASA POWER API
1573,1573,2024-04-22,18.01,0.0,32.38,1.57,93.04,26.81,西北_新疆,43.82,87.61,NASA POWER API
1574,1574,2024-04-23,18.3,0.0,34.94,2.39,92.69,25.17,西北_新疆,43.82,87.61,NASA POWER API
1575,1575,2024-04-24,15.72,0.0,41.88,1.84,92.67,20.78,西北_新疆,43.82,87.61,NASA POWER API
1576,1576,2024-04-25,12.95,1.14,49.54,1.65,92.66,18.46,西北_新疆,43.82,87.61,NASA POWER API
1577,1577,2024-04-26,7.96,7.62,59.43,3.17,92.9,11.86,西北_新疆,43.82,87.61,NASA POWER API
1578,1578,2024-04-27,6.28,0.0,35.51,2.45,93.49,24.8,西北_新疆,43.82,87.61,NASA POWER API
1579,1579,2024-04-28,9.69,0.0,28.66,2.17,93.67,27.75,西北_新疆,43.82,87.61,NASA POWER API
1580,1580,2024-04-29,14.47,0.03,29.38,1.37,93.47,24.75,西北_新疆,43.82,87.61,NASA POWER API
1581,1581,2024-04-30,15.22,0.0,31.48,1.91,93.1,26.31,西北_新疆,43.82,87.61,NASA POWER API
1582,1582,2024-05-01,17.27,0.0,30.07,1.72,92.48,25.76,西北_新疆,43.82,87.61,NASA POWER API
1583,1583,2024-05-02,12.05,4.79,53.39,2.41,93.08,15.39,西北_新疆,43.82,87.61,NASA POWER API
1584,1584,2024-05-03,17.93,0.0,28.95,2.01,92.56,27.6,西北_新疆,43.82,87.61,NASA POWER API
1585,1585,2024-05-04,20.55,0.0,28.7,2.12,92.27,24.87,西北_新疆,43.82,87.61,NASA POWER API
1586,1586,2024-05-05,24.86,0.0,22.56,3.83,91.95,26.49,西北_新疆,43.82,87.61,NASA POWER API
1587,1587,2024-05-06,21.52,0.01,42.87,4.26,92.86,22.68,西北_新疆,43.82,87.61,NASA POWER API
1588,1588,2024-05-07,18.93,0.09,59.19,2.04,93.46,15.61,西北_新疆,43.82,87.61,NASA POWER API
1589,1589,2024-05-08,20.9,1.66,53.76,1.76,93.38,24.76,西北_新疆,43.82,87.61,NASA POWER API
1590,1590,2024-05-09,20.31,1.49,42.71,1.98,93.38,29.13,西北_新疆,43.82,87.61,NASA POWER API
1591,1591,2024-05-10,24.65,0.21,21.05,3.72,92.9,29.66,西北_新疆,43.82,87.61,NASA POWER API
1592,1592,2024-05-11,26.68,0.0,22.04,2.4,92.64,29.91,西北_新疆,43.82,87.61,NASA POWER API
1593,1593,2024-05-12,22.54,0.0,44.56,3.07,93.13,27.82,西北_新疆,43.82,87.61,NASA POWER API
1594,1594,2024-05-13,22.82,0.0,46.25,2.08,92.89,25.48,西北_新疆,43.82,87.61,NASA POWER API
1595,1595,2024-05-14,21.82,0.01,50.38,2.16,93.13,12.48,西北_新疆,43.82,87.61,NASA POWER API
1596,1596,2024-05-15,24.75,0.0,39.97,1.54,93.12,16.11,西北_新疆,43.82,87.61,NASA POWER API
1597,1597,2024-05-16,27.44,0.0,28.22,1.88,92.67,19.4,西北_新疆,43.82,87.61,NASA POWER API
1598,1598,2024-05-17,21.05,0.12,53.8,2.98,92.96,19.37,西北_新疆,43.82,87.61,NASA POWER API
1599,1599,2024-05-18,20.6,0.07,54.55,1.78,92.69,18.72,西北_新疆,43.82,87.61,NASA POWER API
1600,1600,2024-05-19,24.69,0.0,37.64,2.23,92.68,24.19,西北_新疆,43.82,87.61,NASA POWER API
1601,1601,2024-05-20,24.4,0.18,46.59,2.59,92.74,21.85,西北_新疆,43.82,87.61,NASA POWER API
1602,1602,2024-05-21,17.93,4.63,71.71,3.16,93.24,8.4,西北_新疆,43.82,87.61,NASA POWER API
1603,1603,2024-05-22,20.46,0.39,50.89,2.71,93.38,24.42,西北_新疆,43.82,87.61,NASA POWER API
1604,1604,2024-05-23,20.27,2.46,52.18,2.71,93.12,21.48,西北_新疆,43.82,87.61,NASA POWER API
1605,1605,2024-05-24,20.22,1.01,55.58,2.1,92.92,22.61,西北_新疆,43.82,87.61,NASA POWER API
1606,1606,2024-05-25,21.18,0.23,47.75,2.6,92.75,16.67,西北_新疆,43.82,87.61,NASA POWER API
1607,1607,2024-05-26,20.17,18.85,52.32,3.45,92.79,11.98,西北_新疆,43.82,87.61,NASA POWER API
1608,1608,2024-05-27,12.36,11.84,57.1,2.09,93.79,21.74,西北_新疆,43.82,87.61,NASA POWER API
1609,1609,2024-05-28,18.51,0.0,34.36,2.09,92.83,31.7,西北_新疆,43.82,87.61,NASA POWER API
1610,1610,2024-05-29,17.68,4.96,48.45,1.98,93.2,21.36,西北_新疆,43.82,87.61,NASA POWER API
1611,1611,2024-05-30,17.33,6.58,53.26,1.2,93.38,10.7,西北_新疆,43.82,87.61,NASA POWER API
1612,1612,2024-05-31,19.52,0.01,42.58,1.31,93.38,15.85,西北_新疆,43.82,87.61,NASA POWER API
1613,1613,2024-06-01,21.68,0.06,35.52,1.93,93.26,24.1,西北_新疆,43.82,87.61,NASA POWER API
1614,1614,2024-06-02,23.44,0.05,31.37,1.94,92.79,28.47,西北_新疆,43.82,87.61,NASA POWER API
1615,1615,2024-06-03,21.29,0.32,43.49,2.05,92.77,20.78,西北_新疆,43.82,87.61,NASA POWER API
1616,1616,2024-06-04,17.68,0.53,49.57,2.69,93.26,18.59,西北_新疆,43.82,87.61,NASA POWER API
1617,1617,2024-06-05,20.79,0.0,33.86,2.03,93.22,30.74,西北_新疆,43.82,87.61,NASA POWER API
1618,1618,2024-06-06,22.84,0.0,30.13,1.77,92.99,30.46,西北_新疆,43.82,87.61,NASA POWER API
1619,1619,2024-06-07,24.16,0.0,30.77,1.43,92.71,25.13,西北_新疆,43.82,87.61,NASA POWER API
1620,1620,2024-06-08,26.79,0.0,31.01,1.63,92.55,22.92,西北_新疆,43.82,87.61,NASA POWER API
1621,1621,2024-06-09,26.1,0.0,35.82,2.19,92.7,28.12,西北_新疆,43.82,87.61,NASA POWER API
1622,1622,2024-06-10,27.84,0.0,35.82,2.01,92.54,25.68,西北_新疆,43.82,87.61,NASA POWER API
1623,1623,2024-06-11,27.24,0.0,37.66,3.09,92.47,23.2,西北_新疆,43.82,87.61,NASA POWER API
1624,1624,2024-06-12,26.91,0.07,35.09,2.4,92.49,25.49,西北_新疆,43.82,87.61,NASA POWER API
1625,1625,2024-06-13,21.61,2.78,60.39,2.08,92.56,17.38,西北_新疆,43.82,87.61,NASA POWER API
1626,1626,2024-06-14,22.27,0.37,58.0,2.13,92.5,20.81,西北_新疆,43.82,87.61,NASA POWER API
1627,1627,2024-06-15,22.86,0.74,47.26,2.22,92.53,21.02,西北_新疆,43.82,87.61,NASA POWER API
1628,1628,2024-06-16,23.55,0.54,46.15,2.04,92.54,18.32,西北_新疆,43.82,87.61,NASA POWER API
1629,1629,2024-06-17,23.62,0.95,47.56,2.12,92.58,22.31,西北_新疆,43.82,87.61,NASA POWER API
1630,1630,2024-06-18,25.08,0.33,42.29,3.41,92.34,22.95,西北_新疆,43.82,87.61,NASA POWER API
1631,1631,2024-06-19,24.0,0.65,42.82,4.42,92.39,18.09,西北_新疆,43.82,87.61,NASA POWER API
1632,1632,2024-06-20,21.92,0.15,31.65,1.95,92.69,31.8,西北_新疆,43.82,87.61,NASA POWER API
1633,1633,2024-06-21,25.75,0.37,25.09,2.12,92.28,30.87,西北_新疆,43.82,87.61,NASA POWER API
1634,1634,2024-06-22,28.84,0.0,22.9,1.99,92.15,31.26,西北_新疆,43.82,87.61,NASA POWER API
1635,1635,2024-06-23,30.85,0.0,24.0,2.14,92.22,31.07,西北_新疆,43.82,87.61,NASA POWER API
1636,1636,2024-06-24,31.65,0.0,26.49,2.15,92.18,28.63,西北_新疆,43.82,87.61,NASA POWER API
1637,1637,2024-06-25,31.14,0.02,34.2,3.17,92.37,23.06,西北_新疆,43.82,87.61,NASA POWER API
1638,1638,2024-06-26,26.19,1.93,53.3,1.58,92.43,19.92,西北_新疆,43.82,87.61,NASA POWER API
1639,1639,2024-06-27,30.43,0.0,38.75,2.21,92.17,26.57,西北_新疆,43.82,87.61,NASA POWER API
1640,1640,2024-06-28,31.9,0.0,29.63,2.56,91.96,24.19,西北_新疆,43.82,87.61,NASA POWER API
1641,1641,2024-06-29,31.95,0.03,27.13,2.76,92.04,27.01,西北_新疆,43.82,87.61,NASA POWER API
1642,1642,2024-06-30,28.37,0.4,36.12,2.4,92.12,15.85,西北_新疆,43.82,87.61,NASA POWER API
1643,1643,2024-07-01,27.07,0.63,42.46,1.6,92.0,16.45,西北_新疆,43.82,87.61,NASA POWER API
1644,1644,2024-07-02,23.29,35.65,57.08,3.05,91.99,6.4,西北_新疆,43.82,87.61,NASA POWER API
1645,1645,2024-07-03,22.07,5.26,50.7,2.11,92.47,28.24,西北_新疆,43.82,87.61,NASA POWER API
1646,1646,2024-07-04,24.64,0.08,40.69,1.42,92.26,26.22,西北_新疆,43.82,87.61,NASA POWER API
1647,1647,2024-07-05,23.66,0.36,45.39,1.83,92.0,20.62,西北_新疆,43.82,87.61,NASA POWER API
1648,1648,2024-07-06,21.48,16.11,61.52,2.66,92.05,15.4,西北_新疆,43.82,87.61,NASA POWER API
1649,1649,2024-07-07,23.08,2.17,55.24,1.96,92.18,27.78,西北_新疆,43.82,87.61,NASA POWER API
1650,1650,2024-07-08,27.45,0.69,36.76,2.08,92.16,26.18,西北_新疆,43.82,87.61,NASA POWER API
1651,1651,2024-07-09,27.1,0.58,43.53,1.73,92.43,17.13,西北_新疆,43.82,87.61,NASA POWER API
1652,1652,2024-07-10,25.33,2.31,53.92,2.09,92.67,23.14,西北_新疆,43.82,87.61,NASA POWER API
1653,1653,2024-07-11,25.2,0.12,49.7,2.2,92.55,17.22,西北_新疆,43.82,87.61,NASA POWER API
1654,1654,2024-07-12,25.22,0.11,46.62,1.41,92.24,25.75,西北_新疆,43.82,87.61,NASA POWER API
1655,1655,2024-07-13,27.26,0.01,33.6,1.66,92.02,25.34,西北_新疆,43.82,87.61,NASA POWER API
1656,1656,2024-07-14,30.05,0.0,30.95,1.77,91.89,29.15,西北_新疆,43.82,87.61,NASA POWER API
1657,1657,2024-07-15,32.21,0.0,30.97,2.83,91.84,26.24,西北_新疆,43.82,87.61,NASA POWER API
1658,1658,2024-07-16,30.49,0.08,37.5,2.41,92.25,25.55,西北_新疆,43.82,87.61,NASA POWER API
1659,1659,2024-07-17,26.77,0.3,47.45,2.13,92.51,22.35,西北_新疆,43.82,87.61,NASA POWER API
1660,1660,2024-07-18,28.39,5.37,42.01,2.6,92.1,23.28,西北_新疆,43.82,87.61,NASA POWER API
1661,1661,2024-07-19,22.25,14.32,70.85,1.45,92.19,15.84,西北_新疆,43.82,87.61,NASA POWER API
1662,1662,2024-07-20,26.75,0.01,45.34,1.77,92.23,26.24,西北_新疆,43.82,87.61,NASA POWER API
1663,1663,2024-07-21,27.64,0.09,41.81,2.14,92.22,22.82,西北_新疆,43.82,87.61,NASA POWER API
1664,1664,2024-07-22,24.24,0.14,48.44,1.16,92.47,21.34,西北_新疆,43.82,87.61,NASA POWER API
1665,1665,2024-07-23,27.69,0.05,37.76,1.6,92.3,27.7,西北_新疆,43.82,87.61,NASA POWER API
1666,1666,2024-07-24,29.18,0.0,30.74,1.95,91.95,26.96,西北_新疆,43.82,87.61,NASA POWER API
1667,1667,2024-07-25,26.46,0.29,43.39,2.21,92.03,15.46,西北_新疆,43.82,87.61,NASA POWER API
1668,1668,2024-07-26,30.12,0.1,37.45,1.91,91.98,23.82,西北_新疆,43.82,87.61,NASA POWER API
1669,1669,2024-07-27,31.1,0.02,34.2,1.84,92.28,19.73,西北_新疆,43.82,87.61,NASA POWER API
1670,1670,2024-07-28,31.7,0.0,30.95,1.61,92.21,26.46,西北_新疆,43.82,87.61,NASA POWER API
1671,1671,2024-07-29,32.12,0.05,28.46,1.73,92.19,21.18,西北_新疆,43.82,87.61,NASA POWER API
1672,1672,2024-07-30,32.54,0.38,31.62,1.74,92.11,26.99,西北_新疆,43.82,87.61,NASA POWER API
1673,1673,2024-07-31,27.58,0.39,46.25,2.34,92.4,13.17,西北_新疆,43.82,87.61,NASA POWER API
1674,1674,2024-08-01,27.77,0.0,40.51,1.52,92.33,26.59,西北_新疆,43.82,87.61,NASA POWER API
1675,1675,2024-08-02,29.61,0.0,28.53,1.53,91.96,28.42,西北_新疆,43.82,87.61,NASA POWER API
1676,1676,2024-08-03,29.86,0.0,28.47,1.91,92.13,22.58,西北_新疆,43.82,87.61,NASA POWER API
1677,1677,2024-08-04,29.41,0.0,32.46,1.95,92.25,23.24,西北_新疆,43.82,87.61,NASA POWER API
1678,1678,2024-08-05,31.15,0.05,29.32,1.85,92.18,24.81,西北_新疆,43.82,87.61,NASA POWER API
1679,1679,2024-08-06,26.9,0.18,45.88,1.18,92.37,15.65,西北_新疆,43.82,87.61,NASA POWER API
1680,1680,2024-08-07,24.99,0.32,47.66,2.2,92.38,6.81,西北_新疆,43.82,87.61,NASA POWER API
1681,1681,2024-08-08,26.94,0.08,34.58,1.64,92.49,21.57,西北_新疆,43.82,87.61,NASA POWER API
1682,1682,2024-08-09,29.57,0.0,26.52,1.59,92.32,27.17,西北_新疆,43.82,87.61,NASA POWER API
1683,1683,2024-08-10,31.54,0.02,26.14,2.79,92.04,23.63,西北_新疆,43.82,87.61,NASA POWER API
1684,1684,2024-08-11,24.72,1.08,50.48,2.5,92.48,12.47,西北_新疆,43.82,87.61,NASA POWER API
1685,1685,2024-08-12,24.36,0.27,47.55,1.85,92.71,17.32,西北_新疆,43.82,87.61,NASA POWER API
1686,1686,2024-08-13,26.1,0.13,39.58,1.45,92.87,19.23,西北_新疆,43.82,87.61,NASA POWER API
1687,1687,2024-08-14,28.07,0.0,32.04,1.94,92.82,26.51,西北_新疆,43.82,87.61,NASA POWER API
1688,1688,2024-08-15,29.26,0.0,25.66,1.96,92.63,23.49,西北_新疆,43.82,87.61,NASA POWER API
1689,1689,2024-08-16,31.14,0.0,22.69,1.99,92.27,24.16,西北_新疆,43.82,87.61,NASA POWER API
1690,1690,2024-08-17,31.81,0.0,22.66,1.87,92.31,24.83,西北_新疆,43.82,87.61,NASA POWER API
1691,1691,2024-08-18,29.89,0.47,30.24,3.05,92.39,22.2,西北_新疆,43.82,87.61,NASA POWER API
1692,1692,2024-08-19,20.01,17.56,69.9,3.39,93.22,8.05,西北_新疆,43.82,87.61,NASA POWER API
1693,1693,2024-08-20,20.72,1.8,59.91,1.86,93.04,12.67,西北_新疆,43.82,87.61,NASA POWER API
1694,1694,2024-08-21,24.69,0.02,47.1,1.79,92.58,17.94,西北_新疆,43.82,87.61,NASA POWER API
1695,1695,2024-08-22,26.18,0.0,37.84,1.84,92.65,22.25,西北_新疆,43.82,87.61,NASA POWER API
1696,1696,2024-08-23,24.7,0.47,45.1,1.77,92.63,12.89,西北_新疆,43.82,87.61,NASA POWER API
1697,1697,2024-08-24,27.35,0.01,39.87,1.65,92.43,19.57,西北_新疆,43.82,87.61,NASA POWER API
1698,1698,2024-08-25,26.01,0.15,42.82,2.25,92.75,16.58,西北_新疆,43.82,87.61,NASA POWER API
1699,1699,2024-08-26,25.73,0.14,42.76,1.96,92.83,21.24,西北_新疆,43.82,87.61,NASA POWER API
1700,1700,2024-08-27,25.6,1.96,46.91,2.34,92.66,15.58,西北_新疆,43.82,87.61,NASA POWER API
1701,1701,2024-08-28,25.44,0.89,54.47,1.93,92.61,22.08,西北_新疆,43.82,87.61,NASA POWER API
1702,1702,2024-08-29,23.2,13.39,54.72,2.54,92.66,9.5,西北_新疆,43.82,87.61,NASA POWER API
1703,1703,2024-08-30,19.1,4.73,63.57,1.85,93.4,12.13,西北_新疆,43.82,87.61,NASA POWER API
1704,1704,2024-08-31,21.22,0.0,40.9,1.92,93.2,20.7,西北_新疆,43.82,87.61,NASA POWER API
1705,1705,2024-09-01,24.27,0.02,34.86,1.73,92.62,22.84,西北_新疆,43.82,87.61,NASA POWER API
1706,1706,2024-09-02,19.56,18.39,52.51,3.25,93.15,11.41,西北_新疆,43.82,87.61,NASA POWER API
1707,1707,2024-09-03,14.09,6.88,56.8,2.05,93.91,12.39,西北_新疆,43.82,87.61,NASA POWER API
1708,1708,2024-09-04,19.55,0.83,35.85,2.7,93.16,24.03,西北_新疆,43.82,87.61,NASA POWER API
1709,1709,2024-09-05,23.15,0.0,34.14,3.59,92.45,22.55,西北_新疆,43.82,87.61,NASA POWER API
1710,1710,2024-09-06,25.41,0.0,35.32,2.42,92.12,21.7,西北_新疆,43.82,87.61,NASA POWER API
1711,1711,2024-09-07,16.03,14.91,63.9,4.32,93.0,8.0,西北_新疆,43.82,87.61,NASA POWER API
1712,1712,2024-09-08,13.21,1.12,53.32,1.98,93.94,22.55,西北_新疆,43.82,87.61,NASA POWER API
1713,1713,2024-09-09,15.82,1.11,37.63,1.9,93.5,22.47,西北_新疆,43.82,87.61,NASA POWER API
1714,1714,2024-09-10,17.58,0.0,35.97,1.75,93.45,20.39,西北_新疆,43.82,87.61,NASA POWER API
1715,1715,2024-09-11,17.52,0.01,43.79,1.97,93.38,18.8,西北_新疆,43.82,87.61,NASA POWER API
1716,1716,2024-09-12,17.55,0.37,55.95,1.42,93.17,10.47,西北_新疆,43.82,87.61,NASA POWER API
1717,1717,2024-09-13,18.74,0.23,52.98,2.17,92.74,20.4,西北_新疆,43.82,87.61,NASA POWER API
1718,1718,2024-09-14,13.79,0.87,71.97,1.88,93.13,8.08,西北_新疆,43.82,87.61,NASA POWER API
1719,1719,2024-09-15,14.93,0.0,50.79,1.95,93.16,20.97,西北_新疆,43.82,87.61,NASA POWER API
1720,1720,2024-09-16,18.68,0.0,35.17,1.76,92.93,19.53,西北_新疆,43.82,87.61,NASA POWER API
1721,1721,2024-09-17,19.98,0.0,38.01,1.76,92.91,19.95,西北_新疆,43.82,87.61,NASA POWER API
1722,1722,2024-09-18,14.23,0.0,51.59,2.0,93.63,18.78,西北_新疆,43.82,87.61,NASA POWER API
1723,1723,2024-09-19,15.05,0.0,35.33,2.01,93.82,20.43,西北_新疆,43.82,87.61,NASA POWER API
1724,1724,2024-09-20,19.96,0.0,33.68,1.61,93.42,19.97,西北_新疆,43.82,87.61,NASA POWER API
1725,1725,2024-09-21,19.96,0.08,40.19,2.16,93.36,18.51,西北_新疆,43.82,87.61,NASA POWER API
1726,1726,2024-09-22,21.15,0.09,49.63,2.04,93.02,14.96,西北_新疆,43.82,87.61,NASA POWER API
1727,1727,2024-09-23,18.92,0.06,61.61,1.21,93.37,14.41,西北_新疆,43.82,87.61,NASA POWER API
1728,1728,2024-09-24,20.66,0.4,51.14,1.58,93.21,16.67,西北_新疆,43.82,87.61,NASA POWER API
1729,1729,2024-09-25,20.12,0.17,52.69,1.9,92.83,15.28,西北_新疆,43.82,87.61,NASA POWER API
1730,1730,2024-09-26,13.2,1.42,74.87,2.41,92.69,9.04,西北_新疆,43.82,87.61,NASA POWER API
1731,1731,2024-09-27,7.75,7.12,78.28,1.74,93.42,4.94,西北_新疆,43.82,87.61,NASA POWER API
1732,1732,2024-09-28,7.47,0.66,59.86,2.4,94.27,12.95,西北_新疆,43.82,87.61,NASA POWER API
1733,1733,2024-09-29,6.76,0.01,46.86,1.32,94.83,18.62,西北_新疆,43.82,87.61,NASA POWER API
1734,1734,2024-09-30,10.47,0.0,33.9,1.76,94.51,18.73,西北_新疆,43.82,87.61,NASA POWER API
1735,1735,2024-10-01,13.33,0.0,36.6,2.07,93.67,18.2,西北_新疆,43.82,87.61,NASA POWER API
1736,1736,2024-10-02,15.22,0.0,40.49,2.09,92.94,15.21,西北_新疆,43.82,87.61,NASA POWER API
1737,1737,2024-10-03,15.23,0.6,47.25,2.09,93.12,14.65,西北_新疆,43.82,87.61,NASA POWER API
1738,1738,2024-10-04,12.59,0.3,66.39,2.06,93.74,8.13,西北_新疆,43.82,87.61,NASA POWER API
1739,1739,2024-10-05,13.93,0.0,46.69,1.77,93.77,17.05,西北_新疆,43.82,87.61,NASA POWER API
1740,1740,2024-10-06,15.99,0.0,38.32,2.75,93.44,16.46,西北_新疆,43.82,87.61,NASA POWER API
1741,1741,2024-10-07,14.08,0.27,42.09,1.75,93.69,11.39,西北_新疆,43.82,87.61,NASA POWER API
1742,1742,2024-10-08,14.31,0.5,57.58,1.96,94.12,11.98,西北_新疆,43.82,87.61,NASA POWER API
1743,1743,2024-10-09,15.64,0.0,44.27,1.78,93.51,16.61,西北_新疆,43.82,87.61,NASA POWER API
1744,1744,2024-10-10,16.24,0.0,37.96,1.54,92.96,15.95,西北_新疆,43.82,87.61,NASA POWER API
1745,1745,2024-10-11,17.81,0.0,38.26,1.58,92.46,13.82,西北_新疆,43.82,87.61,NASA POWER API
1746,1746,2024-10-12,14.79,0.69,51.12,2.43,92.75,11.5,西北_新疆,43.82,87.61,NASA POWER API
1747,1747,2024-10-13,11.91,0.05,70.46,1.6,93.42,11.49,西北_新疆,43.82,87.61,NASA POWER API
1748,1748,2024-10-14,13.39,0.03,52.18,1.52,93.13,12.5,西北_新疆,43.82,87.61,NASA POWER API
1749,1749,2024-10-15,12.54,0.0,55.5,1.52,93.17,12.19,西北_新疆,43.82,87.61,NASA POWER API
1750,1750,2024-10-16,10.91,0.1,67.2,1.92,93.24,11.39,西北_新疆,43.82,87.61,NASA POWER API
1751,1751,2024-10-17,6.86,11.54,86.21,1.71,93.76,5.24,西北_新疆,43.82,87.61,NASA POWER API
1752,1752,2024-10-18,3.46,11.93,87.15,2.21,94.09,3.38,西北_新疆,43.82,87.61,NASA POWER API
1753,1753,2024-10-19,4.16,0.04,59.28,1.46,94.03,11.61,西北_新疆,43.82,87.61,NASA POWER API
1754,1754,2024-10-20,3.98,1.71,69.26,1.34,93.88,5.85,西北_新疆,43.82,87.61,NASA POWER API
1755,1755,2024-10-21,8.04,0.0,45.41,1.88,93.66,13.28,西北_新疆,43.82,87.61,NASA POWER API
1756,1756,2024-10-22,11.16,0.0,41.81,1.95,93.28,13.13,西北_新疆,43.82,87.61,NASA POWER API
1757,1757,2024-10-23,11.04,0.0,42.96,2.13,93.0,12.2,西北_新疆,43.82,87.61,NASA POWER API
1758,1758,2024-10-24,7.75,1.81,71.93,1.64,93.93,6.63,西北_新疆,43.82,87.61,NASA POWER API
1759,1759,2024-10-25,10.75,0.0,55.63,1.85,94.12,13.24,西北_新疆,43.82,87.61,NASA POWER API
1760,1760,2024-10-26,12.48,0.0,44.83,3.25,93.36,12.33,西北_新疆,43.82,87.61,NASA POWER API
1761,1761,2024-10-27,11.46,0.0,46.33,1.53,93.54,11.79,西北_新疆,43.82,87.61,NASA POWER API
1762,1762,2024-10-28,9.67,5.27,55.82,2.62,93.05,8.07,西北_新疆,43.82,87.61,NASA POWER API
1763,1763,2024-10-29,6.15,6.77,75.83,2.47,93.82,6.6,西北_新疆,43.82,87.61,NASA POWER API
1764,1764,2024-10-30,3.89,0.89,77.38,1.45,94.02,6.71,西北_新疆,43.82,87.61,NASA POWER API
1765,1765,2024-10-31,4.57,0.01,67.26,1.34,94.23,10.09,西北_新疆,43.82,87.61,NASA POWER API
1766,1766,2024-11-01,6.77,0.0,55.44,1.71,93.85,8.64,西北_新疆,43.82,87.61,NASA POWER API
1767,1767,2024-11-02,5.2,0.0,64.19,1.57,94.16,10.99,西北_新疆,43.82,87.61,NASA POWER API
1768,1768,2024-11-03,8.52,0.0,43.87,1.46,94.11,9.8,西北_新疆,43.82,87.61,NASA POWER API
1769,1769,2024-11-04,10.34,0.0,43.68,2.3,93.53,11.3,西北_新疆,43.82,87.61,NASA POWER API
1770,1770,2024-11-05,12.29,0.0,39.85,2.11,93.17,10.96,西北_新疆,43.82,87.61,NASA POWER API
1771,1771,2024-11-06,10.57,0.0,46.68,1.53,93.26,10.19,西北_新疆,43.82,87.61,NASA POWER API
1772,1772,2024-11-07,6.5,2.5,71.83,2.68,93.65,4.32,西北_新疆,43.82,87.61,NASA POWER API
1773,1773,2024-11-08,0.56,8.42,86.01,1.38,94.05,3.3,西北_新疆,43.82,87.61,NASA POWER API
1774,1774,2024-11-09,0.18,0.57,84.84,1.35,94.06,6.55,西北_新疆,43.82,87.61,NASA POWER API
1775,1775,2024-11-10,2.04,0.32,70.14,1.66,93.99,10.22,西北_新疆,43.82,87.61,NASA POWER API
1776,1776,2024-11-11,4.6,0.15,49.94,1.8,93.55,9.72,西北_新疆,43.82,87.61,NASA POWER API
1777,1777,2024-11-12,5.54,0.0,48.65,1.1,93.28,8.87,西北_新疆,43.82,87.61,NASA POWER API
1778,1778,2024-11-13,1.04,0.02,77.32,1.49,93.08,6.47,西北_新疆,43.82,87.61,NASA POWER API
1779,1779,2024-11-14,-2.58,5.78,75.76,2.21,94.18,5.75,西北_新疆,43.82,87.61,NASA POWER API
1780,1780,2024-11-15,-3.51,0.0,58.35,1.39,94.73,10.28,西北_新疆,43.82,87.61,NASA POWER API
1781,1781,2024-11-16,-0.5,0.0,51.87,1.53,94.22,10.31,西北_新疆,43.82,87.61,NASA POWER API
1782,1782,2024-11-17,1.51,0.0,46.76,1.02,93.86,9.03,西北_新疆,43.82,87.61,NASA POWER API
1783,1783,2024-11-18,2.66,0.0,46.98,1.03,94.08,8.57,西北_新疆,43.82,87.61,NASA POWER API
1784,1784,2024-11-19,2.68,0.0,51.42,1.25,94.09,9.21,西北_新疆,43.82,87.61,NASA POWER API
1785,1785,2024-11-20,4.03,0.0,46.4,1.36,93.6,9.17,西北_新疆,43.82,87.61,NASA POWER API
1786,1786,2024-11-21,2.76,0.01,55.48,1.04,93.75,8.28,西北_新疆,43.82,87.61,NASA POWER API
1787,1787,2024-11-22,0.6,7.68,73.63,1.94,94.08,8.3,西北_新疆,43.82,87.61,NASA POWER API
1788,1788,2024-11-23,-4.21,3.57,80.41,2.05,94.98,5.64,西北_新疆,43.82,87.61,NASA POWER API
1789,1789,2024-11-24,-3.02,0.0,52.91,1.44,95.35,9.17,西北_新疆,43.82,87.61,NASA POWER API
1790,1790,2024-11-25,-2.27,0.0,55.82,1.31,94.75,6.9,西北_新疆,43.82,87.61,NASA POWER API
1791,1791,2024-11-26,-1.32,0.0,51.32,1.46,94.95,8.53,西北_新疆,43.82,87.61,NASA POWER API
1792,1792,2024-11-27,-0.33,0.0,43.42,1.28,94.65,8.21,西北_新疆,43.82,87.61,NASA POWER API
1793,1793,2024-11-28,0.88,0.0,43.36,2.61,94.09,7.66,西北_新疆,43.82,87.61,NASA POWER API
1794,1794,2024-11-29,1.55,0.0,43.72,1.87,93.54,8.16,西北_新疆,43.82,87.61,NASA POWER API
1795,1795,2024-11-30,1.73,0.0,41.43,0.88,93.36,8.06,西北_新疆,43.82,87.61,NASA POWER API
1796,1796,2024-12-01,1.18,0.01,49.74,0.7,93.66,5.67,西北_新疆,43.82,87.61,NASA POWER API
1797,1797,2024-12-02,-2.25,3.96,77.29,1.11,94.16,3.26,西北_新疆,43.82,87.61,NASA POWER API
1798,1798,2024-12-03,-1.37,0.16,76.25,1.14,94.43,7.61,西北_新疆,43.82,87.61,NASA POWER API
1799,1799,2024-12-04,-3.57,0.2,80.23,1.09,94.69,6.09,西北_新疆,43.82,87.61,NASA POWER API
1800,1800,2024-12-05,-5.07,0.19,82.25,1.33,94.57,6.22,西北_新疆,43.82,87.61,NASA POWER API
1801,1801,2024-12-06,-5.19,0.04,62.73,1.08,94.37,7.09,西北_新疆,43.82,87.61,NASA POWER API
1802,1802,2024-12-07,-5.58,0.28,69.52,0.8,94.26,6.88,西北_新疆,43.82,87.61,NASA POWER API
1803,1803,2024-12-08,-6.8,0.2,75.48,1.15,94.25,5.62,西北_新疆,43.82,87.61,NASA POWER API
1804,1804,2024-12-09,-8.27,3.43,90.3,1.6,94.72,5.13,西北_新疆,43.82,87.61,NASA POWER API
1805,1805,2024-12-10,-7.89,2.49,83.43,1.58,94.62,5.74,西北_新疆,43.82,87.61,NASA POWER API
1806,1806,2024-12-11,-9.59,1.29,77.53,1.22,95.06,7.56,西北_新疆,43.82,87.61,NASA POWER API
1807,1807,2024-12-12,-8.26,0.0,53.09,1.54,94.75,7.85,西北_新疆,43.82,87.61,NASA POWER API
1808,1808,2024-12-13,-8.04,0.01,55.44,2.1,94.45,8.0,西北_新疆,43.82,87.61,NASA POWER API
1809,1809,2024-12-14,-6.31,0.01,52.4,2.97,94.06,7.93,西北_新疆,43.82,87.61,NASA POWER API
1810,1810,2024-12-15,-2.2,0.0,52.15,2.19,93.5,6.82,西北_新疆,43.82,87.61,NASA POWER API
1811,1811,2024-12-16,-7.81,5.09,81.42,2.7,94.94,6.07,西北_新疆,43.82,87.61,NASA POWER API
1812,1812,2024-12-17,-9.41,0.29,80.24,1.93,94.81,7.68,西北_新疆,43.82,87.61,NASA POWER API
1813,1813,2024-12-18,-8.74,0.02,57.98,1.42,93.97,7.18,西北_新疆,43.82,87.61,NASA POWER API
1814,1814,2024-12-19,-7.27,0.0,53.65,1.73,93.78,6.65,西北_新疆,43.82,87.61,NASA POWER API
1815,1815,2024-12-20,-7.21,0.0,65.59,1.23,93.46,6.61,西北_新疆,43.82,87.61,NASA POWER API
1816,1816,2024-12-21,-7.81,0.02,79.24,1.06,94.12,6.12,西北_新疆,43.82,87.61,NASA POWER API
1817,1817,2024-12-22,-10.36,2.45,88.62,1.28,94.38,5.39,西北_新疆,43.82,87.61,NASA POWER API
1818,1818,2024-12-23,-8.44,0.3,68.46,1.2,94.43,7.55,西北_新疆,43.82,87.61,NASA POWER API
1819,1819,2024-12-24,-10.35,0.3,71.49,1.31,94.47,6.82,西北_新疆,43.82,87.61,NASA POWER API
1820,1820,2024-12-25,-11.72,0.02,81.05,1.5,94.96,7.49,西北_新疆,43.82,87.61,NASA POWER API
1821,1821,2024-12-26,-11.23,0.0,63.84,1.57,95.19,7.6,西北_新疆,43.82,87.61,NASA POWER API
1822,1822,2024-12-27,-8.29,0.0,61.7,1.85,94.64,7.45,西北_新疆,43.82,87.61,NASA POWER API
1823,1823,2024-12-28,-4.31,0.0,43.01,1.1,94.26,7.36,西北_新疆,43.82,87.61,NASA POWER API
1824,1824,2024-12-29,-4.17,0.0,51.89,2.17,93.89,6.9,西北_新疆,43.82,87.61,NASA POWER API
1825,1825,2024-12-30,-4.47,0.0,54.37,1.24,93.57,6.19,西北_新疆,43.82,87.61,NASA POWER API
1826,1826,2024-12-31,-1.49,0.0,52.32,1.26,93.7,7.46,西北_新疆,43.82,87.61,NASA POWER API
1827,1827,2025-01-01,-1.68,0.0,55.26,1.13,93.98,7.32,西北_新疆,43.82,87.61,NASA POWER API
1828,1828,2025-01-02,-4.33,0.0,67.52,0.93,94.02,7.22,西北_新疆,43.82,87.61,NASA POWER API
1829,1829,2025-01-03,-4.4,0.0,66.38,1.32,94.37,7.58,西北_新疆,43.82,87.61,NASA POWER API
1830,1830,2025-01-04,-1.4,0.0,56.31,1.32,94.04,7.6,西北_新疆,43.82,87.61,NASA POWER API
1831,1831,2025-01-05,-5.68,0.0,74.36,1.15,93.76,6.84,西北_新疆,43.82,87.61,NASA POWER API
1832,1832,2025-01-06,-6.74,0.0,82.5,1.32,94.21,7.05,西北_新疆,43.82,87.61,NASA POWER API
1833,1833,2025-01-07,-6.61,0.0,76.62,0.84,94.15,7.3,西北_新疆,43.82,87.61,NASA POWER API
1834,1834,2025-01-08,-3.23,1.53,76.09,1.08,94.27,7.26,西北_新疆,43.82,87.61,NASA POWER API
1835,1835,2025-01-09,-4.87,5.41,91.29,1.7,95.5,7.23,西北_新疆,43.82,87.61,NASA POWER API
1836,1836,2025-01-10,-4.53,0.0,61.87,1.6,95.3,7.48,西北_新疆,43.82,87.61,NASA POWER API
1837,1837,2025-01-11,-5.21,0.0,59.56,1.02,94.45,8.58,西北_新疆,43.82,87.61,NASA POWER API
1838,1838,2025-01-12,-4.46,0.0,66.83,1.2,94.31,8.84,西北_新疆,43.82,87.61,NASA POWER API
1839,1839,2025-01-13,-4.33,0.0,68.64,1.47,94.43,7.73,西北_新疆,43.82,87.61,NASA POWER API
1840,1840,2025-01-14,-4.26,0.0,62.44,2.05,94.62,8.34,西北_新疆,43.82,87.61,NASA POWER API
1841,1841,2025-01-15,-4.13,0.0,52.3,2.06,94.25,8.16,西北_新疆,43.82,87.61,NASA POWER API
1842,1842,2025-01-16,-3.63,0.0,47.62,1.12,93.89,8.3,西北_新疆,43.82,87.61,NASA POWER API
1843,1843,2025-01-17,-1.48,0.0,47.38,1.73,93.68,8.56,西北_新疆,43.82,87.61,NASA POWER API
1844,1844,2025-01-18,0.28,0.0,45.74,1.67,93.35,8.57,西北_新疆,43.82,87.61,NASA POWER API
1845,1845,2025-01-19,-2.28,0.0,52.56,1.31,93.35,8.86,西北_新疆,43.82,87.61,NASA POWER API
1846,1846,2025-01-20,-3.84,0.0,66.08,0.95,93.56,8.13,西北_新疆,43.82,87.61,NASA POWER API
1847,1847,2025-01-21,-1.62,0.0,56.22,1.33,93.34,8.65,西北_新疆,43.82,87.61,NASA POWER API
1848,1848,2025-01-22,0.97,0.01,55.32,2.41,92.86,9.11,西北_新疆,43.82,87.61,NASA POWER API
1849,1849,2025-01-23,-7.06,4.57,84.66,2.49,94.34,7.43,西北_新疆,43.82,87.61,NASA POWER API
1850,1850,2025-01-24,-12.39,2.59,84.3,2.33,95.9,9.86,西北_新疆,43.82,87.61,NASA POWER API
1851,1851,2025-01-25,-11.1,0.0,56.72,1.6,95.77,10.52,西北_新疆,43.82,87.61,NASA POWER API
1852,1852,2025-01-26,-11.8,0.0,58.64,1.41,94.7,10.82,西北_新疆,43.82,87.61,NASA POWER API
1853,1853,2025-01-27,-7.24,0.0,50.06,1.27,94.32,10.36,西北_新疆,43.82,87.61,NASA POWER API
1854,1854,2025-01-28,-3.35,0.0,48.98,1.1,93.83,9.66,西北_新疆,43.82,87.61,NASA POWER API
1855,1855,2025-01-29,-3.29,0.0,49.17,1.05,93.53,10.12,西北_新疆,43.82,87.61,NASA POWER API
1856,1856,2025-01-30,-2.69,0.01,57.47,1.31,93.7,9.9,西北_新疆,43.82,87.61,NASA POWER API
1857,1857,2025-01-31,-5.0,1.18,87.01,1.1,93.93,7.33,西北_新疆,43.82,87.61,NASA POWER API
1858,1858,2025-02-01,-5.51,0.14,82.78,1.26,94.54,7.45,西北_新疆,43.82,87.61,NASA POWER API
1859,1859,2025-02-02,-6.28,0.0,71.87,1.38,94.67,8.44,西北_新疆,43.82,87.61,NASA POWER API
1860,1860,2025-02-03,-6.69,0.0,77.25,1.52,94.9,10.31,西北_新疆,43.82,87.61,NASA POWER API
1861,1861,2025-02-04,-7.95,0.0,75.07,1.51,94.86,11.41,西北_新疆,43.82,87.61,NASA POWER API
1862,1862,2025-02-05,-7.68,0.0,57.83,1.53,94.53,11.65,西北_新疆,43.82,87.61,NASA POWER API
1863,1863,2025-02-06,-7.41,0.0,59.6,1.0,94.43,10.97,西北_新疆,43.82,87.61,NASA POWER API
1864,1864,2025-02-07,-4.42,0.0,49.09,0.72,94.17,9.52,西北_新疆,43.82,87.61,NASA POWER API
1865,1865,2025-02-08,-5.53,0.0,56.86,1.3,93.97,10.9,西北_新疆,43.82,87.61,NASA POWER API
1866,1866,2025-02-09,-4.34,0.0,56.72,1.41,93.62,10.79,西北_新疆,43.82,87.61,NASA POWER API
1867,1867,2025-02-10,-8.09,0.0,72.52,1.76,94.01,11.67,西北_新疆,43.82,87.61,NASA POWER API
1868,1868,2025-02-11,-4.7,0.0,46.01,1.76,94.57,13.13,西北_新疆,43.82,87.61,NASA POWER API
1869,1869,2025-02-12,-3.14,0.0,46.81,1.5,93.97,13.06,西北_新疆,43.82,87.61,NASA POWER API
1870,1870,2025-02-13,-4.02,0.0,54.8,1.2,94.13,11.68,西北_新疆,43.82,87.61,NASA POWER API
1871,1871,2025-02-14,-2.35,0.0,57.95,1.58,94.06,12.86,西北_新疆,43.82,87.61,NASA POWER API
1872,1872,2025-02-15,-1.28,0.0,53.75,1.54,93.65,11.87,西北_新疆,43.82,87.61,NASA POWER API
1873,1873,2025-02-16,-1.74,0.0,52.46,1.32,93.52,11.49,西北_新疆,43.82,87.61,NASA POWER API
1874,1874,2025-02-17,-4.17,0.03,71.13,0.91,94.38,10.8,西北_新疆,43.82,87.61,NASA POWER API
1875,1875,2025-02-18,-2.36,0.0,60.59,1.36,94.39,12.61,西北_新疆,43.82,87.61,NASA POWER API
1876,1876,2025-02-19,-2.47,0.0,64.73,1.15,93.93,12.58,西北_新疆,43.82,87.61,NASA POWER API
1877,1877,2025-02-20,-3.19,0.0,61.25,1.69,94.12,13.54,西北_新疆,43.82,87.61,NASA POWER API
1878,1878,2025-02-21,-3.07,0.0,62.34,1.39,94.53,11.5,西北_新疆,43.82,87.61,NASA POWER API
1879,1879,2025-02-22,-1.54,0.0,57.83,0.88,94.41,12.02,西北_新疆,43.82,87.61,NASA POWER API
1880,1880,2025-02-23,0.96,0.0,46.58,1.4,94.37,13.43,西北_新疆,43.82,87.61,NASA POWER API
1881,1881,2025-02-24,3.06,0.0,39.1,2.25,93.88,13.25,西北_新疆,43.82,87.61,NASA POWER API
1882,1882,2025-02-25,3.7,0.0,40.68,1.48,93.3,13.93,西北_新疆,43.82,87.61,NASA POWER API
1883,1883,2025-02-26,3.25,0.0,47.5,1.66,92.89,13.81,西北_新疆,43.82,87.61,NASA POWER API
1884,1884,2025-02-27,-1.56,0.09,75.53,1.29,93.72,11.08,西北_新疆,43.82,87.61,NASA POWER API
1885,1885,2025-02-28,-1.76,0.04,83.25,1.13,93.42,12.43,西北_新疆,43.82,87.61,NASA POWER API
1886,1886,2025-03-01,-2.48,0.24,80.57,1.71,93.9,10.27,西北_新疆,43.82,87.61,NASA POWER API
1887,1887,2025-03-02,-0.81,0.19,71.25,1.83,93.87,15.25,西北_新疆,43.82,87.61,NASA POWER API
1888,1888,2025-03-03,1.46,0.0,55.11,1.43,93.1,12.21,西北_新疆,43.82,87.61,NASA POWER API
1889,1889,2025-03-04,-1.68,2.0,75.87,2.08,94.12,13.54,西北_新疆,43.82,87.61,NASA POWER API
1890,1890,2025-03-05,-0.3,1.5,69.09,2.0,94.54,14.34,西北_新疆,43.82,87.61,NASA POWER API
1891,1891,2025-03-06,0.85,0.02,54.24,1.76,93.76,14.7,西北_新疆,43.82,87.61,NASA POWER API
1892,1892,2025-03-07,4.97,0.04,45.65,5.45,92.53,14.9,西北_新疆,43.82,87.61,NASA POWER API
1893,1893,2025-03-08,2.52,4.56,62.09,1.84,92.72,15.03,西北_新疆,43.82,87.61,NASA POWER API
1894,1894,2025-03-09,7.15,0.0,42.21,1.71,92.37,16.88,西北_新疆,43.82,87.61,NASA POWER API
1895,1895,2025-03-10,-0.49,1.85,72.07,2.04,93.86,15.26,西北_新疆,43.82,87.61,NASA POWER API
1896,1896,2025-03-11,1.91,0.0,46.26,1.92,93.72,18.89,西北_新疆,43.82,87.61,NASA POWER API
1897,1897,2025-03-12,0.12,4.91,61.14,1.7,94.0,10.89,西北_新疆,43.82,87.61,NASA POWER API
1898,1898,2025-03-13,-2.92,2.05,68.49,2.04,94.75,13.75,西北_新疆,43.82,87.61,NASA POWER API
1899,1899,2025-03-14,-0.52,0.0,42.16,2.46,94.86,18.76,西北_新疆,43.82,87.61,NASA POWER API
1900,1900,2025-03-15,1.71,0.0,36.1,3.72,94.38,17.58,西北_新疆,43.82,87.61,NASA POWER API
1901,1901,2025-03-16,2.86,0.0,39.73,1.58,94.13,16.51,西北_新疆,43.82,87.61,NASA POWER API
1902,1902,2025-03-17,4.46,0.0,37.63,1.36,94.34,17.26,西北_新疆,43.82,87.61,NASA POWER API
1903,1903,2025-03-18,6.73,0.0,35.65,1.63,94.28,18.99,西北_新疆,43.82,87.61,NASA POWER API
1904,1904,2025-03-19,7.3,0.0,34.78,1.7,94.29,18.84,西北_新疆,43.82,87.61,NASA POWER API
1905,1905,2025-03-20,8.87,0.0,30.36,4.54,93.99,17.04,西北_新疆,43.82,87.61,NASA POWER API
1906,1906,2025-03-21,10.39,0.0,30.33,1.78,93.68,20.01,西北_新疆,43.82,87.61,NASA POWER API
1907,1907,2025-03-22,12.49,0.0,33.64,2.32,93.33,18.66,西北_新疆,43.82,87.61,NASA POWER API
1908,1908,2025-03-23,11.09,0.0,48.3,1.32,92.88,16.97,西北_新疆,43.82,87.61,NASA POWER API
1909,1909,2025-03-24,7.09,2.98,81.22,1.57,92.69,12.72,西北_新疆,43.82,87.61,NASA POWER API
1910,1910,2025-03-25,1.3,5.56,64.31,3.28,93.34,10.11,西北_新疆,43.82,87.61,NASA POWER API
1911,1911,2025-03-26,-3.75,0.92,54.84,2.24,94.5,13.61,西北_新疆,43.82,87.61,NASA POWER API
1912,1912,2025-03-27,0.04,0.0,39.98,2.98,94.45,22.19,西北_新疆,43.82,87.61,NASA POWER API
1913,1913,2025-03-28,2.53,0.0,35.25,1.95,93.82,21.83,西北_新疆,43.82,87.61,NASA POWER API
1914,1914,2025-03-29,3.04,0.0,37.27,1.07,93.94,17.15,西北_新疆,43.82,87.61,NASA POWER API
1915,1915,2025-03-30,4.89,0.0,37.79,1.29,94.27,15.66,西北_新疆,43.82,87.61,NASA POWER API
1916,1916,2025-03-31,7.9,0.0,37.33,1.56,94.23,17.66,西北_新疆,43.82,87.61,NASA POWER API
1917,1917,2025-04-01,10.25,0.0,37.64,1.39,93.38,16.24,西北_新疆,43.82,87.61,NASA POWER API
1918,1918,2025-04-02,7.98,0.39,55.05,2.15,93.5,16.23,西北_新疆,43.82,87.61,NASA POWER API
1919,1919,2025-04-03,9.51,0.09,48.73,1.93,93.65,21.09,西北_新疆,43.82,87.61,NASA POWER API
1920,1920,2025-04-04,12.98,0.0,35.25,2.13,93.17,23.01,西北_新疆,43.82,87.61,NASA POWER API
1921,1921,2025-04-05,15.45,0.02,39.09,3.12,92.86,20.57,西北_新疆,43.82,87.61,NASA POWER API
1922,1922,2025-04-06,9.06,0.6,82.7,1.62,93.42,8.32,西北_新疆,43.82,87.61,NASA POWER API
1923,1923,2025-04-07,12.37,0.0,48.28,1.75,93.32,21.88,西北_新疆,43.82,87.61,NASA POWER API
1924,1924,2025-04-08,14.9,0.01,39.38,1.73,93.39,22.04,西北_新疆,43.82,87.61,NASA POWER API
1925,1925,2025-04-09,14.65,0.14,44.66,2.1,93.2,19.48,西北_新疆,43.82,87.61,NASA POWER API
1926,1926,2025-04-10,12.26,3.53,61.31,3.06,93.48,12.19,西北_新疆,43.82,87.61,NASA POWER API
1927,1927,2025-04-11,15.26,0.0,36.96,2.72,93.82,23.89,西北_新疆,43.82,87.61,NASA POWER API
1928,1928,2025-04-12,19.13,0.0,22.14,5.54,93.23,25.98,西北_新疆,43.82,87.61,NASA POWER API
1929,1929,2025-04-13,18.66,0.0,21.39,5.91,92.85,18.34,西北_新疆,43.82,87.61,NASA POWER API
1930,1930,2025-04-14,19.11,0.0,35.57,3.3,93.03,21.1,西北_新疆,43.82,87.61,NASA POWER API
1931,1931,2025-04-15,14.83,0.64,58.49,2.19,93.48,18.97,西北_新疆,43.82,87.61,NASA POWER API
1932,1932,2025-04-16,12.31,15.88,59.76,2.59,92.63,7.86,西北_新疆,43.82,87.61,NASA POWER API
1933,1933,2025-04-17,9.22,5.56,56.02,3.5,93.03,21.82,西北_新疆,43.82,87.61,NASA POWER API
1934,1934,2025-04-18,12.87,0.64,40.88,3.47,92.39,18.57,西北_新疆,43.82,87.61,NASA POWER API
1935,1935,2025-04-19,6.83,0.04,58.89,2.83,93.08,17.24,西北_新疆,43.82,87.61,NASA POWER API
1936,1936,2025-04-20,5.81,0.14,53.34,2.31,93.93,11.0,西北_新疆,43.82,87.61,NASA POWER API
1937,1937,2025-04-21,9.12,0.0,36.75,2.29,93.98,27.86,西北_新疆,43.82,87.61,NASA POWER API
1938,1938,2025-04-22,12.66,0.0,32.44,1.43,93.73,20.21,西北_新疆,43.82,87.61,NASA POWER API
1939,1939,2025-04-23,15.57,0.0,38.91,1.53,93.42,24.27,西北_新疆,43.82,87.61,NASA POWER API
1940,1940,2025-04-24,15.64,1.56,51.59,2.1,93.3,15.85,西北_新疆,43.82,87.61,NASA POWER API
1941,1941,2025-04-25,12.8,2.82,68.97,2.16,93.43,13.67,西北_新疆,43.82,87.61,NASA POWER API
1942,1942,2025-04-26,16.31,0.0,49.26,1.9,93.39,20.48,西北_新疆,43.82,87.61,NASA POWER API
1943,1943,2025-04-27,18.03,0.08,46.06,1.89,93.45,13.33,西北_新疆,43.82,87.61,NASA POWER API
1944,1944,2025-04-28,20.54,0.0,33.55,2.1,93.33,24.48,西北_新疆,43.82,87.61,NASA POWER API
1945,1945,2025-04-29,23.4,0.0,38.27,1.75,93.18,22.38,西北_新疆,43.82,87.61,NASA POWER API
1946,1946,2025-04-30,24.25,0.03,40.48,2.88,93.11,24.62,西北_新疆,43.82,87.61,NASA POWER API
1947,1947,2025-05-01,15.26,0.73,63.66,1.77,93.42,16.98,西北_新疆,43.82,87.61,NASA POWER API
1948,1948,2025-05-02,12.66,11.04,69.54,1.46,93.37,8.21,西北_新疆,43.82,87.61,NASA POWER API
1949,1949,2025-05-03,13.46,31.51,63.69,4.19,93.62,16.26,西北_新疆,43.82,87.61,NASA POWER API
1950,1950,2025-05-04,15.54,0.0,37.23,2.07,93.31,27.91,西北_新疆,43.82,87.61,NASA POWER API
1951,1951,2025-05-05,19.31,0.0,35.89,2.07,92.79,21.11,西北_新疆,43.82,87.61,NASA POWER API
1952,1952,2025-05-06,19.6,0.0,41.55,3.0,92.79,26.6,西北_新疆,43.82,87.61,NASA POWER API
1953,1953,2025-05-07,15.34,0.0,42.32,2.46,93.04,28.57,西北_新疆,43.82,87.61,NASA POWER API
1954,1954,2025-05-08,18.57,0.0,31.78,3.29,92.8,28.25,西北_新疆,43.82,87.61,NASA POWER API
1955,1955,2025-05-09,23.09,0.0,32.73,1.91,92.73,27.81,西北_新疆,43.82,87.61,NASA POWER API
1956,1956,2025-05-10,23.0,0.13,40.49,3.79,92.92,23.83,西北_新疆,43.82,87.61,NASA POWER API
1957,1957,2025-05-11,21.29,0.97,57.13,2.94,93.0,19.69,西北_新疆,43.82,87.61,NASA POWER API
1958,1958,2025-05-12,17.49,1.17,62.07,2.58,93.23,12.79,西北_新疆,43.82,87.61,NASA POWER API
1959,1959,2025-05-13,20.73,0.0,40.35,2.21,93.24,29.82,西北_新疆,43.82,87.61,NASA POWER API
1960,1960,2025-05-14,23.66,0.0,30.22,1.72,92.95,29.78,西北_新疆,43.82,87.61,NASA POWER API
1961,1961,2025-05-15,24.36,0.0,33.31,2.99,92.95,29.48,西北_新疆,43.82,87.61,NASA POWER API
1962,1962,2025-05-16,24.9,0.0,37.99,1.89,93.15,29.64,西北_新疆,43.82,87.61,NASA POWER API
1963,1963,2025-05-17,26.81,0.0,33.91,2.25,92.7,29.81,西北_新疆,43.82,87.61,NASA POWER API
1964,1964,2025-05-18,27.91,0.23,31.32,3.01,92.07,21.75,西北_新疆,43.82,87.61,NASA POWER API
1965,1965,2025-05-19,18.03,16.23,64.91,3.28,92.89,13.49,西北_新疆,43.82,87.61,NASA POWER API
1966,1966,2025-05-20,14.04,1.21,66.66,2.52,93.37,17.02,西北_新疆,43.82,87.61,NASA POWER API
1967,1967,2025-05-21,18.02,0.0,43.09,1.46,93.45,29.15,西北_新疆,43.82,87.61,NASA POWER API
1968,1968,2025-05-22,21.3,0.0,34.05,1.62,93.24,29.15,西北_新疆,43.82,87.61,NASA POWER API
1969,1969,2025-05-23,24.32,0.0,31.17,2.34,92.78,26.67,西北_新疆,43.82,87.61,NASA POWER API
1970,1970,2025-05-24,22.72,0.26,41.51,4.82,92.85,20.75,西北_新疆,43.82,87.61,NASA POWER API
1971,1971,2025-05-25,21.98,0.23,52.02,1.59,92.91,25.01,西北_新疆,43.82,87.61,NASA POWER API
1972,1972,2025-05-26,24.53,0.02,39.82,4.15,92.31,22.3,西北_新疆,43.82,87.61,NASA POWER API
1973,1973,2025-05-27,15.1,5.21,63.52,2.48,93.12,9.43,西北_新疆,43.82,87.61,NASA POWER API
1974,1974,2025-05-28,13.4,0.03,39.63,1.98,93.33,23.02,西北_新疆,43.82,87.61,NASA POWER API
1975,1975,2025-05-29,18.09,0.0,34.36,1.98,92.9,29.21,西北_新疆,43.82,87.61,NASA POWER API
1976,1976,2025-05-30,21.37,0.0,32.59,1.8,92.38,29.65,西北_新疆,43.82,87.61,NASA POWER API
1977,1977,2025-05-31,21.91,0.0,33.14,2.18,92.69,31.05,西北_新疆,43.82,87.61,NASA POWER API
1978,1978,2025-06-01,23.11,0.0,32.19,1.88,92.92,30.53,西北_新疆,43.82,87.61,NASA POWER API
1979,1979,2025-06-02,25.1,0.0,32.19,1.88,92.75,26.75,西北_新疆,43.82,87.61,NASA POWER API
1980,1980,2025-06-03,23.22,0.01,44.07,2.44,92.8,21.49,西北_新疆,43.82,87.61,NASA POWER API
1981,1981,2025-06-04,24.32,0.76,43.75,1.6,92.67,19.29,西北_新疆,43.82,87.61,NASA POWER API
1982,1982,2025-06-05,25.13,0.0,40.2,0.96,92.5,22.07,西北_新疆,43.82,87.61,NASA POWER API
1983,1983,2025-06-06,27.48,0.0,34.9,2.47,92.62,21.26,西北_新疆,43.82,87.61,NASA POWER API
1984,1984,2025-06-07,28.75,0.0,30.67,1.69,92.72,26.16,西北_新疆,43.82,87.61,NASA POWER API
1985,1985,2025-06-08,29.69,0.0,27.98,1.95,92.85,29.89,西北_新疆,43.82,87.61,NASA POWER API
1986,1986,2025-06-09,25.06,0.11,48.1,2.57,93.07,15.72,西北_新疆,43.82,87.61,NASA POWER API
1987,1987,2025-06-10,26.14,0.0,40.45,1.65,92.7,22.53,西北_新疆,43.82,87.61,NASA POWER API
1988,1988,2025-06-11,24.07,0.06,46.61,1.42,92.74,12.33,西北_新疆,43.82,87.61,NASA POWER API
1989,1989,2025-06-12,26.99,0.01,31.92,2.28,92.78,21.01,西北_新疆,43.82,87.61,NASA POWER API
1990,1990,2025-06-13,27.55,0.0,28.49,1.99,92.88,31.08,西北_新疆,43.82,87.61,NASA POWER API
1991,1991,2025-06-14,29.72,0.0,24.45,1.91,92.59,30.34,西北_新疆,43.82,87.61,NASA POWER API
1992,1992,2025-06-15,26.11,0.41,44.66,3.84,92.58,23.5,西北_新疆,43.82,87.61,NASA POWER API
1993,1993,2025-06-16,26.61,0.19,44.25,1.93,92.3,20.13,西北_新疆,43.82,87.61,NASA POWER API
1994,1994,2025-06-17,27.02,0.12,38.73,2.57,92.26,17.8,西北_新疆,43.82,87.61,NASA POWER API
1995,1995,2025-06-18,28.9,0.08,33.49,1.83,92.35,24.99,西北_新疆,43.82,87.61,NASA POWER API
1996,1996,2025-06-19,29.83,0.02,29.07,1.32,92.28,20.5,西北_新疆,43.82,87.61,NASA POWER API
1997,1997,2025-06-20,31.09,0.0,26.97,1.91,92.23,26.96,西北_新疆,43.82,87.61,NASA POWER API
1998,1998,2025-06-21,26.11,0.12,43.36,2.72,92.86,11.57,西北_新疆,43.82,87.61,NASA POWER API
1999,1999,2025-06-22,28.55,0.0,30.05,2.41,92.47,31.21,西北_新疆,43.82,87.61,NASA POWER API
2000,2000,2025-06-23,27.45,0.11,33.11,2.32,92.25,22.56,西北_新疆,43.82,87.61,NASA POWER API
2001,2001,2025-06-24,26.3,0.14,43.4,1.81,92.39,14.52,西北_新疆,43.82,87.61,NASA POWER API
2002,2002,2025-06-25,29.78,0.0,29.86,2.24,92.28,29.77,西北_新疆,43.82,87.61,NASA POWER API
2003,2003,2025-06-26,29.67,0.33,32.7,1.92,92.23,24.11,西北_新疆,43.82,87.61,NASA POWER API
2004,2004,2025-06-27,24.77,11.87,54.83,1.98,92.44,9.18,西北_新疆,43.82,87.61,NASA POWER API
2005,2005,2025-06-28,23.39,3.97,48.63,2.35,92.4,29.13,西北_新疆,43.82,87.61,NASA POWER API
2006,2006,2025-06-29,26.28,0.02,28.62,2.23,91.95,26.79,西北_新疆,43.82,87.61,NASA POWER API
2007,2007,2025-06-30,25.39,0.2,37.08,2.06,91.85,19.63,西北_新疆,43.82,87.61,NASA POWER API
2008,2008,2025-07-01,23.68,0.08,48.58,1.34,92.15,14.01,西北_新疆,43.82,87.61,NASA POWER API
2009,2009,2025-07-02,24.79,0.15,45.24,2.51,92.52,22.99,西北_新疆,43.82,87.61,NASA POWER API
2010,2010,2025-07-03,26.35,0.0,33.86,2.62,92.61,25.98,西北_新疆,43.82,87.61,NASA POWER API
2011,2011,2025-07-04,28.12,0.0,28.96,1.8,92.4,28.18,西北_新疆,43.82,87.61,NASA POWER API
2012,2012,2025-07-05,30.17,0.08,25.57,1.46,91.99,28.47,西北_新疆,43.82,87.61,NASA POWER API
2013,2013,2025-07-06,28.53,0.15,30.25,2.63,91.89,19.51,西北_新疆,43.82,87.61,NASA POWER API
2014,2014,2025-07-07,27.13,0.01,28.41,2.24,92.0,27.17,西北_新疆,43.82,87.61,NASA POWER API
2015,2015,2025-07-08,26.71,0.09,33.93,2.67,92.16,24.2,西北_新疆,43.82,87.61,NASA POWER API
2016,2016,2025-07-09,27.79,0.0,30.72,2.69,92.1,29.45,西北_新疆,43.82,87.61,NASA POWER API
2017,2017,2025-07-10,28.55,0.09,29.51,2.21,92.01,22.87,西北_新疆,43.82,87.61,NASA POWER API
2018,2018,2025-07-11,25.74,2.15,43.54,1.77,92.44,13.36,西北_新疆,43.82,87.61,NASA POWER API
2019,2019,2025-07-12,24.49,0.45,46.54,2.13,92.96,13.52,西北_新疆,43.82,87.61,NASA POWER API
2020,2020,2025-07-13,24.93,0.39,42.51,1.72,92.71,21.57,西北_新疆,43.82,87.61,NASA POWER API
2021,2021,2025-07-14,29.41,0.0,25.27,2.03,92.11,29.45,西北_新疆,43.82,87.61,NASA POWER API
2022,2022,2025-07-15,30.75,0.01,21.22,2.23,92.1,19.28,西北_新疆,43.82,87.61,NASA POWER API
2023,2023,2025-07-16,29.63,0.01,27.23,2.13,92.31,20.79,西北_新疆,43.82,87.61,NASA POWER API
2024,2024,2025-07-17,26.25,0.4,41.82,1.07,92.56,11.2,西北_新疆,43.82,87.61,NASA POWER API
2025,2025,2025-07-18,30.61,0.0,27.56,2.23,92.61,27.79,西北_新疆,43.82,87.61,NASA POWER API
2026,2026,2025-07-19,32.31,0.0,16.86,1.93,92.27,30.17,西北_新疆,43.82,87.61,NASA POWER API
2027,2027,2025-07-20,32.75,0.33,17.58,2.82,92.11,24.47,西北_新疆,43.82,87.61,NASA POWER API
2028,2028,2025-07-21,29.95,0.25,30.97,1.79,92.29,18.53,西北_新疆,43.82,87.61,NASA POWER API
2029,2029,2025-07-22,28.65,0.0,25.36,3.12,92.55,28.89,西北_新疆,43.82,87.61,NASA POWER API
2030,2030,2025-07-23,28.33,0.0,17.92,2.23,92.09,28.86,西北_新疆,43.82,87.61,NASA POWER API
2031,2031,2025-07-24,30.3,0.01,17.02,2.07,91.67,18.78,西北_新疆,43.82,87.61,NASA POWER API
2032,2032,2025-07-25,31.1,0.0,19.77,2.16,91.85,23.12,西北_新疆,43.82,87.61,NASA POWER API
2033,2033,2025-07-26,33.02,0.0,14.03,2.8,92.0,17.8,西北_新疆,43.82,87.61,NASA POWER API
2034,2034,2025-07-27,34.47,0.11,15.14,2.81,92.03,16.52,西北_新疆,43.82,87.61,NASA POWER API
2035,2035,2025-07-28,33.41,0.0,21.27,3.38,91.91,20.81,西北_新疆,43.82,87.61,NASA POWER API
2036,2036,2025-07-29,30.92,0.13,33.35,2.28,92.05,18.6,西北_新疆,43.82,87.61,NASA POWER API
2037,2037,2025-07-30,32.18,1.8,24.79,3.15,91.86,22.33,西北_新疆,43.82,87.61,NASA POWER API
2038,2038,2025-07-31,26.9,6.32,48.94,1.44,92.18,16.76,西北_新疆,43.82,87.61,NASA POWER API
2039,2039,2025-08-01,27.96,0.51,40.32,1.79,92.23,21.94,西北_新疆,43.82,87.61,NASA POWER API
2040,2040,2025-08-02,28.82,0.23,30.08,2.06,92.1,18.47,西北_新疆,43.82,87.61,NASA POWER API
2041,2041,2025-08-03,26.47,2.1,36.83,2.06,92.49,19.42,西北_新疆,43.82,87.61,NASA POWER API
2042,2042,2025-08-04,24.62,1.61,44.25,2.34,92.77,21.49,西北_新疆,43.82,87.61,NASA POWER API
2043,2043,2025-08-05,23.11,0.83,49.4,2.29,92.93,19.65,西北_新疆,43.82,87.61,NASA POWER API
2044,2044,2025-08-06,22.89,0.1,43.09,1.36,92.91,24.58,西北_新疆,43.82,87.61,NASA POWER API
2045,2045,2025-08-07,27.01,0.01,25.01,2.11,92.53,27.57,西北_新疆,43.82,87.61,NASA POWER API
2046,2046,2025-08-08,27.64,0.04,28.17,2.26,92.39,21.68,西北_新疆,43.82,87.61,NASA POWER API
2047,2047,2025-08-09,28.47,0.0,28.24,1.79,92.52,25.38,西北_新疆,43.82,87.61,NASA POWER API
2048,2048,2025-08-10,25.92,0.0,33.16,2.37,92.61,25.7,西北_新疆,43.82,87.61,NASA POWER API
2049,2049,2025-08-11,23.77,3.49,43.76,1.97,92.82,19.53,西北_新疆,43.82,87.61,NASA POWER API
2050,2050,2025-08-12,27.33,0.0,32.96,1.98,92.53,25.23,西北_新疆,43.82,87.61,NASA POWER API
2051,2051,2025-08-13,28.9,0.0,26.23,2.78,92.38,25.31,西北_新疆,43.82,87.61,NASA POWER API
2052,2052,2025-08-14,27.94,0.01,25.19,2.04,92.39,23.94,西北_新疆,43.82,87.61,NASA POWER API
2053,2053,2025-08-15,27.75,0.08,29.39,2.23,92.41,12.08,西北_新疆,43.82,87.61,NASA POWER API
2054,2054,2025-08-16,26.26,0.0,31.23,2.14,92.57,25.17,西北_新疆,43.82,87.61,NASA POWER API
2055,2055,2025-08-17,25.74,0.7,35.66,2.48,92.46,16.15,西北_新疆,43.82,87.61,NASA POWER API
2056,2056,2025-08-18,23.25,4.65,52.07,3.38,92.78,10.46,西北_新疆,43.82,87.61,NASA POWER API
2057,2057,2025-08-19,21.53,1.91,54.27,2.49,92.98,18.25,西北_新疆,43.82,87.61,NASA POWER API
2058,2058,2025-08-20,22.42,0.03,39.56,1.96,92.66,25.67,西北_新疆,43.82,87.61,NASA POWER API
2059,2059,2025-08-21,24.32,0.12,33.64,1.76,92.5,15.64,西北_新疆,43.82,87.61,NASA POWER API
2060,2060,2025-08-22,24.54,0.03,34.37,1.88,92.66,23.71,西北_新疆,43.82,87.61,NASA POWER API
2061,2061,2025-08-23,27.27,0.0,23.2,2.19,92.25,25.07,西北_新疆,43.82,87.61,NASA POWER API
2062,2062,2025-08-24,24.04,0.41,36.53,3.16,92.61,20.94,西北_新疆,43.82,87.61,NASA POWER API
2063,2063,2025-08-25,22.77,0.83,50.07,2.16,93.04,13.28,西北_新疆,43.82,87.61,NASA POWER API
2064,2064,2025-08-26,24.91,0.0,33.67,1.61,92.98,23.54,西北_新疆,43.82,87.61,NASA POWER API
2065,2065,2025-08-27,25.7,0.0,29.1,2.0,92.95,22.32,西北_新疆,43.82,87.61,NASA POWER API
2066,2066,2025-08-28,25.9,0.0,25.14,2.07,92.83,24.79,西北_新疆,43.82,87.61,NASA POWER API
2067,2067,2025-08-29,25.85,0.0,20.25,2.01,92.77,24.2,西北_新疆,43.82,87.61,NASA POWER API
2068,2068,2025-08-30,26.8,0.0,17.48,1.82,92.39,22.77,西北_新疆,43.82,87.61,NASA POWER API
2069,2069,2025-08-31,20.36,1.4,42.0,3.26,92.57,8.27,西北_新疆,43.82,87.61,NASA POWER API
2070,2070,2025-09-01,17.55,0.02,34.37,1.73,92.99,22.34,西北_新疆,43.82,87.61,NASA POWER API
2071,2071,2025-09-02,21.77,0.02,19.99,2.4,92.26,21.97,西北_新疆,43.82,87.61,NASA POWER API
2072,2072,2025-09-03,14.58,0.23,51.01,2.27,93.15,8.33,西北_新疆,43.82,87.61,NASA POWER API
2073,2073,2025-09-04,17.05,0.0,36.57,1.77,93.48,23.99,西北_新疆,43.82,87.61,NASA POWER API
2074,2074,2025-09-05,19.77,0.0,23.32,2.02,93.06,22.69,西北_新疆,43.82,87.61,NASA POWER API
2075,2075,2025-09-06,21.4,0.0,22.82,1.69,92.87,20.24,西北_新疆,43.82,87.61,NASA POWER API
2076,2076,2025-09-07,23.67,0.0,20.48,1.83,92.79,20.59,西北_新疆,43.82,87.61,NASA POWER API
2077,2077,2025-09-08,26.8,0.0,19.08,2.15,92.28,18.26,西北_新疆,43.82,87.61,NASA POWER API
2078,2078,2025-09-09,21.48,0.26,36.73,2.04,92.72,12.19,西北_新疆,43.82,87.61,NASA POWER API
2079,2079,2025-09-10,21.05,0.02,39.7,2.03,92.95,17.92,西北_新疆,43.82,87.61,NASA POWER API
2080,2080,2025-09-11,20.24,0.12,39.58,1.48,92.81,12.93,西北_新疆,43.82,87.61,NASA POWER API
2081,2081,2025-09-12,18.84,0.01,36.25,2.22,93.22,20.14,西北_新疆,43.82,87.61,NASA POWER API
2082,2082,2025-09-13,20.44,0.04,27.61,2.23,92.67,17.24,西北_新疆,43.82,87.61,NASA POWER API
2083,2083,2025-09-14,15.69,2.71,51.82,2.62,93.33,10.11,西北_新疆,43.82,87.61,NASA POWER API
2084,2084,2025-09-15,15.28,0.02,42.19,1.86,93.65,14.31,西北_新疆,43.82,87.61,NASA POWER API
2085,2085,2025-09-16,17.44,0.0,24.57,1.86,93.4,21.92,西北_新疆,43.82,87.61,NASA POWER API
2086,2086,2025-09-17,18.41,0.0,24.24,2.15,93.19,19.59,西北_新疆,43.82,87.61,NASA POWER API
2087,2087,2025-09-18,19.53,0.0,26.86,2.17,92.99,17.87,西北_新疆,43.82,87.61,NASA POWER API
2088,2088,2025-09-19,14.73,1.95,60.32,2.22,93.19,6.32,西北_新疆,43.82,87.61,NASA POWER API
2089,2089,2025-09-20,15.79,1.61,56.93,1.67,93.07,18.03,西北_新疆,43.82,87.61,NASA POWER API
2090,2090,2025-09-21,13.62,0.74,59.21,2.05,93.36,15.15,西北_新疆,43.82,87.61,NASA POWER API
2091,2091,2025-09-22,16.11,0.0,37.19,1.77,93.29,20.61,西北_新疆,43.82,87.61,NASA POWER API
2092,2092,2025-09-23,17.0,0.09,33.66,2.39,93.04,16.91,西北_新疆,43.82,87.61,NASA POWER API
2093,2093,2025-09-24,11.77,21.46,77.8,2.99,93.58,2.82,西北_新疆,43.82,87.61,NASA POWER API
2094,2094,2025-09-25,13.98,0.1,52.09,1.87,93.65,18.32,西北_新疆,43.82,87.61,NASA POWER API
2095,2095,2025-09-26,17.44,0.15,40.59,2.92,93.07,17.57,西北_新疆,43.82,87.61,NASA POWER API
2096,2096,2025-09-27,16.64,0.0,45.37,1.64,93.54,12.46,西北_新疆,43.82,87.61,NASA POWER API
2097,2097,2025-09-28,19.39,0.0,44.17,1.62,93.59,16.62,西北_新疆,43.82,87.61,NASA POWER API
2098,2098,2025-09-29,20.16,0.0,36.39,1.75,93.13,17.97,西北_新疆,43.82,87.61,NASA POWER API
2099,2099,2025-09-30,18.53,0.02,42.99,3.57,92.63,16.79,西北_新疆,43.82,87.61,NASA POWER API
2100,2100,2025-10-01,18.07,3.25,48.4,3.3,92.19,14.41,西北_新疆,43.82,87.61,NASA POWER API
2101,2101,2025-10-02,6.74,9.28,74.02,2.29,93.57,8.22,西北_新疆,43.82,87.61,NASA POWER API
2102,2102,2025-10-03,9.14,0.01,43.63,1.99,93.87,16.7,西北_新疆,43.82,87.61,NASA POWER API
2103,2103,2025-10-04,11.13,0.0,42.88,1.35,93.76,17.66,西北_新疆,43.82,87.61,NASA POWER API
2104,2104,2025-10-05,8.38,0.01,48.15,2.43,93.95,12.51,西北_新疆,43.82,87.61,NASA POWER API
2105,2105,2025-10-06,5.74,0.0,53.75,1.57,94.26,17.83,西北_新疆,43.82,87.61,NASA POWER API
2106,2106,2025-10-07,8.19,0.0,41.09,1.77,93.72,17.31,西北_新疆,43.82,87.61,NASA POWER API
2107,2107,2025-10-08,9.47,0.0,39.29,1.72,93.44,15.9,西北_新疆,43.82,87.61,NASA POWER API
2108,2108,2025-10-09,9.02,0.0,41.4,1.64,93.56,14.64,西北_新疆,43.82,87.61,NASA POWER API
2109,2109,2025-10-10,10.26,0.0,36.86,1.77,93.5,14.87,西北_新疆,43.82,87.61,NASA POWER API
2110,2110,2025-10-11,10.05,0.0,41.6,1.56,93.31,14.8,西北_新疆,43.82,87.61,NASA POWER API
2111,2111,2025-10-12,11.38,0.0,40.95,1.49,93.0,13.7,西北_新疆,43.82,87.61,NASA POWER API
2112,2112,2025-10-13,11.03,5.43,57.0,1.56,93.29,8.29,西北_新疆,43.82,87.61,NASA POWER API
2113,2113,2025-10-14,5.93,4.62,82.42,1.68,93.76,6.09,西北_新疆,43.82,87.61,NASA POWER API
2114,2114,2025-10-15,1.79,9.98,77.39,2.04,94.17,7.87,西北_新疆,43.82,87.61,NASA POWER API
2115,2115,2025-10-16,1.74,0.0,49.11,1.82,94.32,14.19,西北_新疆,43.82,87.61,NASA POWER API
2116,2116,2025-10-17,2.97,0.0,46.31,1.5,93.97,14.11,西北_新疆,43.82,87.61,NASA POWER API
2117,2117,2025-10-18,5.67,0.0,43.42,1.53,94.05,13.12,西北_新疆,43.82,87.61,NASA POWER API
2118,2118,2025-10-19,9.24,0.03,49.54,1.76,93.93,13.18,西北_新疆,43.82,87.61,NASA POWER API
2119,2119,2025-10-20,7.96,0.11,48.67,1.41,93.99,12.21,西北_新疆,43.82,87.61,NASA POWER API
2120,2120,2025-10-21,9.07,0.0,42.5,1.29,93.88,13.3,西北_新疆,43.82,87.61,NASA POWER API
2121,2121,2025-10-22,9.22,0.0,42.53,1.44,94.01,12.13,西北_新疆,43.82,87.61,NASA POWER API
2122,2122,2025-10-23,9.05,0.0,45.88,1.43,94.19,11.07,西北_新疆,43.82,87.61,NASA POWER API
2123,2123,2025-10-24,9.24,0.0,47.75,1.55,94.16,11.62,西北_新疆,43.82,87.61,NASA POWER API
2124,2124,2025-10-25,10.35,0.0,43.91,1.6,93.59,11.78,西北_新疆,43.82,87.61,NASA POWER API
2125,2125,2025-10-26,11.93,0.0,43.02,1.68,93.32,11.87,西北_新疆,43.82,87.61,NASA POWER API
2126,2126,2025-10-27,12.08,0.0,42.73,1.4,93.2,11.32,西北_新疆,43.82,87.61,NASA POWER API
2127,2127,2025-10-28,9.18,0.0,55.06,1.67,93.58,10.61,西北_新疆,43.82,87.61,NASA POWER API
2128,2128,2025-10-29,10.03,0.0,55.23,1.56,93.78,11.54,西北_新疆,43.82,87.61,NASA POWER API
2129,2129,2025-10-30,9.71,0.0,48.33,1.41,94.11,11.22,西北_新疆,43.82,87.61,NASA POWER API
2130,2130,2025-10-31,10.25,0.0,45.83,1.22,93.76,11.06,西北_新疆,43.82,87.61,NASA POWER API
2131,2131,2025-11-01,9.09,0.0,46.66,1.9,93.73,11.49,西北_新疆,43.82,87.61,NASA POWER API
2132,2132,2025-11-02,6.77,0.0,65.0,2.11,93.87,11.2,西北_新疆,43.82,87.61,NASA POWER API
2133,2133,2025-11-03,8.25,0.0,49.67,1.39,93.23,11.28,西北_新疆,43.82,87.61,NASA POWER API
2134,2134,2025-11-04,8.24,0.01,51.86,1.63,92.92,9.63,西北_新疆,43.82,87.61,NASA POWER API
2135,2135,2025-11-05,2.48,18.29,85.5,3.45,93.53,2.75,西北_新疆,43.82,87.61,NASA POWER API
2136,2136,2025-11-06,-1.96,16.97,84.23,2.59,94.35,3.89,西北_新疆,43.82,87.61,NASA POWER API
2137,2137,2025-11-07,-4.98,0.2,73.58,1.7,94.57,8.13,西北_新疆,43.82,87.61,NASA POWER API
2138,2138,2025-11-08,-0.57,0.03,50.74,1.32,94.13,8.45,西北_新疆,43.82,87.61,NASA POWER API
2139,2139,2025-11-09,1.85,0.0,49.75,1.56,93.74,8.57,西北_新疆,43.82,87.61,NASA POWER API
2140,2140,2025-11-10,3.49,0.01,50.95,1.92,93.28,8.1,西北_新疆,43.82,87.61,NASA POWER API
2141,2141,2025-11-11,1.73,0.01,63.57,1.44,94.36,9.01,西北_新疆,43.82,87.61,NASA POWER API
2142,2142,2025-11-12,3.76,0.0,43.55,1.42,94.05,8.7,西北_新疆,43.82,87.61,NASA POWER API
2143,2143,2025-11-13,7.01,0.33,43.74,1.8,93.71,8.81,西北_新疆,43.82,87.61,NASA POWER API
2144,2144,2025-11-14,0.67,0.72,68.47,1.57,94.49,8.98,西北_新疆,43.82,87.61,NASA POWER API
2145,2145,2025-11-15,-0.59,0.0,53.82,1.49,94.7,9.06,西北_新疆,43.82,87.61,NASA POWER API
2146,2146,2025-11-16,0.85,0.0,47.15,2.4,94.86,8.95,西北_新疆,43.82,87.61,NASA POWER API
2147,2147,2025-11-17,0.81,0.0,43.5,3.64,94.75,8.41,西北_新疆,43.82,87.61,NASA POWER API
2148,2148,2025-11-18,1.49,0.0,42.27,1.42,94.86,8.84,西北_新疆,43.82,87.61,NASA POWER API
2149,2149,2025-11-19,3.3,0.0,37.23,1.19,94.36,8.87,西北_新疆,43.82,87.61,NASA POWER API
2150,2150,2025-11-20,2.81,0.0,41.98,1.19,94.5,7.35,西北_新疆,43.82,87.61,NASA POWER API
2151,2151,2025-11-21,6.75,0.0,39.46,1.39,94.53,7.52,西北_新疆,43.82,87.61,NASA POWER API
2152,2152,2025-11-22,3.88,7.39,64.04,2.19,94.29,4.98,西北_新疆,43.82,87.61,NASA POWER API
2153,2153,2025-11-23,-0.93,0.02,52.69,2.34,94.87,7.13,西北_新疆,43.82,87.61,NASA POWER API
2154,2154,2025-11-24,1.35,0.21,42.49,1.08,94.17,7.89,西北_新疆,43.82,87.61,NASA POWER API
2155,2155,2025-11-25,0.69,1.86,62.79,1.77,94.55,3.5,西北_新疆,43.82,87.61,NASA POWER API
2156,2156,2025-11-26,4.32,0.0,43.15,2.25,94.22,6.59,西北_新疆,43.82,87.61,NASA POWER API
2157,2157,2025-11-27,4.4,0.0,37.35,1.23,93.29,6.61,西北_新疆,43.82,87.61,NASA POWER API
2158,2158,2025-11-28,2.85,0.0,46.36,1.07,93.66,8.25,西北_新疆,43.82,87.61,NASA POWER API
2159,2159,2025-11-29,-2.41,0.01,64.17,1.44,94.28,6.82,西北_新疆,43.82,87.61,NASA POWER API
2160,2160,2025-11-30,-2.01,0.01,51.59,1.22,93.88,7.22,西北_新疆,43.82,87.61,NASA POWER API
2161,2161,2025-12-01,-1.7,0.61,53.17,1.03,94.3,8.25,西北_新疆,43.82,87.61,NASA POWER API
2162,2162,2025-12-02,0.29,0.0,41.62,1.25,94.09,7.64,西北_新疆,43.82,87.61,NASA POWER API
2163,2163,2025-12-03,-0.56,0.81,47.2,1.02,93.75,7.45,西北_新疆,43.82,87.61,NASA POWER API
2164,2164,2025-12-04,1.12,0.06,43.33,0.84,93.74,7.74,西北_新疆,43.82,87.61,NASA POWER API
2165,2165,2025-12-05,0.89,0.0,46.76,0.92,93.88,6.71,西北_新疆,43.82,87.61,NASA POWER API
2166,2166,2025-12-06,-0.15,0.0,64.14,1.14,94.4,7.25,西北_新疆,43.82,87.61,NASA POWER API
2167,2167,2025-12-07,-0.83,0.0,65.36,0.92,94.16,6.6,西北_新疆,43.82,87.61,NASA POWER API
2168,2168,2025-12-08,-0.73,0.01,64.47,1.11,93.49,6.67,西北_新疆,43.82,87.61,NASA POWER API
2169,2169,2025-12-09,-0.67,1.56,72.09,2.12,93.7,7.18,西北_新疆,43.82,87.61,NASA POWER API
2170,2170,2025-12-10,-1.66,8.65,67.88,4.07,93.47,5.64,西北_新疆,43.82,87.61,NASA POWER API
2171,2171,2025-12-11,-10.88,3.73,72.62,2.56,95.24,5.75,西北_新疆,43.82,87.61,NASA POWER API
2172,2172,2025-12-12,-6.15,0.0,51.79,4.43,94.5,8.16,西北_新疆,43.82,87.61,NASA POWER API
2173,2173,2025-12-13,-3.09,0.0,58.52,1.84,93.52,7.09,西北_新疆,43.82,87.61,NASA POWER API
2174,2174,2025-12-14,-1.93,0.02,61.72,1.42,93.04,6.69,西北_新疆,43.82,87.61,NASA POWER API
2175,2175,2025-12-15,0.16,0.03,63.03,0.95,93.54,6.99,西北_新疆,43.82,87.61,NASA POWER API
2176,2176,2025-12-16,-1.91,0.01,70.99,0.95,94.06,6.36,西北_新疆,43.82,87.61,NASA POWER API
2177,2177,2025-12-17,-1.26,0.09,65.94,0.77,93.36,6.57,西北_新疆,43.82,87.61,NASA POWER API
2178,2178,2025-12-18,-2.29,3.03,84.69,1.2,93.78,5.39,西北_新疆,43.82,87.61,NASA POWER API
2179,2179,2025-12-19,-4.85,2.03,76.19,1.32,94.73,7.71,西北_新疆,43.82,87.61,NASA POWER API
2180,2180,2025-12-20,-3.25,0.0,54.1,1.96,93.51,7.45,西北_新疆,43.82,87.61,NASA POWER API
2181,2181,2025-12-21,-3.56,0.53,64.73,0.98,93.21,6.31,西北_新疆,43.82,87.61,NASA POWER API
2182,2182,2025-12-22,-4.78,3.24,77.98,1.56,94.57,7.55,西北_新疆,43.82,87.61,NASA POWER API
2183,2183,2025-12-23,-6.81,0.24,72.31,1.11,94.36,7.18,西北_新疆,43.82,87.61,NASA POWER API
2184,2184,2025-12-24,-8.62,0.0,76.57,0.84,94.28,5.71,西北_新疆,43.82,87.61,NASA POWER API
2185,2185,2025-12-25,-2.92,0.0,61.82,1.37,93.83,7.69,西北_新疆,43.82,87.61,NASA POWER API
2186,2186,2025-12-26,-1.64,0.0,54.48,1.69,93.18,7.19,西北_新疆,43.82,87.61,NASA POWER API
2187,2187,2025-12-27,-2.53,0.1,73.3,1.13,93.79,5.0,西北_新疆,43.82,87.61,NASA POWER API
2188,2188,2025-12-28,-3.56,0.02,70.16,1.35,93.61,6.0,西北_新疆,43.82,87.61,NASA POWER API
2189,2189,2025-12-29,-4.58,0.02,74.33,1.33,93.52,6.38,西北_新疆,43.82,87.61,NASA POWER API
2190,2190,2025-12-30,-1.48,0.0,59.48,2.08,93.22,6.86,西北_新疆,43.82,87.61,NASA POWER API
2191,2191,2025-12-31,-2.11,0.0,56.42,2.89,93.19,7.58,西北_新疆,43.82,87.61,NASA POWER API
